INSERT INTO Image (image_url, description) values ('https://dummyimage.com/1x570', 'Cost piece when rather sense give simply market none sometimes.');
INSERT INTO Image (image_url, description) values ('https://dummyimage.com/515x789', 'Board building cultural enjoy measure occur control south professor keep.');
INSERT INTO Image (image_url, description) values ('https://picsum.photos/617/519', 'There check still report scientist itself respond.');
INSERT INTO Image (image_url, description) values ('https://placekitten.com/299/428', 'Computer quality scene theory central test politics man sometimes.');
INSERT INTO Image (image_url, description) values ('https://picsum.photos/573/785', 'Sometimes fly simply voice business reflect our.');
INSERT INTO Image (image_url, description) values ('https://placekitten.com/665/832', 'In member stay it wait democratic.');
INSERT INTO Image (image_url, description) values ('https://placekitten.com/728/942', 'Relate hour day million must him.');
INSERT INTO Image (image_url, description) values ('https://dummyimage.com/582x431', 'Hour area enter hold nation.');
INSERT INTO Image (image_url, description) values ('https://picsum.photos/288/239', 'Accept fact determine performance anyone art animal.');
INSERT INTO Image (image_url, description) values ('https://placekitten.com/603/274', 'The bar human Congress contain.');
INSERT INTO Image (image_url, description) values ('https://placekitten.com/358/107', 'Magazine why culture usually high mouth east.');
INSERT INTO Image (image_url, description) values ('https://picsum.photos/907/343', 'Site laugh political hair deep small store bank central.');
INSERT INTO Image (image_url, description) values ('https://picsum.photos/509/788', 'Data put say cell blood so why family well real.');
INSERT INTO Image (image_url, description) values ('https://picsum.photos/477/171', 'Than husband social hit operation generation.');
INSERT INTO Image (image_url, description) values ('https://picsum.photos/860/77', 'Yes herself issue woman travel parent.');
INSERT INTO Image (image_url, description) values ('https://picsum.photos/329/967', 'Board all growth contain true stuff garden.');
INSERT INTO Image (image_url, description) values ('https://dummyimage.com/744x167', 'Final event he hair somebody process central.');
INSERT INTO Image (image_url, description) values ('https://placekitten.com/960/30', 'Say treatment movie himself recently contain player yet.');
INSERT INTO Image (image_url, description) values ('https://picsum.photos/62/811', 'Make total economic force yard other try.');
INSERT INTO Image (image_url, description) values ('https://picsum.photos/235/695', 'Perform third often right suddenly home.');
INSERT INTO Image (image_url, description) values ('https://placekitten.com/501/685', 'Enjoy place security at floor party upon yourself laugh watch.');
INSERT INTO Image (image_url, description) values ('https://picsum.photos/592/340', 'Key mother wish page president effort financial air event.');
INSERT INTO Image (image_url, description) values ('https://picsum.photos/694/914', 'Without enough ten democratic action to tonight able.');
INSERT INTO Image (image_url, description) values ('https://placekitten.com/559/453', 'Reflect key particular particularly speech.');
INSERT INTO Image (image_url, description) values ('https://placekitten.com/384/114', 'Total budget American outside their account last news officer former factor.');
INSERT INTO Image (image_url, description) values ('https://dummyimage.com/714x802', 'Let exist series expect determine.');
INSERT INTO Image (image_url, description) values ('https://picsum.photos/594/475', 'Third share now paper general lose some stand herself night.');
INSERT INTO Image (image_url, description) values ('https://picsum.photos/807/625', 'Station window authority behind forward who the party.');
INSERT INTO Image (image_url, description) values ('https://placekitten.com/815/189', 'Because exactly popular scene eye blue instead.');
INSERT INTO Image (image_url, description) values ('https://dummyimage.com/5x198', 'Mission rise reality bad occur couple certainly take clearly under themselves.');
INSERT INTO Image (image_url, description) values ('https://picsum.photos/121/124', 'Subject billion nearly anything official boy relationship source nothing deep.');
INSERT INTO Image (image_url, description) values ('https://dummyimage.com/200x516', 'Include site term eight safe attention travel would.');
INSERT INTO Image (image_url, description) values ('https://picsum.photos/568/66', 'Buy far know thousand as wait five miss.');
INSERT INTO Image (image_url, description) values ('https://placekitten.com/876/718', 'Growth bag painting even cut something.');
INSERT INTO Image (image_url, description) values ('https://dummyimage.com/401x521', 'Right reality add participant certain.');
INSERT INTO Image (image_url, description) values ('https://dummyimage.com/393x824', 'Congress summer yet spring whom structure discussion water.');
INSERT INTO Image (image_url, description) values ('https://picsum.photos/537/498', 'Course six community among myself production.');
INSERT INTO Image (image_url, description) values ('https://dummyimage.com/626x671', 'Every system prepare call chair civil treatment church story nothing little.');
INSERT INTO Image (image_url, description) values ('https://picsum.photos/857/87', 'Almost determine feel think home only.');
INSERT INTO Image (image_url, description) values ('https://dummyimage.com/157x6', 'Mean house head feel generation economic able apply interesting month.');
INSERT INTO Image (image_url, description) values ('https://placekitten.com/259/647', 'Table system current paper cut mean big.');
INSERT INTO Image (image_url, description) values ('https://picsum.photos/548/630', 'Serve want girl gun why event seven suffer act.');
INSERT INTO Image (image_url, description) values ('https://placekitten.com/471/63', 'General baby exactly edge here answer.');
INSERT INTO Image (image_url, description) values ('https://placekitten.com/793/788', 'Maybe next my record court method coach others.');
INSERT INTO Image (image_url, description) values ('https://picsum.photos/406/570', 'Little city shake customer whether week technology TV now.');
INSERT INTO Image (image_url, description) values ('https://picsum.photos/745/802', 'Color middle still nearly focus drug avoid side morning.');
INSERT INTO Image (image_url, description) values ('https://placekitten.com/679/406', 'Help different research health interesting why kind month peace program.');
INSERT INTO Image (image_url, description) values ('https://picsum.photos/168/944', 'Public image present theory.');
INSERT INTO Image (image_url, description) values ('https://picsum.photos/323/379', 'Score five large agency discover when you.');
INSERT INTO Image (image_url, description) values ('https://placekitten.com/34/584', 'Happen democratic argue possible result home trade hour.');
INSERT INTO Image (image_url, description) values ('https://picsum.photos/669/100', 'Opportunity soldier cold wrong financial step.');
INSERT INTO Image (image_url, description) values ('https://dummyimage.com/248x307', 'Part good fish special leave drug.');
INSERT INTO Image (image_url, description) values ('https://picsum.photos/272/975', 'Share expert bar game.');
INSERT INTO Image (image_url, description) values ('https://dummyimage.com/190x777', 'Bank deep late far seat million campaign language soldier.');
INSERT INTO Image (image_url, description) values ('https://picsum.photos/288/389', 'Hotel senior dark until see fire although.');
INSERT INTO Image (image_url, description) values ('https://picsum.photos/181/573', 'Other research third middle reason appear.');
INSERT INTO Image (image_url, description) values ('https://picsum.photos/205/412', 'After produce against meeting allow wall black officer join.');
INSERT INTO Image (image_url, description) values ('https://placekitten.com/59/109', 'Fire choose huge small wish cause true community wrong face.');
INSERT INTO Image (image_url, description) values ('https://picsum.photos/298/77', 'Vote guess plan check bar personal.');
INSERT INTO Image (image_url, description) values ('https://placekitten.com/1006/243', 'Buy still economy resource fine.');
INSERT INTO Image (image_url, description) values ('https://placekitten.com/44/652', 'Reality current participant carry white develop health forward.');
INSERT INTO Image (image_url, description) values ('https://placekitten.com/32/196', 'Theory truth front key lot true stop letter pull.');
INSERT INTO Image (image_url, description) values ('https://picsum.photos/699/520', 'Despite environmental someone detail name decide account notice picture far.');
INSERT INTO Image (image_url, description) values ('https://placekitten.com/29/184', 'History race look rest western necessary store serious.');
INSERT INTO Image (image_url, description) values ('https://picsum.photos/154/645', 'Center heavy ten view model audience law air similar young.');
INSERT INTO Image (image_url, description) values ('https://picsum.photos/99/134', 'Attack individual force into ten customer south.');
INSERT INTO Image (image_url, description) values ('https://placekitten.com/298/422', 'Individual idea clearly without great eight.');
INSERT INTO Image (image_url, description) values ('https://placekitten.com/165/804', 'Soon event wind office create performance create trouble.');
INSERT INTO Image (image_url, description) values ('https://dummyimage.com/269x446', 'Campaign stage manager possible item I forward serve however course.');
INSERT INTO Image (image_url, description) values ('https://placekitten.com/530/377', 'Skin black better push research peace final show moment.');
INSERT INTO Image (image_url, description) values ('https://picsum.photos/220/704', 'Hour dark fast myself away they green tend base positive.');
INSERT INTO Image (image_url, description) values ('https://placekitten.com/171/872', 'Appear me tree what trip economic.');
INSERT INTO Image (image_url, description) values ('https://dummyimage.com/198x659', 'Different conference recent yet remain remember growth support hit security.');
INSERT INTO Image (image_url, description) values ('https://placekitten.com/980/433', 'Natural like training key across wife agency most.');
INSERT INTO Image (image_url, description) values ('https://picsum.photos/916/211', 'Live base recently front yeah safe.');
INSERT INTO Image (image_url, description) values ('https://dummyimage.com/565x302', 'Even system color poor day able.');
INSERT INTO Image (image_url, description) values ('https://placekitten.com/765/627', 'Method after deep call generation sit item left.');
INSERT INTO Image (image_url, description) values ('https://dummyimage.com/202x329', 'Sometimes single listen process training need with hope spend.');
INSERT INTO Image (image_url, description) values ('https://placekitten.com/417/617', 'Interview still social catch most structure.');
INSERT INTO Image (image_url, description) values ('https://dummyimage.com/423x728', 'Question role able network heart.');
INSERT INTO Image (image_url, description) values ('https://dummyimage.com/108x514', 'Much heart see energy time chair true throughout follow.');
INSERT INTO Image (image_url, description) values ('https://picsum.photos/790/776', 'Reflect step store home wait out crime however coach material.');
INSERT INTO Image (image_url, description) values ('https://dummyimage.com/821x507', 'Short modern issue bit save up event between meeting.');
INSERT INTO Image (image_url, description) values ('https://picsum.photos/347/117', 'Service close phone push much product after.');
INSERT INTO Image (image_url, description) values ('https://placekitten.com/390/491', 'Network plant set suffer ahead rock.');
INSERT INTO Image (image_url, description) values ('https://dummyimage.com/1006x20', 'Push pull might treatment bag character.');
INSERT INTO Image (image_url, description) values ('https://placekitten.com/726/832', 'Food least report produce consumer region my improve what.');
INSERT INTO Image (image_url, description) values ('https://placekitten.com/104/918', 'Father guy whom also ask help.');
INSERT INTO Image (image_url, description) values ('https://dummyimage.com/254x167', 'Lose war line city almost product by still public.');
INSERT INTO Image (image_url, description) values ('https://placekitten.com/859/833', 'Decade its find century decision buy treatment Democrat president.');
INSERT INTO Image (image_url, description) values ('https://picsum.photos/418/777', 'Official decade similar quite indicate morning add.');
INSERT INTO Image (image_url, description) values ('https://dummyimage.com/870x522', 'Agree hospital mother sign garden difficult individual role.');
INSERT INTO Image (image_url, description) values ('https://dummyimage.com/892x505', 'Night before middle plan west center water them again.');
INSERT INTO Image (image_url, description) values ('https://placekitten.com/199/577', 'Billion great myself subject almost just fine.');
INSERT INTO Image (image_url, description) values ('https://dummyimage.com/790x624', 'Security worker into magazine.');
INSERT INTO Image (image_url, description) values ('https://placekitten.com/309/316', 'Around indeed race federal cause responsibility respond.');
INSERT INTO Image (image_url, description) values ('https://dummyimage.com/626x402', 'More wind best start phone happy south business concern.');
INSERT INTO Image (image_url, description) values ('https://placekitten.com/824/295', 'Opportunity he ground to far choose show newspaper order thus direction.');
INSERT INTO Image (image_url, description) values ('https://picsum.photos/808/865', 'Enjoy seat room enjoy again personal.');
INSERT INTO Image (image_url, description) values ('https://placekitten.com/733/194', 'Answer cut short industry.');
INSERT INTO Image (image_url, description) values ('https://picsum.photos/933/157', 'Listen series until actually compare.');
INSERT INTO Image (image_url, description) values ('https://dummyimage.com/383x886', 'Out animal week smile friend.');
INSERT INTO Image (image_url, description) values ('https://picsum.photos/569/280', 'Court strong trial although push go eat.');
INSERT INTO Image (image_url, description) values ('https://dummyimage.com/532x819', 'Education five at skin same bag rock time.');
INSERT INTO Image (image_url, description) values ('https://picsum.photos/886/818', 'Situation mouth foot guess forget nearly.');
INSERT INTO Image (image_url, description) values ('https://dummyimage.com/206x450', 'Let page hot central toward send into.');
INSERT INTO Image (image_url, description) values ('https://dummyimage.com/531x457', 'The off production medical south policy want us.');
INSERT INTO Image (image_url, description) values ('https://picsum.photos/179/739', 'Nor perform necessary while forward say.');
INSERT INTO Image (image_url, description) values ('https://picsum.photos/263/383', 'Size whose wish go benefit whose Republican.');
INSERT INTO Image (image_url, description) values ('https://placekitten.com/910/199', 'Scientist worry end once loss rest.');
INSERT INTO Image (image_url, description) values ('https://picsum.photos/72/367', 'Less age look choose state wife worker risk single.');
INSERT INTO Image (image_url, description) values ('https://dummyimage.com/69x574', 'Cover hot radio page show.');
INSERT INTO Image (image_url, description) values ('https://picsum.photos/323/524', 'Wife management under source citizen spring.');
INSERT INTO Image (image_url, description) values ('https://picsum.photos/983/907', 'Sense town stop perhaps production change especially.');
INSERT INTO Image (image_url, description) values ('https://picsum.photos/372/811', 'Eight everything someone as alone success why office.');
INSERT INTO Image (image_url, description) values ('https://picsum.photos/551/870', 'House build them own night successful course heart help worker pressure.');
INSERT INTO Image (image_url, description) values ('https://picsum.photos/617/176', 'Especially step garden few laugh president front future compare.');
INSERT INTO Image (image_url, description) values ('https://placekitten.com/82/965', 'Yourself quite energy every table whose move.');
INSERT INTO Image (image_url, description) values ('https://placekitten.com/738/624', 'Human moment get create film material allow evening table article.');
INSERT INTO Image (image_url, description) values ('https://picsum.photos/652/418', 'Together among listen investment product source agreement.');
INSERT INTO Image (image_url, description) values ('https://placekitten.com/983/125', 'Skill foot war which financial.');
INSERT INTO Image (image_url, description) values ('https://picsum.photos/997/161', 'How close government water reduce.');
INSERT INTO Image (image_url, description) values ('https://dummyimage.com/535x537', 'Receive skill under general task off office peace.');
INSERT INTO Image (image_url, description) values ('https://dummyimage.com/646x298', 'Treatment particularly really lay partner old suffer lot perhaps.');
INSERT INTO Image (image_url, description) values ('https://picsum.photos/819/409', 'Scene skin sport institution a huge.');
INSERT INTO Image (image_url, description) values ('https://placekitten.com/865/134', 'Task west participant party deep rock enter.');
INSERT INTO Image (image_url, description) values ('https://picsum.photos/522/197', 'Year remember real boy energy various low realize analysis air.');
INSERT INTO Image (image_url, description) values ('https://dummyimage.com/471x942', 'Girl president threat finally several by pattern tree wish.');
INSERT INTO Image (image_url, description) values ('https://picsum.photos/283/550', 'Who detail figure can police after a cell.');
INSERT INTO Image (image_url, description) values ('https://picsum.photos/390/839', 'Door heavy culture major knowledge almost.');
INSERT INTO Image (image_url, description) values ('https://picsum.photos/1009/771', 'Nature work media so popular other name.');
INSERT INTO Image (image_url, description) values ('https://placekitten.com/7/295', 'Guy animal meeting send already sport.');
INSERT INTO Image (image_url, description) values ('https://picsum.photos/481/985', 'Investment offer anything affect.');
INSERT INTO Image (image_url, description) values ('https://placekitten.com/151/472', 'Enough dog read industry past.');
INSERT INTO Image (image_url, description) values ('https://placekitten.com/407/18', 'Threat inside will soldier just hotel weight.');
INSERT INTO Image (image_url, description) values ('https://dummyimage.com/780x149', 'Notice recently between range anything car language guess.');
INSERT INTO Image (image_url, description) values ('https://placekitten.com/40/907', 'Deal tend century on type author party his occur.');
INSERT INTO Image (image_url, description) values ('https://dummyimage.com/484x660', 'Central some under key fine listen let common herself if.');
INSERT INTO Image (image_url, description) values ('https://placekitten.com/164/56', 'Wide everybody structure adult next color rate.');
INSERT INTO Image (image_url, description) values ('https://dummyimage.com/352x396', 'Shake actually data soldier last hospital sea call include onto during.');
INSERT INTO Image (image_url, description) values ('https://placekitten.com/84/78', 'Clear impact admit network put similar.');
INSERT INTO Image (image_url, description) values ('https://picsum.photos/347/356', 'Debate feel never clear system reduce late free huge.');
INSERT INTO Image (image_url, description) values ('https://dummyimage.com/1021x225', 'Apply talk sport people low look foot city.');
INSERT INTO Image (image_url, description) values ('https://dummyimage.com/810x997', 'Heavy beat court treat situation.');
INSERT INTO Image (image_url, description) values ('https://dummyimage.com/915x714', 'Born movement increase model population wear technology serve other.');
INSERT INTO Image (image_url, description) values ('https://dummyimage.com/749x243', 'Machine magazine better world her interesting beat hotel six series.');
INSERT INTO Image (image_url, description) values ('https://dummyimage.com/299x338', 'Necessary kid firm parent water word.');
INSERT INTO Image (image_url, description) values ('https://placekitten.com/791/540', 'Focus military law some involve executive choose.');
INSERT INTO Image (image_url, description) values ('https://dummyimage.com/995x830', 'Vote similar sister simple per away level free personal American.');
INSERT INTO Image (image_url, description) values ('https://dummyimage.com/47x948', 'Region degree blue near risk take agent fish factor maybe father.');
INSERT INTO Image (image_url, description) values ('https://placekitten.com/716/87', 'At soldier laugh law western think fine necessary.');
INSERT INTO Image (image_url, description) values ('https://picsum.photos/94/163', 'Prepare final maybe summer.');
INSERT INTO Image (image_url, description) values ('https://picsum.photos/142/764', 'Early after travel material lead green sister thought.');
INSERT INTO Image (image_url, description) values ('https://dummyimage.com/81x409', 'Development TV toward science simply kid physical player behavior.');
INSERT INTO Image (image_url, description) values ('https://placekitten.com/52/187', 'Decide method despite recently like truth many whole arm.');
INSERT INTO Image (image_url, description) values ('https://placekitten.com/734/142', 'Above off weight ago station of follow including.');
INSERT INTO Image (image_url, description) values ('https://placekitten.com/276/610', 'Help sound born security knowledge relate claim if south two.');
INSERT INTO Image (image_url, description) values ('https://dummyimage.com/1000x470', 'Writer trade bill best point.');
INSERT INTO Image (image_url, description) values ('https://picsum.photos/731/580', 'Bank opportunity go may rise require.');
INSERT INTO Image (image_url, description) values ('https://picsum.photos/674/330', 'Indicate house field city fact design into night past prevent eat.');
INSERT INTO Image (image_url, description) values ('https://dummyimage.com/454x245', 'Role speech next meet exist even.');
INSERT INTO Image (image_url, description) values ('https://dummyimage.com/92x807', 'Tough thank down PM material our point east project.');
INSERT INTO Image (image_url, description) values ('https://dummyimage.com/777x82', 'Team either story often hundred as agreement table pass.');
INSERT INTO Image (image_url, description) values ('https://placekitten.com/782/377', 'Mr piece cell phone effect after.');
INSERT INTO Image (image_url, description) values ('https://placekitten.com/388/769', 'General require inside bed possible blood fly ready.');
INSERT INTO Image (image_url, description) values ('https://picsum.photos/66/122', 'Test catch to skin wall safe information evidence lead.');
INSERT INTO Image (image_url, description) values ('https://picsum.photos/299/721', 'Heavy marriage rock capital dark.');
INSERT INTO Image (image_url, description) values ('https://dummyimage.com/43x336', 'Successful cold business use deal girl foreign guess whose.');
INSERT INTO Image (image_url, description) values ('https://dummyimage.com/810x68', 'Able thing break national easy.');
INSERT INTO Image (image_url, description) values ('https://dummyimage.com/198x553', 'Leader Republican next adult inside bed new if.');
INSERT INTO Image (image_url, description) values ('https://picsum.photos/417/794', 'Need food especially many pick whole sea.');
INSERT INTO Image (image_url, description) values ('https://picsum.photos/950/446', 'Writer can professional tell job sometimes party form mind huge.');
INSERT INTO Image (image_url, description) values ('https://dummyimage.com/754x335', 'Experience here but strong forward drive collection.');
INSERT INTO Image (image_url, description) values ('https://dummyimage.com/10x407', 'Sport fall child society law to Republican population management somebody.');
INSERT INTO Image (image_url, description) values ('https://dummyimage.com/779x220', 'Concern majority soon nearly under walk care future.');
INSERT INTO Image (image_url, description) values ('https://placekitten.com/295/538', 'Seven usually poor team so everyone look big several range.');
INSERT INTO Image (image_url, description) values ('https://dummyimage.com/504x671', 'Figure major you room edge music day southern.');
INSERT INTO Image (image_url, description) values ('https://dummyimage.com/458x219', 'Hospital society center high market set particular paper.');
INSERT INTO Image (image_url, description) values ('https://placekitten.com/409/229', 'Kitchen clear by manager agreement someone tell anyone.');
INSERT INTO Image (image_url, description) values ('https://dummyimage.com/341x144', 'Itself likely issue law law daughter cause foot structure.');
INSERT INTO Image (image_url, description) values ('https://placekitten.com/938/383', 'Mean student rich purpose father seek something early few.');
INSERT INTO Image (image_url, description) values ('https://picsum.photos/232/824', 'Since join yet someone capital themselves cultural task.');
INSERT INTO Image (image_url, description) values ('https://dummyimage.com/418x904', 'Law us everything move practice look raise.');
INSERT INTO Image (image_url, description) values ('https://placekitten.com/528/1020', 'Ten out floor peace show know thing standard.');
INSERT INTO Image (image_url, description) values ('https://placekitten.com/666/339', 'Owner suggest clearly guy air player.');
INSERT INTO Image (image_url, description) values ('https://dummyimage.com/680x184', 'Impact loss white member child something many drive benefit he.');
INSERT INTO Image (image_url, description) values ('https://picsum.photos/843/662', 'Answer inside make different situation improve.');
INSERT INTO Image (image_url, description) values ('https://placekitten.com/320/423', 'Civil continue toward option may cost must conference.');
INSERT INTO Image (image_url, description) values ('https://picsum.photos/667/124', 'Wide actually election traditional wear behind talk experience rich anything.');
INSERT INTO Image (image_url, description) values ('https://dummyimage.com/177x150', 'Attorney lose room theory professor large concern hot force.');
INSERT INTO Image (image_url, description) values ('https://dummyimage.com/740x455', 'Election if reveal agent actually nor recognize morning behavior.');
INSERT INTO Image (image_url, description) values ('https://placekitten.com/437/829', 'Tv wind half agreement international head certain take think as.');
INSERT INTO Image (image_url, description) values ('https://placekitten.com/377/245', 'Hair consumer operation raise statement oil value feel cell subject.');
INSERT INTO Image (image_url, description) values ('https://placekitten.com/1016/780', 'Only write event item little evening you pattern.');
INSERT INTO Image (image_url, description) values ('https://dummyimage.com/248x178', 'Tax subject during probably certain foreign.');
INSERT INTO Image (image_url, description) values ('https://dummyimage.com/594x364', 'Personal cause knowledge clearly although itself reflect recent.');
INSERT INTO Image (image_url, description) values ('https://placekitten.com/358/716', 'To thank drop onto believe project apply.');
INSERT INTO Image (image_url, description) values ('https://picsum.photos/544/916', 'Operation American finally structure now property agreement agency few tax.');
INSERT INTO Image (image_url, description) values ('https://dummyimage.com/203x261', 'Degree nature study charge trouble get piece on my collection.');
INSERT INTO Image (image_url, description) values ('https://picsum.photos/752/380', 'Out building participant as scene.');
INSERT INTO Image (image_url, description) values ('https://placekitten.com/976/125', 'Plan important attack recently about feel quickly.');
INSERT INTO Image (image_url, description) values ('https://picsum.photos/388/400', 'Everyone onto bed state play opportunity sign some husband fall.');
INSERT INTO Image (image_url, description) values ('https://dummyimage.com/360x831', 'Body condition like decide serve tree sit.');
INSERT INTO Image (image_url, description) values ('https://dummyimage.com/826x464', 'Game international value weight with far political.');
INSERT INTO Image (image_url, description) values ('https://picsum.photos/1018/103', 'Firm month require guess show old line economic.');
INSERT INTO Image (image_url, description) values ('https://picsum.photos/273/205', 'Energy beautiful draw almost Mrs week great admit along represent.');
INSERT INTO Image (image_url, description) values ('https://dummyimage.com/559x853', 'Situation industry American body generation.');
INSERT INTO Image (image_url, description) values ('https://placekitten.com/662/917', 'Story budget feel professional decade control.');
INSERT INTO Image (image_url, description) values ('https://dummyimage.com/958x336', 'Design black everything lead play administration budget house behavior stuff.');
INSERT INTO Image (image_url, description) values ('https://dummyimage.com/459x848', 'Member hospital tend American exactly pick director play.');
INSERT INTO Image (image_url, description) values ('https://dummyimage.com/73x643', 'Box effect radio son old.');
INSERT INTO Image (image_url, description) values ('https://dummyimage.com/94x47', 'School turn must piece whose.');
INSERT INTO Image (image_url, description) values ('https://picsum.photos/41/707', 'Firm nothing indicate quickly realize part seat Republican various.');
INSERT INTO Image (image_url, description) values ('https://placekitten.com/66/367', 'Represent law nearly soldier institution base project.');
INSERT INTO Image (image_url, description) values ('https://picsum.photos/648/153', 'Move successful understand in citizen over six music.');
INSERT INTO Image (image_url, description) values ('https://dummyimage.com/757x520', 'Various piece democratic question two.');
INSERT INTO Image (image_url, description) values ('https://placekitten.com/449/531', 'Also evidence long though less administration catch might rise.');
INSERT INTO Image (image_url, description) values ('https://picsum.photos/603/700', 'Hand firm lay three determine age peace size feel energy agree.');
INSERT INTO Image (image_url, description) values ('https://picsum.photos/159/307', 'Claim at onto age husband exist Democrat month grow.');
INSERT INTO Image (image_url, description) values ('https://dummyimage.com/622x568', 'Plant join assume those fill democratic assume be reduce bad point.');
INSERT INTO Image (image_url, description) values ('https://picsum.photos/470/18', 'Student already each own political administration despite black red above.');
INSERT INTO Image (image_url, description) values ('https://placekitten.com/22/778', 'Work create prevent meet in kitchen cold.');
INSERT INTO Image (image_url, description) values ('https://picsum.photos/24/454', 'Plan do source owner need scientist cup compare interest small.');
INSERT INTO Image (image_url, description) values ('https://dummyimage.com/805x411', 'Remain happen official step suffer management receive choose idea.');
INSERT INTO Image (image_url, description) values ('https://picsum.photos/998/740', 'Weight past hot successful people general agree loss.');
INSERT INTO Image (image_url, description) values ('https://dummyimage.com/592x768', 'Republican speech environment prepare develop national opportunity pretty century argue.');
INSERT INTO Image (image_url, description) values ('https://placekitten.com/942/1', 'Whom treat general nothing baby there perform court.');
INSERT INTO Image (image_url, description) values ('https://placekitten.com/124/682', 'Crime somebody whether trip look tell quickly state country PM.');
INSERT INTO Image (image_url, description) values ('https://placekitten.com/479/1003', 'Quite stock level consumer ten.');
INSERT INTO Image (image_url, description) values ('https://picsum.photos/372/885', 'Green himself one budget soldier Mrs something seven any remember.');
INSERT INTO Image (image_url, description) values ('https://dummyimage.com/789x48', 'Report short change white everyone little.');
INSERT INTO Image (image_url, description) values ('https://placekitten.com/383/420', 'Both consider phone attorney black raise herself if.');
INSERT INTO Image (image_url, description) values ('https://placekitten.com/797/430', 'Mr whether painting tree idea air along.');
INSERT INTO Image (image_url, description) values ('https://placekitten.com/802/100', 'Green leg middle yes Mr.');
INSERT INTO Image (image_url, description) values ('https://placekitten.com/488/355', 'Recognize they not cold at thing brother by surface.');
INSERT INTO Image (image_url, description) values ('https://placekitten.com/290/983', 'Certainly pull day mention single.');
INSERT INTO Image (image_url, description) values ('https://placekitten.com/439/118', 'Itself if good animal size seek door baby walk.');
INSERT INTO Image (image_url, description) values ('https://dummyimage.com/378x999', 'Under painting citizen social say.');
INSERT INTO Image (image_url, description) values ('https://picsum.photos/26/92', 'Step magazine gas professor or understand deal worker.');
INSERT INTO Image (image_url, description) values ('https://dummyimage.com/694x165', 'Middle determine center whatever at seem evening radio build perform.');
INSERT INTO Image (image_url, description) values ('https://dummyimage.com/34x617', 'Hit level cause walk decision take series.');
INSERT INTO Image (image_url, description) values ('https://picsum.photos/337/382', 'Music weight health lot face cut.');
INSERT INTO Image (image_url, description) values ('https://picsum.photos/63/404', 'Provide several sing measure especially have interesting thank thought agent he.');
INSERT INTO Image (image_url, description) values ('https://placekitten.com/605/666', 'Great reveal nation big idea hotel.');
INSERT INTO Image (image_url, description) values ('https://dummyimage.com/477x72', 'Reality source like system analysis use parent.');
INSERT INTO Image (image_url, description) values ('https://picsum.photos/290/56', 'Play thing serious past fire prove child others ask.');
INSERT INTO Image (image_url, description) values ('https://placekitten.com/958/1023', 'He rest sound director use.');
INSERT INTO Image (image_url, description) values ('https://dummyimage.com/452x160', 'Assume plan tree especially another every against network middle military.');
INSERT INTO Image (image_url, description) values ('https://picsum.photos/746/604', 'His answer mind foot career major throw.');
INSERT INTO Image (image_url, description) values ('https://picsum.photos/361/323', 'Late final accept impact back skin cut at moment may.');
INSERT INTO Image (image_url, description) values ('https://picsum.photos/77/579', 'Eye suggest you piece whole off through.');
INSERT INTO Image (image_url, description) values ('https://placekitten.com/870/53', 'Officer world office agreement real common human structure evidence.');
INSERT INTO Image (image_url, description) values ('https://dummyimage.com/81x835', 'Job degree recognize degree matter measure determine especially together support.');
INSERT INTO Image (image_url, description) values ('https://dummyimage.com/892x716', 'Military become citizen kid magazine century hospital material.');
INSERT INTO Image (image_url, description) values ('https://picsum.photos/936/524', 'Store decision know town arrive small sea will attention like.');
INSERT INTO Image (image_url, description) values ('https://picsum.photos/852/462', 'Response direction organization fly ok data whose.');
INSERT INTO Image (image_url, description) values ('https://dummyimage.com/706x650', 'Per feel attorney move present for.');
INSERT INTO Image (image_url, description) values ('https://dummyimage.com/404x1022', 'Shoulder claim as pass major discover science imagine weight heart walk.');
INSERT INTO Image (image_url, description) values ('https://dummyimage.com/312x730', 'Blue far behavior sister often.');
INSERT INTO Image (image_url, description) values ('https://placekitten.com/88/799', 'Save fly wear boy analysis around fly live hotel weight.');
INSERT INTO Image (image_url, description) values ('https://dummyimage.com/855x4', 'Tax while environmental shake actually fear human somebody money organization.');
INSERT INTO Image (image_url, description) values ('https://dummyimage.com/82x136', 'Data author old set three teacher process how forget.');
INSERT INTO Image (image_url, description) values ('https://picsum.photos/946/150', 'Plant do economic space character organization raise.');
INSERT INTO Image (image_url, description) values ('https://dummyimage.com/62x330', 'Develop blue certain these address fine.');
INSERT INTO Image (image_url, description) values ('https://picsum.photos/997/312', 'Tell change offer science ok phone store either instead.');
INSERT INTO Image (image_url, description) values ('https://placekitten.com/259/1012', 'Sometimes response event party unit dark point claim.');
INSERT INTO Image (image_url, description) values ('https://dummyimage.com/799x351', 'Particularly total job education try local buy.');
INSERT INTO Image (image_url, description) values ('https://dummyimage.com/917x592', 'Expert economy agree thought general every.');
INSERT INTO Image (image_url, description) values ('https://picsum.photos/704/993', 'Few plan occur upon face upon speech there authority soon.');
INSERT INTO Image (image_url, description) values ('https://picsum.photos/819/799', 'Room describe group ability technology.');
INSERT INTO Image (image_url, description) values ('https://placekitten.com/670/497', 'Compare see minute nearly kid.');
INSERT INTO Image (image_url, description) values ('https://placekitten.com/526/261', 'Research kitchen democratic however parent modern.');
INSERT INTO Image (image_url, description) values ('https://picsum.photos/671/455', 'Stuff open far couple both have field how some happy.');
INSERT INTO Image (image_url, description) values ('https://dummyimage.com/50x497', 'Fill certain challenge different surface.');
INSERT INTO Image (image_url, description) values ('https://dummyimage.com/826x405', 'Style near teach on crime medical sell treatment fund direction set.');
INSERT INTO Image (image_url, description) values ('https://picsum.photos/344/870', 'Little who whole difficult help public.');
INSERT INTO Image (image_url, description) values ('https://picsum.photos/459/586', 'Experience bag social mission scientist memory tell.');
INSERT INTO Image (image_url, description) values ('https://dummyimage.com/658x873', 'Apply one grow clearly back hotel them month party them team.');
INSERT INTO Image (image_url, description) values ('https://placekitten.com/258/870', 'Fear tell couple offer leave.');
INSERT INTO Image (image_url, description) values ('https://dummyimage.com/299x850', 'Action issue certainly who indeed condition amount everything.');
INSERT INTO Image (image_url, description) values ('https://placekitten.com/854/952', 'Edge across a Mrs child detail throw management down model.');
INSERT INTO Image (image_url, description) values ('https://picsum.photos/701/684', 'Article her enough occur none energy window.');
INSERT INTO Image (image_url, description) values ('https://placekitten.com/633/690', 'Fast detail administration war discuss within others.');
INSERT INTO Image (image_url, description) values ('https://placekitten.com/757/559', 'Long why subject about table someone suffer technology fly check.');
INSERT INTO Image (image_url, description) values ('https://picsum.photos/294/314', 'Form upon anything one source you total.');
INSERT INTO Image (image_url, description) values ('https://dummyimage.com/911x886', 'Recognize history door argue though safe indicate movie.');
INSERT INTO Image (image_url, description) values ('https://dummyimage.com/102x613', 'Measure similar floor easy size majority understand.');
INSERT INTO Image (image_url, description) values ('https://dummyimage.com/775x594', 'Pull act play subject send smile.');
INSERT INTO Image (image_url, description) values ('https://picsum.photos/534/877', 'Charge while outside type hear employee.');
INSERT INTO Image (image_url, description) values ('https://dummyimage.com/749x1018', 'Dream already learn day coach myself sit fly.');
INSERT INTO Image (image_url, description) values ('https://picsum.photos/390/882', 'Training ever lose push report so my base way.');
INSERT INTO Image (image_url, description) values ('https://dummyimage.com/10x180', 'Newspaper series us part administration theory all control present.');
INSERT INTO Image (image_url, description) values ('https://picsum.photos/943/362', 'Skin art thank far site conference affect arm avoid full.');
INSERT INTO Image (image_url, description) values ('https://placekitten.com/171/656', 'Decade professional range authority probably help.');
INSERT INTO Image (image_url, description) values ('https://dummyimage.com/816x565', 'For continue to economic.');
INSERT INTO Image (image_url, description) values ('https://dummyimage.com/263x765', 'Perhaps hotel behavior hospital thousand.');
INSERT INTO Image (image_url, description) values ('https://placekitten.com/230/408', 'Tend determine tree focus rise voice sometimes.');
INSERT INTO Image (image_url, description) values ('https://placekitten.com/882/450', 'Build no feel surface eight focus work along growth writer.');
INSERT INTO Image (image_url, description) values ('https://picsum.photos/634/963', 'Lot usually me happy wind.');
INSERT INTO Image (image_url, description) values ('https://dummyimage.com/322x197', 'Especially former PM exactly house small summer available likely fish.');
INSERT INTO Image (image_url, description) values ('https://picsum.photos/107/731', 'Cell agree nation across page.');
INSERT INTO Image (image_url, description) values ('https://picsum.photos/936/904', 'Pattern country Republican trade foot paper interesting parent.');
INSERT INTO Image (image_url, description) values ('https://picsum.photos/154/613', 'Player yes recognize enough moment.');
INSERT INTO Image (image_url, description) values ('https://picsum.photos/227/47', 'Less professional second half image history bring today.');
INSERT INTO Image (image_url, description) values ('https://picsum.photos/264/956', 'Treatment interest produce very seek manager.');
INSERT INTO Image (image_url, description) values ('https://picsum.photos/424/705', 'Career perform structure paper else race respond easy.');
INSERT INTO Image (image_url, description) values ('https://dummyimage.com/533x461', 'Chance hot son meeting well very plan.');
INSERT INTO Image (image_url, description) values ('https://dummyimage.com/229x927', 'Design language particular street high operation expect measure likely six.');
INSERT INTO Image (image_url, description) values ('https://placekitten.com/154/986', 'Present upon medical need a authority approach.');
INSERT INTO Image (image_url, description) values ('https://placekitten.com/746/243', 'Member free choice expect marriage against at president past.');
INSERT INTO Image (image_url, description) values ('https://placekitten.com/538/200', 'Full early require short bag store service third.');
INSERT INTO Image (image_url, description) values ('https://placekitten.com/259/794', 'Beat serve industry box down bring why art every cut.');
INSERT INTO Image (image_url, description) values ('https://dummyimage.com/681x853', 'Wait campaign outside nice difficult great store.');
INSERT INTO Image (image_url, description) values ('https://placekitten.com/453/102', 'Worker space account statement contain marriage role television adult rise sit.');
INSERT INTO Image (image_url, description) values ('https://picsum.photos/114/296', 'Magazine American pattern push collection.');
INSERT INTO Image (image_url, description) values ('https://dummyimage.com/260x301', 'Policy check policy film explain between degree similar.');
INSERT INTO Image (image_url, description) values ('https://placekitten.com/653/923', 'Season measure film cell our half somebody really.');
INSERT INTO Image (image_url, description) values ('https://placekitten.com/210/720', 'Little across pattern describe little term current report statement.');
INSERT INTO Image (image_url, description) values ('https://placekitten.com/605/424', 'Civil team piece rise better serious he cut produce method.');
INSERT INTO Image (image_url, description) values ('https://placekitten.com/738/219', 'Instead shake center level ability leg industry.');
INSERT INTO Image (image_url, description) values ('https://picsum.photos/199/885', 'Impact whether place no eat huge spring name herself simply.');
INSERT INTO Image (image_url, description) values ('https://picsum.photos/517/561', 'Pm animal difficult tend team again.');
INSERT INTO Image (image_url, description) values ('https://placekitten.com/569/607', 'Artist evidence as smile force decision still major political unit factor.');
INSERT INTO Image (image_url, description) values ('https://placekitten.com/503/27', 'Edge sit western officer.');
INSERT INTO Image (image_url, description) values ('https://dummyimage.com/648x581', 'Free program economic easy people.');
INSERT INTO Image (image_url, description) values ('https://picsum.photos/292/185', 'Reduce agreement interview bit bank as drug also throughout.');
INSERT INTO Image (image_url, description) values ('https://dummyimage.com/499x960', 'Who surface firm price.');
INSERT INTO Image (image_url, description) values ('https://dummyimage.com/254x596', 'Level whose minute firm executive scientist activity relationship.');
INSERT INTO Image (image_url, description) values ('https://placekitten.com/148/219', 'Conference because product ahead loss pretty above.');
INSERT INTO Image (image_url, description) values ('https://picsum.photos/786/769', 'Chance pattern area appear follow service adult talk end black.');
INSERT INTO Image (image_url, description) values ('https://picsum.photos/439/924', 'Exist hundred onto down know these myself lay wait sort.');
INSERT INTO Image (image_url, description) values ('https://dummyimage.com/184x232', 'Hotel when development sort its glass court cost.');
INSERT INTO Image (image_url, description) values ('https://placekitten.com/506/925', 'Risk others finish student during no must.');
INSERT INTO Image (image_url, description) values ('https://placekitten.com/914/251', 'Choice game control away identify two poor tax staff guess.');
INSERT INTO Image (image_url, description) values ('https://dummyimage.com/471x107', 'Party step dream cold matter everyone activity.');
INSERT INTO Image (image_url, description) values ('https://picsum.photos/849/162', 'Professor nothing report candidate tonight identify.');
INSERT INTO Image (image_url, description) values ('https://dummyimage.com/131x803', 'Individual yes better car community not itself executive peace.');
INSERT INTO Image (image_url, description) values ('https://placekitten.com/945/370', 'Admit main hotel increase action.');
INSERT INTO Image (image_url, description) values ('https://dummyimage.com/249x391', 'Property hit test word exactly beat doctor prevent like finally.');
INSERT INTO Image (image_url, description) values ('https://dummyimage.com/102x276', 'Note garden this may get its town nothing present.');
INSERT INTO Image (image_url, description) values ('https://picsum.photos/24/371', 'Likely occur game address hour trouble watch.');
INSERT INTO Image (image_url, description) values ('https://dummyimage.com/822x68', 'Under wall six various later.');
INSERT INTO Image (image_url, description) values ('https://picsum.photos/916/626', 'Next maintain if without else move authority.');
INSERT INTO Image (image_url, description) values ('https://dummyimage.com/106x207', 'Realize season manager cost more.');
INSERT INTO Image (image_url, description) values ('https://placekitten.com/174/1002', 'Still me action common four.');
INSERT INTO Image (image_url, description) values ('https://picsum.photos/551/620', 'In wide guess fast real explain contain toward.');
INSERT INTO Image (image_url, description) values ('https://dummyimage.com/166x434', 'Mention including soon yet thousand claim build medical.');
INSERT INTO Image (image_url, description) values ('https://placekitten.com/594/804', 'What consider buy several daughter yet idea hit everyone.');
INSERT INTO Image (image_url, description) values ('https://dummyimage.com/945x546', 'Ever old despite movie exist song assume rich.');
INSERT INTO Image (image_url, description) values ('https://placekitten.com/802/381', 'Receive government whose feel weight investment majority all president.');
INSERT INTO Image (image_url, description) values ('https://dummyimage.com/469x103', 'Feeling carry pattern relationship music always answer term treat apply.');
INSERT INTO Image (image_url, description) values ('https://dummyimage.com/468x618', 'Stock put explain change practice performance since that community small summer.');
INSERT INTO Image (image_url, description) values ('https://dummyimage.com/837x399', 'She boy stuff begin somebody may cut.');
INSERT INTO Image (image_url, description) values ('https://dummyimage.com/1007x459', 'Company might follow which draw summer both debate loss.');
INSERT INTO Image (image_url, description) values ('https://picsum.photos/149/755', 'News blood floor part real want between.');
INSERT INTO Image (image_url, description) values ('https://placekitten.com/902/653', 'Born leg difficult figure fine successful.');
INSERT INTO Image (image_url, description) values ('https://picsum.photos/270/201', 'Growth writer section worker quickly sense.');
INSERT INTO Image (image_url, description) values ('https://placekitten.com/328/762', 'Wall against such from material individual school data offer.');
INSERT INTO Image (image_url, description) values ('https://dummyimage.com/668x45', 'Hot put actually or stuff without use onto.');
INSERT INTO Image (image_url, description) values ('https://dummyimage.com/388x873', 'Picture administration ask which soon everything other movement.');
INSERT INTO Image (image_url, description) values ('https://dummyimage.com/566x861', 'Feel suggest heavy can model stage medical.');
INSERT INTO Image (image_url, description) values ('https://dummyimage.com/264x249', 'Central authority both able million record along provide.');
INSERT INTO Image (image_url, description) values ('https://placekitten.com/410/833', 'Organization production about nor feel.');
INSERT INTO Image (image_url, description) values ('https://placekitten.com/82/196', 'Girl leg stock fire coach discuss religious reason.');
INSERT INTO Image (image_url, description) values ('https://placekitten.com/468/170', 'Adult create team prevent involve production scene another.');
INSERT INTO Image (image_url, description) values ('https://dummyimage.com/156x886', 'Imagine inside term side mind writer.');
INSERT INTO Image (image_url, description) values ('https://dummyimage.com/668x426', 'Side here owner part.');
INSERT INTO Image (image_url, description) values ('https://placekitten.com/341/762', 'Get major different animal than.');
INSERT INTO Image (image_url, description) values ('https://placekitten.com/216/686', 'Suffer glass there also explain concern city.');
INSERT INTO Image (image_url, description) values ('https://dummyimage.com/445x97', 'Everything apply film matter east begin store thing member eye.');
INSERT INTO Image (image_url, description) values ('https://picsum.photos/88/710', 'None these Mr away evidence join moment activity.');
INSERT INTO Image (image_url, description) values ('https://picsum.photos/222/238', 'Drug concern the simply sure stuff decade lawyer yourself run.');
INSERT INTO Image (image_url, description) values ('https://placekitten.com/830/732', 'Black hold role situation despite could ask contain artist.');
INSERT INTO Image (image_url, description) values ('https://placekitten.com/534/694', 'Simple partner trouble political our.');
INSERT INTO Image (image_url, description) values ('https://dummyimage.com/137x794', 'Short rate local investment region actually season unit stand boy.');
INSERT INTO Image (image_url, description) values ('https://dummyimage.com/174x659', 'Question dinner partner national adult election.');
INSERT INTO Image (image_url, description) values ('https://picsum.photos/52/717', 'Go central each stage produce.');
INSERT INTO Image (image_url, description) values ('https://picsum.photos/474/537', 'Wish yourself contain beyond hard fact owner.');
INSERT INTO Image (image_url, description) values ('https://dummyimage.com/14x174', 'Interview task available hotel magazine city religious.');
INSERT INTO Image (image_url, description) values ('https://placekitten.com/118/477', 'Bar article reality trade factor kind property.');
INSERT INTO Image (image_url, description) values ('https://dummyimage.com/553x939', 'Marriage other available usually design least administration many establish hold.');
INSERT INTO Image (image_url, description) values ('https://placekitten.com/191/478', 'Sing crime protect lead capital fish herself some.');
INSERT INTO Image (image_url, description) values ('https://picsum.photos/789/978', 'Something sign occur assume tree girl indicate choose.');
INSERT INTO Image (image_url, description) values ('https://dummyimage.com/950x506', 'Find well enter nearly bag figure week play field return.');
INSERT INTO Image (image_url, description) values ('https://dummyimage.com/90x556', 'Forget beyond nation draw final.');
INSERT INTO Image (image_url, description) values ('https://picsum.photos/716/756', 'Adult health scientist attention human.');
INSERT INTO Image (image_url, description) values ('https://placekitten.com/459/270', 'Easy media together artist.');
INSERT INTO Image (image_url, description) values ('https://placekitten.com/397/607', 'Apply party trouble anyone forget friend none some positive democratic.');
INSERT INTO Image (image_url, description) values ('https://picsum.photos/329/623', 'Apply building market camera Mrs before more act.');
INSERT INTO Image (image_url, description) values ('https://placekitten.com/815/977', 'Practice trade suffer want hit performance speak decision short.');
INSERT INTO Image (image_url, description) values ('https://placekitten.com/803/682', 'Wife single fill edge almost teach radio local parent this.');
INSERT INTO Image (image_url, description) values ('https://dummyimage.com/720x329', 'Husband fish ability responsibility.');
INSERT INTO Image (image_url, description) values ('https://dummyimage.com/23x695', 'Manage citizen organization learn say.');
INSERT INTO Image (image_url, description) values ('https://dummyimage.com/56x115', 'Range music space person upon southern positive quickly.');
INSERT INTO Image (image_url, description) values ('https://placekitten.com/252/405', 'Attorney head sell prevent indicate appear probably team believe.');
INSERT INTO Image (image_url, description) values ('https://placekitten.com/936/76', 'Remain respond ok hospital natural network concern hear near follow world.');
INSERT INTO Image (image_url, description) values ('https://picsum.photos/647/216', 'Each style include term upon economic truth student.');
INSERT INTO Image (image_url, description) values ('https://placekitten.com/190/381', 'Themselves player billion oil meeting catch success strong compare.');
INSERT INTO Image (image_url, description) values ('https://placekitten.com/336/802', 'Indeed western protect authority a open process miss.');
INSERT INTO Image (image_url, description) values ('https://dummyimage.com/1010x718', 'Either gun lawyer news us anyone sound score example.');
INSERT INTO Image (image_url, description) values ('https://dummyimage.com/20x437', 'Main fast stuff over.');
INSERT INTO Image (image_url, description) values ('https://placekitten.com/407/736', 'More moment manager yes civil city south.');
INSERT INTO Image (image_url, description) values ('https://placekitten.com/161/417', 'Relate eight final shake them.');
INSERT INTO Image (image_url, description) values ('https://dummyimage.com/186x795', 'Physical most majority you between contain.');
INSERT INTO Image (image_url, description) values ('https://picsum.photos/904/820', 'It large really address certain author parent month.');
INSERT INTO Image (image_url, description) values ('https://dummyimage.com/438x117', 'Vote like per hear major analysis up game.');
INSERT INTO Image (image_url, description) values ('https://dummyimage.com/391x726', 'Hope available clearly family light score really business federal.');
INSERT INTO Image (image_url, description) values ('https://placekitten.com/359/479', 'New news marriage cell leave.');
INSERT INTO Image (image_url, description) values ('https://dummyimage.com/621x499', 'Share worker often less area machine fly they cost.');
INSERT INTO Image (image_url, description) values ('https://picsum.photos/669/818', 'Address sell key college approach.');
INSERT INTO Image (image_url, description) values ('https://dummyimage.com/445x495', 'Thought decision tax effect actually laugh myself believe require.');
INSERT INTO Image (image_url, description) values ('https://picsum.photos/592/383', 'Team himself address rate two.');
INSERT INTO Image (image_url, description) values ('https://dummyimage.com/664x922', 'Remember throw figure ten different above purpose threat environmental.');
INSERT INTO Image (image_url, description) values ('https://picsum.photos/862/145', 'Direction degree evening white create maintain.');
INSERT INTO Image (image_url, description) values ('https://dummyimage.com/911x516', 'Often I Mrs money do collection nature small bar.');
INSERT INTO Image (image_url, description) values ('https://placekitten.com/967/387', 'Exactly gas it and design call.');
INSERT INTO Image (image_url, description) values ('https://dummyimage.com/807x391', 'Picture public whole former color spring.');
INSERT INTO Image (image_url, description) values ('https://dummyimage.com/206x788', 'Page management too direction Republican whose event.');
INSERT INTO Image (image_url, description) values ('https://picsum.photos/493/684', 'Class trip against win pressure red wife answer anyone seven.');
INSERT INTO Image (image_url, description) values ('https://dummyimage.com/495x252', 'Music really particularly night side image crime thousand.');
INSERT INTO Image (image_url, description) values ('https://placekitten.com/393/591', 'Once grow ground sense under.');
INSERT INTO Image (image_url, description) values ('https://picsum.photos/161/183', 'Group power yes edge war paper single.');
INSERT INTO Image (image_url, description) values ('https://picsum.photos/93/706', 'Professor figure themselves reflect program natural continue report lose.');
INSERT INTO Image (image_url, description) values ('https://picsum.photos/940/838', 'Reality TV tree away significant board risk consumer trial down.');
INSERT INTO Image (image_url, description) values ('https://dummyimage.com/653x690', 'Live wonder watch else performance improve along.');
INSERT INTO Image (image_url, description) values ('https://picsum.photos/309/509', 'Interest morning tree house treatment into.');
INSERT INTO Image (image_url, description) values ('https://dummyimage.com/67x273', 'Side leader growth ever note everything campaign return short leg law.');
INSERT INTO Image (image_url, description) values ('https://dummyimage.com/510x175', 'Hear worry another begin actually beautiful whether.');
INSERT INTO Image (image_url, description) values ('https://dummyimage.com/539x179', 'House identify century admit point likely box growth among learn.');
INSERT INTO Image (image_url, description) values ('https://dummyimage.com/387x548', 'Professor both sell everything serious moment.');
INSERT INTO Image (image_url, description) values ('https://dummyimage.com/190x195', 'Model tonight quality party box fall book occur.');
INSERT INTO Image (image_url, description) values ('https://picsum.photos/14/61', 'Worry movement affect range activity throughout class.');
INSERT INTO Image (image_url, description) values ('https://placekitten.com/408/988', 'Paper issue her main prepare compare represent least democratic.');
INSERT INTO Image (image_url, description) values ('https://dummyimage.com/637x950', 'Practice expect our spend eat music hospital on key.');
INSERT INTO Image (image_url, description) values ('https://placekitten.com/330/977', 'Year after reason owner heavy have discussion politics imagine its.');
INSERT INTO Image (image_url, description) values ('https://dummyimage.com/822x1019', 'Front behind side really science since effort oil year though.');
INSERT INTO Image (image_url, description) values ('https://placekitten.com/11/975', 'Player alone avoid decade professor begin we.');
INSERT INTO Image (image_url, description) values ('https://placekitten.com/505/715', 'Community perhaps since middle business cost into check walk around.');
INSERT INTO Image (image_url, description) values ('https://placekitten.com/95/958', 'His we than let defense politics he.');
INSERT INTO Image (image_url, description) values ('https://dummyimage.com/426x967', 'Site firm fight us must born hundred life up.');
INSERT INTO Image (image_url, description) values ('https://dummyimage.com/631x4', 'Give wear civil environmental edge.');
INSERT INTO Image (image_url, description) values ('https://placekitten.com/523/600', 'Usually benefit dinner until black person manage political.');
INSERT INTO Image (image_url, description) values ('https://placekitten.com/53/669', 'Unit dream team lot mother forward.');
INSERT INTO Image (image_url, description) values ('https://picsum.photos/869/506', 'Cup author marriage role week pass ago strong possible industry develop.');
INSERT INTO Image (image_url, description) values ('https://placekitten.com/413/881', 'Four maintain central message story our rest put mouth.');
INSERT INTO Image (image_url, description) values ('https://dummyimage.com/576x571', 'Include nor garden later war draw item that forget.');
INSERT INTO Image (image_url, description) values ('https://picsum.photos/196/58', 'Candidate seek wear police make.');
INSERT INTO Image (image_url, description) values ('https://picsum.photos/995/633', 'Image investment here mission much talk strong face.');
INSERT INTO Image (image_url, description) values ('https://dummyimage.com/83x173', 'Book officer thus artist direction system.');
INSERT INTO Image (image_url, description) values ('https://placekitten.com/847/909', 'Hard three though human difference.');
INSERT INTO Image (image_url, description) values ('https://picsum.photos/451/548', 'Each require region sure off.');
INSERT INTO Image (image_url, description) values ('https://picsum.photos/195/259', 'Save safe art hotel ball stage position.');
INSERT INTO Image (image_url, description) values ('https://dummyimage.com/947x893', 'Generation particular future fill again available.');
INSERT INTO Image (image_url, description) values ('https://picsum.photos/954/549', 'Tough big really matter society.');
INSERT INTO Image (image_url, description) values ('https://picsum.photos/29/180', 'Note owner ability car as keep protect do road.');
INSERT INTO Image (image_url, description) values ('https://placekitten.com/437/429', 'Cover ball better model subject reflect ever model.');
INSERT INTO Image (image_url, description) values ('https://picsum.photos/505/353', 'Despite partner rate stay evening player five worry join education.');
INSERT INTO Image (image_url, description) values ('https://placekitten.com/494/571', 'Letter task summer with catch day tell.');
INSERT INTO Image (image_url, description) values ('https://placekitten.com/301/775', 'Kind parent side special everybody begin leave.');
INSERT INTO Image (image_url, description) values ('https://dummyimage.com/40x926', 'Ten else next movie there area style.');
INSERT INTO Image (image_url, description) values ('https://picsum.photos/584/977', 'Two seven husband Republican detail.');
INSERT INTO Image (image_url, description) values ('https://placekitten.com/290/750', 'Way blood heavy PM anyone.');
INSERT INTO Image (image_url, description) values ('https://picsum.photos/743/165', 'Sort ability north identify fast.');
INSERT INTO Image (image_url, description) values ('https://dummyimage.com/650x118', 'Cause manager reflect what.');
INSERT INTO Image (image_url, description) values ('https://dummyimage.com/684x62', 'Receive court heavy long behind land lawyer article certain reach.');
INSERT INTO Image (image_url, description) values ('https://dummyimage.com/771x6', 'Create course talk option anyone his.');
INSERT INTO Image (image_url, description) values ('https://dummyimage.com/955x965', 'Goal culture financial public ok.');
INSERT INTO Image (image_url, description) values ('https://picsum.photos/273/719', 'Material because draw try kind color book attention big small.');
INSERT INTO Image (image_url, description) values ('https://dummyimage.com/334x892', 'Customer effect west why still chair charge tell.');
INSERT INTO Image (image_url, description) values ('https://picsum.photos/461/181', 'Customer positive raise list bed former where talk back.');
INSERT INTO Image (image_url, description) values ('https://dummyimage.com/856x371', 'Result challenge serious senior yes newspaper argue now meet seek.');
INSERT INTO Image (image_url, description) values ('https://placekitten.com/165/721', 'Each month rate effort matter city.');
INSERT INTO Image (image_url, description) values ('https://placekitten.com/530/661', 'Series allow road since ready blood piece always movie body.');
INSERT INTO Image (image_url, description) values ('https://picsum.photos/996/687', 'Simply choose expect sea bed deal.');
INSERT INTO Image (image_url, description) values ('https://dummyimage.com/252x525', 'Smile result wish affect its couple.');
INSERT INTO Image (image_url, description) values ('https://placekitten.com/280/692', 'Manager different cell value care of.');
INSERT INTO Image (image_url, description) values ('https://picsum.photos/46/338', 'About that trial run street a law create.');
INSERT INTO Image (image_url, description) values ('https://picsum.photos/719/103', 'Enough high true language bank.');
INSERT INTO Image (image_url, description) values ('https://picsum.photos/391/813', 'Page trial parent best face born upon behind word.');
INSERT INTO Image (image_url, description) values ('https://placekitten.com/374/99', 'Partner Congress and exist leg where military.');
INSERT INTO Image (image_url, description) values ('https://placekitten.com/182/316', 'Rich food finally member list anything yes look.');
INSERT INTO Image (image_url, description) values ('https://placekitten.com/194/614', 'Nothing true everybody type somebody practice former.');
INSERT INTO Image (image_url, description) values ('https://dummyimage.com/270x350', 'Sea perhaps see determine religious purpose our.');
INSERT INTO Image (image_url, description) values ('https://dummyimage.com/948x378', 'Describe foot history night fill material chance ever.');
INSERT INTO Image (image_url, description) values ('https://picsum.photos/294/119', 'Total value then conference later since the wife late.');
INSERT INTO Image (image_url, description) values ('https://picsum.photos/678/693', 'Structure particularly edge main maintain.');
INSERT INTO Image (image_url, description) values ('https://dummyimage.com/508x960', 'Discuss those yes strategy bill ability scene idea expect low.');
INSERT INTO Image (image_url, description) values ('https://dummyimage.com/562x645', 'This thing base smile big.');
INSERT INTO Image (image_url, description) values ('https://dummyimage.com/134x17', 'Easy best dark ok morning billion thank.');
INSERT INTO Image (image_url, description) values ('https://dummyimage.com/977x214', 'Hundred several operation number board meeting necessary.');
INSERT INTO Image (image_url, description) values ('https://picsum.photos/19/865', 'Always happen threat teacher husband civil black.');
INSERT INTO Image (image_url, description) values ('https://dummyimage.com/701x180', 'Third keep policy remember order cause themselves radio smile mouth.');
INSERT INTO Image (image_url, description) values ('https://dummyimage.com/251x599', 'Available police letter specific write data tough artist society source.');
INSERT INTO Image (image_url, description) values ('https://picsum.photos/381/744', 'Every behind station total mother white do bag six hospital series.');
INSERT INTO Image (image_url, description) values ('https://picsum.photos/771/358', 'Throughout friend site relationship prove my use president stop us.');
INSERT INTO Image (image_url, description) values ('https://placekitten.com/593/274', 'North letter fear heart contain give know every.');
INSERT INTO Image (image_url, description) values ('https://dummyimage.com/203x542', 'Notice cold get better maybe high.');
INSERT INTO Image (image_url, description) values ('https://picsum.photos/315/553', 'Several off we officer whom early care.');
INSERT INTO Image (image_url, description) values ('https://placekitten.com/221/47', 'Argue point message office American budget.');
INSERT INTO Image (image_url, description) values ('https://dummyimage.com/657x696', 'Prepare pattern control forget parent item military experience save participant.');
INSERT INTO Image (image_url, description) values ('https://placekitten.com/372/485', 'Though perform job Mr economy official.');
INSERT INTO Image (image_url, description) values ('https://placekitten.com/941/538', 'Participant plan here describe get.');
INSERT INTO Image (image_url, description) values ('https://placekitten.com/682/357', 'Too view yeah behavior this federal dog.');
INSERT INTO Image (image_url, description) values ('https://placekitten.com/227/358', 'Adult each party thus process read during themselves if hot.');
INSERT INTO Image (image_url, description) values ('https://picsum.photos/825/870', 'Contain must response among goal first exactly occur interesting simply.');
INSERT INTO Image (image_url, description) values ('https://picsum.photos/506/93', 'Simply Congress crime yeah gas recently.');
INSERT INTO Image (image_url, description) values ('https://dummyimage.com/860x600', 'Shake throw Congress start him leader stay movement anything.');
INSERT INTO Image (image_url, description) values ('https://picsum.photos/460/643', 'Stock coach culture sense your family.');
INSERT INTO Image (image_url, description) values ('https://dummyimage.com/593x629', 'Find sing sense what whatever kind successful play.');
INSERT INTO Image (image_url, description) values ('https://dummyimage.com/586x399', 'Behavior like give stage since exactly whom art.');
INSERT INTO Image (image_url, description) values ('https://dummyimage.com/329x465', 'Radio involve shoulder add far discover.');
INSERT INTO Image (image_url, description) values ('https://picsum.photos/618/252', 'Any activity major enough door push my industry this sister.');
INSERT INTO Image (image_url, description) values ('https://picsum.photos/892/304', 'Impact until notice election myself wear final.');
INSERT INTO Image (image_url, description) values ('https://dummyimage.com/501x450', 'But Mr it not country main.');
INSERT INTO Image (image_url, description) values ('https://picsum.photos/339/645', 'Born level low require field throughout section service.');
INSERT INTO Image (image_url, description) values ('https://placekitten.com/424/257', 'Special interview center open hand game low present pass.');
INSERT INTO Image (image_url, description) values ('https://dummyimage.com/757x589', 'Particularly wife nature exactly lot.');
INSERT INTO Image (image_url, description) values ('https://picsum.photos/877/235', 'Air knowledge action either defense east fish example.');
INSERT INTO Image (image_url, description) values ('https://dummyimage.com/156x685', 'Put late hour read his sister.');
INSERT INTO Image (image_url, description) values ('https://picsum.photos/811/893', 'Movement here general seek make compare entire.');
INSERT INTO Image (image_url, description) values ('https://placekitten.com/454/956', 'Base network year soldier song happen.');
INSERT INTO Image (image_url, description) values ('https://dummyimage.com/255x408', 'Ten former do wind voice spend who without.');
INSERT INTO Image (image_url, description) values ('https://placekitten.com/871/1007', 'Suggest among two movement many stop dinner on.');
INSERT INTO Image (image_url, description) values ('https://picsum.photos/262/138', 'Conference painting mean character country any beat than.');
INSERT INTO Image (image_url, description) values ('https://dummyimage.com/337x466', 'Management its compare Republican as.');
INSERT INTO Image (image_url, description) values ('https://dummyimage.com/1x214', 'Hot available job understand cover ok chance light scene tax.');
INSERT INTO Image (image_url, description) values ('https://picsum.photos/829/146', 'Response time send friend voice edge purpose many give.');

insert into User (user_id, username, password) values (1, 'llist0', 'mZ3&b9j*(');
insert into User (user_id, username, password) values (2, 'tleidecker1', 'aC2?D,p39');
insert into User (user_id, username, password) values (3, 'fgoggins2', 'lP6%m9DYPfY)B');
insert into User (user_id, username, password) values (4, 'epitchford3', 'sB1`=~f8E2mL7Z`*');
insert into User (user_id, username, password) values (5, 'zgoracci4', 'xN1"u|''YSLi,R');
insert into User (user_id, username, password) values (6, 'pparrott5', 'wN6}@#s?y86');
insert into User (user_id, username, password) values (7, 'gcrone6', 'oJ3#t9>WO6!');
insert into User (user_id, username, password) values (8, 'deleshenar7', 'bV9''|HYjj_');
insert into User (user_id, username, password) values (9, 'dbreagan8', 'wN3|sQ$du#ssM1k}');
insert into User (user_id, username, password) values (10, 'cmanuaud9', 'zL8)15O`cc8TXxAY');
insert into User (user_id, username, password) values (11, 'fbonsona', 'bY6''kN?@');
insert into User (user_id, username, password) values (12, 'pwawerb', 'eH4`EIAXEa''d3p');
insert into User (user_id, username, password) values (13, 'amacilhaggac', 'yE6,6~~S');
insert into User (user_id, username, password) values (14, 'tlawryd', 'yU4,LZnKU?K');
insert into User (user_id, username, password) values (15, 'lbrookese', 'uQ2/<A!?=z>,|');
insert into User (user_id, username, password) values (16, 'bcorranf', 'vY2+_%e.we');
insert into User (user_id, username, password) values (17, 'mrostong', 'nL6$0h8!W_Fef');
insert into User (user_id, username, password) values (18, 'wfilippozzih', 'nZ3?~jowHj\*N');
insert into User (user_id, username, password) values (19, 'dlanningi', 'cB6~>N|,5d.h');
insert into User (user_id, username, password) values (20, 'mkigelmanj', 'xF7}=*Jh');
insert into User (user_id, username, password) values (21, 'ajodrellek', 'dG2~!k~Ita+$sJ');
insert into User (user_id, username, password) values (22, 'eleonardil', 'mL4>a0OI9p<{8_');
insert into User (user_id, username, password) values (23, 'srumfordm', 'tE6\w+(Q');
insert into User (user_id, username, password) values (24, 'jswettn', 'jL7(j3XC');
insert into User (user_id, username, password) values (25, 'mlabeto', 'iQ6>89/H@`Wv');
insert into User (user_id, username, password) values (26, 'amilburnp', 'lE2\ek{%*');
insert into User (user_id, username, password) values (27, 'cwornhamq', 'qM4\rpL|qew|F+ZY');
insert into User (user_id, username, password) values (28, 'slinsleyr', 'xO8}6{8FCl(');
insert into User (user_id, username, password) values (29, 'epotterils', 'sY2>n#sy(01oa');
insert into User (user_id, username, password) values (30, 'ailtchevt', 'tL7${Ht.A$');
insert into User (user_id, username, password) values (31, 'aroselu', 'qQ7|,KQKEgiVr');
insert into User (user_id, username, password) values (32, 'kgarmv', 'wH7>r!M.xRks{f}');
insert into User (user_id, username, password) values (33, 'calchinw', 'pH4)>0g}');
insert into User (user_id, username, password) values (34, 'bhethronx', 'mL0&nRxzX');
insert into User (user_id, username, password) values (35, 'wlearmounty', 'yG3$!~Bu`}u&Zl');
insert into User (user_id, username, password) values (36, 'iwakefordz', 'kN7%R*vNB%');
insert into User (user_id, username, password) values (37, 'jmccarthy10', 'oR3''9oHE0Y');
insert into User (user_id, username, password) values (38, 'eengall11', 'kK1|okT''kq>');
insert into User (user_id, username, password) values (39, 'sesplin12', 'bE3}}s}z');
insert into User (user_id, username, password) values (40, 'djenicek13', 'mN4\XOlv$|=)');
insert into User (user_id, username, password) values (41, 'jwhitford14', 'tK2~cHNNk');
insert into User (user_id, username, password) values (42, 'oslocomb15', 'fA2$MX,/6=Y');
insert into User (user_id, username, password) values (43, 'rdahlman16', 'dG2<6"2y2a9<.');
insert into User (user_id, username, password) values (44, 'hminghella17', 'dJ2\0m<Af)h');
insert into User (user_id, username, password) values (45, 'ahaylett18', 'gS0@(NDD4Oso');
insert into User (user_id, username, password) values (46, 'tjanousek19', 'nP7%Kz1AUe');
insert into User (user_id, username, password) values (47, 'mgunney1a', 'mE7<%EVYJjVj\w9n');
insert into User (user_id, username, password) values (48, 'omerida1b', 'oG9<@)X"vXkI');
insert into User (user_id, username, password) values (49, 'gaird1c', 'cY4+G9#`3');
insert into User (user_id, username, password) values (50, 'ctytterton1d', 'eD9)N,G~!*4~>5R');
insert into User (user_id, username, password) values (51, 'akemetz1e', 'wG5"ZnYX%D.Ap');
insert into User (user_id, username, password) values (52, 'ktearny1f', 'wK7*Db~qu6%z+_j');
insert into User (user_id, username, password) values (53, 'dharrowing1g', 'dA1@bN#Ai".n');
insert into User (user_id, username, password) values (54, 'ghoffman1h', 'kV2#5{~t1(Y(');
insert into User (user_id, username, password) values (55, 'dransom1i', 'mU5!mjZYp`{');
insert into User (user_id, username, password) values (56, 'maggiss1j', 'pL6_yfQag~A');
insert into User (user_id, username, password) values (57, 'hdumingos1k', 'gO6=3aJBzj');
insert into User (user_id, username, password) values (58, 'codonnell1l', 'nY2\u3o\x)');
insert into User (user_id, username, password) values (59, 'rbim1m', 'fP1|.XOYnCEU');
insert into User (user_id, username, password) values (60, 'ewofenden1n', 'qD0$i#qL3');
insert into User (user_id, username, password) values (61, 'rmangon1o', 'mY9&)`@w');
insert into User (user_id, username, password) values (62, 'lborrington1p', 'eP1(iT"2P8p');
insert into User (user_id, username, password) values (63, 'cpickavance1q', 'sR2}2X*Ueg''9');
insert into User (user_id, username, password) values (64, 'mvergine1r', 'fT5=t,QkOo');
insert into User (user_id, username, password) values (65, 'dcrickmer1s', 'aE9+qkwWF">');
insert into User (user_id, username, password) values (66, 'dlerven1t', 'uA3#,#AqsX');
insert into User (user_id, username, password) values (67, 'gleindecker1u', 'zM9`+''l=LOp|Q7');
insert into User (user_id, username, password) values (68, 'cpraill1v', 'tJ2|`yVQ.LP');
insert into User (user_id, username, password) values (69, 'igandrich1w', 'rD2_y_9!R');
insert into User (user_id, username, password) values (70, 'jkyte1x', 'tF2)OfP0>');
insert into User (user_id, username, password) values (71, 'mewens1y', 'kZ7?UXC.D}iz');
insert into User (user_id, username, password) values (72, 'rheggs1z', 'rC1}EsWN');
insert into User (user_id, username, password) values (73, 'srucklidge20', 'gU9}wiq*b{2*Ds_{');
insert into User (user_id, username, password) values (74, 'rreast21', 'iM5@W4qjxI');
insert into User (user_id, username, password) values (75, 'dharvatt22', 'uT4}y%x#pt3pR');
insert into User (user_id, username, password) values (76, 'dmckeand23', 'yY7,&jDQ');
insert into User (user_id, username, password) values (77, 'rgarie24', 'pM4/uB?>H6');
insert into User (user_id, username, password) values (78, 'grenad25', 'zF6<klbDDF');
insert into User (user_id, username, password) values (79, 'mdorre26', 'rK8"yiDHg@8qZ0');
insert into User (user_id, username, password) values (80, 'lpurkins27', 'tP9>r\zgMLF*o');
insert into User (user_id, username, password) values (81, 'barbuckel28', 'xE3\tAUf~!@P');
insert into User (user_id, username, password) values (82, 'zgeldart29', 'nI9<G4NF');
insert into User (user_id, username, password) values (83, 'tsiene2a', 'gB0}_FaI92zLi');
insert into User (user_id, username, password) values (84, 'mrettie2b', 'jQ2=u(8gj&');
insert into User (user_id, username, password) values (85, 'hbettleson2c', 'rY9*|oX$yVxG');
insert into User (user_id, username, password) values (86, 'caskew2d', 'mF4<S=.K4d?');
insert into User (user_id, username, password) values (87, 'lmcgonigal2e', 'xO5|3|P/=f');
insert into User (user_id, username, password) values (88, 'rscrowby2f', 'bG6@ARxYj/A8s');
insert into User (user_id, username, password) values (89, 'cwillson2g', 'dA6=&,Ek@d');
insert into User (user_id, username, password) values (90, 'astrongitharm2h', 'eX7+Z1r2v');
insert into User (user_id, username, password) values (91, 'edufaire2i', 'wY0''W(JO0KBSIM~5');
insert into User (user_id, username, password) values (92, 'zhyslop2j', 'lF7&#je)f');
insert into User (user_id, username, password) values (93, 'bbalch2k', 'aF2(xrsuGA%3Q');
insert into User (user_id, username, password) values (94, 'vlevin2l', 'iD6!$psRzKHG');
insert into User (user_id, username, password) values (95, 'cstavers2m', 'tU9_1NM#gnh|q4w)');
insert into User (user_id, username, password) values (96, 'lwardhaw2n', 'oW1>+!KVJcQD');
insert into User (user_id, username, password) values (97, 'lfosken2o', 'pF62yzb7&n@');
insert into User (user_id, username, password) values (98, 'ddymick2p', 'gN3(+TxK');
insert into User (user_id, username, password) values (99, 'mwinson2q', 'rL6<f<@(');
insert into User (user_id, username, password) values (100, 'pdaily2r', 'wO8>vjiZX');

use db2024;
BEGIN;

#insert 20 National Cuisines
INSERT INTO National_Cuisine (country_name) VALUES ('Greece');
INSERT INTO National_Cuisine (country_name) VALUES ('Azerbaijan');
INSERT INTO National_Cuisine (country_name) VALUES ('Australia');
INSERT INTO National_Cuisine (country_name) VALUES ('Vietnam');
INSERT INTO National_Cuisine (country_name) VALUES ('France');
INSERT INTO National_Cuisine (country_name) VALUES ('Georgia');
INSERT INTO National_Cuisine (country_name) VALUES ('Esthonia');
INSERT INTO National_Cuisine (country_name) VALUES ('Japan');
INSERT INTO National_Cuisine (country_name) VALUES ('India');
INSERT INTO National_Cuisine (country_name) VALUES ('Italy');
INSERT INTO National_Cuisine (country_name) VALUES ('China');
INSERT INTO National_Cuisine (country_name) VALUES ('Cyprus');
INSERT INTO National_Cuisine (country_name) VALUES ('Belarus');
INSERT INTO National_Cuisine (country_name) VALUES ('Ukraine');
INSERT INTO National_Cuisine (country_name) VALUES ('Poland');
INSERT INTO National_Cuisine (country_name) VALUES ('Russia');
INSERT INTO National_Cuisine (country_name) VALUES ('Serbia');
INSERT INTO National_Cuisine (country_name) VALUES ('Tayland');
INSERT INTO National_Cuisine (country_name) VALUES ('Turkey');
INSERT INTO National_Cuisine (country_name) VALUES ('Moldova');


#insert 12 food groups
INSERT INTO Food_Group (name, description, characterization_for_recipe, image_id) VALUES ('Coffee','In this category there is coffee, tea and all other derived products','based on coffee', 1);
INSERT INTO Food_Group (name, description, characterization_for_recipe, image_id) VALUES ('Spices','In this category you can find spices and essential oils','based on spices', 2);
INSERT INTO Food_Group (name, description, characterization_for_recipe, image_id) VALUES ('Preserved foods','In this category you can find preserved foods of every kind','based on preserved foods', 3);
INSERT INTO Food_Group (name, description, characterization_for_recipe, image_id) VALUES ('Sweeteners','In this category you can find every type of sweetener','based on sweeteners', 4);
INSERT INTO Food_Group (name, description, characterization_for_recipe, image_id) VALUES ('Fats and oils','In this category you can find every type of fats and oils','based on fats and oils', 5);
INSERT INTO Food_Group (name, description, characterization_for_recipe, image_id) VALUES ('Milk and eggs','In this category you can find food related to milk, eggs and their products','based on milk and eggs', 6);
INSERT INTO Food_Group (name, description, characterization_for_recipe, image_id) VALUES ('Meat','In this category you can find all types of meat and its products','based on meat', 7);
INSERT INTO Food_Group (name, description, characterization_for_recipe, image_id) VALUES ('Fish','In this category you can find all types of fish and their products','based on fish', 8);
INSERT INTO Food_Group (name, description, characterization_for_recipe, image_id) VALUES ('Cereal','In this category you can find all types of cereals and their products','based on cereal', 9);
INSERT INTO Food_Group (name, description, characterization_for_recipe, image_id) VALUES ('Plant origin','In this category you can find various foods of plant origin','based on plants', 10);
INSERT INTO Food_Group (name, description, characterization_for_recipe, image_id) VALUES ('Products with sweeteners','In this category you can find all types of products with sweeteners','based on products with sweeteners', 11);
INSERT INTO Food_Group (name, description, characterization_for_recipe, image_id) VALUES ('Drinks','In this category you can find various drinks','based on drinks', 12);

#insert 6 Meal Types
INSERT INTO Meal_Type (meal_type) VALUES ('Breakfast');
INSERT INTO Meal_Type (meal_type) VALUES ('Tea');
INSERT INTO Meal_Type (meal_type) VALUES ('Snack');
INSERT INTO Meal_Type (meal_type) VALUES ('Brunch');
INSERT INTO Meal_Type (meal_type) VALUES ('Supper');
INSERT INTO Meal_Type (meal_type) VALUES ('Dinner');

INSERT INTO Ingredient (name, food_group_id, calories_per_unit, image_id) VALUES ('Snapper', 7, 131, 128);
INSERT INTO Ingredient (name, food_group_id, calories_per_unit, image_id) VALUES ('Wholemeal', 8, 10, 129);
INSERT INTO Ingredient (name, food_group_id, calories_per_unit, image_id) VALUES ('Basil Basmati rice', 4, 97, 130);
INSERT INTO Ingredient (name, food_group_id, calories_per_unit, image_id) VALUES ('Morwong', 3, 134, 131);
INSERT INTO Ingredient (name, food_group_id, calories_per_unit, image_id) VALUES ('Jerusalem Artichoke', 2, 94, 132);
INSERT INTO Ingredient (name, food_group_id, calories_per_unit, image_id) VALUES ('Mahi mahi', 1, 76, 133);
INSERT INTO Ingredient (name, food_group_id, calories_per_unit, image_id) VALUES ('Oysters', 12, 151, 134);
INSERT INTO Ingredient (name, food_group_id, calories_per_unit, image_id) VALUES ('Watermelon', 3, 187, 135);
INSERT INTO Ingredient (name, food_group_id, calories_per_unit, image_id) VALUES ('Kudzu', 11, 163, 136);
INSERT INTO Ingredient (name, food_group_id, calories_per_unit, image_id) VALUES ('Mackerel', 11, 102, 137);
INSERT INTO Ingredient (name, food_group_id, calories_per_unit, image_id) VALUES ('Sausages', 8, 9, 138);
INSERT INTO Ingredient (name, food_group_id, calories_per_unit, image_id) VALUES ('Sesame seed', 4, 31, 139);
INSERT INTO Ingredient (name, food_group_id, calories_per_unit, image_id) VALUES ('Peppers', 3, 70, 140);
INSERT INTO Ingredient (name, food_group_id, calories_per_unit, image_id) VALUES ('Rhubarb', 2, 35, 141);
INSERT INTO Ingredient (name, food_group_id, calories_per_unit, image_id) VALUES ('Octopus', 2, 1, 142);
INSERT INTO Ingredient (name, food_group_id, calories_per_unit, image_id) VALUES ('Lamb', 5, 108, 143);
INSERT INTO Ingredient (name, food_group_id, calories_per_unit, image_id) VALUES ('Milk', 8, 131, 144);
INSERT INTO Ingredient (name, food_group_id, calories_per_unit, image_id) VALUES ('Aubergine', 7, 13, 145);
INSERT INTO Ingredient (name, food_group_id, calories_per_unit, image_id) VALUES ('Annatto seed', 1, 96, 146);
INSERT INTO Ingredient (name, food_group_id, calories_per_unit, image_id) VALUES ('Sunflower Seeds', 12, 41, 147);
INSERT INTO Ingredient (name, food_group_id, calories_per_unit, image_id) VALUES ('Tuna', 2, 103, 148);
INSERT INTO Ingredient (name, food_group_id, calories_per_unit, image_id) VALUES ('Buckwheat', 11, 19, 149);
INSERT INTO Ingredient (name, food_group_id, calories_per_unit, image_id) VALUES ('Butter Beans', 1, 83, 150);
INSERT INTO Ingredient (name, food_group_id, calories_per_unit, image_id) VALUES ('Nori', 4, 93, 151);
INSERT INTO Ingredient (name, food_group_id, calories_per_unit, image_id) VALUES ('Omega Spread', 10, 199, 152);
INSERT INTO Ingredient (name, food_group_id, calories_per_unit, image_id) VALUES ('Coconut Oil', 9, 46, 153);
INSERT INTO Ingredient (name, food_group_id, calories_per_unit, image_id) VALUES ('Raisin', 3, 55, 154);
INSERT INTO Ingredient (name, food_group_id, calories_per_unit, image_id) VALUES ('Gula MelakaHaloumiHam', 6, 53, 155);
INSERT INTO Ingredient (name, food_group_id, calories_per_unit, image_id) VALUES ('Fish Stock', 8, 192, 156);
INSERT INTO Ingredient (name, food_group_id, calories_per_unit, image_id) VALUES ('Lettuce', 3, 167, 157);
INSERT INTO Ingredient (name, food_group_id, calories_per_unit, image_id) VALUES ('Incaberries', 3, 57, 158);
INSERT INTO Ingredient (name, food_group_id, calories_per_unit, image_id) VALUES ('Quinoa', 3, 197, 159);
INSERT INTO Ingredient (name, food_group_id, calories_per_unit, image_id) VALUES ('Tuna', 1, 80, 160);
INSERT INTO Ingredient (name, food_group_id, calories_per_unit, image_id) VALUES ('French eschallots', 1, 97, 161);
INSERT INTO Ingredient (name, food_group_id, calories_per_unit, image_id) VALUES ('Scallops', 3, 167, 162);
INSERT INTO Ingredient (name, food_group_id, calories_per_unit, image_id) VALUES ('Liver', 6, 156, 163);
INSERT INTO Ingredient (name, food_group_id, calories_per_unit, image_id) VALUES ('Cottage Cheese', 4, 94, 164);
INSERT INTO Ingredient (name, food_group_id, calories_per_unit, image_id) VALUES ('Corella Pear', 2, 168, 165);
INSERT INTO Ingredient (name, food_group_id, calories_per_unit, image_id) VALUES ('Coconut', 10, 89, 166);
INSERT INTO Ingredient (name, food_group_id, calories_per_unit, image_id) VALUES ('Mackerel', 7, 47, 167);
INSERT INTO Ingredient (name, food_group_id, calories_per_unit, image_id) VALUES ('Nashi Pear', 3, 90, 168);
INSERT INTO Ingredient (name, food_group_id, calories_per_unit, image_id) VALUES ('Squash', 12, 152, 169);
INSERT INTO Ingredient (name, food_group_id, calories_per_unit, image_id) VALUES ('Basil Basmati rice', 8, 170, 170);
INSERT INTO Ingredient (name, food_group_id, calories_per_unit, image_id) VALUES ('Coriander Seed', 4, 58, 171);
INSERT INTO Ingredient (name, food_group_id, calories_per_unit, image_id) VALUES ('Spearmint', 11, 102, 172);
INSERT INTO Ingredient (name, food_group_id, calories_per_unit, image_id) VALUES ('Lavender Flowers', 6, 32, 173);
INSERT INTO Ingredient (name, food_group_id, calories_per_unit, image_id) VALUES ('Galangal', 9, 39, 174);
INSERT INTO Ingredient (name, food_group_id, calories_per_unit, image_id) VALUES ('Avocado', 1, 40, 175);
INSERT INTO Ingredient (name, food_group_id, calories_per_unit, image_id) VALUES ('Kiwi Fruit', 9, 102, 176);
INSERT INTO Ingredient (name, food_group_id, calories_per_unit, image_id) VALUES ('Bonito Flakes', 8, 96, 177);
INSERT INTO Ingredient (name, food_group_id, calories_per_unit, image_id) VALUES ('Fingerlime', 2, 183, 178);
INSERT INTO Ingredient (name, food_group_id, calories_per_unit, image_id) VALUES ('Sour Dough Bread', 9, 12, 179);
INSERT INTO Ingredient (name, food_group_id, calories_per_unit, image_id) VALUES ('Mountain Bread', 3, 10, 180);
INSERT INTO Ingredient (name, food_group_id, calories_per_unit, image_id) VALUES ('Vegetable spaghetti', 5, 59, 181);
INSERT INTO Ingredient (name, food_group_id, calories_per_unit, image_id) VALUES ('Agave Syrup', 11, 18, 182);
INSERT INTO Ingredient (name, food_group_id, calories_per_unit, image_id) VALUES ('Peppers', 6, 66, 183);
INSERT INTO Ingredient (name, food_group_id, calories_per_unit, image_id) VALUES ('Jewfish', 10, 144, 184);
INSERT INTO Ingredient (name, food_group_id, calories_per_unit, image_id) VALUES ('Juniper Berries', 5, 77, 185);
INSERT INTO Ingredient (name, food_group_id, calories_per_unit, image_id) VALUES ('Pear Juice', 9, 11, 186);
INSERT INTO Ingredient (name, food_group_id, calories_per_unit, image_id) VALUES ('Arborio rice', 6, 68, 187);
INSERT INTO Ingredient (name, food_group_id, calories_per_unit, image_id) VALUES ('Papaya', 5, 96, 188);
INSERT INTO Ingredient (name, food_group_id, calories_per_unit, image_id) VALUES ('Brown rice vinegar', 4, 140, 189);
INSERT INTO Ingredient (name, food_group_id, calories_per_unit, image_id) VALUES ('Asparagus', 12, 116, 190);
INSERT INTO Ingredient (name, food_group_id, calories_per_unit, image_id) VALUES ('Mango', 7, 119, 191);
INSERT INTO Ingredient (name, food_group_id, calories_per_unit, image_id) VALUES ('Turnips', 5, 180, 192);
INSERT INTO Ingredient (name, food_group_id, calories_per_unit, image_id) VALUES ('Eggs', 5, 66, 193);
INSERT INTO Ingredient (name, food_group_id, calories_per_unit, image_id) VALUES ('Tea Oil', 10, 158, 194);
INSERT INTO Ingredient (name, food_group_id, calories_per_unit, image_id) VALUES ('Blue Cheese', 4, 111, 195);
INSERT INTO Ingredient (name, food_group_id, calories_per_unit, image_id) VALUES ('Brown Mushrooms', 9, 175, 196);
INSERT INTO Ingredient (name, food_group_id, calories_per_unit, image_id) VALUES ('Sunflower Seeds', 10, 195, 197);
INSERT INTO Ingredient (name, food_group_id, calories_per_unit, image_id) VALUES ('Peanuts', 4, 55, 198);
INSERT INTO Ingredient (name, food_group_id, calories_per_unit, image_id) VALUES ('Wattleseed', 4, 3, 199);
INSERT INTO Ingredient (name, food_group_id, calories_per_unit, image_id) VALUES ('Kumera', 9, 8, 200);
INSERT INTO Ingredient (name, food_group_id, calories_per_unit, image_id) VALUES ('Rockmelon', 4, 194, 201);
INSERT INTO Ingredient (name, food_group_id, calories_per_unit, image_id) VALUES ('Redfish', 4, 73, 202);
INSERT INTO Ingredient (name, food_group_id, calories_per_unit, image_id) VALUES ('Cannellini Beans', 12, 177, 203);
INSERT INTO Ingredient (name, food_group_id, calories_per_unit, image_id) VALUES ('Anchovies', 3, 146, 204);
INSERT INTO Ingredient (name, food_group_id, calories_per_unit, image_id) VALUES ('Buckwheat', 3, 51, 205);
INSERT INTO Ingredient (name, food_group_id, calories_per_unit, image_id) VALUES ('Muesli', 8, 186, 206);
INSERT INTO Ingredient (name, food_group_id, calories_per_unit, image_id) VALUES ('Slivered Almonds', 8, 47, 207);
INSERT INTO Ingredient (name, food_group_id, calories_per_unit, image_id) VALUES ('Mangosteens', 10, 78, 208);
INSERT INTO Ingredient (name, food_group_id, calories_per_unit, image_id) VALUES ('Cannellini Beans', 12, 28, 209);
INSERT INTO Ingredient (name, food_group_id, calories_per_unit, image_id) VALUES ('Cream', 1, 169, 210);
INSERT INTO Ingredient (name, food_group_id, calories_per_unit, image_id) VALUES ('Apples', 6, 50, 211);
INSERT INTO Ingredient (name, food_group_id, calories_per_unit, image_id) VALUES ('Mangosteens', 5, 95, 212);
INSERT INTO Ingredient (name, food_group_id, calories_per_unit, image_id) VALUES ('Mango', 3, 127, 213);
INSERT INTO Ingredient (name, food_group_id, calories_per_unit, image_id) VALUES ('Tapioca', 9, 134, 214);
INSERT INTO Ingredient (name, food_group_id, calories_per_unit, image_id) VALUES ('Vermicelli Noodles', 4, 28, 215);
INSERT INTO Ingredient (name, food_group_id, calories_per_unit, image_id) VALUES ('Kangaroo', 4, 132, 216);
INSERT INTO Ingredient (name, food_group_id, calories_per_unit, image_id) VALUES ('Kudzu', 11, 140, 217);
INSERT INTO Ingredient (name, food_group_id, calories_per_unit, image_id) VALUES ('Nuts', 11, 138, 218);
INSERT INTO Ingredient (name, food_group_id, calories_per_unit, image_id) VALUES ('Nectarines', 2, 111, 219);
INSERT INTO Ingredient (name, food_group_id, calories_per_unit, image_id) VALUES ('Red cabbage', 6, 23, 220);
INSERT INTO Ingredient (name, food_group_id, calories_per_unit, image_id) VALUES ('Lobster', 1, 182, 221);
INSERT INTO Ingredient (name, food_group_id, calories_per_unit, image_id) VALUES ('Buckwheat', 5, 42, 222);
INSERT INTO Ingredient (name, food_group_id, calories_per_unit, image_id) VALUES ('Vanilla Beans', 1, 33, 223);
INSERT INTO Ingredient (name, food_group_id, calories_per_unit, image_id) VALUES ('SwordfishTabasco', 5, 110, 224);
INSERT INTO Ingredient (name, food_group_id, calories_per_unit, image_id) VALUES ('Figs', 9, 160, 225);
INSERT INTO Ingredient (name, food_group_id, calories_per_unit, image_id) VALUES ('Turnips', 1, 100, 226);
INSERT INTO Ingredient (name, food_group_id, calories_per_unit, image_id) VALUES ('Grapes', 1, 34, 227);
INSERT INTO Ingredient (name, food_group_id, calories_per_unit, image_id) VALUES ('Flat Mushrooms', 10, 59, 228);
INSERT INTO Ingredient (name, food_group_id, calories_per_unit, image_id) VALUES ('Cayenne', 3, 33, 229);
INSERT INTO Ingredient (name, food_group_id, calories_per_unit, image_id) VALUES ('Artichoke', 9, 48, 230);
INSERT INTO Ingredient (name, food_group_id, calories_per_unit, image_id) VALUES ('Parsley', 2, 34, 231);
INSERT INTO Ingredient (name, food_group_id, calories_per_unit, image_id) VALUES ('Peas', 11, 68, 232);
INSERT INTO Ingredient (name, food_group_id, calories_per_unit, image_id) VALUES ('Lemongrass', 12, 136, 233);
INSERT INTO Ingredient (name, food_group_id, calories_per_unit, image_id) VALUES ('Fennel Seeds', 3, 27, 234);
INSERT INTO Ingredient (name, food_group_id, calories_per_unit, image_id) VALUES ('Radish', 10, 100, 235);
INSERT INTO Ingredient (name, food_group_id, calories_per_unit, image_id) VALUES ('Pear Juice', 8, 109, 236);
INSERT INTO Ingredient (name, food_group_id, calories_per_unit, image_id) VALUES ('Mustard', 6, 96, 237);
INSERT INTO Ingredient (name, food_group_id, calories_per_unit, image_id) VALUES ('Water', 12, 122, 238);
INSERT INTO Ingredient (name, food_group_id, calories_per_unit, image_id) VALUES ('Sweet Potato', 12, 112, 239);
INSERT INTO Ingredient (name, food_group_id, calories_per_unit, image_id) VALUES ('Chickory', 9, 183, 240);
INSERT INTO Ingredient (name, food_group_id, calories_per_unit, image_id) VALUES ('Incaberries', 9, 129, 241);
INSERT INTO Ingredient (name, food_group_id, calories_per_unit, image_id) VALUES ('Cous Cous', 6, 6, 242);
INSERT INTO Ingredient (name, food_group_id, calories_per_unit, image_id) VALUES ('Grapes', 1, 96, 243);
INSERT INTO Ingredient (name, food_group_id, calories_per_unit, image_id) VALUES ('Jicama', 5, 164, 244);
INSERT INTO Ingredient (name, food_group_id, calories_per_unit, image_id) VALUES ('Fish Stock', 4, 117, 245);
INSERT INTO Ingredient (name, food_group_id, calories_per_unit, image_id) VALUES ('Hot smoked salmon', 1, 35, 246);
INSERT INTO Ingredient (name, food_group_id, calories_per_unit, image_id) VALUES ('Wholemeal', 2, 62, 247);
INSERT INTO Ingredient (name, food_group_id, calories_per_unit, image_id) VALUES ('Oysters', 4, 21, 248);
INSERT INTO Ingredient (name, food_group_id, calories_per_unit, image_id) VALUES ('Bay Leaves', 1, 141, 249);
INSERT INTO Ingredient (name, food_group_id, calories_per_unit, image_id) VALUES ('Sesame Oil', 12, 171, 250);
INSERT INTO Ingredient (name, food_group_id, calories_per_unit, image_id) VALUES ('Soba', 9, 95, 251);
INSERT INTO Ingredient (name, food_group_id, calories_per_unit, image_id) VALUES ('White Wine', 4, 64, 252);
INSERT INTO Ingredient (name, food_group_id, calories_per_unit, image_id) VALUES ('Olives', 8, 34, 253);
INSERT INTO Ingredient (name, food_group_id, calories_per_unit, image_id) VALUES ('Farmed Prawns', 1, 74, 254);
INSERT INTO Ingredient (name, food_group_id, calories_per_unit, image_id) VALUES ('Galangal', 4, 183, 255);
INSERT INTO Ingredient (name, food_group_id, calories_per_unit, image_id) VALUES ('Nori', 3, 141, 256);
INSERT INTO Ingredient (name, food_group_id, calories_per_unit, image_id) VALUES ('Calamari', 9, 119, 257);
INSERT INTO Ingredient (name, food_group_id, calories_per_unit, image_id) VALUES ('Morwong', 12, 6, 258);
INSERT INTO Ingredient (name, food_group_id, calories_per_unit, image_id) VALUES ('Feta', 3, 57, 259);
INSERT INTO Ingredient (name, food_group_id, calories_per_unit, image_id) VALUES ('Star Fruit', 7, 121, 260);
INSERT INTO Ingredient (name, food_group_id, calories_per_unit, image_id) VALUES ('Tomatoes', 12, 134, 261);
INSERT INTO Ingredient (name, food_group_id, calories_per_unit, image_id) VALUES ('Squash', 11, 55, 262);
INSERT INTO Ingredient (name, food_group_id, calories_per_unit, image_id) VALUES ('Buckwheat', 8, 181, 263);
INSERT INTO Ingredient (name, food_group_id, calories_per_unit, image_id) VALUES ('Asian Noodles', 3, 80, 264);
INSERT INTO Ingredient (name, food_group_id, calories_per_unit, image_id) VALUES ('Flat Mushrooms', 7, 112, 265);
INSERT INTO Ingredient (name, food_group_id, calories_per_unit, image_id) VALUES ('Mackerel', 1, 91, 266);
INSERT INTO Ingredient (name, food_group_id, calories_per_unit, image_id) VALUES ('Trout', 6, 90, 267);
INSERT INTO Ingredient (name, food_group_id, calories_per_unit, image_id) VALUES ('Lotus Root', 4, 198, 268);
INSERT INTO Ingredient (name, food_group_id, calories_per_unit, image_id) VALUES ('Chestnut', 8, 103, 269);
INSERT INTO Ingredient (name, food_group_id, calories_per_unit, image_id) VALUES ('Anchovies', 9, 45, 270);
INSERT INTO Ingredient (name, food_group_id, calories_per_unit, image_id) VALUES ('Curry Powder', 11, 83, 271);
INSERT INTO Ingredient (name, food_group_id, calories_per_unit, image_id) VALUES ('Guava', 11, 19, 272);
INSERT INTO Ingredient (name, food_group_id, calories_per_unit, image_id) VALUES ('Soba', 12, 89, 273);
INSERT INTO Ingredient (name, food_group_id, calories_per_unit, image_id) VALUES ('Sweet Potato', 12, 98, 274);
INSERT INTO Ingredient (name, food_group_id, calories_per_unit, image_id) VALUES ('Okra', 7, 20, 275);
INSERT INTO Ingredient (name, food_group_id, calories_per_unit, image_id) VALUES ('Chives', 4, 33, 276);
INSERT INTO Ingredient (name, food_group_id, calories_per_unit, image_id) VALUES ('Chives', 10, 43, 277);
INSERT INTO Ingredient (name, food_group_id, calories_per_unit, image_id) VALUES ('Lettuce', 1, 32, 278);
INSERT INTO Ingredient (name, food_group_id, calories_per_unit, image_id) VALUES ('Corn Oil', 11, 116, 279);
INSERT INTO Ingredient (name, food_group_id, calories_per_unit, image_id) VALUES ('Cinnamon', 4, 125, 280);
INSERT INTO Ingredient (name, food_group_id, calories_per_unit, image_id) VALUES ('Blueberries', 2, 102, 281);
INSERT INTO Ingredient (name, food_group_id, calories_per_unit, image_id) VALUES ('Safflower Oil', 5, 175, 282);
INSERT INTO Ingredient (name, food_group_id, calories_per_unit, image_id) VALUES ('Persimmon', 11, 85, 283);
INSERT INTO Ingredient (name, food_group_id, calories_per_unit, image_id) VALUES ('Lychees', 8, 29, 284);
INSERT INTO Ingredient (name, food_group_id, calories_per_unit, image_id) VALUES ('Kale', 12, 29, 285);
INSERT INTO Ingredient (name, food_group_id, calories_per_unit, image_id) VALUES ('Extra Virgin Olive Oil', 7, 119, 286);
INSERT INTO Ingredient (name, food_group_id, calories_per_unit, image_id) VALUES ('Nutmeg', 7, 109, 287);
INSERT INTO Ingredient (name, food_group_id, calories_per_unit, image_id) VALUES ('Kombu', 7, 72, 288);
INSERT INTO Ingredient (name, food_group_id, calories_per_unit, image_id) VALUES ('Anchovies', 12, 197, 289);
INSERT INTO Ingredient (name, food_group_id, calories_per_unit, image_id) VALUES ('Smoked Trout', 3, 52, 290);
INSERT INTO Ingredient (name, food_group_id, calories_per_unit, image_id) VALUES ('Blue Eye Trevalla', 6, 20, 291);
INSERT INTO Ingredient (name, food_group_id, calories_per_unit, image_id) VALUES ('Raisin', 11, 30, 292);
INSERT INTO Ingredient (name, food_group_id, calories_per_unit, image_id) VALUES ('Allspice', 11, 58, 293);
INSERT INTO Ingredient (name, food_group_id, calories_per_unit, image_id) VALUES ('Coconut Oil', 4, 71, 294);
INSERT INTO Ingredient (name, food_group_id, calories_per_unit, image_id) VALUES ('Tapioca Flour', 9, 182, 295);
INSERT INTO Ingredient (name, food_group_id, calories_per_unit, image_id) VALUES ('Marjoram', 12, 100, 296);
INSERT INTO Ingredient (name, food_group_id, calories_per_unit, image_id) VALUES ('Juniper Berries', 5, 84, 297);
INSERT INTO Ingredient (name, food_group_id, calories_per_unit, image_id) VALUES ('Tea', 10, 21, 298);
INSERT INTO Ingredient (name, food_group_id, calories_per_unit, image_id) VALUES ('Macadamia Nut', 11, 168, 299);
INSERT INTO Ingredient (name, food_group_id, calories_per_unit, image_id) VALUES ('Nashi Pear', 11, 159, 300);
INSERT INTO Ingredient (name, food_group_id, calories_per_unit, image_id) VALUES ('Cauliflower', 4, 15, 301);
INSERT INTO Ingredient (name, food_group_id, calories_per_unit, image_id) VALUES ('Margarine', 3, 129, 302);
INSERT INTO Ingredient (name, food_group_id, calories_per_unit, image_id) VALUES ('Polenta', 8, 33, 303);
INSERT INTO Ingredient (name, food_group_id, calories_per_unit, image_id) VALUES ('Lime Leaves', 3, 124, 304);
INSERT INTO Ingredient (name, food_group_id, calories_per_unit, image_id) VALUES ('Snapper', 7, 31, 305);
INSERT INTO Ingredient (name, food_group_id, calories_per_unit, image_id) VALUES ('Kenchur', 10, 110, 306);
INSERT INTO Ingredient (name, food_group_id, calories_per_unit, image_id) VALUES ('Custard ApplesDaikon', 2, 139, 307);
INSERT INTO Ingredient (name, food_group_id, calories_per_unit, image_id) VALUES ('Amaranth', 4, 56, 308);
INSERT INTO Ingredient (name, food_group_id, calories_per_unit, image_id) VALUES ('Warehou', 7, 190, 309);
INSERT INTO Ingredient (name, food_group_id, calories_per_unit, image_id) VALUES ('Fennel', 11, 127, 310);
INSERT INTO Ingredient (name, food_group_id, calories_per_unit, image_id) VALUES ('Adzuki Beans', 7, 58, 311);
INSERT INTO Ingredient (name, food_group_id, calories_per_unit, image_id) VALUES ('PepitasPepper', 10, 115, 312);
INSERT INTO Ingredient (name, food_group_id, calories_per_unit, image_id) VALUES ('Whiting Wild Rice', 5, 90, 313);
INSERT INTO Ingredient (name, food_group_id, calories_per_unit, image_id) VALUES ('Walnut', 7, 114, 314);
INSERT INTO Ingredient (name, food_group_id, calories_per_unit, image_id) VALUES ('Sunflower Seeds', 11, 180, 315);
INSERT INTO Ingredient (name, food_group_id, calories_per_unit, image_id) VALUES ('Red Lentils', 4, 17, 316);
INSERT INTO Ingredient (name, food_group_id, calories_per_unit, image_id) VALUES ('Amaranth', 10, 152, 317);
INSERT INTO Ingredient (name, food_group_id, calories_per_unit, image_id) VALUES ('Cous Cous', 5, 149, 318);
INSERT INTO Ingredient (name, food_group_id, calories_per_unit, image_id) VALUES ('Feta', 11, 86, 319);
INSERT INTO Ingredient (name, food_group_id, calories_per_unit, image_id) VALUES ('Lime Leaves', 9, 105, 320);
INSERT INTO Ingredient (name, food_group_id, calories_per_unit, image_id) VALUES ('Elderberry', 2, 79, 321);
INSERT INTO Ingredient (name, food_group_id, calories_per_unit, image_id) VALUES ('Sesame seed', 7, 63, 322);
INSERT INTO Ingredient (name, food_group_id, calories_per_unit, image_id) VALUES ('Purple RiceQuail', 3, 149, 323);
INSERT INTO Ingredient (name, food_group_id, calories_per_unit, image_id) VALUES ('Apples', 8, 10, 324);
INSERT INTO Ingredient (name, food_group_id, calories_per_unit, image_id) VALUES ('Melon', 9, 161, 325);
INSERT INTO Ingredient (name, food_group_id, calories_per_unit, image_id) VALUES ('Cornmeal', 5, 109, 326);
INSERT INTO Ingredient (name, food_group_id, calories_per_unit, image_id) VALUES ('Radish', 10, 181, 327);


#insert 10 Labels for Recipes
INSERT INTO Label (label) VALUES ('brunch');
INSERT INTO Label (label) VALUES ('quick-lunch');
INSERT INTO Label (label) VALUES ('snack');
INSERT INTO Label (label) VALUES ('cold dish');
INSERT INTO Label (label) VALUES ('sweet based on fruits');

INSERT INTO Label (label) VALUES ('healthy choice');
INSERT INTO Label (label) VALUES ('appetizer');
INSERT INTO Label (label) VALUES ('vegeterian');
INSERT INTO Label (label) VALUES ('vegan');
INSERT INTO Label (label) VALUES ('kids favorite');

#insert 15 thematic units
INSERT INTO Thematic_Unit (name, description, image_id) VALUES ('Comfort Classics', 'Includes recipes for beloved comfort foods like macaroni and cheese, meatloaf, and chicken pot pie.', 13);
INSERT INTO Thematic_Unit (name, description, image_id) VALUES ('Global Cuisine', 'Features recipes from around the world, such as Italian pasta dishes, Mexican tacos, Indian curries, and Japanese sushi.', 14);
INSERT INTO Thematic_Unit (name, description, image_id) VALUES ('Healthy Eats', 'Focuses on nutritious recipes with fresh ingredients, including salads, smoothies, grain bowls, and lean protein options.', 15);
INSERT INTO Thematic_Unit (name, description, image_id) VALUES ('Vegetarian Delights', 'Offers flavorful vegetarian recipes like stuffed peppers, vegetable stir-fries, lentil soups, and tofu dishes.', 16);
INSERT INTO Thematic_Unit (name, description, image_id) VALUES ('Plant-Based Power', 'Highlights recipes that are entirely plant-based, including vegan burgers, buddha bowls, grain salads, and dairy-free desserts.', 17);
INSERT INTO Thematic_Unit (name, description, image_id) VALUES ('Weeknight Wonders', 'Provides quick and easy recipes suitable for busy weeknights, such as one-pot meals, sheet pan dinners, and 30-minute recipes.', 18);
INSERT INTO Thematic_Unit (name, description, image_id) VALUES ('Brunch Bonanza', 'Features recipes perfect for brunch gatherings, such as quiches, frittatas, pancakes, and brunch cocktails.', 19);
INSERT INTO Thematic_Unit (name, description, image_id) VALUES ('Sweet Treats', 'Showcases indulgent dessert recipes like cakes, cookies, pies, ice creams, and decadent chocolate creations.', 20);
INSERT INTO Thematic_Unit (name, description, image_id) VALUES ('Family Favorites', 'Includes recipes that are kid-friendly and loved by the whole family, such as spaghetti and meatballs, pizza, tacos, and homemade burgers.', 21);
INSERT INTO Thematic_Unit (name, description, image_id) VALUES ('Party Pleasers', 'Offers recipes suitable for entertaining, including appetizers, finger foods, cocktails, and elegant desserts.', 22);
INSERT INTO Thematic_Unit (name, description, image_id) VALUES ('Slow Cooker Creations', 'Features recipes designed for slow cookers and crockpots, such as hearty stews, soups, and tender meat dishes.', 23);
INSERT INTO Thematic_Unit (name, description, image_id) VALUES ('Grilling Greats', 'Showcases recipes for outdoor grilling, including barbecue ribs, grilled vegetables, seafood skewers, and marinades.', 24);
INSERT INTO Thematic_Unit (name, description, image_id) VALUES ('Soup and Stew Spectacular', 'Focuses on comforting soups, stews, and chilis, including classics like chicken noodle soup, beef stew, and vegetarian chili.', 25);
INSERT INTO Thematic_Unit (name, description, image_id) VALUES ('Holiday Feasts', 'Provides recipes suitable for festive occasions and holiday gatherings, including Thanksgiving turkey, Christmas ham, and Easter brunch ideas.', 26);
INSERT INTO Thematic_Unit (name, description, image_id) VALUES ('DIY Basics', 'Offers recipes and techniques for homemade pantry staples like bread, pasta, sauces, stocks, and condiments.', 27);

INSERT INTO Equipment (name, description, image_id) VALUES ('apron', 'A protective garment worn over clothes, typically tied around the waist, used to keep clothes clean while cooking or working in the kitchen.', 478);
INSERT INTO Equipment (name, description, image_id) VALUES ('blender', 'A kitchen appliance with rotating blades used to blend, puree, or mix ingredients into smoothies, soups, sauces, and other dishes.', 479);
INSERT INTO Equipment (name, description, image_id) VALUES ('bottle', 'A container typically made of glass or plastic, used for storing liquids such as water, oil, vinegar, or sauces in the kitchen.', 480);
INSERT INTO Equipment (name, description, image_id) VALUES ('bottle opener', 'A tool designed to remove metal caps or corks from bottles, commonly used for opening beer or wine bottles.', 481);
INSERT INTO Equipment (name, description, image_id) VALUES ('bowl', 'A round, deep dish used for holding or serving food, typically made of ceramic, glass, or metal.', 482);
INSERT INTO Equipment (name, description, image_id) VALUES ('butter knife', 'A small knife with a blunt edge, used for spreading butter or other spreads onto bread or toast.', 483);
INSERT INTO Equipment (name, description, image_id) VALUES ('cake slicer', 'A utensil with a long, thin blade used for slicing cakes into even portions, ensuring neat and uniform servings.', 484);
INSERT INTO Equipment (name, description, image_id) VALUES ('chopsticks', 'Two slender sticks made of wood or metal, used in pairs for picking up and eating food in East Asian cuisines.', 485);
INSERT INTO Equipment (name, description, image_id) VALUES ('colander', 'A perforated bowl-shaped kitchen utensil used for draining water from cooked pasta, vegetables, or other foods.', 486);
INSERT INTO Equipment (name, description, image_id) VALUES ('cleaver', 'A large, heavy knife with a broad blade, used for chopping through bones or large cuts of meat.', 487);
INSERT INTO Equipment (name, description, image_id) VALUES ('microwave', 'A kitchen appliance that uses electromagnetic radiation to heat and cook food quickly, commonly used for reheating leftovers or defrosting frozen food.', 488);
INSERT INTO Equipment (name, description, image_id) VALUES ('corkscrew', 'A tool with a spiral metal shaft for drawing corks from wine bottles, often featuring a handle for twisting.', 489);
INSERT INTO Equipment (name, description, image_id) VALUES ('cup', 'A small, cylindrical container used for drinking, typically made of ceramic, glass, or plastic.', 490);
INSERT INTO Equipment (name, description, image_id) VALUES ('cutlery', 'A collective term for knives, forks, spoons, and other utensils used for eating or serving food.', 491);
INSERT INTO Equipment (name, description, image_id) VALUES ('cutting board', 'A flat board, typically made of wood or plastic, used as a surface for cutting or chopping ingredients in the kitchen.', 492);
INSERT INTO Equipment (name, description, image_id) VALUES ('funnel', 'A conical kitchen tool with a narrow tube at the end, used for pouring liquids or powders into containers without spilling.', 493);
INSERT INTO Equipment (name, description, image_id) VALUES ('dish rack', 'A rack or tray used for holding washed dishes to air dry after washing, typically placed next to the sink in the kitchen.', 494);
INSERT INTO Equipment (name, description, image_id) VALUES ('egg slicer', 'A kitchen utensil with thin wires or blades, used for slicing hard-boiled eggs into even, uniform slices.', 495);
INSERT INTO Equipment (name, description, image_id) VALUES ('deep fryer', 'A kitchen appliance used for deep-frying food by submerging it in hot oil, commonly used for frying foods like French fries, chicken, or fish.', 496);
INSERT INTO Equipment (name, description, image_id) VALUES ('garlic crusher', 'A handheld tool used for crushing garlic cloves by applying pressure, typically resulting in minced or crushed garlic.', 497);
INSERT INTO Equipment (name, description, image_id) VALUES ('kitchen paper', 'A roll of absorbent paper used for cleaning up spills, wiping surfaces, or wrapping food in the kitchen.', 498);
INSERT INTO Equipment (name, description, image_id) VALUES ('gas stove', 'A cooking appliance that uses natural gas or propane as a fuel source to produce a flame for cooking food in pots and pans.', 499);
INSERT INTO Equipment (name, description, image_id) VALUES ('grater', 'A kitchen utensil with a rough surface, used for shredding or grating cheese, vegetables, or other food items into fine pieces.', 500);
INSERT INTO Equipment (name, description, image_id) VALUES ('hot pot', 'A tabletop cooking vessel with a built-in heating element, used for simmering broth and cooking a variety of ingredients at the dining table.', 501);
INSERT INTO Equipment (name, description, image_id) VALUES ('jar', 'A glass or plastic container with a lid, used for storing preserves, jams, sauces, or other food items in the kitchen.', 502);
INSERT INTO Equipment (name, description, image_id) VALUES ('fork', 'A utensil with prongs or tines at one end and a handle at the other, used for picking up and eating food.', 503);
INSERT INTO Equipment (name, description, image_id) VALUES ('knife', 'A sharp-edged cutting tool with a handle, used for slicing, chopping, or carving food in the kitchen.', 504);
INSERT INTO Equipment (name, description, image_id) VALUES ('juicer', 'A kitchen appliance used for extracting juice from fruits or vegetables by pressing or squeezing them.', 505);
INSERT INTO Equipment (name, description, image_id) VALUES ('kitchen towel', 'A cloth or paper towel used for drying hands, wiping surfaces, or handling hot cookware in the kitchen.', 506);
INSERT INTO Equipment (name, description, image_id) VALUES ('kitchen scissors', 'A pair of scissors with sturdy blades, used for cutting food items like herbs, poultry, or packaging materials in the kitchen.', 507);
INSERT INTO Equipment (name, description, image_id) VALUES ('jug', 'A large, narrow-necked container with a handle and a spout, used for pouring liquids like water, juice, or milk.', 508);
INSERT INTO Equipment (name, description, image_id) VALUES ('kettle', 'A metal or ceramic vessel with a handle and spout, used for boiling water or brewing tea or coffee on the stovetop.', 509);
INSERT INTO Equipment (name, description, image_id) VALUES ('oven gloves', 'Thick, heat-resistant gloves worn to protect hands and arms when handling hot cookware or baking in the oven.', 510);
INSERT INTO Equipment (name, description, image_id) VALUES ('knife set', 'A collection of knives of various types and sizes, typically stored together in a block or on a magnetic strip in the kitchen.', 511);
INSERT INTO Equipment (name, description, image_id) VALUES ('ladle', 'A long-handled spoon with a deep bowl, used for serving soups, stews, sauces, or other liquid dishes.', 512);
INSERT INTO Equipment (name, description, image_id) VALUES ('lemon squeezer', 'A handheld tool used for extracting juice from lemons or other citrus fruits by pressing or squeezing them.', 513);
INSERT INTO Equipment (name, description, image_id) VALUES ('matchbox', 'A small cardboard box containing matches, used for lighting gas stoves, candles, or other combustible materials.', 514);
INSERT INTO Equipment (name, description, image_id) VALUES ('measuring cup', 'A graduated container used for accurately measuring liquid or dry ingredients in recipes.', 515);
INSERT INTO Equipment (name, description, image_id) VALUES ('mixer', 'A kitchen appliance with rotating beaters or blades, used for mixing, beating, or whipping ingredients together in baking or cooking.', 516);
INSERT INTO Equipment (name, description, image_id) VALUES ('sieve', 'A utensil consisting of a meshed or perforated metal or nylon screen, used for straining liquids or sifting dry ingredients in cooking or baking.', 517);
INSERT INTO Equipment (name, description, image_id) VALUES ('spatula', 'A flat, flexible utensil with a broad, flat blade, used for lifting, flipping, or spreading food items like pancakes, burgers, or frosting.', 518);
INSERT INTO Equipment (name, description, image_id) VALUES ('napkin', 'A square or rectangular piece of cloth or paper used for wiping the mouth, hands, or utensils during meals.', 519);
INSERT INTO Equipment (name, description, image_id) VALUES ('wok', 'A round-bottomed cooking pan with sloping sides and a long handle, used for stir-frying, deep-frying, steaming, or braising in Chinese cuisine.', 520);
INSERT INTO Equipment (name, description, image_id) VALUES ('whisk', 'A kitchen utensil consisting of a handle with thin wire loops, used for beating, whipping, or mixing ingredients together.', 521);
INSERT INTO Equipment (name, description, image_id) VALUES ('perforated spoon', 'A spoon with holes or slots in the bowl, used for draining or skimming liquids or removing solid ingredients from liquid.', 522);
INSERT INTO Equipment (name, description, image_id) VALUES ('peeler', 'A handheld tool with a sharp blade, used for removing the outer skin or peel from fruits and vegetables.', 523);
INSERT INTO Equipment (name, description, image_id) VALUES ('peppermill', 'A grinder or mill used for grinding peppercorns to produce freshly ground pepper for seasoning food.', 524);
INSERT INTO Equipment (name, description, image_id) VALUES ('rolling pin', 'A cylindrical tool used in baking for flattening and shaping dough into thin sheets or rounds.', 525);
INSERT INTO Equipment (name, description, image_id) VALUES ('pizza cutter', 'A sharp, wheeled tool used for cutting pizzas into slices quickly and cleanly.', 526);
INSERT INTO Equipment (name, description, image_id) VALUES ('potato masher', 'A utensil with a grid of wires or blades, used for mashing cooked potatoes or other vegetables into a smooth or chunky consistency.', 527);

BEGIN;
INSERT INTO Recipe (recipe_type, name, national_cuisine_id, difficulty_level, description, tip1, tip2, tip3, cooking_time, prep_time, portions, basic_ingredient_id, image_id) VALUES ('pastry', 'Jamaican Jerk Chicken', 1, 5, 'Art blood follow spend size race federal. Task get camera note. Soon actually several agent dinner stand never.', 'you need salt', 'better after 2 days', 'better with gloves', 150, 22, 2, 149, 29);

INSERT INTO Step (recipe_id, order_number, description) VALUES (1, 1, 'East senior knowledge box film partner.');

INSERT INTO Step (recipe_id, order_number, description) VALUES (1, 2, 'Car remember why garden financial toward check.');

INSERT INTO Nutritional_Info (recipe_id, fat_per_portion, carbs_per_portion, protein_per_portion) VALUES (1, 94, 119, 93);

INSERT INTO Recipe_Meal_Type (recipe_id, meal_type_id) VALUES (1, 6);

INSERT INTO Recipe_Label (recipe_id, label_id) VALUES (1, 2);

INSERT INTO Recipe_Label (recipe_id, label_id) VALUES (1, 3);

INSERT INTO Recipe_Equipment (recipe_id, equipment_id) VALUES (1, 41);

INSERT INTO Recipe_Equipment (recipe_id, equipment_id) VALUES (1, 47);

INSERT INTO Recipe_Equipment (recipe_id, equipment_id) VALUES (1, 4);

INSERT INTO Recipe_Equipment (recipe_id, equipment_id) VALUES (1, 17);

INSERT INTO Recipe_Equipment (recipe_id, equipment_id) VALUES (1, 49);

INSERT INTO Recipe_Equipment (recipe_id, equipment_id) VALUES (1, 22);

INSERT INTO Recipe_Equipment (recipe_id, equipment_id) VALUES (1, 37);

INSERT INTO Recipe_Equipment (recipe_id, equipment_id) VALUES (1, 35);

INSERT INTO Recipe_Ingredient (recipe_id, ingredient_id, portion) VALUES (1, 18, 1);

INSERT INTO Recipe_Ingredient (recipe_id, ingredient_id, portion) VALUES (1, 33, 6);

INSERT INTO Recipe_Ingredient (recipe_id, ingredient_id, portion) VALUES (1, 171, 7);

INSERT INTO Recipe_Ingredient (recipe_id, ingredient_id, portion) VALUES (1, 136, 5);

INSERT INTO Recipe_Ingredient (recipe_id, ingredient_id, portion) VALUES (1, 184, 2);

INSERT INTO Recipe_Ingredient (recipe_id, ingredient_id, portion) VALUES (1, 63, 2);

INSERT INTO Recipe_Ingredient (recipe_id, ingredient_id, portion) VALUES (1, 188, 1);

INSERT INTO Recipe_Ingredient (recipe_id, ingredient_id, portion) VALUES (1, 73, 1);

INSERT INTO Recipe_Ingredient (recipe_id, ingredient_id, portion) VALUES (1, 74, 6);

INSERT INTO Recipe_Ingredient (recipe_id, ingredient_id, portion) VALUES (1, 107, 7);

INSERT INTO Recipe_Ingredient (recipe_id, ingredient_id, portion) VALUES (1, 149, 6);

INSERT INTO Recipe_Thematic_Unit (recipe_id, thematic_unit_id) VALUES (1, 10);

INSERT INTO Recipe_Thematic_Unit (recipe_id, thematic_unit_id) VALUES (1, 4);

INSERT INTO Recipe_Thematic_Unit (recipe_id, thematic_unit_id) VALUES (1, 7);

INSERT INTO Recipe (recipe_type, name, national_cuisine_id, difficulty_level, description, tip1, tip2, cooking_time, prep_time, portions, basic_ingredient_id, image_id) VALUES ('pastry', 'Pasta Salad', 1, 2, 'Compare follow thus for Republican value chair. Sure house speech short. Clear political beautiful factor man news.', 'you need an oven', 'better with butter instead of milk', 62, 16, 4, 161, 30);

INSERT INTO Step (recipe_id, order_number, description) VALUES (2, 1, 'Trouble bed computer when grow appear important.');

INSERT INTO Step (recipe_id, order_number, description) VALUES (2, 2, 'Anyone fear prove rise compare throw.');

INSERT INTO Step (recipe_id, order_number, description) VALUES (2, 3, 'Already number sea natural always beautiful simply.');

INSERT INTO Step (recipe_id, order_number, description) VALUES (2, 4, 'Heavy pass citizen.');

INSERT INTO Step (recipe_id, order_number, description) VALUES (2, 5, 'Writer analysis travel take.');

INSERT INTO Nutritional_Info (recipe_id, fat_per_portion, carbs_per_portion, protein_per_portion) VALUES (2, 68, 91, 149);

INSERT INTO Recipe_Meal_Type (recipe_id, meal_type_id) VALUES (2, 1);

INSERT INTO Recipe_Meal_Type (recipe_id, meal_type_id) VALUES (2, 6);

INSERT INTO Recipe_Meal_Type (recipe_id, meal_type_id) VALUES (2, 4);

INSERT INTO Recipe_Label (recipe_id, label_id) VALUES (2, 9);

INSERT INTO Recipe_Label (recipe_id, label_id) VALUES (2, 7);

INSERT INTO Recipe_Label (recipe_id, label_id) VALUES (2, 10);

INSERT INTO Recipe_Label (recipe_id, label_id) VALUES (2, 2);

INSERT INTO Recipe_Equipment (recipe_id, equipment_id) VALUES (2, 22);

INSERT INTO Recipe_Ingredient (recipe_id, ingredient_id, portion) VALUES (2, 139, 2);

INSERT INTO Recipe_Ingredient (recipe_id, ingredient_id, portion) VALUES (2, 95, 7);

INSERT INTO Recipe_Ingredient (recipe_id, ingredient_id, portion) VALUES (2, 15, 8);

INSERT INTO Recipe_Ingredient (recipe_id, ingredient_id, portion) VALUES (2, 150, 4);

INSERT INTO Recipe_Ingredient (recipe_id, ingredient_id, portion) VALUES (2, 4, 6);

INSERT INTO Recipe_Ingredient (recipe_id, ingredient_id, portion) VALUES (2, 24, 1);

INSERT INTO Recipe_Ingredient (recipe_id, ingredient_id, portion) VALUES (2, 169, 4);

INSERT INTO Recipe_Ingredient (recipe_id, ingredient_id, portion) VALUES (2, 42, 6);

INSERT INTO Recipe_Ingredient (recipe_id, ingredient_id, portion) VALUES (2, 45, 4);

INSERT INTO Recipe_Ingredient (recipe_id, ingredient_id, portion) VALUES (2, 90, 5);

INSERT INTO Recipe_Ingredient (recipe_id, ingredient_id, portion) VALUES (2, 135, 5);

INSERT INTO Recipe_Ingredient (recipe_id, ingredient_id, portion) VALUES (2, 118, 7);

INSERT INTO Recipe_Ingredient (recipe_id, ingredient_id, portion) VALUES (2, 57, 7);

INSERT INTO Recipe_Ingredient (recipe_id, ingredient_id, portion) VALUES (2, 125, 1);

INSERT INTO Recipe_Ingredient (recipe_id, ingredient_id, portion) VALUES (2, 161, 3);

INSERT INTO Recipe_Thematic_Unit (recipe_id, thematic_unit_id) VALUES (2, 12);

INSERT INTO Recipe (recipe_type, name, national_cuisine_id, difficulty_level, description, tip1, tip2, cooking_time, prep_time, portions, basic_ingredient_id, image_id) VALUES ('cooking', 'Lasagna', 1, 3, 'Break specific place of TV safe. I fund prove room.', 'better with slow cooking', 'it needs a fridge', 83, 4, 1, 30, 31);

INSERT INTO Step (recipe_id, order_number, description) VALUES (3, 1, 'Director mouth house base hard week yes.');

INSERT INTO Step (recipe_id, order_number, description) VALUES (3, 2, 'Special should yeah board everyone.');

INSERT INTO Step (recipe_id, order_number, description) VALUES (3, 3, 'Soldier sea military artist build.');

INSERT INTO Step (recipe_id, order_number, description) VALUES (3, 4, 'Institution end economic final when professional.');

INSERT INTO Step (recipe_id, order_number, description) VALUES (3, 5, 'Box modern central bill board office.');

INSERT INTO Step (recipe_id, order_number, description) VALUES (3, 6, 'Religious bill treat career.');

INSERT INTO Step (recipe_id, order_number, description) VALUES (3, 7, 'Collection low minute.');

INSERT INTO Step (recipe_id, order_number, description) VALUES (3, 8, 'Leg allow toward carry free mouth hit.');

INSERT INTO Nutritional_Info (recipe_id, fat_per_portion, carbs_per_portion, protein_per_portion) VALUES (3, 203, 40, 24);

INSERT INTO Recipe_Meal_Type (recipe_id, meal_type_id) VALUES (3, 3);

INSERT INTO Recipe_Meal_Type (recipe_id, meal_type_id) VALUES (3, 1);

INSERT INTO Recipe_Meal_Type (recipe_id, meal_type_id) VALUES (3, 4);

INSERT INTO Recipe_Label (recipe_id, label_id) VALUES (3, 8);

INSERT INTO Recipe_Label (recipe_id, label_id) VALUES (3, 2);

INSERT INTO Recipe_Equipment (recipe_id, equipment_id) VALUES (3, 44);

INSERT INTO Recipe_Equipment (recipe_id, equipment_id) VALUES (3, 45);

INSERT INTO Recipe_Equipment (recipe_id, equipment_id) VALUES (3, 21);

INSERT INTO Recipe_Equipment (recipe_id, equipment_id) VALUES (3, 27);

INSERT INTO Recipe_Ingredient (recipe_id, ingredient_id, portion) VALUES (3, 10, 4);

INSERT INTO Recipe_Ingredient (recipe_id, ingredient_id, portion) VALUES (3, 57, 5);

INSERT INTO Recipe_Ingredient (recipe_id, ingredient_id, portion) VALUES (3, 159, 4);

INSERT INTO Recipe_Ingredient (recipe_id, ingredient_id, portion) VALUES (3, 47, 2);

INSERT INTO Recipe_Ingredient (recipe_id, ingredient_id, portion) VALUES (3, 189, 2);

INSERT INTO Recipe_Ingredient (recipe_id, ingredient_id, portion) VALUES (3, 181, 3);

INSERT INTO Recipe_Ingredient (recipe_id, ingredient_id, portion) VALUES (3, 174, 4);

INSERT INTO Recipe_Ingredient (recipe_id, ingredient_id, portion) VALUES (3, 37, 3);

INSERT INTO Recipe_Ingredient (recipe_id, ingredient_id, portion) VALUES (3, 88, 4);

INSERT INTO Recipe_Ingredient (recipe_id, ingredient_id, portion) VALUES (3, 49, 4);

INSERT INTO Recipe_Ingredient (recipe_id, ingredient_id, portion) VALUES (3, 111, 4);

INSERT INTO Recipe_Ingredient (recipe_id, ingredient_id, portion) VALUES (3, 146, 2);

INSERT INTO Recipe_Ingredient (recipe_id, ingredient_id, portion) VALUES (3, 98, 1);

INSERT INTO Recipe_Ingredient (recipe_id, ingredient_id, portion) VALUES (3, 17, 1);

INSERT INTO Recipe_Ingredient (recipe_id, ingredient_id, portion) VALUES (3, 46, 2);

INSERT INTO Recipe_Ingredient (recipe_id, ingredient_id, portion) VALUES (3, 30, 2);

INSERT INTO Recipe_Thematic_Unit (recipe_id, thematic_unit_id) VALUES (3, 4);

INSERT INTO Recipe (recipe_type, name, national_cuisine_id, difficulty_level, description, tip1, cooking_time, prep_time, portions, basic_ingredient_id, image_id) VALUES ('cooking', 'Hearty Pancakes', 1, 3, 'Management any in major. Argue include difficult prevent movie drive. Year since door avoid according lead.', 'better after 2 days', 116, 5, 7, 130, 32);

INSERT INTO Step (recipe_id, order_number, description) VALUES (4, 1, 'Why program cell beat large relationship bed.');

INSERT INTO Nutritional_Info (recipe_id, fat_per_portion, carbs_per_portion, protein_per_portion) VALUES (4, 293, 11, 245);

INSERT INTO Recipe_Meal_Type (recipe_id, meal_type_id) VALUES (4, 3);

INSERT INTO Recipe_Meal_Type (recipe_id, meal_type_id) VALUES (4, 1);

INSERT INTO Recipe_Label (recipe_id, label_id) VALUES (4, 1);

INSERT INTO Recipe_Label (recipe_id, label_id) VALUES (4, 9);

INSERT INTO Recipe_Label (recipe_id, label_id) VALUES (4, 6);

INSERT INTO Recipe_Equipment (recipe_id, equipment_id) VALUES (4, 12);

INSERT INTO Recipe_Equipment (recipe_id, equipment_id) VALUES (4, 23);

INSERT INTO Recipe_Equipment (recipe_id, equipment_id) VALUES (4, 14);

INSERT INTO Recipe_Equipment (recipe_id, equipment_id) VALUES (4, 13);

INSERT INTO Recipe_Equipment (recipe_id, equipment_id) VALUES (4, 5);

INSERT INTO Recipe_Equipment (recipe_id, equipment_id) VALUES (4, 16);

INSERT INTO Recipe_Equipment (recipe_id, equipment_id) VALUES (4, 44);

INSERT INTO Recipe_Equipment (recipe_id, equipment_id) VALUES (4, 24);

INSERT INTO Recipe_Ingredient (recipe_id, ingredient_id, portion) VALUES (4, 6, 5);

INSERT INTO Recipe_Ingredient (recipe_id, ingredient_id, portion) VALUES (4, 101, 5);

INSERT INTO Recipe_Ingredient (recipe_id, ingredient_id, portion) VALUES (4, 81, 1);

INSERT INTO Recipe_Ingredient (recipe_id, ingredient_id, portion) VALUES (4, 50, 8);

INSERT INTO Recipe_Ingredient (recipe_id, ingredient_id, portion) VALUES (4, 92, 2);

INSERT INTO Recipe_Ingredient (recipe_id, ingredient_id, portion) VALUES (4, 170, 1);

INSERT INTO Recipe_Ingredient (recipe_id, ingredient_id, portion) VALUES (4, 90, 7);

INSERT INTO Recipe_Ingredient (recipe_id, ingredient_id, portion) VALUES (4, 193, 5);

INSERT INTO Recipe_Ingredient (recipe_id, ingredient_id, portion) VALUES (4, 135, 4);

INSERT INTO Recipe_Ingredient (recipe_id, ingredient_id, portion) VALUES (4, 31, 5);

INSERT INTO Recipe_Ingredient (recipe_id, ingredient_id, portion) VALUES (4, 97, 8);

INSERT INTO Recipe_Ingredient (recipe_id, ingredient_id, portion) VALUES (4, 187, 8);

INSERT INTO Recipe_Ingredient (recipe_id, ingredient_id, portion) VALUES (4, 14, 2);

INSERT INTO Recipe_Ingredient (recipe_id, ingredient_id, portion) VALUES (4, 91, 8);

INSERT INTO Recipe_Ingredient (recipe_id, ingredient_id, portion) VALUES (4, 200, 5);

INSERT INTO Recipe_Ingredient (recipe_id, ingredient_id, portion) VALUES (4, 130, 2);

INSERT INTO Recipe_Thematic_Unit (recipe_id, thematic_unit_id) VALUES (4, 9);

INSERT INTO Recipe_Thematic_Unit (recipe_id, thematic_unit_id) VALUES (4, 1);

INSERT INTO Recipe (recipe_type, name, national_cuisine_id, difficulty_level, description, tip1, cooking_time, prep_time, portions, basic_ingredient_id, image_id) VALUES ('cooking', 'Summer Garden Couscous Salad', 1, 3, 'Stay finally certainly eat quickly. East write these main important. Argue instead white mention gas pick effect. Watch particular choice health.', 'better after 2 days', 59, 21, 8, 193, 33);

INSERT INTO Step (recipe_id, order_number, description) VALUES (5, 1, 'Maintain discuss air manage.');

INSERT INTO Step (recipe_id, order_number, description) VALUES (5, 2, 'Sit bed fine.');

INSERT INTO Step (recipe_id, order_number, description) VALUES (5, 3, 'Cut create bag subject.');

INSERT INTO Step (recipe_id, order_number, description) VALUES (5, 4, 'Character toward effect system name.');

INSERT INTO Step (recipe_id, order_number, description) VALUES (5, 5, 'Have region early develop born.');

INSERT INTO Step (recipe_id, order_number, description) VALUES (5, 6, 'Police key laugh Mrs boy follow network.');

INSERT INTO Nutritional_Info (recipe_id, fat_per_portion, carbs_per_portion, protein_per_portion) VALUES (5, 377, 15, 136);

INSERT INTO Recipe_Meal_Type (recipe_id, meal_type_id) VALUES (5, 6);

INSERT INTO Recipe_Meal_Type (recipe_id, meal_type_id) VALUES (5, 1);

INSERT INTO Recipe_Meal_Type (recipe_id, meal_type_id) VALUES (5, 3);

INSERT INTO Recipe_Label (recipe_id, label_id) VALUES (5, 9);

INSERT INTO Recipe_Label (recipe_id, label_id) VALUES (5, 5);

INSERT INTO Recipe_Label (recipe_id, label_id) VALUES (5, 7);

INSERT INTO Recipe_Equipment (recipe_id, equipment_id) VALUES (5, 46);

INSERT INTO Recipe_Ingredient (recipe_id, ingredient_id, portion) VALUES (5, 37, 6);

INSERT INTO Recipe_Ingredient (recipe_id, ingredient_id, portion) VALUES (5, 182, 2);

INSERT INTO Recipe_Ingredient (recipe_id, ingredient_id, portion) VALUES (5, 186, 7);

INSERT INTO Recipe_Ingredient (recipe_id, ingredient_id, portion) VALUES (5, 39, 7);

INSERT INTO Recipe_Ingredient (recipe_id, ingredient_id, portion) VALUES (5, 109, 5);

INSERT INTO Recipe_Ingredient (recipe_id, ingredient_id, portion) VALUES (5, 103, 4);

INSERT INTO Recipe_Ingredient (recipe_id, ingredient_id, portion) VALUES (5, 66, 7);

INSERT INTO Recipe_Ingredient (recipe_id, ingredient_id, portion) VALUES (5, 6, 5);

INSERT INTO Recipe_Ingredient (recipe_id, ingredient_id, portion) VALUES (5, 35, 1);

INSERT INTO Recipe_Ingredient (recipe_id, ingredient_id, portion) VALUES (5, 166, 8);

INSERT INTO Recipe_Ingredient (recipe_id, ingredient_id, portion) VALUES (5, 197, 1);

INSERT INTO Recipe_Ingredient (recipe_id, ingredient_id, portion) VALUES (5, 147, 4);

INSERT INTO Recipe_Ingredient (recipe_id, ingredient_id, portion) VALUES (5, 36, 8);

INSERT INTO Recipe_Ingredient (recipe_id, ingredient_id, portion) VALUES (5, 89, 8);

INSERT INTO Recipe_Ingredient (recipe_id, ingredient_id, portion) VALUES (5, 146, 3);

INSERT INTO Recipe_Ingredient (recipe_id, ingredient_id, portion) VALUES (5, 52, 1);

INSERT INTO Recipe_Ingredient (recipe_id, ingredient_id, portion) VALUES (5, 54, 8);

INSERT INTO Recipe_Ingredient (recipe_id, ingredient_id, portion) VALUES (5, 190, 2);

INSERT INTO Recipe_Ingredient (recipe_id, ingredient_id, portion) VALUES (5, 162, 2);

INSERT INTO Recipe_Ingredient (recipe_id, ingredient_id, portion) VALUES (5, 160, 8);

INSERT INTO Recipe_Ingredient (recipe_id, ingredient_id, portion) VALUES (5, 193, 7);

INSERT INTO Recipe_Thematic_Unit (recipe_id, thematic_unit_id) VALUES (5, 11);

INSERT INTO Recipe_Thematic_Unit (recipe_id, thematic_unit_id) VALUES (5, 10);

INSERT INTO Recipe (recipe_type, name, national_cuisine_id, difficulty_level, description, tip1, cooking_time, prep_time, portions, basic_ingredient_id, image_id) VALUES ('pastry', 'Squash Corn Chowder', 2, 3, 'Behavior technology science with ground president why. Rock watch certain everything again west sing.', 'better with gloves', 78, 20, 8, 64, 34);

INSERT INTO Step (recipe_id, order_number, description) VALUES (6, 1, 'Pretty bill name just tend just class build.');

INSERT INTO Step (recipe_id, order_number, description) VALUES (6, 2, 'Soldier machine fact power provide test.');

INSERT INTO Step (recipe_id, order_number, description) VALUES (6, 3, 'Look contain someone theory production.');

INSERT INTO Step (recipe_id, order_number, description) VALUES (6, 4, 'Remember exist person service medical theory employee.');

INSERT INTO Step (recipe_id, order_number, description) VALUES (6, 5, 'Fund discuss them buy.');

INSERT INTO Step (recipe_id, order_number, description) VALUES (6, 6, 'Choice it especially audience toward Mr.');

INSERT INTO Step (recipe_id, order_number, description) VALUES (6, 7, 'Else enjoy base focus ever claim suggest.');

INSERT INTO Step (recipe_id, order_number, description) VALUES (6, 8, 'Yet Republican management theory suggest.');

INSERT INTO Nutritional_Info (recipe_id, fat_per_portion, carbs_per_portion, protein_per_portion) VALUES (6, 66, 135, 238);

INSERT INTO Recipe_Meal_Type (recipe_id, meal_type_id) VALUES (6, 3);

INSERT INTO Recipe_Meal_Type (recipe_id, meal_type_id) VALUES (6, 6);

INSERT INTO Recipe_Meal_Type (recipe_id, meal_type_id) VALUES (6, 5);

INSERT INTO Recipe_Label (recipe_id, label_id) VALUES (6, 6);

INSERT INTO Recipe_Equipment (recipe_id, equipment_id) VALUES (6, 26);

INSERT INTO Recipe_Equipment (recipe_id, equipment_id) VALUES (6, 40);

INSERT INTO Recipe_Equipment (recipe_id, equipment_id) VALUES (6, 5);

INSERT INTO Recipe_Equipment (recipe_id, equipment_id) VALUES (6, 35);

INSERT INTO Recipe_Equipment (recipe_id, equipment_id) VALUES (6, 42);

INSERT INTO Recipe_Equipment (recipe_id, equipment_id) VALUES (6, 31);

INSERT INTO Recipe_Equipment (recipe_id, equipment_id) VALUES (6, 43);

INSERT INTO Recipe_Equipment (recipe_id, equipment_id) VALUES (6, 8);

INSERT INTO Recipe_Equipment (recipe_id, equipment_id) VALUES (6, 49);

INSERT INTO Recipe_Equipment (recipe_id, equipment_id) VALUES (6, 27);

INSERT INTO Recipe_Ingredient (recipe_id, ingredient_id, portion) VALUES (6, 72, 1);

INSERT INTO Recipe_Ingredient (recipe_id, ingredient_id, portion) VALUES (6, 165, 5);

INSERT INTO Recipe_Ingredient (recipe_id, ingredient_id, portion) VALUES (6, 46, 3);

INSERT INTO Recipe_Ingredient (recipe_id, ingredient_id, portion) VALUES (6, 45, 5);

INSERT INTO Recipe_Ingredient (recipe_id, ingredient_id, portion) VALUES (6, 195, 7);

INSERT INTO Recipe_Ingredient (recipe_id, ingredient_id, portion) VALUES (6, 132, 6);

INSERT INTO Recipe_Ingredient (recipe_id, ingredient_id, portion) VALUES (6, 12, 3);

INSERT INTO Recipe_Ingredient (recipe_id, ingredient_id, portion) VALUES (6, 161, 8);

INSERT INTO Recipe_Ingredient (recipe_id, ingredient_id, portion) VALUES (6, 108, 1);

INSERT INTO Recipe_Ingredient (recipe_id, ingredient_id, portion) VALUES (6, 152, 5);

INSERT INTO Recipe_Ingredient (recipe_id, ingredient_id, portion) VALUES (6, 17, 8);

INSERT INTO Recipe_Ingredient (recipe_id, ingredient_id, portion) VALUES (6, 2, 3);

INSERT INTO Recipe_Ingredient (recipe_id, ingredient_id, portion) VALUES (6, 64, 4);

INSERT INTO Recipe_Thematic_Unit (recipe_id, thematic_unit_id) VALUES (6, 6);

INSERT INTO Recipe (recipe_type, name, national_cuisine_id, difficulty_level, description, tip1, tip2, tip3, cooking_time, prep_time, portions, basic_ingredient_id, image_id) VALUES ('pastry', 'White beans, tomatoes, and spinach', 2, 5, 'Make threat because guess although end know. Wrong also significant single ever authority. Up agree finish perform.', 'you can store iy outside the fridge', 'better when fresh', 'you need a lot of time', 75, 12, 8, 90, 35);

INSERT INTO Step (recipe_id, order_number, description) VALUES (7, 1, 'Thus national put.');

INSERT INTO Step (recipe_id, order_number, description) VALUES (7, 2, 'Air treatment home ready college soon.');

INSERT INTO Step (recipe_id, order_number, description) VALUES (7, 3, 'Free help back general fine.');

INSERT INTO Nutritional_Info (recipe_id, fat_per_portion, carbs_per_portion, protein_per_portion) VALUES (7, 120, 76, 102);

INSERT INTO Recipe_Meal_Type (recipe_id, meal_type_id) VALUES (7, 4);

INSERT INTO Recipe_Label (recipe_id, label_id) VALUES (7, 7);

INSERT INTO Recipe_Label (recipe_id, label_id) VALUES (7, 4);

INSERT INTO Recipe_Equipment (recipe_id, equipment_id) VALUES (7, 40);

INSERT INTO Recipe_Equipment (recipe_id, equipment_id) VALUES (7, 10);

INSERT INTO Recipe_Equipment (recipe_id, equipment_id) VALUES (7, 27);

INSERT INTO Recipe_Equipment (recipe_id, equipment_id) VALUES (7, 15);

INSERT INTO Recipe_Equipment (recipe_id, equipment_id) VALUES (7, 43);

INSERT INTO Recipe_Equipment (recipe_id, equipment_id) VALUES (7, 49);

INSERT INTO Recipe_Equipment (recipe_id, equipment_id) VALUES (7, 29);

INSERT INTO Recipe_Equipment (recipe_id, equipment_id) VALUES (7, 18);

INSERT INTO Recipe_Equipment (recipe_id, equipment_id) VALUES (7, 12);

INSERT INTO Recipe_Equipment (recipe_id, equipment_id) VALUES (7, 14);

INSERT INTO Recipe_Ingredient (recipe_id, ingredient_id, portion) VALUES (7, 161, 4);

INSERT INTO Recipe_Ingredient (recipe_id, ingredient_id, portion) VALUES (7, 27, 7);

INSERT INTO Recipe_Ingredient (recipe_id, ingredient_id, portion) VALUES (7, 199, 1);

INSERT INTO Recipe_Ingredient (recipe_id, ingredient_id, portion) VALUES (7, 150, 5);

INSERT INTO Recipe_Ingredient (recipe_id, ingredient_id, portion) VALUES (7, 6, 5);

INSERT INTO Recipe_Ingredient (recipe_id, ingredient_id, portion) VALUES (7, 189, 5);

INSERT INTO Recipe_Ingredient (recipe_id, ingredient_id, portion) VALUES (7, 122, 5);

INSERT INTO Recipe_Ingredient (recipe_id, ingredient_id, portion) VALUES (7, 90, 7);

INSERT INTO Recipe_Thematic_Unit (recipe_id, thematic_unit_id) VALUES (7, 10);

INSERT INTO Recipe (recipe_type, name, national_cuisine_id, difficulty_level, description, tip1, tip2, cooking_time, prep_time, portions, basic_ingredient_id, image_id) VALUES ('pastry', 'Spaghetti', 2, 5, 'Media rather thank popular whom suddenly minute. By process choose. Occur conference half two.', 'you need a lot of time', 'you need an oven', 18, 19, 6, 155, 36);

INSERT INTO Step (recipe_id, order_number, description) VALUES (8, 1, 'Girl watch tough work group hope.');

INSERT INTO Nutritional_Info (recipe_id, fat_per_portion, carbs_per_portion, protein_per_portion) VALUES (8, 135, 145, 178);

INSERT INTO Recipe_Meal_Type (recipe_id, meal_type_id) VALUES (8, 6);

INSERT INTO Recipe_Meal_Type (recipe_id, meal_type_id) VALUES (8, 4);

INSERT INTO Recipe_Label (recipe_id, label_id) VALUES (8, 4);

INSERT INTO Recipe_Label (recipe_id, label_id) VALUES (8, 1);

INSERT INTO Recipe_Label (recipe_id, label_id) VALUES (8, 2);

INSERT INTO Recipe_Label (recipe_id, label_id) VALUES (8, 6);

INSERT INTO Recipe_Equipment (recipe_id, equipment_id) VALUES (8, 48);

INSERT INTO Recipe_Equipment (recipe_id, equipment_id) VALUES (8, 47);

INSERT INTO Recipe_Equipment (recipe_id, equipment_id) VALUES (8, 33);

INSERT INTO Recipe_Equipment (recipe_id, equipment_id) VALUES (8, 49);

INSERT INTO Recipe_Equipment (recipe_id, equipment_id) VALUES (8, 46);

INSERT INTO Recipe_Equipment (recipe_id, equipment_id) VALUES (8, 22);

INSERT INTO Recipe_Equipment (recipe_id, equipment_id) VALUES (8, 20);

INSERT INTO Recipe_Equipment (recipe_id, equipment_id) VALUES (8, 41);

INSERT INTO Recipe_Equipment (recipe_id, equipment_id) VALUES (8, 8);

INSERT INTO Recipe_Equipment (recipe_id, equipment_id) VALUES (8, 23);

INSERT INTO Recipe_Ingredient (recipe_id, ingredient_id, portion) VALUES (8, 27, 6);

INSERT INTO Recipe_Ingredient (recipe_id, ingredient_id, portion) VALUES (8, 121, 4);

INSERT INTO Recipe_Ingredient (recipe_id, ingredient_id, portion) VALUES (8, 25, 8);

INSERT INTO Recipe_Ingredient (recipe_id, ingredient_id, portion) VALUES (8, 155, 7);

INSERT INTO Recipe_Thematic_Unit (recipe_id, thematic_unit_id) VALUES (8, 8);

INSERT INTO Recipe_Thematic_Unit (recipe_id, thematic_unit_id) VALUES (8, 9);

INSERT INTO Recipe_Thematic_Unit (recipe_id, thematic_unit_id) VALUES (8, 10);

INSERT INTO Recipe (recipe_type, name, national_cuisine_id, difficulty_level, description, tip1, tip2, cooking_time, prep_time, portions, basic_ingredient_id, image_id) VALUES ('pastry', 'Scones', 2, 4, 'Book produce language station well environment. Seem degree smile me natural one.', 'better with butter instead of milk', 'better with feta cheese', 22, 23, 1, 56, 37);

INSERT INTO Step (recipe_id, order_number, description) VALUES (9, 1, 'Hope truth world up.');

INSERT INTO Step (recipe_id, order_number, description) VALUES (9, 2, 'Sell population herself together.');

INSERT INTO Step (recipe_id, order_number, description) VALUES (9, 3, 'Avoid front pretty.');

INSERT INTO Step (recipe_id, order_number, description) VALUES (9, 4, 'Point party white speech lead yard.');

INSERT INTO Step (recipe_id, order_number, description) VALUES (9, 5, 'Pull another or better news.');

INSERT INTO Step (recipe_id, order_number, description) VALUES (9, 6, 'Memory through she raise.');

INSERT INTO Nutritional_Info (recipe_id, fat_per_portion, carbs_per_portion, protein_per_portion) VALUES (9, 164, 100, 246);

INSERT INTO Recipe_Meal_Type (recipe_id, meal_type_id) VALUES (9, 4);

INSERT INTO Recipe_Meal_Type (recipe_id, meal_type_id) VALUES (9, 1);

INSERT INTO Recipe_Meal_Type (recipe_id, meal_type_id) VALUES (9, 6);

INSERT INTO Recipe_Label (recipe_id, label_id) VALUES (9, 1);

INSERT INTO Recipe_Label (recipe_id, label_id) VALUES (9, 6);

INSERT INTO Recipe_Label (recipe_id, label_id) VALUES (9, 7);

INSERT INTO Recipe_Label (recipe_id, label_id) VALUES (9, 10);

INSERT INTO Recipe_Equipment (recipe_id, equipment_id) VALUES (9, 20);

INSERT INTO Recipe_Equipment (recipe_id, equipment_id) VALUES (9, 14);

INSERT INTO Recipe_Equipment (recipe_id, equipment_id) VALUES (9, 10);

INSERT INTO Recipe_Equipment (recipe_id, equipment_id) VALUES (9, 41);

INSERT INTO Recipe_Equipment (recipe_id, equipment_id) VALUES (9, 42);

INSERT INTO Recipe_Equipment (recipe_id, equipment_id) VALUES (9, 29);

INSERT INTO Recipe_Ingredient (recipe_id, ingredient_id, portion) VALUES (9, 180, 4);

INSERT INTO Recipe_Ingredient (recipe_id, ingredient_id, portion) VALUES (9, 100, 7);

INSERT INTO Recipe_Ingredient (recipe_id, ingredient_id, portion) VALUES (9, 4, 8);

INSERT INTO Recipe_Ingredient (recipe_id, ingredient_id, portion) VALUES (9, 50, 6);

INSERT INTO Recipe_Ingredient (recipe_id, ingredient_id, portion) VALUES (9, 169, 5);

INSERT INTO Recipe_Ingredient (recipe_id, ingredient_id, portion) VALUES (9, 196, 3);

INSERT INTO Recipe_Ingredient (recipe_id, ingredient_id, portion) VALUES (9, 139, 8);

INSERT INTO Recipe_Ingredient (recipe_id, ingredient_id, portion) VALUES (9, 119, 7);

INSERT INTO Recipe_Ingredient (recipe_id, ingredient_id, portion) VALUES (9, 166, 6);

INSERT INTO Recipe_Ingredient (recipe_id, ingredient_id, portion) VALUES (9, 56, 3);

INSERT INTO Recipe_Thematic_Unit (recipe_id, thematic_unit_id) VALUES (9, 10);

INSERT INTO Recipe (recipe_type, name, national_cuisine_id, difficulty_level, description, tip1, tip2, tip3, cooking_time, prep_time, portions, basic_ingredient_id, image_id) VALUES ('pastry', 'Pizza', 2, 1, 'My chair view social. Before record time ahead hour. Right stop page just president.', 'good with honey', 'it needs a fridge', 'you need an oven', 91, 40, 6, 31, 38);

INSERT INTO Step (recipe_id, order_number, description) VALUES (10, 1, 'Authority her nice spring new bad at.');

INSERT INTO Step (recipe_id, order_number, description) VALUES (10, 2, 'Lay world red remember democratic spring.');

INSERT INTO Step (recipe_id, order_number, description) VALUES (10, 3, 'Radio argue bank stop.');

INSERT INTO Step (recipe_id, order_number, description) VALUES (10, 4, 'Join religious follow those especially standard notice.');

INSERT INTO Nutritional_Info (recipe_id, fat_per_portion, carbs_per_portion, protein_per_portion) VALUES (10, 244, 80, 85);

INSERT INTO Recipe_Meal_Type (recipe_id, meal_type_id) VALUES (10, 1);

INSERT INTO Recipe_Meal_Type (recipe_id, meal_type_id) VALUES (10, 6);

INSERT INTO Recipe_Label (recipe_id, label_id) VALUES (10, 8);

INSERT INTO Recipe_Label (recipe_id, label_id) VALUES (10, 4);

INSERT INTO Recipe_Label (recipe_id, label_id) VALUES (10, 2);

INSERT INTO Recipe_Equipment (recipe_id, equipment_id) VALUES (10, 41);

INSERT INTO Recipe_Equipment (recipe_id, equipment_id) VALUES (10, 44);

INSERT INTO Recipe_Ingredient (recipe_id, ingredient_id, portion) VALUES (10, 44, 5);

INSERT INTO Recipe_Ingredient (recipe_id, ingredient_id, portion) VALUES (10, 31, 2);

INSERT INTO Recipe_Thematic_Unit (recipe_id, thematic_unit_id) VALUES (10, 5);

INSERT INTO Recipe_Thematic_Unit (recipe_id, thematic_unit_id) VALUES (10, 12);

INSERT INTO Recipe_Thematic_Unit (recipe_id, thematic_unit_id) VALUES (10, 2);

INSERT INTO Recipe (recipe_type, name, national_cuisine_id, difficulty_level, description, tip1, tip2, tip3, cooking_time, prep_time, portions, basic_ingredient_id, image_id) VALUES ('cooking', 'Stir-Fry', 3, 3, 'Task score perform what force. Generation buy reason worry its enough vote. Contain fast strategy every price treat job.', 'better with a blender', 'it needs a fridge', 'you can store iy outside the fridge', 68, 11, 3, 49, 39);

INSERT INTO Step (recipe_id, order_number, description) VALUES (11, 1, 'Single strong receive cultural become born.');

INSERT INTO Step (recipe_id, order_number, description) VALUES (11, 2, 'Down leader want write.');

INSERT INTO Step (recipe_id, order_number, description) VALUES (11, 3, 'Trial environment people edge.');

INSERT INTO Step (recipe_id, order_number, description) VALUES (11, 4, 'Peace attention perhaps sometimes.');

INSERT INTO Step (recipe_id, order_number, description) VALUES (11, 5, 'Begin research somebody put everyone.');

INSERT INTO Nutritional_Info (recipe_id, fat_per_portion, carbs_per_portion, protein_per_portion) VALUES (11, 360, 130, 170);

INSERT INTO Recipe_Meal_Type (recipe_id, meal_type_id) VALUES (11, 2);

INSERT INTO Recipe_Meal_Type (recipe_id, meal_type_id) VALUES (11, 6);

INSERT INTO Recipe_Meal_Type (recipe_id, meal_type_id) VALUES (11, 3);

INSERT INTO Recipe_Label (recipe_id, label_id) VALUES (11, 7);

INSERT INTO Recipe_Label (recipe_id, label_id) VALUES (11, 10);

INSERT INTO Recipe_Label (recipe_id, label_id) VALUES (11, 4);

INSERT INTO Recipe_Label (recipe_id, label_id) VALUES (11, 1);

INSERT INTO Recipe_Equipment (recipe_id, equipment_id) VALUES (11, 19);

INSERT INTO Recipe_Equipment (recipe_id, equipment_id) VALUES (11, 40);

INSERT INTO Recipe_Equipment (recipe_id, equipment_id) VALUES (11, 27);

INSERT INTO Recipe_Equipment (recipe_id, equipment_id) VALUES (11, 2);

INSERT INTO Recipe_Equipment (recipe_id, equipment_id) VALUES (11, 38);

INSERT INTO Recipe_Equipment (recipe_id, equipment_id) VALUES (11, 17);

INSERT INTO Recipe_Equipment (recipe_id, equipment_id) VALUES (11, 35);

INSERT INTO Recipe_Equipment (recipe_id, equipment_id) VALUES (11, 16);

INSERT INTO Recipe_Ingredient (recipe_id, ingredient_id, portion) VALUES (11, 90, 5);

INSERT INTO Recipe_Ingredient (recipe_id, ingredient_id, portion) VALUES (11, 170, 3);

INSERT INTO Recipe_Ingredient (recipe_id, ingredient_id, portion) VALUES (11, 3, 4);

INSERT INTO Recipe_Ingredient (recipe_id, ingredient_id, portion) VALUES (11, 172, 7);

INSERT INTO Recipe_Ingredient (recipe_id, ingredient_id, portion) VALUES (11, 128, 7);

INSERT INTO Recipe_Ingredient (recipe_id, ingredient_id, portion) VALUES (11, 125, 3);

INSERT INTO Recipe_Ingredient (recipe_id, ingredient_id, portion) VALUES (11, 190, 6);

INSERT INTO Recipe_Ingredient (recipe_id, ingredient_id, portion) VALUES (11, 165, 2);

INSERT INTO Recipe_Ingredient (recipe_id, ingredient_id, portion) VALUES (11, 112, 3);

INSERT INTO Recipe_Ingredient (recipe_id, ingredient_id, portion) VALUES (11, 6, 6);

INSERT INTO Recipe_Ingredient (recipe_id, ingredient_id, portion) VALUES (11, 47, 5);

INSERT INTO Recipe_Ingredient (recipe_id, ingredient_id, portion) VALUES (11, 137, 6);

INSERT INTO Recipe_Ingredient (recipe_id, ingredient_id, portion) VALUES (11, 147, 3);

INSERT INTO Recipe_Ingredient (recipe_id, ingredient_id, portion) VALUES (11, 45, 3);

INSERT INTO Recipe_Ingredient (recipe_id, ingredient_id, portion) VALUES (11, 171, 7);

INSERT INTO Recipe_Ingredient (recipe_id, ingredient_id, portion) VALUES (11, 42, 5);

INSERT INTO Recipe_Ingredient (recipe_id, ingredient_id, portion) VALUES (11, 9, 5);

INSERT INTO Recipe_Ingredient (recipe_id, ingredient_id, portion) VALUES (11, 159, 2);

INSERT INTO Recipe_Ingredient (recipe_id, ingredient_id, portion) VALUES (11, 136, 5);

INSERT INTO Recipe_Ingredient (recipe_id, ingredient_id, portion) VALUES (11, 49, 1);

INSERT INTO Recipe_Thematic_Unit (recipe_id, thematic_unit_id) VALUES (11, 3);

INSERT INTO Recipe (recipe_type, name, national_cuisine_id, difficulty_level, description, tip1, cooking_time, prep_time, portions, basic_ingredient_id, image_id) VALUES ('cooking', 'Rustic Italian Tortellini Soup', 3, 2, 'Begin course trade hair boy rock song. Bag effect hand party. Outside make unit along recent show.', 'better with feta cheese', 123, 2, 7, 4, 40);

INSERT INTO Step (recipe_id, order_number, description) VALUES (12, 1, 'Imagine red report pretty choice leader song leave.');

INSERT INTO Step (recipe_id, order_number, description) VALUES (12, 2, 'Get help country person mother ability population.');

INSERT INTO Step (recipe_id, order_number, description) VALUES (12, 3, 'Budget fish program natural despite decision.');

INSERT INTO Nutritional_Info (recipe_id, fat_per_portion, carbs_per_portion, protein_per_portion) VALUES (12, 213, 184, 247);

INSERT INTO Recipe_Meal_Type (recipe_id, meal_type_id) VALUES (12, 2);

INSERT INTO Recipe_Label (recipe_id, label_id) VALUES (12, 6);

INSERT INTO Recipe_Label (recipe_id, label_id) VALUES (12, 8);

INSERT INTO Recipe_Label (recipe_id, label_id) VALUES (12, 10);

INSERT INTO Recipe_Equipment (recipe_id, equipment_id) VALUES (12, 47);

INSERT INTO Recipe_Equipment (recipe_id, equipment_id) VALUES (12, 25);

INSERT INTO Recipe_Equipment (recipe_id, equipment_id) VALUES (12, 15);

INSERT INTO Recipe_Ingredient (recipe_id, ingredient_id, portion) VALUES (12, 130, 3);

INSERT INTO Recipe_Ingredient (recipe_id, ingredient_id, portion) VALUES (12, 160, 1);

INSERT INTO Recipe_Ingredient (recipe_id, ingredient_id, portion) VALUES (12, 194, 5);

INSERT INTO Recipe_Ingredient (recipe_id, ingredient_id, portion) VALUES (12, 180, 5);

INSERT INTO Recipe_Ingredient (recipe_id, ingredient_id, portion) VALUES (12, 172, 3);

INSERT INTO Recipe_Ingredient (recipe_id, ingredient_id, portion) VALUES (12, 105, 4);

INSERT INTO Recipe_Ingredient (recipe_id, ingredient_id, portion) VALUES (12, 68, 4);

INSERT INTO Recipe_Ingredient (recipe_id, ingredient_id, portion) VALUES (12, 100, 8);

INSERT INTO Recipe_Ingredient (recipe_id, ingredient_id, portion) VALUES (12, 153, 4);

INSERT INTO Recipe_Ingredient (recipe_id, ingredient_id, portion) VALUES (12, 110, 4);

INSERT INTO Recipe_Ingredient (recipe_id, ingredient_id, portion) VALUES (12, 135, 6);

INSERT INTO Recipe_Ingredient (recipe_id, ingredient_id, portion) VALUES (12, 145, 4);

INSERT INTO Recipe_Ingredient (recipe_id, ingredient_id, portion) VALUES (12, 146, 2);

INSERT INTO Recipe_Ingredient (recipe_id, ingredient_id, portion) VALUES (12, 77, 8);

INSERT INTO Recipe_Ingredient (recipe_id, ingredient_id, portion) VALUES (12, 161, 5);

INSERT INTO Recipe_Ingredient (recipe_id, ingredient_id, portion) VALUES (12, 141, 3);

INSERT INTO Recipe_Ingredient (recipe_id, ingredient_id, portion) VALUES (12, 40, 3);

INSERT INTO Recipe_Ingredient (recipe_id, ingredient_id, portion) VALUES (12, 4, 4);

INSERT INTO Recipe_Thematic_Unit (recipe_id, thematic_unit_id) VALUES (12, 4);

INSERT INTO Recipe_Thematic_Unit (recipe_id, thematic_unit_id) VALUES (12, 10);

INSERT INTO Recipe (recipe_type, name, national_cuisine_id, difficulty_level, description, tip1, cooking_time, prep_time, portions, basic_ingredient_id, image_id) VALUES ('pastry', 'Swedish Meatballs', 3, 2, 'North wonder tough form quickly me. Morning age nor stay. Century large teach conference.', 'you have to be careful not to let it get stack', 74, 1, 6, 125, 41);

INSERT INTO Step (recipe_id, order_number, description) VALUES (13, 1, 'Ahead certain current fear story Republican director.');

INSERT INTO Step (recipe_id, order_number, description) VALUES (13, 2, 'Yes memory scene data interview.');

INSERT INTO Step (recipe_id, order_number, description) VALUES (13, 3, 'The culture any gas.');

INSERT INTO Step (recipe_id, order_number, description) VALUES (13, 4, 'Citizen road those two describe imagine.');

INSERT INTO Step (recipe_id, order_number, description) VALUES (13, 5, 'Executive newspaper like continue.');

INSERT INTO Step (recipe_id, order_number, description) VALUES (13, 6, 'Everyone moment free.');

INSERT INTO Step (recipe_id, order_number, description) VALUES (13, 7, 'Through certain table book attorney management real join.');

INSERT INTO Step (recipe_id, order_number, description) VALUES (13, 8, 'Peace play Democrat.');

INSERT INTO Nutritional_Info (recipe_id, fat_per_portion, carbs_per_portion, protein_per_portion) VALUES (13, 309, 47, 145);

INSERT INTO Recipe_Meal_Type (recipe_id, meal_type_id) VALUES (13, 4);

INSERT INTO Recipe_Meal_Type (recipe_id, meal_type_id) VALUES (13, 6);

INSERT INTO Recipe_Meal_Type (recipe_id, meal_type_id) VALUES (13, 2);

INSERT INTO Recipe_Label (recipe_id, label_id) VALUES (13, 2);

INSERT INTO Recipe_Label (recipe_id, label_id) VALUES (13, 9);

INSERT INTO Recipe_Label (recipe_id, label_id) VALUES (13, 5);

INSERT INTO Recipe_Equipment (recipe_id, equipment_id) VALUES (13, 32);

INSERT INTO Recipe_Equipment (recipe_id, equipment_id) VALUES (13, 21);

INSERT INTO Recipe_Equipment (recipe_id, equipment_id) VALUES (13, 45);

INSERT INTO Recipe_Equipment (recipe_id, equipment_id) VALUES (13, 4);

INSERT INTO Recipe_Equipment (recipe_id, equipment_id) VALUES (13, 33);

INSERT INTO Recipe_Equipment (recipe_id, equipment_id) VALUES (13, 2);

INSERT INTO Recipe_Equipment (recipe_id, equipment_id) VALUES (13, 34);

INSERT INTO Recipe_Equipment (recipe_id, equipment_id) VALUES (13, 40);

INSERT INTO Recipe_Ingredient (recipe_id, ingredient_id, portion) VALUES (13, 56, 7);

INSERT INTO Recipe_Ingredient (recipe_id, ingredient_id, portion) VALUES (13, 150, 3);

INSERT INTO Recipe_Ingredient (recipe_id, ingredient_id, portion) VALUES (13, 98, 6);

INSERT INTO Recipe_Ingredient (recipe_id, ingredient_id, portion) VALUES (13, 163, 6);

INSERT INTO Recipe_Ingredient (recipe_id, ingredient_id, portion) VALUES (13, 34, 6);

INSERT INTO Recipe_Ingredient (recipe_id, ingredient_id, portion) VALUES (13, 147, 1);

INSERT INTO Recipe_Ingredient (recipe_id, ingredient_id, portion) VALUES (13, 135, 4);

INSERT INTO Recipe_Ingredient (recipe_id, ingredient_id, portion) VALUES (13, 153, 6);

INSERT INTO Recipe_Ingredient (recipe_id, ingredient_id, portion) VALUES (13, 170, 6);

INSERT INTO Recipe_Ingredient (recipe_id, ingredient_id, portion) VALUES (13, 89, 5);

INSERT INTO Recipe_Ingredient (recipe_id, ingredient_id, portion) VALUES (13, 125, 4);

INSERT INTO Recipe_Thematic_Unit (recipe_id, thematic_unit_id) VALUES (13, 1);

INSERT INTO Recipe_Thematic_Unit (recipe_id, thematic_unit_id) VALUES (13, 6);

INSERT INTO Recipe_Thematic_Unit (recipe_id, thematic_unit_id) VALUES (13, 3);

INSERT INTO Recipe (recipe_type, name, national_cuisine_id, difficulty_level, description, tip1, tip2, tip3, cooking_time, prep_time, portions, basic_ingredient_id, image_id) VALUES ('cooking', 'Barley Beef Skillet', 3, 1, 'Entire ok approach key top newspaper. Ever true author newspaper million natural soldier.', 'better with slow cooking', 'better with gloves', 'good with honey', 19, 45, 1, 51, 42);

INSERT INTO Step (recipe_id, order_number, description) VALUES (14, 1, 'Hair follow site such recent store close.');

INSERT INTO Step (recipe_id, order_number, description) VALUES (14, 2, 'Likely center generation energy make.');

INSERT INTO Step (recipe_id, order_number, description) VALUES (14, 3, 'Do executive realize.');

INSERT INTO Nutritional_Info (recipe_id, fat_per_portion, carbs_per_portion, protein_per_portion) VALUES (14, 118, 130, 228);

INSERT INTO Recipe_Meal_Type (recipe_id, meal_type_id) VALUES (14, 3);

INSERT INTO Recipe_Meal_Type (recipe_id, meal_type_id) VALUES (14, 1);

INSERT INTO Recipe_Meal_Type (recipe_id, meal_type_id) VALUES (14, 2);

INSERT INTO Recipe_Label (recipe_id, label_id) VALUES (14, 5);

INSERT INTO Recipe_Label (recipe_id, label_id) VALUES (14, 10);

INSERT INTO Recipe_Equipment (recipe_id, equipment_id) VALUES (14, 31);

INSERT INTO Recipe_Equipment (recipe_id, equipment_id) VALUES (14, 36);

INSERT INTO Recipe_Equipment (recipe_id, equipment_id) VALUES (14, 47);

INSERT INTO Recipe_Equipment (recipe_id, equipment_id) VALUES (14, 28);

INSERT INTO Recipe_Equipment (recipe_id, equipment_id) VALUES (14, 24);

INSERT INTO Recipe_Ingredient (recipe_id, ingredient_id, portion) VALUES (14, 199, 5);

INSERT INTO Recipe_Ingredient (recipe_id, ingredient_id, portion) VALUES (14, 167, 3);

INSERT INTO Recipe_Ingredient (recipe_id, ingredient_id, portion) VALUES (14, 134, 5);

INSERT INTO Recipe_Ingredient (recipe_id, ingredient_id, portion) VALUES (14, 159, 4);

INSERT INTO Recipe_Ingredient (recipe_id, ingredient_id, portion) VALUES (14, 51, 1);

INSERT INTO Recipe_Thematic_Unit (recipe_id, thematic_unit_id) VALUES (14, 6);

INSERT INTO Recipe_Thematic_Unit (recipe_id, thematic_unit_id) VALUES (14, 4);

INSERT INTO Recipe_Thematic_Unit (recipe_id, thematic_unit_id) VALUES (14, 2);

INSERT INTO Recipe (recipe_type, name, national_cuisine_id, difficulty_level, description, tip1, tip2, tip3, cooking_time, prep_time, portions, basic_ingredient_id, image_id) VALUES ('pastry', 'Southwest Beef & Rice Skillet', 3, 5, 'Lose enjoy reduce near bag affect eat suffer. Stay certain summer project key.', 'you need an oven', 'better after 2 days', 'you need salt', 98, 44, 6, 8, 43);

INSERT INTO Step (recipe_id, order_number, description) VALUES (15, 1, 'Attention approach white expert hope center.');

INSERT INTO Step (recipe_id, order_number, description) VALUES (15, 2, 'Return expert two forget nor.');

INSERT INTO Nutritional_Info (recipe_id, fat_per_portion, carbs_per_portion, protein_per_portion) VALUES (15, 72, 56, 168);

INSERT INTO Recipe_Meal_Type (recipe_id, meal_type_id) VALUES (15, 5);

INSERT INTO Recipe_Label (recipe_id, label_id) VALUES (15, 10);

INSERT INTO Recipe_Label (recipe_id, label_id) VALUES (15, 4);

INSERT INTO Recipe_Label (recipe_id, label_id) VALUES (15, 1);

INSERT INTO Recipe_Label (recipe_id, label_id) VALUES (15, 2);

INSERT INTO Recipe_Equipment (recipe_id, equipment_id) VALUES (15, 8);

INSERT INTO Recipe_Equipment (recipe_id, equipment_id) VALUES (15, 31);

INSERT INTO Recipe_Equipment (recipe_id, equipment_id) VALUES (15, 43);

INSERT INTO Recipe_Equipment (recipe_id, equipment_id) VALUES (15, 10);

INSERT INTO Recipe_Equipment (recipe_id, equipment_id) VALUES (15, 4);

INSERT INTO Recipe_Equipment (recipe_id, equipment_id) VALUES (15, 19);

INSERT INTO Recipe_Equipment (recipe_id, equipment_id) VALUES (15, 6);

INSERT INTO Recipe_Equipment (recipe_id, equipment_id) VALUES (15, 49);

INSERT INTO Recipe_Equipment (recipe_id, equipment_id) VALUES (15, 34);

INSERT INTO Recipe_Ingredient (recipe_id, ingredient_id, portion) VALUES (15, 105, 5);

INSERT INTO Recipe_Ingredient (recipe_id, ingredient_id, portion) VALUES (15, 62, 1);

INSERT INTO Recipe_Ingredient (recipe_id, ingredient_id, portion) VALUES (15, 195, 8);

INSERT INTO Recipe_Ingredient (recipe_id, ingredient_id, portion) VALUES (15, 18, 2);

INSERT INTO Recipe_Ingredient (recipe_id, ingredient_id, portion) VALUES (15, 106, 4);

INSERT INTO Recipe_Ingredient (recipe_id, ingredient_id, portion) VALUES (15, 7, 8);

INSERT INTO Recipe_Ingredient (recipe_id, ingredient_id, portion) VALUES (15, 183, 5);

INSERT INTO Recipe_Ingredient (recipe_id, ingredient_id, portion) VALUES (15, 90, 3);

INSERT INTO Recipe_Ingredient (recipe_id, ingredient_id, portion) VALUES (15, 14, 3);

INSERT INTO Recipe_Ingredient (recipe_id, ingredient_id, portion) VALUES (15, 161, 1);

INSERT INTO Recipe_Ingredient (recipe_id, ingredient_id, portion) VALUES (15, 144, 3);

INSERT INTO Recipe_Ingredient (recipe_id, ingredient_id, portion) VALUES (15, 34, 6);

INSERT INTO Recipe_Ingredient (recipe_id, ingredient_id, portion) VALUES (15, 8, 3);

INSERT INTO Recipe_Thematic_Unit (recipe_id, thematic_unit_id) VALUES (15, 14);

INSERT INTO Recipe_Thematic_Unit (recipe_id, thematic_unit_id) VALUES (15, 12);

INSERT INTO Recipe_Thematic_Unit (recipe_id, thematic_unit_id) VALUES (15, 15);

INSERT INTO Recipe (recipe_type, name, national_cuisine_id, difficulty_level, description, tip1, tip2, cooking_time, prep_time, portions, basic_ingredient_id, image_id) VALUES ('pastry', 'Glazed Pork Chops with Corn Bread Dressing', 4, 4, 'Entire according chair. Baby some need in no benefit only. Worker occur home act.', 'it needs a fridge', 'you need a lot of time', 41, 44, 2, 109, 44);

INSERT INTO Step (recipe_id, order_number, description) VALUES (16, 1, 'Itself identify very life what.');

INSERT INTO Step (recipe_id, order_number, description) VALUES (16, 2, 'Western eight room after whole.');

INSERT INTO Step (recipe_id, order_number, description) VALUES (16, 3, 'Effort show sort development break citizen.');

INSERT INTO Step (recipe_id, order_number, description) VALUES (16, 4, 'Personal thought present suddenly business your.');

INSERT INTO Step (recipe_id, order_number, description) VALUES (16, 5, 'Senior card watch talk participant phone live.');

INSERT INTO Step (recipe_id, order_number, description) VALUES (16, 6, 'Hospital degree training.');

INSERT INTO Step (recipe_id, order_number, description) VALUES (16, 7, 'Foot sort radio skin act million.');

INSERT INTO Nutritional_Info (recipe_id, fat_per_portion, carbs_per_portion, protein_per_portion) VALUES (16, 269, 195, 230);

INSERT INTO Recipe_Meal_Type (recipe_id, meal_type_id) VALUES (16, 6);

INSERT INTO Recipe_Meal_Type (recipe_id, meal_type_id) VALUES (16, 4);

INSERT INTO Recipe_Label (recipe_id, label_id) VALUES (16, 5);

INSERT INTO Recipe_Label (recipe_id, label_id) VALUES (16, 6);

INSERT INTO Recipe_Label (recipe_id, label_id) VALUES (16, 1);

INSERT INTO Recipe_Label (recipe_id, label_id) VALUES (16, 9);

INSERT INTO Recipe_Equipment (recipe_id, equipment_id) VALUES (16, 28);

INSERT INTO Recipe_Equipment (recipe_id, equipment_id) VALUES (16, 26);

INSERT INTO Recipe_Equipment (recipe_id, equipment_id) VALUES (16, 6);

INSERT INTO Recipe_Equipment (recipe_id, equipment_id) VALUES (16, 50);

INSERT INTO Recipe_Equipment (recipe_id, equipment_id) VALUES (16, 9);

INSERT INTO Recipe_Equipment (recipe_id, equipment_id) VALUES (16, 46);

INSERT INTO Recipe_Equipment (recipe_id, equipment_id) VALUES (16, 40);

INSERT INTO Recipe_Ingredient (recipe_id, ingredient_id, portion) VALUES (16, 120, 5);

INSERT INTO Recipe_Ingredient (recipe_id, ingredient_id, portion) VALUES (16, 83, 3);

INSERT INTO Recipe_Ingredient (recipe_id, ingredient_id, portion) VALUES (16, 106, 1);

INSERT INTO Recipe_Ingredient (recipe_id, ingredient_id, portion) VALUES (16, 63, 4);

INSERT INTO Recipe_Ingredient (recipe_id, ingredient_id, portion) VALUES (16, 154, 3);

INSERT INTO Recipe_Ingredient (recipe_id, ingredient_id, portion) VALUES (16, 85, 4);

INSERT INTO Recipe_Ingredient (recipe_id, ingredient_id, portion) VALUES (16, 39, 7);

INSERT INTO Recipe_Ingredient (recipe_id, ingredient_id, portion) VALUES (16, 194, 2);

INSERT INTO Recipe_Ingredient (recipe_id, ingredient_id, portion) VALUES (16, 140, 1);

INSERT INTO Recipe_Ingredient (recipe_id, ingredient_id, portion) VALUES (16, 186, 6);

INSERT INTO Recipe_Ingredient (recipe_id, ingredient_id, portion) VALUES (16, 181, 7);

INSERT INTO Recipe_Ingredient (recipe_id, ingredient_id, portion) VALUES (16, 165, 7);

INSERT INTO Recipe_Ingredient (recipe_id, ingredient_id, portion) VALUES (16, 37, 1);

INSERT INTO Recipe_Ingredient (recipe_id, ingredient_id, portion) VALUES (16, 4, 8);

INSERT INTO Recipe_Ingredient (recipe_id, ingredient_id, portion) VALUES (16, 102, 3);

INSERT INTO Recipe_Ingredient (recipe_id, ingredient_id, portion) VALUES (16, 125, 2);

INSERT INTO Recipe_Ingredient (recipe_id, ingredient_id, portion) VALUES (16, 137, 6);

INSERT INTO Recipe_Ingredient (recipe_id, ingredient_id, portion) VALUES (16, 109, 5);

INSERT INTO Recipe_Thematic_Unit (recipe_id, thematic_unit_id) VALUES (16, 8);

INSERT INTO Recipe_Thematic_Unit (recipe_id, thematic_unit_id) VALUES (16, 5);

INSERT INTO Recipe (recipe_type, name, national_cuisine_id, difficulty_level, description, tip1, tip2, cooking_time, prep_time, portions, basic_ingredient_id, image_id) VALUES ('cooking', 'Fried Rice', 4, 4, 'Democrat sort structure letter system. Summer factor parent drug determine four true. Most finally game without writer call process message.', 'you need salt', 'better after 2 days', 117, 4, 8, 47, 45);

INSERT INTO Step (recipe_id, order_number, description) VALUES (17, 1, 'Public culture poor use both shoulder.');

INSERT INTO Step (recipe_id, order_number, description) VALUES (17, 2, 'Reflect lot six whole myself do standard.');

INSERT INTO Step (recipe_id, order_number, description) VALUES (17, 3, 'Security inside civil size.');

INSERT INTO Step (recipe_id, order_number, description) VALUES (17, 4, 'Enter truth against now food.');

INSERT INTO Step (recipe_id, order_number, description) VALUES (17, 5, 'Worker discover board turn involve.');

INSERT INTO Nutritional_Info (recipe_id, fat_per_portion, carbs_per_portion, protein_per_portion) VALUES (17, 164, 110, 41);

INSERT INTO Recipe_Meal_Type (recipe_id, meal_type_id) VALUES (17, 1);

INSERT INTO Recipe_Meal_Type (recipe_id, meal_type_id) VALUES (17, 4);

INSERT INTO Recipe_Label (recipe_id, label_id) VALUES (17, 3);

INSERT INTO Recipe_Label (recipe_id, label_id) VALUES (17, 9);

INSERT INTO Recipe_Equipment (recipe_id, equipment_id) VALUES (17, 39);

INSERT INTO Recipe_Ingredient (recipe_id, ingredient_id, portion) VALUES (17, 100, 3);

INSERT INTO Recipe_Ingredient (recipe_id, ingredient_id, portion) VALUES (17, 149, 8);

INSERT INTO Recipe_Ingredient (recipe_id, ingredient_id, portion) VALUES (17, 24, 5);

INSERT INTO Recipe_Ingredient (recipe_id, ingredient_id, portion) VALUES (17, 57, 8);

INSERT INTO Recipe_Ingredient (recipe_id, ingredient_id, portion) VALUES (17, 72, 4);

INSERT INTO Recipe_Ingredient (recipe_id, ingredient_id, portion) VALUES (17, 163, 1);

INSERT INTO Recipe_Ingredient (recipe_id, ingredient_id, portion) VALUES (17, 26, 1);

INSERT INTO Recipe_Ingredient (recipe_id, ingredient_id, portion) VALUES (17, 162, 4);

INSERT INTO Recipe_Ingredient (recipe_id, ingredient_id, portion) VALUES (17, 157, 6);

INSERT INTO Recipe_Ingredient (recipe_id, ingredient_id, portion) VALUES (17, 47, 3);

INSERT INTO Recipe_Thematic_Unit (recipe_id, thematic_unit_id) VALUES (17, 11);

INSERT INTO Recipe_Thematic_Unit (recipe_id, thematic_unit_id) VALUES (17, 13);

INSERT INTO Recipe_Thematic_Unit (recipe_id, thematic_unit_id) VALUES (17, 5);

INSERT INTO Recipe (recipe_type, name, national_cuisine_id, difficulty_level, description, tip1, cooking_time, prep_time, portions, basic_ingredient_id, image_id) VALUES ('cooking', 'Zesty Sausage & Beans', 4, 3, 'Improve get minute create.', 'you need a lot of time', 28, 30, 8, 120, 46);

INSERT INTO Step (recipe_id, order_number, description) VALUES (18, 1, 'Reason answer involve still economic clearly follow.');

INSERT INTO Step (recipe_id, order_number, description) VALUES (18, 2, 'Toward by not spring edge he.');

INSERT INTO Nutritional_Info (recipe_id, fat_per_portion, carbs_per_portion, protein_per_portion) VALUES (18, 106, 60, 242);

INSERT INTO Recipe_Meal_Type (recipe_id, meal_type_id) VALUES (18, 6);

INSERT INTO Recipe_Label (recipe_id, label_id) VALUES (18, 1);

INSERT INTO Recipe_Label (recipe_id, label_id) VALUES (18, 4);

INSERT INTO Recipe_Label (recipe_id, label_id) VALUES (18, 7);

INSERT INTO Recipe_Equipment (recipe_id, equipment_id) VALUES (18, 44);

INSERT INTO Recipe_Equipment (recipe_id, equipment_id) VALUES (18, 18);

INSERT INTO Recipe_Equipment (recipe_id, equipment_id) VALUES (18, 30);

INSERT INTO Recipe_Equipment (recipe_id, equipment_id) VALUES (18, 35);

INSERT INTO Recipe_Equipment (recipe_id, equipment_id) VALUES (18, 1);

INSERT INTO Recipe_Equipment (recipe_id, equipment_id) VALUES (18, 37);

INSERT INTO Recipe_Equipment (recipe_id, equipment_id) VALUES (18, 23);

INSERT INTO Recipe_Equipment (recipe_id, equipment_id) VALUES (18, 33);

INSERT INTO Recipe_Equipment (recipe_id, equipment_id) VALUES (18, 14);

INSERT INTO Recipe_Ingredient (recipe_id, ingredient_id, portion) VALUES (18, 5, 5);

INSERT INTO Recipe_Ingredient (recipe_id, ingredient_id, portion) VALUES (18, 120, 5);

INSERT INTO Recipe_Thematic_Unit (recipe_id, thematic_unit_id) VALUES (18, 12);

INSERT INTO Recipe_Thematic_Unit (recipe_id, thematic_unit_id) VALUES (18, 2);

INSERT INTO Recipe_Thematic_Unit (recipe_id, thematic_unit_id) VALUES (18, 9);

INSERT INTO Recipe (recipe_type, name, national_cuisine_id, difficulty_level, description, tip1, cooking_time, prep_time, portions, basic_ingredient_id, image_id) VALUES ('pastry', 'Prosciutto Pasta Toss', 4, 2, 'Build show reveal could change talk few. Forward method growth language law reason probably.', 'you need small cups', 38, 21, 2, 26, 47);

INSERT INTO Step (recipe_id, order_number, description) VALUES (19, 1, 'Their trade this.');

INSERT INTO Step (recipe_id, order_number, description) VALUES (19, 2, 'Let wife occur bag then glass.');

INSERT INTO Step (recipe_id, order_number, description) VALUES (19, 3, 'Go big behavior shoulder.');

INSERT INTO Step (recipe_id, order_number, description) VALUES (19, 4, 'Serve across near movement sister small choose.');

INSERT INTO Nutritional_Info (recipe_id, fat_per_portion, carbs_per_portion, protein_per_portion) VALUES (19, 334, 40, 203);

INSERT INTO Recipe_Meal_Type (recipe_id, meal_type_id) VALUES (19, 5);

INSERT INTO Recipe_Meal_Type (recipe_id, meal_type_id) VALUES (19, 2);

INSERT INTO Recipe_Label (recipe_id, label_id) VALUES (19, 2);

INSERT INTO Recipe_Label (recipe_id, label_id) VALUES (19, 10);

INSERT INTO Recipe_Label (recipe_id, label_id) VALUES (19, 4);

INSERT INTO Recipe_Label (recipe_id, label_id) VALUES (19, 9);

INSERT INTO Recipe_Equipment (recipe_id, equipment_id) VALUES (19, 48);

INSERT INTO Recipe_Equipment (recipe_id, equipment_id) VALUES (19, 43);

INSERT INTO Recipe_Ingredient (recipe_id, ingredient_id, portion) VALUES (19, 56, 5);

INSERT INTO Recipe_Ingredient (recipe_id, ingredient_id, portion) VALUES (19, 28, 3);

INSERT INTO Recipe_Ingredient (recipe_id, ingredient_id, portion) VALUES (19, 59, 6);

INSERT INTO Recipe_Ingredient (recipe_id, ingredient_id, portion) VALUES (19, 20, 3);

INSERT INTO Recipe_Ingredient (recipe_id, ingredient_id, portion) VALUES (19, 131, 1);

INSERT INTO Recipe_Ingredient (recipe_id, ingredient_id, portion) VALUES (19, 74, 7);

INSERT INTO Recipe_Ingredient (recipe_id, ingredient_id, portion) VALUES (19, 99, 5);

INSERT INTO Recipe_Ingredient (recipe_id, ingredient_id, portion) VALUES (19, 19, 2);

INSERT INTO Recipe_Ingredient (recipe_id, ingredient_id, portion) VALUES (19, 160, 7);

INSERT INTO Recipe_Ingredient (recipe_id, ingredient_id, portion) VALUES (19, 8, 6);

INSERT INTO Recipe_Ingredient (recipe_id, ingredient_id, portion) VALUES (19, 6, 1);

INSERT INTO Recipe_Ingredient (recipe_id, ingredient_id, portion) VALUES (19, 159, 1);

INSERT INTO Recipe_Ingredient (recipe_id, ingredient_id, portion) VALUES (19, 147, 3);

INSERT INTO Recipe_Ingredient (recipe_id, ingredient_id, portion) VALUES (19, 104, 4);

INSERT INTO Recipe_Ingredient (recipe_id, ingredient_id, portion) VALUES (19, 107, 6);

INSERT INTO Recipe_Ingredient (recipe_id, ingredient_id, portion) VALUES (19, 63, 5);

INSERT INTO Recipe_Ingredient (recipe_id, ingredient_id, portion) VALUES (19, 29, 4);

INSERT INTO Recipe_Ingredient (recipe_id, ingredient_id, portion) VALUES (19, 62, 3);

INSERT INTO Recipe_Ingredient (recipe_id, ingredient_id, portion) VALUES (19, 26, 1);

INSERT INTO Recipe_Thematic_Unit (recipe_id, thematic_unit_id) VALUES (19, 7);

INSERT INTO Recipe (recipe_type, name, national_cuisine_id, difficulty_level, description, tip1, tip2, tip3, cooking_time, prep_time, portions, basic_ingredient_id, image_id) VALUES ('cooking', 'Cashew Chicken with Noodles', 4, 3, 'Others society answer add most medical necessary. Activity simple few table.', 'you need 2 people to make it', 'in the fridge for 3 days', 'you need small cups', 79, 29, 7, 82, 48);

INSERT INTO Step (recipe_id, order_number, description) VALUES (20, 1, 'Society issue forward various true.');

INSERT INTO Step (recipe_id, order_number, description) VALUES (20, 2, 'Policy once whether person water.');

INSERT INTO Step (recipe_id, order_number, description) VALUES (20, 3, 'Future three guy lose eight bring.');

INSERT INTO Step (recipe_id, order_number, description) VALUES (20, 4, 'Pressure central style quality story.');

INSERT INTO Step (recipe_id, order_number, description) VALUES (20, 5, 'Individual community glass sell.');

INSERT INTO Step (recipe_id, order_number, description) VALUES (20, 6, 'Voice chair him.');

INSERT INTO Nutritional_Info (recipe_id, fat_per_portion, carbs_per_portion, protein_per_portion) VALUES (20, 223, 187, 208);

INSERT INTO Recipe_Meal_Type (recipe_id, meal_type_id) VALUES (20, 3);

INSERT INTO Recipe_Meal_Type (recipe_id, meal_type_id) VALUES (20, 6);

INSERT INTO Recipe_Label (recipe_id, label_id) VALUES (20, 6);

INSERT INTO Recipe_Equipment (recipe_id, equipment_id) VALUES (20, 17);

INSERT INTO Recipe_Equipment (recipe_id, equipment_id) VALUES (20, 7);

INSERT INTO Recipe_Equipment (recipe_id, equipment_id) VALUES (20, 3);

INSERT INTO Recipe_Equipment (recipe_id, equipment_id) VALUES (20, 33);

INSERT INTO Recipe_Equipment (recipe_id, equipment_id) VALUES (20, 48);

INSERT INTO Recipe_Equipment (recipe_id, equipment_id) VALUES (20, 10);

INSERT INTO Recipe_Ingredient (recipe_id, ingredient_id, portion) VALUES (20, 18, 3);

INSERT INTO Recipe_Ingredient (recipe_id, ingredient_id, portion) VALUES (20, 25, 5);

INSERT INTO Recipe_Ingredient (recipe_id, ingredient_id, portion) VALUES (20, 82, 2);

INSERT INTO Recipe_Thematic_Unit (recipe_id, thematic_unit_id) VALUES (20, 6);

INSERT INTO Recipe (recipe_type, name, national_cuisine_id, difficulty_level, description, tip1, tip2, cooking_time, prep_time, portions, basic_ingredient_id, image_id) VALUES ('pastry', 'Herb Chicken with Honey Butter', 5, 3, 'Else right our look. Stuff president only government little.', 'you need an oven', 'you need to be patient', 115, 12, 7, 34, 49);

INSERT INTO Step (recipe_id, order_number, description) VALUES (21, 1, 'Knowledge black worry spring explain performance responsibility.');

INSERT INTO Step (recipe_id, order_number, description) VALUES (21, 2, 'Six technology pull letter decade lead example.');

INSERT INTO Step (recipe_id, order_number, description) VALUES (21, 3, 'Her end among.');

INSERT INTO Step (recipe_id, order_number, description) VALUES (21, 4, 'Woman artist with we discover lose.');

INSERT INTO Step (recipe_id, order_number, description) VALUES (21, 5, 'Practice study soldier reveal grow.');

INSERT INTO Step (recipe_id, order_number, description) VALUES (21, 6, 'Term operation chair special simply window.');

INSERT INTO Step (recipe_id, order_number, description) VALUES (21, 7, 'Activity dark they production say.');

INSERT INTO Nutritional_Info (recipe_id, fat_per_portion, carbs_per_portion, protein_per_portion) VALUES (21, 331, 22, 74);

INSERT INTO Recipe_Meal_Type (recipe_id, meal_type_id) VALUES (21, 1);

INSERT INTO Recipe_Meal_Type (recipe_id, meal_type_id) VALUES (21, 3);

INSERT INTO Recipe_Label (recipe_id, label_id) VALUES (21, 2);

INSERT INTO Recipe_Equipment (recipe_id, equipment_id) VALUES (21, 13);

INSERT INTO Recipe_Equipment (recipe_id, equipment_id) VALUES (21, 29);

INSERT INTO Recipe_Equipment (recipe_id, equipment_id) VALUES (21, 34);

INSERT INTO Recipe_Equipment (recipe_id, equipment_id) VALUES (21, 22);

INSERT INTO Recipe_Equipment (recipe_id, equipment_id) VALUES (21, 8);

INSERT INTO Recipe_Ingredient (recipe_id, ingredient_id, portion) VALUES (21, 75, 4);

INSERT INTO Recipe_Ingredient (recipe_id, ingredient_id, portion) VALUES (21, 1, 7);

INSERT INTO Recipe_Ingredient (recipe_id, ingredient_id, portion) VALUES (21, 165, 7);

INSERT INTO Recipe_Ingredient (recipe_id, ingredient_id, portion) VALUES (21, 161, 2);

INSERT INTO Recipe_Ingredient (recipe_id, ingredient_id, portion) VALUES (21, 34, 6);

INSERT INTO Recipe_Thematic_Unit (recipe_id, thematic_unit_id) VALUES (21, 3);

INSERT INTO Recipe_Thematic_Unit (recipe_id, thematic_unit_id) VALUES (21, 14);

INSERT INTO Recipe_Thematic_Unit (recipe_id, thematic_unit_id) VALUES (21, 6);

INSERT INTO Recipe (recipe_type, name, national_cuisine_id, difficulty_level, description, tip1, tip2, cooking_time, prep_time, portions, basic_ingredient_id, image_id) VALUES ('cooking', 'French Toast', 5, 2, 'Develop throw without thought right fund city. Than receive time a view possible simply. Commercial state sound rock hit fall require.', 'you need an oven', 'you have to be careful not to let it get stack', 74, 34, 3, 130, 50);

INSERT INTO Step (recipe_id, order_number, description) VALUES (22, 1, 'Dog quite force baby role product you.');

INSERT INTO Step (recipe_id, order_number, description) VALUES (22, 2, 'Contain particular both animal stuff write.');

INSERT INTO Step (recipe_id, order_number, description) VALUES (22, 3, 'Box family skin stop head.');

INSERT INTO Nutritional_Info (recipe_id, fat_per_portion, carbs_per_portion, protein_per_portion) VALUES (22, 48, 182, 162);

INSERT INTO Recipe_Meal_Type (recipe_id, meal_type_id) VALUES (22, 2);

INSERT INTO Recipe_Label (recipe_id, label_id) VALUES (22, 3);

INSERT INTO Recipe_Equipment (recipe_id, equipment_id) VALUES (22, 48);

INSERT INTO Recipe_Equipment (recipe_id, equipment_id) VALUES (22, 21);

INSERT INTO Recipe_Equipment (recipe_id, equipment_id) VALUES (22, 1);

INSERT INTO Recipe_Equipment (recipe_id, equipment_id) VALUES (22, 3);

INSERT INTO Recipe_Equipment (recipe_id, equipment_id) VALUES (22, 13);

INSERT INTO Recipe_Equipment (recipe_id, equipment_id) VALUES (22, 10);

INSERT INTO Recipe_Equipment (recipe_id, equipment_id) VALUES (22, 18);

INSERT INTO Recipe_Equipment (recipe_id, equipment_id) VALUES (22, 7);

INSERT INTO Recipe_Ingredient (recipe_id, ingredient_id, portion) VALUES (22, 79, 1);

INSERT INTO Recipe_Ingredient (recipe_id, ingredient_id, portion) VALUES (22, 34, 4);

INSERT INTO Recipe_Ingredient (recipe_id, ingredient_id, portion) VALUES (22, 143, 4);

INSERT INTO Recipe_Ingredient (recipe_id, ingredient_id, portion) VALUES (22, 33, 5);

INSERT INTO Recipe_Ingredient (recipe_id, ingredient_id, portion) VALUES (22, 106, 2);

INSERT INTO Recipe_Ingredient (recipe_id, ingredient_id, portion) VALUES (22, 90, 8);

INSERT INTO Recipe_Ingredient (recipe_id, ingredient_id, portion) VALUES (22, 144, 3);

INSERT INTO Recipe_Ingredient (recipe_id, ingredient_id, portion) VALUES (22, 85, 6);

INSERT INTO Recipe_Ingredient (recipe_id, ingredient_id, portion) VALUES (22, 47, 3);

INSERT INTO Recipe_Ingredient (recipe_id, ingredient_id, portion) VALUES (22, 42, 1);

INSERT INTO Recipe_Ingredient (recipe_id, ingredient_id, portion) VALUES (22, 66, 2);

INSERT INTO Recipe_Ingredient (recipe_id, ingredient_id, portion) VALUES (22, 108, 3);

INSERT INTO Recipe_Ingredient (recipe_id, ingredient_id, portion) VALUES (22, 172, 4);

INSERT INTO Recipe_Ingredient (recipe_id, ingredient_id, portion) VALUES (22, 115, 2);

INSERT INTO Recipe_Ingredient (recipe_id, ingredient_id, portion) VALUES (22, 107, 2);

INSERT INTO Recipe_Ingredient (recipe_id, ingredient_id, portion) VALUES (22, 109, 7);

INSERT INTO Recipe_Ingredient (recipe_id, ingredient_id, portion) VALUES (22, 130, 4);

INSERT INTO Recipe_Thematic_Unit (recipe_id, thematic_unit_id) VALUES (22, 3);

INSERT INTO Recipe_Thematic_Unit (recipe_id, thematic_unit_id) VALUES (22, 10);

INSERT INTO Recipe_Thematic_Unit (recipe_id, thematic_unit_id) VALUES (22, 5);

INSERT INTO Recipe (recipe_type, name, national_cuisine_id, difficulty_level, description, tip1, cooking_time, prep_time, portions, basic_ingredient_id, image_id) VALUES ('pastry', 'Swedish Pancakes', 5, 2, 'Dream effect though number. Culture behind building moment I wait.', 'better without sugar', 33, 6, 8, 42, 51);

INSERT INTO Step (recipe_id, order_number, description) VALUES (23, 1, 'Fund rather institution action computer station.');

INSERT INTO Step (recipe_id, order_number, description) VALUES (23, 2, 'Every system successful deep out.');

INSERT INTO Step (recipe_id, order_number, description) VALUES (23, 3, 'Important network television physical.');

INSERT INTO Step (recipe_id, order_number, description) VALUES (23, 4, 'Near clear coach word wrong.');

INSERT INTO Step (recipe_id, order_number, description) VALUES (23, 5, 'Provide pick floor expert maintain north live.');

INSERT INTO Nutritional_Info (recipe_id, fat_per_portion, carbs_per_portion, protein_per_portion) VALUES (23, 392, 191, 217);

INSERT INTO Recipe_Meal_Type (recipe_id, meal_type_id) VALUES (23, 1);

INSERT INTO Recipe_Meal_Type (recipe_id, meal_type_id) VALUES (23, 3);

INSERT INTO Recipe_Meal_Type (recipe_id, meal_type_id) VALUES (23, 6);

INSERT INTO Recipe_Label (recipe_id, label_id) VALUES (23, 5);

INSERT INTO Recipe_Label (recipe_id, label_id) VALUES (23, 7);

INSERT INTO Recipe_Label (recipe_id, label_id) VALUES (23, 3);

INSERT INTO Recipe_Label (recipe_id, label_id) VALUES (23, 6);

INSERT INTO Recipe_Equipment (recipe_id, equipment_id) VALUES (23, 4);

INSERT INTO Recipe_Equipment (recipe_id, equipment_id) VALUES (23, 33);

INSERT INTO Recipe_Equipment (recipe_id, equipment_id) VALUES (23, 11);

INSERT INTO Recipe_Ingredient (recipe_id, ingredient_id, portion) VALUES (23, 135, 4);

INSERT INTO Recipe_Ingredient (recipe_id, ingredient_id, portion) VALUES (23, 175, 6);

INSERT INTO Recipe_Ingredient (recipe_id, ingredient_id, portion) VALUES (23, 170, 7);

INSERT INTO Recipe_Ingredient (recipe_id, ingredient_id, portion) VALUES (23, 183, 4);

INSERT INTO Recipe_Ingredient (recipe_id, ingredient_id, portion) VALUES (23, 131, 5);

INSERT INTO Recipe_Ingredient (recipe_id, ingredient_id, portion) VALUES (23, 57, 1);

INSERT INTO Recipe_Ingredient (recipe_id, ingredient_id, portion) VALUES (23, 155, 7);

INSERT INTO Recipe_Ingredient (recipe_id, ingredient_id, portion) VALUES (23, 158, 6);

INSERT INTO Recipe_Ingredient (recipe_id, ingredient_id, portion) VALUES (23, 161, 2);

INSERT INTO Recipe_Ingredient (recipe_id, ingredient_id, portion) VALUES (23, 94, 4);

INSERT INTO Recipe_Ingredient (recipe_id, ingredient_id, portion) VALUES (23, 146, 6);

INSERT INTO Recipe_Ingredient (recipe_id, ingredient_id, portion) VALUES (23, 7, 4);

INSERT INTO Recipe_Ingredient (recipe_id, ingredient_id, portion) VALUES (23, 116, 7);

INSERT INTO Recipe_Ingredient (recipe_id, ingredient_id, portion) VALUES (23, 160, 7);

INSERT INTO Recipe_Ingredient (recipe_id, ingredient_id, portion) VALUES (23, 42, 6);

INSERT INTO Recipe_Thematic_Unit (recipe_id, thematic_unit_id) VALUES (23, 5);

INSERT INTO Recipe_Thematic_Unit (recipe_id, thematic_unit_id) VALUES (23, 9);

INSERT INTO Recipe_Thematic_Unit (recipe_id, thematic_unit_id) VALUES (23, 6);

INSERT INTO Recipe (recipe_type, name, national_cuisine_id, difficulty_level, description, tip1, cooking_time, prep_time, portions, basic_ingredient_id, image_id) VALUES ('pastry', 'Baked Cheddar Eggs & Potatoes', 5, 5, 'System image they order. History read second.', 'you need an oven', 15, 36, 8, 156, 52);

INSERT INTO Step (recipe_id, order_number, description) VALUES (24, 1, 'Green beat read individual.');

INSERT INTO Step (recipe_id, order_number, description) VALUES (24, 2, 'Congress test data never.');

INSERT INTO Step (recipe_id, order_number, description) VALUES (24, 3, 'Gun good doctor stuff our fall low.');

INSERT INTO Step (recipe_id, order_number, description) VALUES (24, 4, 'Politics girl baby star like.');

INSERT INTO Step (recipe_id, order_number, description) VALUES (24, 5, 'Expert fire evidence.');

INSERT INTO Step (recipe_id, order_number, description) VALUES (24, 6, 'Leg reduce over either party if.');

INSERT INTO Step (recipe_id, order_number, description) VALUES (24, 7, 'Yes former they edge way girl race.');

INSERT INTO Nutritional_Info (recipe_id, fat_per_portion, carbs_per_portion, protein_per_portion) VALUES (24, 225, 16, 133);

INSERT INTO Recipe_Meal_Type (recipe_id, meal_type_id) VALUES (24, 4);

INSERT INTO Recipe_Meal_Type (recipe_id, meal_type_id) VALUES (24, 3);

INSERT INTO Recipe_Label (recipe_id, label_id) VALUES (24, 3);

INSERT INTO Recipe_Label (recipe_id, label_id) VALUES (24, 5);

INSERT INTO Recipe_Equipment (recipe_id, equipment_id) VALUES (24, 10);

INSERT INTO Recipe_Equipment (recipe_id, equipment_id) VALUES (24, 30);

INSERT INTO Recipe_Equipment (recipe_id, equipment_id) VALUES (24, 8);

INSERT INTO Recipe_Equipment (recipe_id, equipment_id) VALUES (24, 26);

INSERT INTO Recipe_Equipment (recipe_id, equipment_id) VALUES (24, 41);

INSERT INTO Recipe_Equipment (recipe_id, equipment_id) VALUES (24, 31);

INSERT INTO Recipe_Equipment (recipe_id, equipment_id) VALUES (24, 7);

INSERT INTO Recipe_Ingredient (recipe_id, ingredient_id, portion) VALUES (24, 89, 3);

INSERT INTO Recipe_Ingredient (recipe_id, ingredient_id, portion) VALUES (24, 130, 4);

INSERT INTO Recipe_Ingredient (recipe_id, ingredient_id, portion) VALUES (24, 131, 7);

INSERT INTO Recipe_Ingredient (recipe_id, ingredient_id, portion) VALUES (24, 160, 6);

INSERT INTO Recipe_Ingredient (recipe_id, ingredient_id, portion) VALUES (24, 178, 3);

INSERT INTO Recipe_Ingredient (recipe_id, ingredient_id, portion) VALUES (24, 36, 1);

INSERT INTO Recipe_Ingredient (recipe_id, ingredient_id, portion) VALUES (24, 156, 1);

INSERT INTO Recipe_Thematic_Unit (recipe_id, thematic_unit_id) VALUES (24, 13);

INSERT INTO Recipe_Thematic_Unit (recipe_id, thematic_unit_id) VALUES (24, 8);

INSERT INTO Recipe (recipe_type, name, national_cuisine_id, difficulty_level, description, tip1, cooking_time, prep_time, portions, basic_ingredient_id, image_id) VALUES ('cooking', 'Baked Mostaccioli', 5, 5, 'Eat baby energy know spend future girl. Per mother imagine.', 'better with slow cooking', 112, 37, 5, 145, 53);

INSERT INTO Step (recipe_id, order_number, description) VALUES (25, 1, 'West exactly data either ten you consider.');

INSERT INTO Step (recipe_id, order_number, description) VALUES (25, 2, 'Discuss popular charge interesting travel reach.');

INSERT INTO Step (recipe_id, order_number, description) VALUES (25, 3, 'Others like house.');

INSERT INTO Step (recipe_id, order_number, description) VALUES (25, 4, 'Significant through people new.');

INSERT INTO Step (recipe_id, order_number, description) VALUES (25, 5, 'Season professor beyond different see return.');

INSERT INTO Step (recipe_id, order_number, description) VALUES (25, 6, 'Figure point draw economic its any.');

INSERT INTO Step (recipe_id, order_number, description) VALUES (25, 7, 'Have know either sit born.');

INSERT INTO Step (recipe_id, order_number, description) VALUES (25, 8, 'Individual yard security whose.');

INSERT INTO Nutritional_Info (recipe_id, fat_per_portion, carbs_per_portion, protein_per_portion) VALUES (25, 97, 68, 81);

INSERT INTO Recipe_Meal_Type (recipe_id, meal_type_id) VALUES (25, 4);

INSERT INTO Recipe_Label (recipe_id, label_id) VALUES (25, 5);

INSERT INTO Recipe_Equipment (recipe_id, equipment_id) VALUES (25, 1);

INSERT INTO Recipe_Equipment (recipe_id, equipment_id) VALUES (25, 8);

INSERT INTO Recipe_Equipment (recipe_id, equipment_id) VALUES (25, 5);

INSERT INTO Recipe_Equipment (recipe_id, equipment_id) VALUES (25, 38);

INSERT INTO Recipe_Equipment (recipe_id, equipment_id) VALUES (25, 10);

INSERT INTO Recipe_Ingredient (recipe_id, ingredient_id, portion) VALUES (25, 118, 4);

INSERT INTO Recipe_Ingredient (recipe_id, ingredient_id, portion) VALUES (25, 37, 6);

INSERT INTO Recipe_Ingredient (recipe_id, ingredient_id, portion) VALUES (25, 146, 7);

INSERT INTO Recipe_Ingredient (recipe_id, ingredient_id, portion) VALUES (25, 104, 6);

INSERT INTO Recipe_Ingredient (recipe_id, ingredient_id, portion) VALUES (25, 114, 6);

INSERT INTO Recipe_Ingredient (recipe_id, ingredient_id, portion) VALUES (25, 189, 8);

INSERT INTO Recipe_Ingredient (recipe_id, ingredient_id, portion) VALUES (25, 11, 1);

INSERT INTO Recipe_Ingredient (recipe_id, ingredient_id, portion) VALUES (25, 156, 2);

INSERT INTO Recipe_Ingredient (recipe_id, ingredient_id, portion) VALUES (25, 145, 4);

INSERT INTO Recipe_Thematic_Unit (recipe_id, thematic_unit_id) VALUES (25, 13);

INSERT INTO Recipe (recipe_type, name, national_cuisine_id, difficulty_level, description, tip1, cooking_time, prep_time, portions, basic_ingredient_id, image_id) VALUES ('pastry', 'Ravioli with Snap Peas', 6, 2, 'Think will ten industry type room trip.', 'you need to use your hands', 47, 37, 3, 48, 54);

INSERT INTO Step (recipe_id, order_number, description) VALUES (26, 1, 'Son indeed newspaper campaign tree party.');

INSERT INTO Step (recipe_id, order_number, description) VALUES (26, 2, 'Spring house carry.');

INSERT INTO Step (recipe_id, order_number, description) VALUES (26, 3, 'Until design push hotel wide pick free.');

INSERT INTO Step (recipe_id, order_number, description) VALUES (26, 4, 'Many voice modern area allow forward.');

INSERT INTO Nutritional_Info (recipe_id, fat_per_portion, carbs_per_portion, protein_per_portion) VALUES (26, 286, 180, 194);

INSERT INTO Recipe_Meal_Type (recipe_id, meal_type_id) VALUES (26, 3);

INSERT INTO Recipe_Meal_Type (recipe_id, meal_type_id) VALUES (26, 2);

INSERT INTO Recipe_Meal_Type (recipe_id, meal_type_id) VALUES (26, 4);

INSERT INTO Recipe_Label (recipe_id, label_id) VALUES (26, 10);

INSERT INTO Recipe_Equipment (recipe_id, equipment_id) VALUES (26, 23);

INSERT INTO Recipe_Equipment (recipe_id, equipment_id) VALUES (26, 32);

INSERT INTO Recipe_Equipment (recipe_id, equipment_id) VALUES (26, 36);

INSERT INTO Recipe_Equipment (recipe_id, equipment_id) VALUES (26, 42);

INSERT INTO Recipe_Equipment (recipe_id, equipment_id) VALUES (26, 12);

INSERT INTO Recipe_Equipment (recipe_id, equipment_id) VALUES (26, 15);

INSERT INTO Recipe_Equipment (recipe_id, equipment_id) VALUES (26, 34);

INSERT INTO Recipe_Ingredient (recipe_id, ingredient_id, portion) VALUES (26, 127, 4);

INSERT INTO Recipe_Ingredient (recipe_id, ingredient_id, portion) VALUES (26, 168, 4);

INSERT INTO Recipe_Ingredient (recipe_id, ingredient_id, portion) VALUES (26, 84, 5);

INSERT INTO Recipe_Ingredient (recipe_id, ingredient_id, portion) VALUES (26, 134, 5);

INSERT INTO Recipe_Ingredient (recipe_id, ingredient_id, portion) VALUES (26, 156, 7);

INSERT INTO Recipe_Ingredient (recipe_id, ingredient_id, portion) VALUES (26, 196, 1);

INSERT INTO Recipe_Ingredient (recipe_id, ingredient_id, portion) VALUES (26, 165, 1);

INSERT INTO Recipe_Ingredient (recipe_id, ingredient_id, portion) VALUES (26, 159, 2);

INSERT INTO Recipe_Ingredient (recipe_id, ingredient_id, portion) VALUES (26, 20, 3);

INSERT INTO Recipe_Ingredient (recipe_id, ingredient_id, portion) VALUES (26, 171, 5);

INSERT INTO Recipe_Ingredient (recipe_id, ingredient_id, portion) VALUES (26, 106, 3);

INSERT INTO Recipe_Ingredient (recipe_id, ingredient_id, portion) VALUES (26, 172, 6);

INSERT INTO Recipe_Ingredient (recipe_id, ingredient_id, portion) VALUES (26, 85, 4);

INSERT INTO Recipe_Ingredient (recipe_id, ingredient_id, portion) VALUES (26, 145, 4);

INSERT INTO Recipe_Ingredient (recipe_id, ingredient_id, portion) VALUES (26, 137, 8);

INSERT INTO Recipe_Ingredient (recipe_id, ingredient_id, portion) VALUES (26, 177, 4);

INSERT INTO Recipe_Ingredient (recipe_id, ingredient_id, portion) VALUES (26, 24, 4);

INSERT INTO Recipe_Ingredient (recipe_id, ingredient_id, portion) VALUES (26, 97, 5);

INSERT INTO Recipe_Ingredient (recipe_id, ingredient_id, portion) VALUES (26, 144, 4);

INSERT INTO Recipe_Ingredient (recipe_id, ingredient_id, portion) VALUES (26, 153, 2);

INSERT INTO Recipe_Ingredient (recipe_id, ingredient_id, portion) VALUES (26, 48, 5);

INSERT INTO Recipe_Thematic_Unit (recipe_id, thematic_unit_id) VALUES (26, 7);

INSERT INTO Recipe_Thematic_Unit (recipe_id, thematic_unit_id) VALUES (26, 10);

INSERT INTO Recipe (recipe_type, name, national_cuisine_id, difficulty_level, description, tip1, tip2, tip3, cooking_time, prep_time, portions, basic_ingredient_id, image_id) VALUES ('pastry', 'Cloverleaf Rolls', 6, 1, 'Her newspaper finally catch your water. Once nice onto memory chair common reach. Later should career art indicate matter exist.', 'you have to be careful not to let it get stack', 'you need salt', 'better when fresh', 137, 33, 2, 105, 55);

INSERT INTO Step (recipe_id, order_number, description) VALUES (27, 1, 'Instead seek education when.');

INSERT INTO Step (recipe_id, order_number, description) VALUES (27, 2, 'Option style support plan.');

INSERT INTO Step (recipe_id, order_number, description) VALUES (27, 3, 'Control there subject staff fish.');

INSERT INTO Step (recipe_id, order_number, description) VALUES (27, 4, 'Station investment cost take side stuff.');

INSERT INTO Step (recipe_id, order_number, description) VALUES (27, 5, 'Million actually building food.');

INSERT INTO Step (recipe_id, order_number, description) VALUES (27, 6, 'Garden black value course though.');

INSERT INTO Step (recipe_id, order_number, description) VALUES (27, 7, 'Live wife itself example task.');

INSERT INTO Step (recipe_id, order_number, description) VALUES (27, 8, 'President sort walk idea.');

INSERT INTO Nutritional_Info (recipe_id, fat_per_portion, carbs_per_portion, protein_per_portion) VALUES (27, 187, 46, 237);

INSERT INTO Recipe_Meal_Type (recipe_id, meal_type_id) VALUES (27, 4);

INSERT INTO Recipe_Meal_Type (recipe_id, meal_type_id) VALUES (27, 6);

INSERT INTO Recipe_Label (recipe_id, label_id) VALUES (27, 3);

INSERT INTO Recipe_Label (recipe_id, label_id) VALUES (27, 9);

INSERT INTO Recipe_Equipment (recipe_id, equipment_id) VALUES (27, 19);

INSERT INTO Recipe_Equipment (recipe_id, equipment_id) VALUES (27, 36);

INSERT INTO Recipe_Equipment (recipe_id, equipment_id) VALUES (27, 12);

INSERT INTO Recipe_Equipment (recipe_id, equipment_id) VALUES (27, 39);

INSERT INTO Recipe_Equipment (recipe_id, equipment_id) VALUES (27, 45);

INSERT INTO Recipe_Equipment (recipe_id, equipment_id) VALUES (27, 16);

INSERT INTO Recipe_Equipment (recipe_id, equipment_id) VALUES (27, 9);

INSERT INTO Recipe_Equipment (recipe_id, equipment_id) VALUES (27, 48);

INSERT INTO Recipe_Equipment (recipe_id, equipment_id) VALUES (27, 30);

INSERT INTO Recipe_Equipment (recipe_id, equipment_id) VALUES (27, 38);

INSERT INTO Recipe_Ingredient (recipe_id, ingredient_id, portion) VALUES (27, 169, 7);

INSERT INTO Recipe_Ingredient (recipe_id, ingredient_id, portion) VALUES (27, 56, 3);

INSERT INTO Recipe_Ingredient (recipe_id, ingredient_id, portion) VALUES (27, 148, 6);

INSERT INTO Recipe_Ingredient (recipe_id, ingredient_id, portion) VALUES (27, 73, 3);

INSERT INTO Recipe_Ingredient (recipe_id, ingredient_id, portion) VALUES (27, 147, 6);

INSERT INTO Recipe_Ingredient (recipe_id, ingredient_id, portion) VALUES (27, 117, 2);

INSERT INTO Recipe_Ingredient (recipe_id, ingredient_id, portion) VALUES (27, 125, 3);

INSERT INTO Recipe_Ingredient (recipe_id, ingredient_id, portion) VALUES (27, 47, 5);

INSERT INTO Recipe_Ingredient (recipe_id, ingredient_id, portion) VALUES (27, 143, 4);

INSERT INTO Recipe_Ingredient (recipe_id, ingredient_id, portion) VALUES (27, 175, 3);

INSERT INTO Recipe_Ingredient (recipe_id, ingredient_id, portion) VALUES (27, 34, 7);

INSERT INTO Recipe_Ingredient (recipe_id, ingredient_id, portion) VALUES (27, 52, 6);

INSERT INTO Recipe_Ingredient (recipe_id, ingredient_id, portion) VALUES (27, 126, 1);

INSERT INTO Recipe_Ingredient (recipe_id, ingredient_id, portion) VALUES (27, 129, 7);

INSERT INTO Recipe_Ingredient (recipe_id, ingredient_id, portion) VALUES (27, 159, 3);

INSERT INTO Recipe_Ingredient (recipe_id, ingredient_id, portion) VALUES (27, 105, 5);

INSERT INTO Recipe_Thematic_Unit (recipe_id, thematic_unit_id) VALUES (27, 9);

INSERT INTO Recipe_Thematic_Unit (recipe_id, thematic_unit_id) VALUES (27, 5);

INSERT INTO Recipe (recipe_type, name, national_cuisine_id, difficulty_level, description, tip1, cooking_time, prep_time, portions, basic_ingredient_id, image_id) VALUES ('cooking', 'Greek Yogurt and Honey Blueberry Muffins', 6, 4, 'Head watch listen doctor reach. Federal begin win clear seat ground.', 'better with butter instead of milk', 49, 16, 8, 173, 56);

INSERT INTO Step (recipe_id, order_number, description) VALUES (28, 1, 'World investment father evening piece network raise.');

INSERT INTO Step (recipe_id, order_number, description) VALUES (28, 2, 'Sing already these allow conference turn.');

INSERT INTO Step (recipe_id, order_number, description) VALUES (28, 3, 'Near program fish south arm people.');

INSERT INTO Step (recipe_id, order_number, description) VALUES (28, 4, 'My history let reality.');

INSERT INTO Step (recipe_id, order_number, description) VALUES (28, 5, 'Believe side hour.');

INSERT INTO Step (recipe_id, order_number, description) VALUES (28, 6, 'Close thus section.');

INSERT INTO Step (recipe_id, order_number, description) VALUES (28, 7, 'Step section sell control.');

INSERT INTO Nutritional_Info (recipe_id, fat_per_portion, carbs_per_portion, protein_per_portion) VALUES (28, 279, 80, 242);

INSERT INTO Recipe_Meal_Type (recipe_id, meal_type_id) VALUES (28, 2);

INSERT INTO Recipe_Meal_Type (recipe_id, meal_type_id) VALUES (28, 6);

INSERT INTO Recipe_Meal_Type (recipe_id, meal_type_id) VALUES (28, 1);

INSERT INTO Recipe_Label (recipe_id, label_id) VALUES (28, 3);

INSERT INTO Recipe_Label (recipe_id, label_id) VALUES (28, 10);

INSERT INTO Recipe_Label (recipe_id, label_id) VALUES (28, 6);

INSERT INTO Recipe_Label (recipe_id, label_id) VALUES (28, 4);

INSERT INTO Recipe_Equipment (recipe_id, equipment_id) VALUES (28, 16);

INSERT INTO Recipe_Equipment (recipe_id, equipment_id) VALUES (28, 24);

INSERT INTO Recipe_Equipment (recipe_id, equipment_id) VALUES (28, 33);

INSERT INTO Recipe_Equipment (recipe_id, equipment_id) VALUES (28, 45);

INSERT INTO Recipe_Equipment (recipe_id, equipment_id) VALUES (28, 48);

INSERT INTO Recipe_Ingredient (recipe_id, ingredient_id, portion) VALUES (28, 84, 8);

INSERT INTO Recipe_Ingredient (recipe_id, ingredient_id, portion) VALUES (28, 158, 7);

INSERT INTO Recipe_Ingredient (recipe_id, ingredient_id, portion) VALUES (28, 186, 3);

INSERT INTO Recipe_Ingredient (recipe_id, ingredient_id, portion) VALUES (28, 152, 6);

INSERT INTO Recipe_Ingredient (recipe_id, ingredient_id, portion) VALUES (28, 9, 1);

INSERT INTO Recipe_Ingredient (recipe_id, ingredient_id, portion) VALUES (28, 127, 1);

INSERT INTO Recipe_Ingredient (recipe_id, ingredient_id, portion) VALUES (28, 57, 6);

INSERT INTO Recipe_Ingredient (recipe_id, ingredient_id, portion) VALUES (28, 163, 6);

INSERT INTO Recipe_Ingredient (recipe_id, ingredient_id, portion) VALUES (28, 97, 3);

INSERT INTO Recipe_Ingredient (recipe_id, ingredient_id, portion) VALUES (28, 141, 8);

INSERT INTO Recipe_Ingredient (recipe_id, ingredient_id, portion) VALUES (28, 156, 1);

INSERT INTO Recipe_Ingredient (recipe_id, ingredient_id, portion) VALUES (28, 71, 1);

INSERT INTO Recipe_Ingredient (recipe_id, ingredient_id, portion) VALUES (28, 176, 4);

INSERT INTO Recipe_Ingredient (recipe_id, ingredient_id, portion) VALUES (28, 81, 3);

INSERT INTO Recipe_Ingredient (recipe_id, ingredient_id, portion) VALUES (28, 33, 8);

INSERT INTO Recipe_Ingredient (recipe_id, ingredient_id, portion) VALUES (28, 122, 4);

INSERT INTO Recipe_Ingredient (recipe_id, ingredient_id, portion) VALUES (28, 142, 4);

INSERT INTO Recipe_Ingredient (recipe_id, ingredient_id, portion) VALUES (28, 178, 4);

INSERT INTO Recipe_Ingredient (recipe_id, ingredient_id, portion) VALUES (28, 173, 3);

INSERT INTO Recipe_Thematic_Unit (recipe_id, thematic_unit_id) VALUES (28, 3);

INSERT INTO Recipe_Thematic_Unit (recipe_id, thematic_unit_id) VALUES (28, 13);

INSERT INTO Recipe_Thematic_Unit (recipe_id, thematic_unit_id) VALUES (28, 1);

INSERT INTO Recipe (recipe_type, name, national_cuisine_id, difficulty_level, description, tip1, tip2, tip3, cooking_time, prep_time, portions, basic_ingredient_id, image_id) VALUES ('pastry', 'Whole Grain Waffles', 6, 3, 'Worry fact building series the blood. Worry public clear make. Long step art concern. Nor back over.', 'better with slow cooking', 'you can store iy outside the fridge', 'you need a lot of bowls', 112, 30, 8, 184, 57);

INSERT INTO Step (recipe_id, order_number, description) VALUES (29, 1, 'Current interest institution heavy last.');

INSERT INTO Step (recipe_id, order_number, description) VALUES (29, 2, 'Take her indicate show hand.');

INSERT INTO Step (recipe_id, order_number, description) VALUES (29, 3, 'Protect memory use around sound.');

INSERT INTO Step (recipe_id, order_number, description) VALUES (29, 4, 'White suffer stay name third foreign.');

INSERT INTO Step (recipe_id, order_number, description) VALUES (29, 5, 'To region station.');

INSERT INTO Step (recipe_id, order_number, description) VALUES (29, 6, 'Shake pass appear bed lot establish.');

INSERT INTO Nutritional_Info (recipe_id, fat_per_portion, carbs_per_portion, protein_per_portion) VALUES (29, 69, 107, 237);

INSERT INTO Recipe_Meal_Type (recipe_id, meal_type_id) VALUES (29, 6);

INSERT INTO Recipe_Meal_Type (recipe_id, meal_type_id) VALUES (29, 1);

INSERT INTO Recipe_Meal_Type (recipe_id, meal_type_id) VALUES (29, 3);

INSERT INTO Recipe_Label (recipe_id, label_id) VALUES (29, 6);

INSERT INTO Recipe_Equipment (recipe_id, equipment_id) VALUES (29, 14);

INSERT INTO Recipe_Ingredient (recipe_id, ingredient_id, portion) VALUES (29, 105, 7);

INSERT INTO Recipe_Ingredient (recipe_id, ingredient_id, portion) VALUES (29, 200, 7);

INSERT INTO Recipe_Ingredient (recipe_id, ingredient_id, portion) VALUES (29, 50, 7);

INSERT INTO Recipe_Ingredient (recipe_id, ingredient_id, portion) VALUES (29, 49, 3);

INSERT INTO Recipe_Ingredient (recipe_id, ingredient_id, portion) VALUES (29, 111, 5);

INSERT INTO Recipe_Ingredient (recipe_id, ingredient_id, portion) VALUES (29, 67, 1);

INSERT INTO Recipe_Ingredient (recipe_id, ingredient_id, portion) VALUES (29, 198, 4);

INSERT INTO Recipe_Ingredient (recipe_id, ingredient_id, portion) VALUES (29, 184, 5);

INSERT INTO Recipe_Thematic_Unit (recipe_id, thematic_unit_id) VALUES (29, 9);

INSERT INTO Recipe_Thematic_Unit (recipe_id, thematic_unit_id) VALUES (29, 8);

INSERT INTO Recipe (recipe_type, name, national_cuisine_id, difficulty_level, description, tip1, tip2, tip3, cooking_time, prep_time, portions, basic_ingredient_id, image_id) VALUES ('pastry', 'Lemon Bars', 6, 5, 'Role ask here floor threat oil.', 'you need small cups', 'good with honey', 'you need a lot of bowls', 44, 19, 8, 1, 58);

INSERT INTO Step (recipe_id, order_number, description) VALUES (30, 1, 'Study address check turn tonight someone suffer.');

INSERT INTO Step (recipe_id, order_number, description) VALUES (30, 2, 'Sort charge significant.');

INSERT INTO Step (recipe_id, order_number, description) VALUES (30, 3, 'Level leg case need clear experience control.');

INSERT INTO Step (recipe_id, order_number, description) VALUES (30, 4, 'Someone apply offer data ten cover.');

INSERT INTO Step (recipe_id, order_number, description) VALUES (30, 5, 'Either season claim program body.');

INSERT INTO Step (recipe_id, order_number, description) VALUES (30, 6, 'Enjoy catch offer radio factor fact a consumer.');

INSERT INTO Nutritional_Info (recipe_id, fat_per_portion, carbs_per_portion, protein_per_portion) VALUES (30, 111, 136, 23);

INSERT INTO Recipe_Meal_Type (recipe_id, meal_type_id) VALUES (30, 1);

INSERT INTO Recipe_Label (recipe_id, label_id) VALUES (30, 8);

INSERT INTO Recipe_Label (recipe_id, label_id) VALUES (30, 3);

INSERT INTO Recipe_Label (recipe_id, label_id) VALUES (30, 5);

INSERT INTO Recipe_Label (recipe_id, label_id) VALUES (30, 1);

INSERT INTO Recipe_Equipment (recipe_id, equipment_id) VALUES (30, 40);

INSERT INTO Recipe_Equipment (recipe_id, equipment_id) VALUES (30, 34);

INSERT INTO Recipe_Ingredient (recipe_id, ingredient_id, portion) VALUES (30, 92, 1);

INSERT INTO Recipe_Ingredient (recipe_id, ingredient_id, portion) VALUES (30, 143, 3);

INSERT INTO Recipe_Ingredient (recipe_id, ingredient_id, portion) VALUES (30, 133, 3);

INSERT INTO Recipe_Ingredient (recipe_id, ingredient_id, portion) VALUES (30, 80, 3);

INSERT INTO Recipe_Ingredient (recipe_id, ingredient_id, portion) VALUES (30, 73, 1);

INSERT INTO Recipe_Ingredient (recipe_id, ingredient_id, portion) VALUES (30, 187, 6);

INSERT INTO Recipe_Ingredient (recipe_id, ingredient_id, portion) VALUES (30, 55, 5);

INSERT INTO Recipe_Ingredient (recipe_id, ingredient_id, portion) VALUES (30, 1, 6);

INSERT INTO Recipe_Thematic_Unit (recipe_id, thematic_unit_id) VALUES (30, 3);

INSERT INTO Recipe_Thematic_Unit (recipe_id, thematic_unit_id) VALUES (30, 1);

INSERT INTO Recipe_Thematic_Unit (recipe_id, thematic_unit_id) VALUES (30, 4);

INSERT INTO Recipe (recipe_type, name, national_cuisine_id, difficulty_level, description, tip1, cooking_time, prep_time, portions, basic_ingredient_id, image_id) VALUES ('cooking', 'Qahaq Cookies', 7, 4, 'Girl win less newspaper public sound. Commercial type question help fight effort plant. Training yes town despite think stand part carry.', 'you have to be careful not to let it get stack', 73, 1, 6, 123, 59);

INSERT INTO Step (recipe_id, order_number, description) VALUES (31, 1, 'Happy include of maintain here.');

INSERT INTO Step (recipe_id, order_number, description) VALUES (31, 2, 'Choose customer television material cause sound bank short.');

INSERT INTO Step (recipe_id, order_number, description) VALUES (31, 3, 'Raise edge east drive.');

INSERT INTO Nutritional_Info (recipe_id, fat_per_portion, carbs_per_portion, protein_per_portion) VALUES (31, 230, 120, 96);

INSERT INTO Recipe_Meal_Type (recipe_id, meal_type_id) VALUES (31, 3);

INSERT INTO Recipe_Meal_Type (recipe_id, meal_type_id) VALUES (31, 6);

INSERT INTO Recipe_Label (recipe_id, label_id) VALUES (31, 1);

INSERT INTO Recipe_Label (recipe_id, label_id) VALUES (31, 6);

INSERT INTO Recipe_Label (recipe_id, label_id) VALUES (31, 10);

INSERT INTO Recipe_Label (recipe_id, label_id) VALUES (31, 8);

INSERT INTO Recipe_Equipment (recipe_id, equipment_id) VALUES (31, 17);

INSERT INTO Recipe_Equipment (recipe_id, equipment_id) VALUES (31, 23);

INSERT INTO Recipe_Equipment (recipe_id, equipment_id) VALUES (31, 8);

INSERT INTO Recipe_Equipment (recipe_id, equipment_id) VALUES (31, 22);

INSERT INTO Recipe_Equipment (recipe_id, equipment_id) VALUES (31, 34);

INSERT INTO Recipe_Equipment (recipe_id, equipment_id) VALUES (31, 32);

INSERT INTO Recipe_Equipment (recipe_id, equipment_id) VALUES (31, 3);

INSERT INTO Recipe_Ingredient (recipe_id, ingredient_id, portion) VALUES (31, 46, 7);

INSERT INTO Recipe_Ingredient (recipe_id, ingredient_id, portion) VALUES (31, 16, 6);

INSERT INTO Recipe_Ingredient (recipe_id, ingredient_id, portion) VALUES (31, 125, 4);

INSERT INTO Recipe_Ingredient (recipe_id, ingredient_id, portion) VALUES (31, 29, 3);

INSERT INTO Recipe_Ingredient (recipe_id, ingredient_id, portion) VALUES (31, 98, 5);

INSERT INTO Recipe_Ingredient (recipe_id, ingredient_id, portion) VALUES (31, 177, 3);

INSERT INTO Recipe_Ingredient (recipe_id, ingredient_id, portion) VALUES (31, 65, 3);

INSERT INTO Recipe_Ingredient (recipe_id, ingredient_id, portion) VALUES (31, 86, 2);

INSERT INTO Recipe_Ingredient (recipe_id, ingredient_id, portion) VALUES (31, 54, 2);

INSERT INTO Recipe_Ingredient (recipe_id, ingredient_id, portion) VALUES (31, 90, 8);

INSERT INTO Recipe_Ingredient (recipe_id, ingredient_id, portion) VALUES (31, 27, 6);

INSERT INTO Recipe_Ingredient (recipe_id, ingredient_id, portion) VALUES (31, 134, 2);

INSERT INTO Recipe_Ingredient (recipe_id, ingredient_id, portion) VALUES (31, 189, 3);

INSERT INTO Recipe_Ingredient (recipe_id, ingredient_id, portion) VALUES (31, 187, 2);

INSERT INTO Recipe_Ingredient (recipe_id, ingredient_id, portion) VALUES (31, 97, 2);

INSERT INTO Recipe_Ingredient (recipe_id, ingredient_id, portion) VALUES (31, 192, 4);

INSERT INTO Recipe_Ingredient (recipe_id, ingredient_id, portion) VALUES (31, 123, 3);

INSERT INTO Recipe_Thematic_Unit (recipe_id, thematic_unit_id) VALUES (31, 14);

INSERT INTO Recipe_Thematic_Unit (recipe_id, thematic_unit_id) VALUES (31, 11);

INSERT INTO Recipe_Thematic_Unit (recipe_id, thematic_unit_id) VALUES (31, 9);

INSERT INTO Recipe (recipe_type, name, national_cuisine_id, difficulty_level, description, tip1, cooking_time, prep_time, portions, basic_ingredient_id, image_id) VALUES ('pastry', 'Blondies with Nutella', 7, 2, 'Baby threat coach go economic. Public shoulder forget particularly pass dinner begin.', 'better with feta cheese', 65, 32, 2, 50, 60);

INSERT INTO Step (recipe_id, order_number, description) VALUES (32, 1, 'Argue activity heart always thousand suddenly.');

INSERT INTO Step (recipe_id, order_number, description) VALUES (32, 2, 'Society above happen upon end hot else.');

INSERT INTO Step (recipe_id, order_number, description) VALUES (32, 3, 'Staff public with sister front store.');

INSERT INTO Step (recipe_id, order_number, description) VALUES (32, 4, 'Analysis town understand.');

INSERT INTO Step (recipe_id, order_number, description) VALUES (32, 5, 'Resource yourself Mrs human though.');

INSERT INTO Step (recipe_id, order_number, description) VALUES (32, 6, 'Prove manager sometimes leg election little consumer.');

INSERT INTO Nutritional_Info (recipe_id, fat_per_portion, carbs_per_portion, protein_per_portion) VALUES (32, 113, 113, 207);

INSERT INTO Recipe_Meal_Type (recipe_id, meal_type_id) VALUES (32, 5);

INSERT INTO Recipe_Label (recipe_id, label_id) VALUES (32, 10);

INSERT INTO Recipe_Label (recipe_id, label_id) VALUES (32, 6);

INSERT INTO Recipe_Label (recipe_id, label_id) VALUES (32, 3);

INSERT INTO Recipe_Label (recipe_id, label_id) VALUES (32, 9);

INSERT INTO Recipe_Equipment (recipe_id, equipment_id) VALUES (32, 11);

INSERT INTO Recipe_Equipment (recipe_id, equipment_id) VALUES (32, 19);

INSERT INTO Recipe_Equipment (recipe_id, equipment_id) VALUES (32, 9);

INSERT INTO Recipe_Equipment (recipe_id, equipment_id) VALUES (32, 29);

INSERT INTO Recipe_Equipment (recipe_id, equipment_id) VALUES (32, 5);

INSERT INTO Recipe_Ingredient (recipe_id, ingredient_id, portion) VALUES (32, 194, 5);

INSERT INTO Recipe_Ingredient (recipe_id, ingredient_id, portion) VALUES (32, 50, 7);

INSERT INTO Recipe_Thematic_Unit (recipe_id, thematic_unit_id) VALUES (32, 1);

INSERT INTO Recipe_Thematic_Unit (recipe_id, thematic_unit_id) VALUES (32, 15);

INSERT INTO Recipe (recipe_type, name, national_cuisine_id, difficulty_level, description, tip1, tip2, tip3, cooking_time, prep_time, portions, basic_ingredient_id, image_id) VALUES ('cooking', 'Hot Chocolate', 7, 3, 'Group discuss few five only. Huge section land hour peace guy. Cut should energy serve.', 'you need a lot of bowls', 'better when fresh', 'better with gloves', 121, 6, 4, 125, 61);

INSERT INTO Step (recipe_id, order_number, description) VALUES (33, 1, 'Area always yes smile eat either cut.');

INSERT INTO Step (recipe_id, order_number, description) VALUES (33, 2, 'Evidence alone behind break hand discuss.');

INSERT INTO Step (recipe_id, order_number, description) VALUES (33, 3, 'Republican laugh want turn.');

INSERT INTO Step (recipe_id, order_number, description) VALUES (33, 4, 'Seem these news green community.');

INSERT INTO Step (recipe_id, order_number, description) VALUES (33, 5, 'Simply admit dark sure job lose.');

INSERT INTO Step (recipe_id, order_number, description) VALUES (33, 6, 'Hard challenge writer.');

INSERT INTO Nutritional_Info (recipe_id, fat_per_portion, carbs_per_portion, protein_per_portion) VALUES (33, 247, 121, 187);

INSERT INTO Recipe_Meal_Type (recipe_id, meal_type_id) VALUES (33, 4);

INSERT INTO Recipe_Meal_Type (recipe_id, meal_type_id) VALUES (33, 6);

INSERT INTO Recipe_Label (recipe_id, label_id) VALUES (33, 9);

INSERT INTO Recipe_Label (recipe_id, label_id) VALUES (33, 6);

INSERT INTO Recipe_Label (recipe_id, label_id) VALUES (33, 4);

INSERT INTO Recipe_Equipment (recipe_id, equipment_id) VALUES (33, 12);

INSERT INTO Recipe_Equipment (recipe_id, equipment_id) VALUES (33, 10);

INSERT INTO Recipe_Equipment (recipe_id, equipment_id) VALUES (33, 1);

INSERT INTO Recipe_Equipment (recipe_id, equipment_id) VALUES (33, 2);

INSERT INTO Recipe_Equipment (recipe_id, equipment_id) VALUES (33, 9);

INSERT INTO Recipe_Equipment (recipe_id, equipment_id) VALUES (33, 40);

INSERT INTO Recipe_Equipment (recipe_id, equipment_id) VALUES (33, 30);

INSERT INTO Recipe_Equipment (recipe_id, equipment_id) VALUES (33, 6);

INSERT INTO Recipe_Ingredient (recipe_id, ingredient_id, portion) VALUES (33, 120, 6);

INSERT INTO Recipe_Ingredient (recipe_id, ingredient_id, portion) VALUES (33, 183, 4);

INSERT INTO Recipe_Ingredient (recipe_id, ingredient_id, portion) VALUES (33, 95, 4);

INSERT INTO Recipe_Ingredient (recipe_id, ingredient_id, portion) VALUES (33, 157, 4);

INSERT INTO Recipe_Ingredient (recipe_id, ingredient_id, portion) VALUES (33, 78, 4);

INSERT INTO Recipe_Ingredient (recipe_id, ingredient_id, portion) VALUES (33, 88, 3);

INSERT INTO Recipe_Ingredient (recipe_id, ingredient_id, portion) VALUES (33, 166, 3);

INSERT INTO Recipe_Ingredient (recipe_id, ingredient_id, portion) VALUES (33, 186, 7);

INSERT INTO Recipe_Ingredient (recipe_id, ingredient_id, portion) VALUES (33, 38, 1);

INSERT INTO Recipe_Ingredient (recipe_id, ingredient_id, portion) VALUES (33, 65, 6);

INSERT INTO Recipe_Ingredient (recipe_id, ingredient_id, portion) VALUES (33, 101, 2);

INSERT INTO Recipe_Ingredient (recipe_id, ingredient_id, portion) VALUES (33, 73, 8);

INSERT INTO Recipe_Ingredient (recipe_id, ingredient_id, portion) VALUES (33, 125, 5);

INSERT INTO Recipe_Thematic_Unit (recipe_id, thematic_unit_id) VALUES (33, 14);

INSERT INTO Recipe_Thematic_Unit (recipe_id, thematic_unit_id) VALUES (33, 10);

INSERT INTO Recipe_Thematic_Unit (recipe_id, thematic_unit_id) VALUES (33, 8);

INSERT INTO Recipe (recipe_type, name, national_cuisine_id, difficulty_level, description, tip1, cooking_time, prep_time, portions, basic_ingredient_id, image_id) VALUES ('cooking', 'Chocolate Mousse', 7, 4, 'Off say agency strong develop easy account. Break north participant. Those big dog several you.', 'you can use leftovers', 104, 9, 2, 158, 62);

INSERT INTO Step (recipe_id, order_number, description) VALUES (34, 1, 'Young bring PM rich force support.');

INSERT INTO Step (recipe_id, order_number, description) VALUES (34, 2, 'Officer often federal million visit.');

INSERT INTO Step (recipe_id, order_number, description) VALUES (34, 3, 'Development do well.');

INSERT INTO Step (recipe_id, order_number, description) VALUES (34, 4, 'Spend from painting people part.');

INSERT INTO Step (recipe_id, order_number, description) VALUES (34, 5, 'Professor model even.');

INSERT INTO Nutritional_Info (recipe_id, fat_per_portion, carbs_per_portion, protein_per_portion) VALUES (34, 78, 98, 37);

INSERT INTO Recipe_Meal_Type (recipe_id, meal_type_id) VALUES (34, 5);

INSERT INTO Recipe_Meal_Type (recipe_id, meal_type_id) VALUES (34, 1);

INSERT INTO Recipe_Meal_Type (recipe_id, meal_type_id) VALUES (34, 3);

INSERT INTO Recipe_Label (recipe_id, label_id) VALUES (34, 5);

INSERT INTO Recipe_Label (recipe_id, label_id) VALUES (34, 1);

INSERT INTO Recipe_Label (recipe_id, label_id) VALUES (34, 6);

INSERT INTO Recipe_Label (recipe_id, label_id) VALUES (34, 7);

INSERT INTO Recipe_Equipment (recipe_id, equipment_id) VALUES (34, 42);

INSERT INTO Recipe_Equipment (recipe_id, equipment_id) VALUES (34, 20);

INSERT INTO Recipe_Equipment (recipe_id, equipment_id) VALUES (34, 8);

INSERT INTO Recipe_Equipment (recipe_id, equipment_id) VALUES (34, 30);

INSERT INTO Recipe_Ingredient (recipe_id, ingredient_id, portion) VALUES (34, 38, 7);

INSERT INTO Recipe_Ingredient (recipe_id, ingredient_id, portion) VALUES (34, 158, 6);

INSERT INTO Recipe_Thematic_Unit (recipe_id, thematic_unit_id) VALUES (34, 4);

INSERT INTO Recipe_Thematic_Unit (recipe_id, thematic_unit_id) VALUES (34, 10);

INSERT INTO Recipe_Thematic_Unit (recipe_id, thematic_unit_id) VALUES (34, 13);

INSERT INTO Recipe (recipe_type, name, national_cuisine_id, difficulty_level, description, tip1, cooking_time, prep_time, portions, basic_ingredient_id, image_id) VALUES ('cooking', 'Smores Cookie Bars', 7, 3, 'Continue look southern series. I prevent appear score indeed why chance. Hair structure image firm. Must somebody from growth commercial.', 'better with a blender', 133, 23, 8, 59, 63);

INSERT INTO Step (recipe_id, order_number, description) VALUES (35, 1, 'Deal wear only help near account economic.');

INSERT INTO Step (recipe_id, order_number, description) VALUES (35, 2, 'Figure else song rich one by evidence.');

INSERT INTO Nutritional_Info (recipe_id, fat_per_portion, carbs_per_portion, protein_per_portion) VALUES (35, 300, 59, 177);

INSERT INTO Recipe_Meal_Type (recipe_id, meal_type_id) VALUES (35, 5);

INSERT INTO Recipe_Label (recipe_id, label_id) VALUES (35, 1);

INSERT INTO Recipe_Label (recipe_id, label_id) VALUES (35, 6);

INSERT INTO Recipe_Label (recipe_id, label_id) VALUES (35, 8);

INSERT INTO Recipe_Label (recipe_id, label_id) VALUES (35, 10);

INSERT INTO Recipe_Equipment (recipe_id, equipment_id) VALUES (35, 38);

INSERT INTO Recipe_Ingredient (recipe_id, ingredient_id, portion) VALUES (35, 66, 5);

INSERT INTO Recipe_Ingredient (recipe_id, ingredient_id, portion) VALUES (35, 140, 8);

INSERT INTO Recipe_Ingredient (recipe_id, ingredient_id, portion) VALUES (35, 19, 8);

INSERT INTO Recipe_Ingredient (recipe_id, ingredient_id, portion) VALUES (35, 195, 2);

INSERT INTO Recipe_Ingredient (recipe_id, ingredient_id, portion) VALUES (35, 183, 1);

INSERT INTO Recipe_Ingredient (recipe_id, ingredient_id, portion) VALUES (35, 36, 2);

INSERT INTO Recipe_Ingredient (recipe_id, ingredient_id, portion) VALUES (35, 79, 2);

INSERT INTO Recipe_Ingredient (recipe_id, ingredient_id, portion) VALUES (35, 4, 2);

INSERT INTO Recipe_Ingredient (recipe_id, ingredient_id, portion) VALUES (35, 127, 8);

INSERT INTO Recipe_Ingredient (recipe_id, ingredient_id, portion) VALUES (35, 71, 5);

INSERT INTO Recipe_Ingredient (recipe_id, ingredient_id, portion) VALUES (35, 69, 7);

INSERT INTO Recipe_Ingredient (recipe_id, ingredient_id, portion) VALUES (35, 138, 8);

INSERT INTO Recipe_Ingredient (recipe_id, ingredient_id, portion) VALUES (35, 83, 3);

INSERT INTO Recipe_Ingredient (recipe_id, ingredient_id, portion) VALUES (35, 90, 6);

INSERT INTO Recipe_Ingredient (recipe_id, ingredient_id, portion) VALUES (35, 178, 7);

INSERT INTO Recipe_Ingredient (recipe_id, ingredient_id, portion) VALUES (35, 59, 3);

INSERT INTO Recipe_Thematic_Unit (recipe_id, thematic_unit_id) VALUES (35, 6);

INSERT INTO Recipe_Thematic_Unit (recipe_id, thematic_unit_id) VALUES (35, 5);

INSERT INTO Recipe (recipe_type, name, national_cuisine_id, difficulty_level, description, tip1, tip2, tip3, cooking_time, prep_time, portions, basic_ingredient_id, image_id) VALUES ('cooking', 'Orange Chicken', 8, 1, 'Vote character pay national.', 'you need 2 people to make it', 'better with gloves', 'it needs a fridge', 30, 45, 4, 150, 64);

INSERT INTO Step (recipe_id, order_number, description) VALUES (36, 1, 'Cost under represent.');

INSERT INTO Step (recipe_id, order_number, description) VALUES (36, 2, 'Minute particular same there available appear sport.');

INSERT INTO Step (recipe_id, order_number, description) VALUES (36, 3, 'Choose natural collection hair over myself.');

INSERT INTO Nutritional_Info (recipe_id, fat_per_portion, carbs_per_portion, protein_per_portion) VALUES (36, 93, 181, 36);

INSERT INTO Recipe_Meal_Type (recipe_id, meal_type_id) VALUES (36, 5);

INSERT INTO Recipe_Meal_Type (recipe_id, meal_type_id) VALUES (36, 6);

INSERT INTO Recipe_Label (recipe_id, label_id) VALUES (36, 3);

INSERT INTO Recipe_Label (recipe_id, label_id) VALUES (36, 9);

INSERT INTO Recipe_Label (recipe_id, label_id) VALUES (36, 7);

INSERT INTO Recipe_Equipment (recipe_id, equipment_id) VALUES (36, 41);

INSERT INTO Recipe_Equipment (recipe_id, equipment_id) VALUES (36, 16);

INSERT INTO Recipe_Equipment (recipe_id, equipment_id) VALUES (36, 37);

INSERT INTO Recipe_Equipment (recipe_id, equipment_id) VALUES (36, 14);

INSERT INTO Recipe_Equipment (recipe_id, equipment_id) VALUES (36, 47);

INSERT INTO Recipe_Equipment (recipe_id, equipment_id) VALUES (36, 26);

INSERT INTO Recipe_Equipment (recipe_id, equipment_id) VALUES (36, 8);

INSERT INTO Recipe_Equipment (recipe_id, equipment_id) VALUES (36, 36);

INSERT INTO Recipe_Equipment (recipe_id, equipment_id) VALUES (36, 23);

INSERT INTO Recipe_Ingredient (recipe_id, ingredient_id, portion) VALUES (36, 166, 8);

INSERT INTO Recipe_Ingredient (recipe_id, ingredient_id, portion) VALUES (36, 78, 4);

INSERT INTO Recipe_Ingredient (recipe_id, ingredient_id, portion) VALUES (36, 92, 6);

INSERT INTO Recipe_Ingredient (recipe_id, ingredient_id, portion) VALUES (36, 43, 7);

INSERT INTO Recipe_Ingredient (recipe_id, ingredient_id, portion) VALUES (36, 3, 4);

INSERT INTO Recipe_Ingredient (recipe_id, ingredient_id, portion) VALUES (36, 40, 3);

INSERT INTO Recipe_Ingredient (recipe_id, ingredient_id, portion) VALUES (36, 68, 6);

INSERT INTO Recipe_Ingredient (recipe_id, ingredient_id, portion) VALUES (36, 152, 5);

INSERT INTO Recipe_Ingredient (recipe_id, ingredient_id, portion) VALUES (36, 165, 3);

INSERT INTO Recipe_Ingredient (recipe_id, ingredient_id, portion) VALUES (36, 80, 8);

INSERT INTO Recipe_Ingredient (recipe_id, ingredient_id, portion) VALUES (36, 69, 3);

INSERT INTO Recipe_Ingredient (recipe_id, ingredient_id, portion) VALUES (36, 138, 5);

INSERT INTO Recipe_Ingredient (recipe_id, ingredient_id, portion) VALUES (36, 150, 4);

INSERT INTO Recipe_Thematic_Unit (recipe_id, thematic_unit_id) VALUES (36, 2);

INSERT INTO Recipe_Thematic_Unit (recipe_id, thematic_unit_id) VALUES (36, 12);

INSERT INTO Recipe_Thematic_Unit (recipe_id, thematic_unit_id) VALUES (36, 4);

INSERT INTO Recipe (recipe_type, name, national_cuisine_id, difficulty_level, description, tip1, tip2, tip3, cooking_time, prep_time, portions, basic_ingredient_id, image_id) VALUES ('pastry', 'Tostadas', 8, 1, 'Do window fight long more. Three sure end green. Ground second body service soon once.', 'better without sugar', 'you need an oven', 'you can store iy outside the fridge', 127, 14, 4, 112, 65);

INSERT INTO Step (recipe_id, order_number, description) VALUES (37, 1, 'Animal significant family doctor market decide.');

INSERT INTO Step (recipe_id, order_number, description) VALUES (37, 2, 'Until analysis sister really them per single.');

INSERT INTO Step (recipe_id, order_number, description) VALUES (37, 3, 'Bank not pull allow do.');

INSERT INTO Nutritional_Info (recipe_id, fat_per_portion, carbs_per_portion, protein_per_portion) VALUES (37, 205, 149, 126);

INSERT INTO Recipe_Meal_Type (recipe_id, meal_type_id) VALUES (37, 2);

INSERT INTO Recipe_Meal_Type (recipe_id, meal_type_id) VALUES (37, 4);

INSERT INTO Recipe_Meal_Type (recipe_id, meal_type_id) VALUES (37, 1);

INSERT INTO Recipe_Label (recipe_id, label_id) VALUES (37, 10);

INSERT INTO Recipe_Label (recipe_id, label_id) VALUES (37, 6);

INSERT INTO Recipe_Label (recipe_id, label_id) VALUES (37, 1);

INSERT INTO Recipe_Equipment (recipe_id, equipment_id) VALUES (37, 1);

INSERT INTO Recipe_Ingredient (recipe_id, ingredient_id, portion) VALUES (37, 198, 2);

INSERT INTO Recipe_Ingredient (recipe_id, ingredient_id, portion) VALUES (37, 44, 2);

INSERT INTO Recipe_Ingredient (recipe_id, ingredient_id, portion) VALUES (37, 190, 2);

INSERT INTO Recipe_Ingredient (recipe_id, ingredient_id, portion) VALUES (37, 119, 1);

INSERT INTO Recipe_Ingredient (recipe_id, ingredient_id, portion) VALUES (37, 168, 4);

INSERT INTO Recipe_Ingredient (recipe_id, ingredient_id, portion) VALUES (37, 87, 8);

INSERT INTO Recipe_Ingredient (recipe_id, ingredient_id, portion) VALUES (37, 94, 4);

INSERT INTO Recipe_Ingredient (recipe_id, ingredient_id, portion) VALUES (37, 189, 2);

INSERT INTO Recipe_Ingredient (recipe_id, ingredient_id, portion) VALUES (37, 178, 3);

INSERT INTO Recipe_Ingredient (recipe_id, ingredient_id, portion) VALUES (37, 192, 8);

INSERT INTO Recipe_Ingredient (recipe_id, ingredient_id, portion) VALUES (37, 166, 8);

INSERT INTO Recipe_Ingredient (recipe_id, ingredient_id, portion) VALUES (37, 116, 2);

INSERT INTO Recipe_Ingredient (recipe_id, ingredient_id, portion) VALUES (37, 118, 4);

INSERT INTO Recipe_Ingredient (recipe_id, ingredient_id, portion) VALUES (37, 173, 1);

INSERT INTO Recipe_Ingredient (recipe_id, ingredient_id, portion) VALUES (37, 140, 7);

INSERT INTO Recipe_Ingredient (recipe_id, ingredient_id, portion) VALUES (37, 102, 2);

INSERT INTO Recipe_Ingredient (recipe_id, ingredient_id, portion) VALUES (37, 157, 4);

INSERT INTO Recipe_Ingredient (recipe_id, ingredient_id, portion) VALUES (37, 155, 3);

INSERT INTO Recipe_Ingredient (recipe_id, ingredient_id, portion) VALUES (37, 76, 1);

INSERT INTO Recipe_Ingredient (recipe_id, ingredient_id, portion) VALUES (37, 112, 4);

INSERT INTO Recipe_Thematic_Unit (recipe_id, thematic_unit_id) VALUES (37, 12);

INSERT INTO Recipe_Thematic_Unit (recipe_id, thematic_unit_id) VALUES (37, 10);

INSERT INTO Recipe_Thematic_Unit (recipe_id, thematic_unit_id) VALUES (37, 9);

INSERT INTO Recipe (recipe_type, name, national_cuisine_id, difficulty_level, description, tip1, cooking_time, prep_time, portions, basic_ingredient_id, image_id) VALUES ('pastry', 'Black Bean Stuffed Sweet Potatoes', 8, 3, 'Husband card serious represent young.', 'you need 2 people to make it', 111, 20, 3, 52, 66);

INSERT INTO Step (recipe_id, order_number, description) VALUES (38, 1, 'Political mind hot serious still nation majority.');

INSERT INTO Step (recipe_id, order_number, description) VALUES (38, 2, 'Feeling bag wife.');

INSERT INTO Step (recipe_id, order_number, description) VALUES (38, 3, 'Understand tonight member would animal.');

INSERT INTO Step (recipe_id, order_number, description) VALUES (38, 4, 'Or past life front model fact though rate.');

INSERT INTO Nutritional_Info (recipe_id, fat_per_portion, carbs_per_portion, protein_per_portion) VALUES (38, 116, 152, 84);

INSERT INTO Recipe_Meal_Type (recipe_id, meal_type_id) VALUES (38, 4);

INSERT INTO Recipe_Meal_Type (recipe_id, meal_type_id) VALUES (38, 1);

INSERT INTO Recipe_Meal_Type (recipe_id, meal_type_id) VALUES (38, 3);

INSERT INTO Recipe_Label (recipe_id, label_id) VALUES (38, 8);

INSERT INTO Recipe_Equipment (recipe_id, equipment_id) VALUES (38, 17);

INSERT INTO Recipe_Equipment (recipe_id, equipment_id) VALUES (38, 32);

INSERT INTO Recipe_Equipment (recipe_id, equipment_id) VALUES (38, 2);

INSERT INTO Recipe_Ingredient (recipe_id, ingredient_id, portion) VALUES (38, 88, 4);

INSERT INTO Recipe_Ingredient (recipe_id, ingredient_id, portion) VALUES (38, 195, 5);

INSERT INTO Recipe_Ingredient (recipe_id, ingredient_id, portion) VALUES (38, 63, 7);

INSERT INTO Recipe_Ingredient (recipe_id, ingredient_id, portion) VALUES (38, 160, 1);

INSERT INTO Recipe_Ingredient (recipe_id, ingredient_id, portion) VALUES (38, 73, 8);

INSERT INTO Recipe_Ingredient (recipe_id, ingredient_id, portion) VALUES (38, 98, 2);

INSERT INTO Recipe_Ingredient (recipe_id, ingredient_id, portion) VALUES (38, 200, 1);

INSERT INTO Recipe_Ingredient (recipe_id, ingredient_id, portion) VALUES (38, 52, 7);

INSERT INTO Recipe_Thematic_Unit (recipe_id, thematic_unit_id) VALUES (38, 2);

INSERT INTO Recipe (recipe_type, name, national_cuisine_id, difficulty_level, description, tip1, tip2, cooking_time, prep_time, portions, basic_ingredient_id, image_id) VALUES ('pastry', 'Asian Shredded Beef', 8, 2, 'No life send guy drug. Reason seat part culture care as could. Everybody expert center thing.', 'it needs a fridge', 'in the fridge for 3 days', 38, 36, 8, 138, 67);

INSERT INTO Step (recipe_id, order_number, description) VALUES (39, 1, 'Itself rule wear himself.');

INSERT INTO Step (recipe_id, order_number, description) VALUES (39, 2, 'Help involve job rule property.');

INSERT INTO Step (recipe_id, order_number, description) VALUES (39, 3, 'Usually again east mind into last.');

INSERT INTO Step (recipe_id, order_number, description) VALUES (39, 4, 'Realize government job.');

INSERT INTO Step (recipe_id, order_number, description) VALUES (39, 5, 'Spend capital interest treat.');

INSERT INTO Step (recipe_id, order_number, description) VALUES (39, 6, 'Store job mother will.');

INSERT INTO Step (recipe_id, order_number, description) VALUES (39, 7, 'Garden seven campaign.');

INSERT INTO Nutritional_Info (recipe_id, fat_per_portion, carbs_per_portion, protein_per_portion) VALUES (39, 349, 44, 143);

INSERT INTO Recipe_Meal_Type (recipe_id, meal_type_id) VALUES (39, 6);

INSERT INTO Recipe_Meal_Type (recipe_id, meal_type_id) VALUES (39, 2);

INSERT INTO Recipe_Label (recipe_id, label_id) VALUES (39, 7);

INSERT INTO Recipe_Equipment (recipe_id, equipment_id) VALUES (39, 21);

INSERT INTO Recipe_Equipment (recipe_id, equipment_id) VALUES (39, 34);

INSERT INTO Recipe_Ingredient (recipe_id, ingredient_id, portion) VALUES (39, 32, 5);

INSERT INTO Recipe_Ingredient (recipe_id, ingredient_id, portion) VALUES (39, 173, 4);

INSERT INTO Recipe_Ingredient (recipe_id, ingredient_id, portion) VALUES (39, 177, 5);

INSERT INTO Recipe_Ingredient (recipe_id, ingredient_id, portion) VALUES (39, 57, 2);

INSERT INTO Recipe_Ingredient (recipe_id, ingredient_id, portion) VALUES (39, 138, 1);

INSERT INTO Recipe_Thematic_Unit (recipe_id, thematic_unit_id) VALUES (39, 14);

INSERT INTO Recipe_Thematic_Unit (recipe_id, thematic_unit_id) VALUES (39, 9);

INSERT INTO Recipe (recipe_type, name, national_cuisine_id, difficulty_level, description, tip1, tip2, tip3, cooking_time, prep_time, portions, basic_ingredient_id, image_id) VALUES ('cooking', 'Capellini with sausage, spinach, and jalapeno', 8, 1, 'Generation fish own talk various. Product very shake herself beyond want. Level from ten produce free visit maybe west.', 'you need 2 people to make it', 'better with gloves', 'you need small cups', 53, 28, 4, 9, 68);

INSERT INTO Step (recipe_id, order_number, description) VALUES (40, 1, 'Health white card main energy.');

INSERT INTO Step (recipe_id, order_number, description) VALUES (40, 2, 'Side edge whole along watch free authority.');

INSERT INTO Step (recipe_id, order_number, description) VALUES (40, 3, 'Tree natural group music.');

INSERT INTO Step (recipe_id, order_number, description) VALUES (40, 4, 'Professional last capital seven.');

INSERT INTO Step (recipe_id, order_number, description) VALUES (40, 5, 'Player there usually through Congress boy.');

INSERT INTO Nutritional_Info (recipe_id, fat_per_portion, carbs_per_portion, protein_per_portion) VALUES (40, 75, 156, 73);

INSERT INTO Recipe_Meal_Type (recipe_id, meal_type_id) VALUES (40, 3);

INSERT INTO Recipe_Label (recipe_id, label_id) VALUES (40, 10);

INSERT INTO Recipe_Label (recipe_id, label_id) VALUES (40, 9);

INSERT INTO Recipe_Equipment (recipe_id, equipment_id) VALUES (40, 11);

INSERT INTO Recipe_Equipment (recipe_id, equipment_id) VALUES (40, 2);

INSERT INTO Recipe_Equipment (recipe_id, equipment_id) VALUES (40, 39);

INSERT INTO Recipe_Equipment (recipe_id, equipment_id) VALUES (40, 46);

INSERT INTO Recipe_Equipment (recipe_id, equipment_id) VALUES (40, 3);

INSERT INTO Recipe_Equipment (recipe_id, equipment_id) VALUES (40, 31);

INSERT INTO Recipe_Equipment (recipe_id, equipment_id) VALUES (40, 12);

INSERT INTO Recipe_Equipment (recipe_id, equipment_id) VALUES (40, 37);

INSERT INTO Recipe_Equipment (recipe_id, equipment_id) VALUES (40, 7);

INSERT INTO Recipe_Equipment (recipe_id, equipment_id) VALUES (40, 44);

INSERT INTO Recipe_Ingredient (recipe_id, ingredient_id, portion) VALUES (40, 193, 3);

INSERT INTO Recipe_Ingredient (recipe_id, ingredient_id, portion) VALUES (40, 144, 7);

INSERT INTO Recipe_Ingredient (recipe_id, ingredient_id, portion) VALUES (40, 146, 5);

INSERT INTO Recipe_Ingredient (recipe_id, ingredient_id, portion) VALUES (40, 123, 3);

INSERT INTO Recipe_Ingredient (recipe_id, ingredient_id, portion) VALUES (40, 102, 7);

INSERT INTO Recipe_Ingredient (recipe_id, ingredient_id, portion) VALUES (40, 158, 7);

INSERT INTO Recipe_Ingredient (recipe_id, ingredient_id, portion) VALUES (40, 89, 1);

INSERT INTO Recipe_Ingredient (recipe_id, ingredient_id, portion) VALUES (40, 64, 1);

INSERT INTO Recipe_Ingredient (recipe_id, ingredient_id, portion) VALUES (40, 115, 2);

INSERT INTO Recipe_Ingredient (recipe_id, ingredient_id, portion) VALUES (40, 134, 7);

INSERT INTO Recipe_Ingredient (recipe_id, ingredient_id, portion) VALUES (40, 86, 5);

INSERT INTO Recipe_Ingredient (recipe_id, ingredient_id, portion) VALUES (40, 70, 7);

INSERT INTO Recipe_Ingredient (recipe_id, ingredient_id, portion) VALUES (40, 9, 7);

INSERT INTO Recipe_Thematic_Unit (recipe_id, thematic_unit_id) VALUES (40, 7);

INSERT INTO Recipe (recipe_type, name, national_cuisine_id, difficulty_level, description, tip1, tip2, cooking_time, prep_time, portions, basic_ingredient_id, image_id) VALUES ('cooking', 'Crispy Chicken with Kale', 9, 4, 'Political thought building commercial. Source guess Mrs white consumer. Measure anything box individual. Night concern writer finally decide eight represent.', 'you need salt', 'better after 2 days', 49, 36, 8, 177, 69);

INSERT INTO Step (recipe_id, order_number, description) VALUES (41, 1, 'Test task reflect Mr.');

INSERT INTO Step (recipe_id, order_number, description) VALUES (41, 2, 'Single lose fight head truth pay them.');

INSERT INTO Step (recipe_id, order_number, description) VALUES (41, 3, 'Where moment very painting success unit series.');

INSERT INTO Step (recipe_id, order_number, description) VALUES (41, 4, 'Stand should year man opportunity form.');

INSERT INTO Step (recipe_id, order_number, description) VALUES (41, 5, 'Everybody table call present.');

INSERT INTO Nutritional_Info (recipe_id, fat_per_portion, carbs_per_portion, protein_per_portion) VALUES (41, 231, 38, 226);

INSERT INTO Recipe_Meal_Type (recipe_id, meal_type_id) VALUES (41, 6);

INSERT INTO Recipe_Label (recipe_id, label_id) VALUES (41, 4);

INSERT INTO Recipe_Equipment (recipe_id, equipment_id) VALUES (41, 17);

INSERT INTO Recipe_Equipment (recipe_id, equipment_id) VALUES (41, 6);

INSERT INTO Recipe_Equipment (recipe_id, equipment_id) VALUES (41, 4);

INSERT INTO Recipe_Equipment (recipe_id, equipment_id) VALUES (41, 28);

INSERT INTO Recipe_Equipment (recipe_id, equipment_id) VALUES (41, 45);

INSERT INTO Recipe_Equipment (recipe_id, equipment_id) VALUES (41, 10);

INSERT INTO Recipe_Equipment (recipe_id, equipment_id) VALUES (41, 36);

INSERT INTO Recipe_Equipment (recipe_id, equipment_id) VALUES (41, 3);

INSERT INTO Recipe_Equipment (recipe_id, equipment_id) VALUES (41, 30);

INSERT INTO Recipe_Ingredient (recipe_id, ingredient_id, portion) VALUES (41, 98, 4);

INSERT INTO Recipe_Ingredient (recipe_id, ingredient_id, portion) VALUES (41, 144, 6);

INSERT INTO Recipe_Ingredient (recipe_id, ingredient_id, portion) VALUES (41, 40, 6);

INSERT INTO Recipe_Ingredient (recipe_id, ingredient_id, portion) VALUES (41, 42, 7);

INSERT INTO Recipe_Ingredient (recipe_id, ingredient_id, portion) VALUES (41, 193, 4);

INSERT INTO Recipe_Ingredient (recipe_id, ingredient_id, portion) VALUES (41, 85, 8);

INSERT INTO Recipe_Ingredient (recipe_id, ingredient_id, portion) VALUES (41, 145, 3);

INSERT INTO Recipe_Ingredient (recipe_id, ingredient_id, portion) VALUES (41, 113, 5);

INSERT INTO Recipe_Ingredient (recipe_id, ingredient_id, portion) VALUES (41, 177, 4);

INSERT INTO Recipe_Thematic_Unit (recipe_id, thematic_unit_id) VALUES (41, 6);

INSERT INTO Recipe (recipe_type, name, national_cuisine_id, difficulty_level, description, tip1, tip2, tip3, cooking_time, prep_time, portions, basic_ingredient_id, image_id) VALUES ('pastry', 'Roast Chicken Grain Bowl', 9, 1, 'Safe prevent sister tax glass president.', 'you need to use your hands', 'in the fridge for 3 days', 'better with butter instead of milk', 54, 5, 5, 193, 70);

INSERT INTO Step (recipe_id, order_number, description) VALUES (42, 1, 'However by child marriage energy.');

INSERT INTO Step (recipe_id, order_number, description) VALUES (42, 2, 'Ago true fight top.');

INSERT INTO Nutritional_Info (recipe_id, fat_per_portion, carbs_per_portion, protein_per_portion) VALUES (42, 298, 69, 165);

INSERT INTO Recipe_Meal_Type (recipe_id, meal_type_id) VALUES (42, 5);

INSERT INTO Recipe_Meal_Type (recipe_id, meal_type_id) VALUES (42, 3);

INSERT INTO Recipe_Meal_Type (recipe_id, meal_type_id) VALUES (42, 6);

INSERT INTO Recipe_Label (recipe_id, label_id) VALUES (42, 2);

INSERT INTO Recipe_Label (recipe_id, label_id) VALUES (42, 3);

INSERT INTO Recipe_Equipment (recipe_id, equipment_id) VALUES (42, 33);

INSERT INTO Recipe_Equipment (recipe_id, equipment_id) VALUES (42, 9);

INSERT INTO Recipe_Equipment (recipe_id, equipment_id) VALUES (42, 23);

INSERT INTO Recipe_Ingredient (recipe_id, ingredient_id, portion) VALUES (42, 115, 6);

INSERT INTO Recipe_Ingredient (recipe_id, ingredient_id, portion) VALUES (42, 163, 4);

INSERT INTO Recipe_Ingredient (recipe_id, ingredient_id, portion) VALUES (42, 193, 2);

INSERT INTO Recipe_Thematic_Unit (recipe_id, thematic_unit_id) VALUES (42, 3);

INSERT INTO Recipe (recipe_type, name, national_cuisine_id, difficulty_level, description, tip1, cooking_time, prep_time, portions, basic_ingredient_id, image_id) VALUES ('pastry', 'Chicken thighs with barley and peas', 9, 5, 'Entire nor build. Second buy available we move suggest short. Professor central store student president organization generation.', 'you can store iy outside the fridge', 55, 18, 4, 140, 71);

INSERT INTO Step (recipe_id, order_number, description) VALUES (43, 1, 'Fall bit any war would catch.');

INSERT INTO Step (recipe_id, order_number, description) VALUES (43, 2, 'Toward around cut.');

INSERT INTO Nutritional_Info (recipe_id, fat_per_portion, carbs_per_portion, protein_per_portion) VALUES (43, 357, 146, 110);

INSERT INTO Recipe_Meal_Type (recipe_id, meal_type_id) VALUES (43, 3);

INSERT INTO Recipe_Meal_Type (recipe_id, meal_type_id) VALUES (43, 1);

INSERT INTO Recipe_Label (recipe_id, label_id) VALUES (43, 10);

INSERT INTO Recipe_Label (recipe_id, label_id) VALUES (43, 4);

INSERT INTO Recipe_Label (recipe_id, label_id) VALUES (43, 2);

INSERT INTO Recipe_Equipment (recipe_id, equipment_id) VALUES (43, 37);

INSERT INTO Recipe_Equipment (recipe_id, equipment_id) VALUES (43, 23);

INSERT INTO Recipe_Ingredient (recipe_id, ingredient_id, portion) VALUES (43, 120, 3);

INSERT INTO Recipe_Ingredient (recipe_id, ingredient_id, portion) VALUES (43, 13, 2);

INSERT INTO Recipe_Ingredient (recipe_id, ingredient_id, portion) VALUES (43, 86, 1);

INSERT INTO Recipe_Ingredient (recipe_id, ingredient_id, portion) VALUES (43, 140, 7);

INSERT INTO Recipe_Thematic_Unit (recipe_id, thematic_unit_id) VALUES (43, 7);

INSERT INTO Recipe (recipe_type, name, national_cuisine_id, difficulty_level, description, tip1, cooking_time, prep_time, portions, basic_ingredient_id, image_id) VALUES ('cooking', 'Rice noodles with meatballs and bok choy', 9, 4, 'System benefit realize daughter able.', 'you need an oven', 79, 17, 3, 32, 72);

INSERT INTO Step (recipe_id, order_number, description) VALUES (44, 1, 'Agree five want decision positive.');

INSERT INTO Step (recipe_id, order_number, description) VALUES (44, 2, 'Receive official church man.');

INSERT INTO Step (recipe_id, order_number, description) VALUES (44, 3, 'National store likely animal somebody or husband office.');

INSERT INTO Step (recipe_id, order_number, description) VALUES (44, 4, 'Friend else public data real staff.');

INSERT INTO Step (recipe_id, order_number, description) VALUES (44, 5, 'Skill should finish main black his sing.');

INSERT INTO Step (recipe_id, order_number, description) VALUES (44, 6, 'Different fund region you talk possible current consider.');

INSERT INTO Step (recipe_id, order_number, description) VALUES (44, 7, 'Name clearly board exactly magazine general whole standard.');

INSERT INTO Nutritional_Info (recipe_id, fat_per_portion, carbs_per_portion, protein_per_portion) VALUES (44, 169, 89, 141);

INSERT INTO Recipe_Meal_Type (recipe_id, meal_type_id) VALUES (44, 2);

INSERT INTO Recipe_Meal_Type (recipe_id, meal_type_id) VALUES (44, 3);

INSERT INTO Recipe_Meal_Type (recipe_id, meal_type_id) VALUES (44, 6);

INSERT INTO Recipe_Label (recipe_id, label_id) VALUES (44, 2);

INSERT INTO Recipe_Label (recipe_id, label_id) VALUES (44, 1);

INSERT INTO Recipe_Equipment (recipe_id, equipment_id) VALUES (44, 26);

INSERT INTO Recipe_Equipment (recipe_id, equipment_id) VALUES (44, 6);

INSERT INTO Recipe_Equipment (recipe_id, equipment_id) VALUES (44, 2);

INSERT INTO Recipe_Equipment (recipe_id, equipment_id) VALUES (44, 19);

INSERT INTO Recipe_Equipment (recipe_id, equipment_id) VALUES (44, 16);

INSERT INTO Recipe_Ingredient (recipe_id, ingredient_id, portion) VALUES (44, 199, 2);

INSERT INTO Recipe_Ingredient (recipe_id, ingredient_id, portion) VALUES (44, 108, 6);

INSERT INTO Recipe_Ingredient (recipe_id, ingredient_id, portion) VALUES (44, 143, 1);

INSERT INTO Recipe_Ingredient (recipe_id, ingredient_id, portion) VALUES (44, 97, 1);

INSERT INTO Recipe_Ingredient (recipe_id, ingredient_id, portion) VALUES (44, 32, 3);

INSERT INTO Recipe_Thematic_Unit (recipe_id, thematic_unit_id) VALUES (44, 6);

INSERT INTO Recipe_Thematic_Unit (recipe_id, thematic_unit_id) VALUES (44, 8);

INSERT INTO Recipe (recipe_type, name, national_cuisine_id, difficulty_level, description, tip1, tip2, cooking_time, prep_time, portions, basic_ingredient_id, image_id) VALUES ('cooking', 'Paprika Pork with Roasted Potatoes and Dill Cream', 9, 4, 'Six picture firm attention.', 'better with feta cheese', 'you need a lot of bowls', 145, 19, 8, 15, 73);

INSERT INTO Step (recipe_id, order_number, description) VALUES (45, 1, 'Relate class Republican social now difficult.');

INSERT INTO Nutritional_Info (recipe_id, fat_per_portion, carbs_per_portion, protein_per_portion) VALUES (45, 272, 198, 36);

INSERT INTO Recipe_Meal_Type (recipe_id, meal_type_id) VALUES (45, 4);

INSERT INTO Recipe_Meal_Type (recipe_id, meal_type_id) VALUES (45, 3);

INSERT INTO Recipe_Label (recipe_id, label_id) VALUES (45, 2);

INSERT INTO Recipe_Label (recipe_id, label_id) VALUES (45, 5);

INSERT INTO Recipe_Equipment (recipe_id, equipment_id) VALUES (45, 18);

INSERT INTO Recipe_Equipment (recipe_id, equipment_id) VALUES (45, 16);

INSERT INTO Recipe_Equipment (recipe_id, equipment_id) VALUES (45, 23);

INSERT INTO Recipe_Equipment (recipe_id, equipment_id) VALUES (45, 36);

INSERT INTO Recipe_Equipment (recipe_id, equipment_id) VALUES (45, 19);

INSERT INTO Recipe_Ingredient (recipe_id, ingredient_id, portion) VALUES (45, 150, 3);

INSERT INTO Recipe_Ingredient (recipe_id, ingredient_id, portion) VALUES (45, 15, 4);

INSERT INTO Recipe_Thematic_Unit (recipe_id, thematic_unit_id) VALUES (45, 9);

INSERT INTO Recipe_Thematic_Unit (recipe_id, thematic_unit_id) VALUES (45, 10);

INSERT INTO Recipe_Thematic_Unit (recipe_id, thematic_unit_id) VALUES (45, 1);

INSERT INTO Recipe (recipe_type, name, national_cuisine_id, difficulty_level, description, tip1, cooking_time, prep_time, portions, basic_ingredient_id, image_id) VALUES ('cooking', 'Chicken cutlets with carrot and kale salad', 10, 4, 'Nor agree option successful. Economy development nearly south sign seven picture who.', 'you can use leftovers', 87, 6, 2, 127, 74);

INSERT INTO Step (recipe_id, order_number, description) VALUES (46, 1, 'Carry level agreement easy nice.');

INSERT INTO Step (recipe_id, order_number, description) VALUES (46, 2, 'New else pressure body decision despite.');

INSERT INTO Step (recipe_id, order_number, description) VALUES (46, 3, 'Goal right kid list interview tell west majority.');

INSERT INTO Step (recipe_id, order_number, description) VALUES (46, 4, 'Until top since north give give.');

INSERT INTO Step (recipe_id, order_number, description) VALUES (46, 5, 'Add candidate party trouble.');

INSERT INTO Step (recipe_id, order_number, description) VALUES (46, 6, 'Organization government beautiful fill mother but.');

INSERT INTO Step (recipe_id, order_number, description) VALUES (46, 7, 'Score also physical interview while.');

INSERT INTO Step (recipe_id, order_number, description) VALUES (46, 8, 'Important simply skill child dark bit light.');

INSERT INTO Nutritional_Info (recipe_id, fat_per_portion, carbs_per_portion, protein_per_portion) VALUES (46, 278, 67, 183);

INSERT INTO Recipe_Meal_Type (recipe_id, meal_type_id) VALUES (46, 4);

INSERT INTO Recipe_Meal_Type (recipe_id, meal_type_id) VALUES (46, 3);

INSERT INTO Recipe_Label (recipe_id, label_id) VALUES (46, 8);

INSERT INTO Recipe_Label (recipe_id, label_id) VALUES (46, 3);

INSERT INTO Recipe_Equipment (recipe_id, equipment_id) VALUES (46, 9);

INSERT INTO Recipe_Equipment (recipe_id, equipment_id) VALUES (46, 10);

INSERT INTO Recipe_Equipment (recipe_id, equipment_id) VALUES (46, 34);

INSERT INTO Recipe_Equipment (recipe_id, equipment_id) VALUES (46, 20);

INSERT INTO Recipe_Equipment (recipe_id, equipment_id) VALUES (46, 30);

INSERT INTO Recipe_Equipment (recipe_id, equipment_id) VALUES (46, 8);

INSERT INTO Recipe_Equipment (recipe_id, equipment_id) VALUES (46, 7);

INSERT INTO Recipe_Ingredient (recipe_id, ingredient_id, portion) VALUES (46, 153, 1);

INSERT INTO Recipe_Ingredient (recipe_id, ingredient_id, portion) VALUES (46, 59, 8);

INSERT INTO Recipe_Ingredient (recipe_id, ingredient_id, portion) VALUES (46, 103, 5);

INSERT INTO Recipe_Ingredient (recipe_id, ingredient_id, portion) VALUES (46, 178, 1);

INSERT INTO Recipe_Ingredient (recipe_id, ingredient_id, portion) VALUES (46, 13, 6);

INSERT INTO Recipe_Ingredient (recipe_id, ingredient_id, portion) VALUES (46, 169, 5);

INSERT INTO Recipe_Ingredient (recipe_id, ingredient_id, portion) VALUES (46, 112, 3);

INSERT INTO Recipe_Ingredient (recipe_id, ingredient_id, portion) VALUES (46, 6, 3);

INSERT INTO Recipe_Ingredient (recipe_id, ingredient_id, portion) VALUES (46, 26, 4);

INSERT INTO Recipe_Ingredient (recipe_id, ingredient_id, portion) VALUES (46, 122, 6);

INSERT INTO Recipe_Ingredient (recipe_id, ingredient_id, portion) VALUES (46, 171, 5);

INSERT INTO Recipe_Ingredient (recipe_id, ingredient_id, portion) VALUES (46, 30, 6);

INSERT INTO Recipe_Ingredient (recipe_id, ingredient_id, portion) VALUES (46, 62, 6);

INSERT INTO Recipe_Ingredient (recipe_id, ingredient_id, portion) VALUES (46, 91, 7);

INSERT INTO Recipe_Ingredient (recipe_id, ingredient_id, portion) VALUES (46, 104, 8);

INSERT INTO Recipe_Ingredient (recipe_id, ingredient_id, portion) VALUES (46, 127, 5);

INSERT INTO Recipe_Thematic_Unit (recipe_id, thematic_unit_id) VALUES (46, 12);

INSERT INTO Recipe_Thematic_Unit (recipe_id, thematic_unit_id) VALUES (46, 9);

INSERT INTO Recipe (recipe_type, name, national_cuisine_id, difficulty_level, description, tip1, cooking_time, prep_time, portions, basic_ingredient_id, image_id) VALUES ('cooking', 'Gnocchi and sweet potatoes', 10, 1, 'No trip report direction. Care allow trade.', 'better with slow cooking', 71, 16, 7, 45, 75);

INSERT INTO Step (recipe_id, order_number, description) VALUES (47, 1, 'Choice rule rock federal employee shoulder.');

INSERT INTO Step (recipe_id, order_number, description) VALUES (47, 2, 'Into dinner go management.');

INSERT INTO Step (recipe_id, order_number, description) VALUES (47, 3, 'Really wall hope.');

INSERT INTO Step (recipe_id, order_number, description) VALUES (47, 4, 'Around so including color relate southern.');

INSERT INTO Step (recipe_id, order_number, description) VALUES (47, 5, 'Heart month citizen could dream.');

INSERT INTO Step (recipe_id, order_number, description) VALUES (47, 6, 'Drug look collection surface color every.');

INSERT INTO Nutritional_Info (recipe_id, fat_per_portion, carbs_per_portion, protein_per_portion) VALUES (47, 264, 135, 141);

INSERT INTO Recipe_Meal_Type (recipe_id, meal_type_id) VALUES (47, 5);

INSERT INTO Recipe_Meal_Type (recipe_id, meal_type_id) VALUES (47, 4);

INSERT INTO Recipe_Label (recipe_id, label_id) VALUES (47, 1);

INSERT INTO Recipe_Label (recipe_id, label_id) VALUES (47, 4);

INSERT INTO Recipe_Label (recipe_id, label_id) VALUES (47, 8);

INSERT INTO Recipe_Label (recipe_id, label_id) VALUES (47, 7);

INSERT INTO Recipe_Equipment (recipe_id, equipment_id) VALUES (47, 11);

INSERT INTO Recipe_Equipment (recipe_id, equipment_id) VALUES (47, 33);

INSERT INTO Recipe_Equipment (recipe_id, equipment_id) VALUES (47, 42);

INSERT INTO Recipe_Equipment (recipe_id, equipment_id) VALUES (47, 37);

INSERT INTO Recipe_Equipment (recipe_id, equipment_id) VALUES (47, 6);

INSERT INTO Recipe_Equipment (recipe_id, equipment_id) VALUES (47, 28);

INSERT INTO Recipe_Equipment (recipe_id, equipment_id) VALUES (47, 47);

INSERT INTO Recipe_Equipment (recipe_id, equipment_id) VALUES (47, 16);

INSERT INTO Recipe_Equipment (recipe_id, equipment_id) VALUES (47, 21);

INSERT INTO Recipe_Ingredient (recipe_id, ingredient_id, portion) VALUES (47, 178, 1);

INSERT INTO Recipe_Ingredient (recipe_id, ingredient_id, portion) VALUES (47, 73, 6);

INSERT INTO Recipe_Ingredient (recipe_id, ingredient_id, portion) VALUES (47, 40, 8);

INSERT INTO Recipe_Ingredient (recipe_id, ingredient_id, portion) VALUES (47, 4, 3);

INSERT INTO Recipe_Ingredient (recipe_id, ingredient_id, portion) VALUES (47, 5, 7);

INSERT INTO Recipe_Ingredient (recipe_id, ingredient_id, portion) VALUES (47, 98, 6);

INSERT INTO Recipe_Ingredient (recipe_id, ingredient_id, portion) VALUES (47, 146, 7);

INSERT INTO Recipe_Ingredient (recipe_id, ingredient_id, portion) VALUES (47, 41, 7);

INSERT INTO Recipe_Ingredient (recipe_id, ingredient_id, portion) VALUES (47, 121, 6);

INSERT INTO Recipe_Ingredient (recipe_id, ingredient_id, portion) VALUES (47, 8, 1);

INSERT INTO Recipe_Ingredient (recipe_id, ingredient_id, portion) VALUES (47, 198, 4);

INSERT INTO Recipe_Ingredient (recipe_id, ingredient_id, portion) VALUES (47, 3, 3);

INSERT INTO Recipe_Ingredient (recipe_id, ingredient_id, portion) VALUES (47, 2, 8);

INSERT INTO Recipe_Ingredient (recipe_id, ingredient_id, portion) VALUES (47, 175, 3);

INSERT INTO Recipe_Ingredient (recipe_id, ingredient_id, portion) VALUES (47, 114, 4);

INSERT INTO Recipe_Ingredient (recipe_id, ingredient_id, portion) VALUES (47, 111, 2);

INSERT INTO Recipe_Ingredient (recipe_id, ingredient_id, portion) VALUES (47, 45, 2);

INSERT INTO Recipe_Thematic_Unit (recipe_id, thematic_unit_id) VALUES (47, 10);

INSERT INTO Recipe (recipe_type, name, national_cuisine_id, difficulty_level, description, tip1, tip2, tip3, cooking_time, prep_time, portions, basic_ingredient_id, image_id) VALUES ('cooking', 'Shepherds Pie', 10, 4, 'Task offer treatment today argue. Blue this because training share.', 'better after 2 days', 'better when fresh', 'better with a blender', 58, 8, 7, 6, 76);

INSERT INTO Step (recipe_id, order_number, description) VALUES (48, 1, 'Young sometimes fund kitchen.');

INSERT INTO Step (recipe_id, order_number, description) VALUES (48, 2, 'Leg political top you green when community.');

INSERT INTO Step (recipe_id, order_number, description) VALUES (48, 3, 'Down yeah carry identify box.');

INSERT INTO Step (recipe_id, order_number, description) VALUES (48, 4, 'Hit voice free.');

INSERT INTO Step (recipe_id, order_number, description) VALUES (48, 5, 'Government staff history identify.');

INSERT INTO Step (recipe_id, order_number, description) VALUES (48, 6, 'First pretty foreign contain less world dog.');

INSERT INTO Step (recipe_id, order_number, description) VALUES (48, 7, 'Least decide ability much me board eye.');

INSERT INTO Nutritional_Info (recipe_id, fat_per_portion, carbs_per_portion, protein_per_portion) VALUES (48, 357, 32, 61);

INSERT INTO Recipe_Meal_Type (recipe_id, meal_type_id) VALUES (48, 2);

INSERT INTO Recipe_Label (recipe_id, label_id) VALUES (48, 1);

INSERT INTO Recipe_Label (recipe_id, label_id) VALUES (48, 3);

INSERT INTO Recipe_Label (recipe_id, label_id) VALUES (48, 9);

INSERT INTO Recipe_Equipment (recipe_id, equipment_id) VALUES (48, 33);

INSERT INTO Recipe_Ingredient (recipe_id, ingredient_id, portion) VALUES (48, 65, 7);

INSERT INTO Recipe_Ingredient (recipe_id, ingredient_id, portion) VALUES (48, 81, 6);

INSERT INTO Recipe_Ingredient (recipe_id, ingredient_id, portion) VALUES (48, 112, 1);

INSERT INTO Recipe_Ingredient (recipe_id, ingredient_id, portion) VALUES (48, 144, 5);

INSERT INTO Recipe_Ingredient (recipe_id, ingredient_id, portion) VALUES (48, 141, 4);

INSERT INTO Recipe_Ingredient (recipe_id, ingredient_id, portion) VALUES (48, 186, 5);

INSERT INTO Recipe_Ingredient (recipe_id, ingredient_id, portion) VALUES (48, 25, 2);

INSERT INTO Recipe_Ingredient (recipe_id, ingredient_id, portion) VALUES (48, 157, 5);

INSERT INTO Recipe_Ingredient (recipe_id, ingredient_id, portion) VALUES (48, 41, 8);

INSERT INTO Recipe_Ingredient (recipe_id, ingredient_id, portion) VALUES (48, 160, 3);

INSERT INTO Recipe_Ingredient (recipe_id, ingredient_id, portion) VALUES (48, 179, 1);

INSERT INTO Recipe_Ingredient (recipe_id, ingredient_id, portion) VALUES (48, 36, 8);

INSERT INTO Recipe_Ingredient (recipe_id, ingredient_id, portion) VALUES (48, 95, 4);

INSERT INTO Recipe_Ingredient (recipe_id, ingredient_id, portion) VALUES (48, 6, 6);

INSERT INTO Recipe_Thematic_Unit (recipe_id, thematic_unit_id) VALUES (48, 6);

INSERT INTO Recipe_Thematic_Unit (recipe_id, thematic_unit_id) VALUES (48, 2);

INSERT INTO Recipe_Thematic_Unit (recipe_id, thematic_unit_id) VALUES (48, 10);

INSERT INTO Recipe (recipe_type, name, national_cuisine_id, difficulty_level, description, tip1, tip2, cooking_time, prep_time, portions, basic_ingredient_id, image_id) VALUES ('cooking', 'Garlic Parmesan Chicken', 10, 1, 'Benefit new clear identify they green place.', 'you need an oven', 'better after 2 days', 122, 35, 7, 96, 77);

INSERT INTO Step (recipe_id, order_number, description) VALUES (49, 1, 'One would respond reveal order boy.');

INSERT INTO Nutritional_Info (recipe_id, fat_per_portion, carbs_per_portion, protein_per_portion) VALUES (49, 119, 83, 167);

INSERT INTO Recipe_Meal_Type (recipe_id, meal_type_id) VALUES (49, 3);

INSERT INTO Recipe_Label (recipe_id, label_id) VALUES (49, 1);

INSERT INTO Recipe_Label (recipe_id, label_id) VALUES (49, 9);

INSERT INTO Recipe_Label (recipe_id, label_id) VALUES (49, 2);

INSERT INTO Recipe_Label (recipe_id, label_id) VALUES (49, 5);

INSERT INTO Recipe_Equipment (recipe_id, equipment_id) VALUES (49, 32);

INSERT INTO Recipe_Equipment (recipe_id, equipment_id) VALUES (49, 39);

INSERT INTO Recipe_Equipment (recipe_id, equipment_id) VALUES (49, 14);

INSERT INTO Recipe_Equipment (recipe_id, equipment_id) VALUES (49, 45);

INSERT INTO Recipe_Equipment (recipe_id, equipment_id) VALUES (49, 11);

INSERT INTO Recipe_Equipment (recipe_id, equipment_id) VALUES (49, 8);

INSERT INTO Recipe_Equipment (recipe_id, equipment_id) VALUES (49, 24);

INSERT INTO Recipe_Equipment (recipe_id, equipment_id) VALUES (49, 31);

INSERT INTO Recipe_Equipment (recipe_id, equipment_id) VALUES (49, 20);

INSERT INTO Recipe_Ingredient (recipe_id, ingredient_id, portion) VALUES (49, 29, 4);

INSERT INTO Recipe_Ingredient (recipe_id, ingredient_id, portion) VALUES (49, 63, 5);

INSERT INTO Recipe_Ingredient (recipe_id, ingredient_id, portion) VALUES (49, 140, 2);

INSERT INTO Recipe_Ingredient (recipe_id, ingredient_id, portion) VALUES (49, 96, 7);

INSERT INTO Recipe_Thematic_Unit (recipe_id, thematic_unit_id) VALUES (49, 13);

INSERT INTO Recipe_Thematic_Unit (recipe_id, thematic_unit_id) VALUES (49, 11);

INSERT INTO Recipe_Thematic_Unit (recipe_id, thematic_unit_id) VALUES (49, 3);

INSERT INTO Recipe (recipe_type, name, national_cuisine_id, difficulty_level, description, tip1, tip2, tip3, cooking_time, prep_time, portions, basic_ingredient_id, image_id) VALUES ('cooking', 'Turkey Pot Pie', 10, 4, 'Hard whom place plan former party. Or study page participant necessary again speech. Full last organization clear dog include. Born assume star sport place media party.', 'you have to be careful not to let it get stack', 'better with slow cooking', 'you need 2 people to make it', 98, 16, 1, 17, 78);

INSERT INTO Step (recipe_id, order_number, description) VALUES (50, 1, 'From ready clear former style technology.');

INSERT INTO Step (recipe_id, order_number, description) VALUES (50, 2, 'Build society college social likely.');

INSERT INTO Step (recipe_id, order_number, description) VALUES (50, 3, 'Program sport address want.');

INSERT INTO Nutritional_Info (recipe_id, fat_per_portion, carbs_per_portion, protein_per_portion) VALUES (50, 145, 128, 135);

INSERT INTO Recipe_Meal_Type (recipe_id, meal_type_id) VALUES (50, 1);

INSERT INTO Recipe_Label (recipe_id, label_id) VALUES (50, 10);

INSERT INTO Recipe_Label (recipe_id, label_id) VALUES (50, 1);

INSERT INTO Recipe_Label (recipe_id, label_id) VALUES (50, 2);

INSERT INTO Recipe_Label (recipe_id, label_id) VALUES (50, 4);

INSERT INTO Recipe_Equipment (recipe_id, equipment_id) VALUES (50, 33);

INSERT INTO Recipe_Ingredient (recipe_id, ingredient_id, portion) VALUES (50, 166, 3);

INSERT INTO Recipe_Ingredient (recipe_id, ingredient_id, portion) VALUES (50, 4, 1);

INSERT INTO Recipe_Ingredient (recipe_id, ingredient_id, portion) VALUES (50, 153, 6);

INSERT INTO Recipe_Ingredient (recipe_id, ingredient_id, portion) VALUES (50, 58, 1);

INSERT INTO Recipe_Ingredient (recipe_id, ingredient_id, portion) VALUES (50, 71, 1);

INSERT INTO Recipe_Ingredient (recipe_id, ingredient_id, portion) VALUES (50, 173, 3);

INSERT INTO Recipe_Ingredient (recipe_id, ingredient_id, portion) VALUES (50, 11, 5);

INSERT INTO Recipe_Ingredient (recipe_id, ingredient_id, portion) VALUES (50, 158, 1);

INSERT INTO Recipe_Ingredient (recipe_id, ingredient_id, portion) VALUES (50, 19, 6);

INSERT INTO Recipe_Ingredient (recipe_id, ingredient_id, portion) VALUES (50, 130, 5);

INSERT INTO Recipe_Ingredient (recipe_id, ingredient_id, portion) VALUES (50, 46, 2);

INSERT INTO Recipe_Ingredient (recipe_id, ingredient_id, portion) VALUES (50, 67, 6);

INSERT INTO Recipe_Ingredient (recipe_id, ingredient_id, portion) VALUES (50, 154, 2);

INSERT INTO Recipe_Ingredient (recipe_id, ingredient_id, portion) VALUES (50, 88, 8);

INSERT INTO Recipe_Ingredient (recipe_id, ingredient_id, portion) VALUES (50, 17, 1);

INSERT INTO Recipe_Thematic_Unit (recipe_id, thematic_unit_id) VALUES (50, 6);

INSERT INTO Recipe (recipe_type, name, national_cuisine_id, difficulty_level, description, tip1, tip2, tip3, cooking_time, prep_time, portions, basic_ingredient_id, image_id) VALUES ('pastry', 'Balsamic Bacon Brussels Sprouts', 11, 4, 'Agreement each who most up front pick. Mission future in special.', 'you have to be careful not to let it get stack', 'you need to be patient', 'better with butter instead of milk', 132, 22, 2, 133, 79);

INSERT INTO Step (recipe_id, order_number, description) VALUES (51, 1, 'Outside hundred many speak.');

INSERT INTO Step (recipe_id, order_number, description) VALUES (51, 2, 'Law leave degree reflect fall indicate.');

INSERT INTO Step (recipe_id, order_number, description) VALUES (51, 3, 'Nearly room interest carry environment.');

INSERT INTO Step (recipe_id, order_number, description) VALUES (51, 4, 'Indeed common begin edge.');

INSERT INTO Nutritional_Info (recipe_id, fat_per_portion, carbs_per_portion, protein_per_portion) VALUES (51, 52, 34, 47);

INSERT INTO Recipe_Meal_Type (recipe_id, meal_type_id) VALUES (51, 1);

INSERT INTO Recipe_Label (recipe_id, label_id) VALUES (51, 5);

INSERT INTO Recipe_Equipment (recipe_id, equipment_id) VALUES (51, 26);

INSERT INTO Recipe_Equipment (recipe_id, equipment_id) VALUES (51, 35);

INSERT INTO Recipe_Equipment (recipe_id, equipment_id) VALUES (51, 37);

INSERT INTO Recipe_Equipment (recipe_id, equipment_id) VALUES (51, 21);

INSERT INTO Recipe_Equipment (recipe_id, equipment_id) VALUES (51, 10);

INSERT INTO Recipe_Ingredient (recipe_id, ingredient_id, portion) VALUES (51, 123, 5);

INSERT INTO Recipe_Ingredient (recipe_id, ingredient_id, portion) VALUES (51, 13, 8);

INSERT INTO Recipe_Ingredient (recipe_id, ingredient_id, portion) VALUES (51, 109, 1);

INSERT INTO Recipe_Ingredient (recipe_id, ingredient_id, portion) VALUES (51, 4, 6);

INSERT INTO Recipe_Ingredient (recipe_id, ingredient_id, portion) VALUES (51, 182, 5);

INSERT INTO Recipe_Ingredient (recipe_id, ingredient_id, portion) VALUES (51, 162, 3);

INSERT INTO Recipe_Ingredient (recipe_id, ingredient_id, portion) VALUES (51, 15, 3);

INSERT INTO Recipe_Ingredient (recipe_id, ingredient_id, portion) VALUES (51, 38, 3);

INSERT INTO Recipe_Ingredient (recipe_id, ingredient_id, portion) VALUES (51, 144, 5);

INSERT INTO Recipe_Ingredient (recipe_id, ingredient_id, portion) VALUES (51, 65, 6);

INSERT INTO Recipe_Ingredient (recipe_id, ingredient_id, portion) VALUES (51, 133, 1);

INSERT INTO Recipe_Thematic_Unit (recipe_id, thematic_unit_id) VALUES (51, 4);

INSERT INTO Recipe_Thematic_Unit (recipe_id, thematic_unit_id) VALUES (51, 8);

INSERT INTO Recipe (recipe_type, name, national_cuisine_id, difficulty_level, description, tip1, cooking_time, prep_time, portions, basic_ingredient_id, image_id) VALUES ('cooking', 'Lemon Red Potatoes', 11, 1, 'Girl or group bill than reason. Future less gas administration fish method cost.', 'in the fridge for 3 days', 133, 23, 2, 24, 80);

INSERT INTO Step (recipe_id, order_number, description) VALUES (52, 1, 'Next day avoid ahead letter notice next.');

INSERT INTO Step (recipe_id, order_number, description) VALUES (52, 2, 'Edge order agreement traditional.');

INSERT INTO Step (recipe_id, order_number, description) VALUES (52, 3, 'They force physical off.');

INSERT INTO Step (recipe_id, order_number, description) VALUES (52, 4, 'Apply image toward say pull.');

INSERT INTO Nutritional_Info (recipe_id, fat_per_portion, carbs_per_portion, protein_per_portion) VALUES (52, 379, 104, 197);

INSERT INTO Recipe_Meal_Type (recipe_id, meal_type_id) VALUES (52, 5);

INSERT INTO Recipe_Label (recipe_id, label_id) VALUES (52, 8);

INSERT INTO Recipe_Label (recipe_id, label_id) VALUES (52, 6);

INSERT INTO Recipe_Label (recipe_id, label_id) VALUES (52, 5);

INSERT INTO Recipe_Label (recipe_id, label_id) VALUES (52, 10);

INSERT INTO Recipe_Equipment (recipe_id, equipment_id) VALUES (52, 9);

INSERT INTO Recipe_Equipment (recipe_id, equipment_id) VALUES (52, 39);

INSERT INTO Recipe_Equipment (recipe_id, equipment_id) VALUES (52, 19);

INSERT INTO Recipe_Ingredient (recipe_id, ingredient_id, portion) VALUES (52, 33, 4);

INSERT INTO Recipe_Ingredient (recipe_id, ingredient_id, portion) VALUES (52, 54, 4);

INSERT INTO Recipe_Ingredient (recipe_id, ingredient_id, portion) VALUES (52, 8, 6);

INSERT INTO Recipe_Ingredient (recipe_id, ingredient_id, portion) VALUES (52, 10, 2);

INSERT INTO Recipe_Ingredient (recipe_id, ingredient_id, portion) VALUES (52, 110, 5);

INSERT INTO Recipe_Ingredient (recipe_id, ingredient_id, portion) VALUES (52, 185, 4);

INSERT INTO Recipe_Ingredient (recipe_id, ingredient_id, portion) VALUES (52, 16, 1);

INSERT INTO Recipe_Ingredient (recipe_id, ingredient_id, portion) VALUES (52, 165, 8);

INSERT INTO Recipe_Ingredient (recipe_id, ingredient_id, portion) VALUES (52, 35, 2);

INSERT INTO Recipe_Ingredient (recipe_id, ingredient_id, portion) VALUES (52, 130, 8);

INSERT INTO Recipe_Ingredient (recipe_id, ingredient_id, portion) VALUES (52, 65, 8);

INSERT INTO Recipe_Ingredient (recipe_id, ingredient_id, portion) VALUES (52, 38, 6);

INSERT INTO Recipe_Ingredient (recipe_id, ingredient_id, portion) VALUES (52, 115, 6);

INSERT INTO Recipe_Ingredient (recipe_id, ingredient_id, portion) VALUES (52, 125, 8);

INSERT INTO Recipe_Ingredient (recipe_id, ingredient_id, portion) VALUES (52, 197, 7);

INSERT INTO Recipe_Ingredient (recipe_id, ingredient_id, portion) VALUES (52, 154, 4);

INSERT INTO Recipe_Ingredient (recipe_id, ingredient_id, portion) VALUES (52, 37, 8);

INSERT INTO Recipe_Ingredient (recipe_id, ingredient_id, portion) VALUES (52, 71, 8);

INSERT INTO Recipe_Ingredient (recipe_id, ingredient_id, portion) VALUES (52, 163, 6);

INSERT INTO Recipe_Ingredient (recipe_id, ingredient_id, portion) VALUES (52, 24, 4);

INSERT INTO Recipe_Thematic_Unit (recipe_id, thematic_unit_id) VALUES (52, 15);

INSERT INTO Recipe_Thematic_Unit (recipe_id, thematic_unit_id) VALUES (52, 12);

INSERT INTO Recipe_Thematic_Unit (recipe_id, thematic_unit_id) VALUES (52, 3);

INSERT INTO Recipe (recipe_type, name, national_cuisine_id, difficulty_level, description, tip1, cooking_time, prep_time, portions, basic_ingredient_id, image_id) VALUES ('pastry', 'Potato and Corn Chowder', 11, 4, 'Red color through chance act successful. Sound organization make direction sister name. Fly onto article cut.', 'you need to use your hands', 95, 40, 4, 4, 81);

INSERT INTO Step (recipe_id, order_number, description) VALUES (53, 1, 'Discussion member attack management set.');

INSERT INTO Nutritional_Info (recipe_id, fat_per_portion, carbs_per_portion, protein_per_portion) VALUES (53, 145, 152, 70);

INSERT INTO Recipe_Meal_Type (recipe_id, meal_type_id) VALUES (53, 6);

INSERT INTO Recipe_Label (recipe_id, label_id) VALUES (53, 2);

INSERT INTO Recipe_Equipment (recipe_id, equipment_id) VALUES (53, 32);

INSERT INTO Recipe_Equipment (recipe_id, equipment_id) VALUES (53, 43);

INSERT INTO Recipe_Equipment (recipe_id, equipment_id) VALUES (53, 20);

INSERT INTO Recipe_Equipment (recipe_id, equipment_id) VALUES (53, 36);

INSERT INTO Recipe_Equipment (recipe_id, equipment_id) VALUES (53, 30);

INSERT INTO Recipe_Equipment (recipe_id, equipment_id) VALUES (53, 31);

INSERT INTO Recipe_Equipment (recipe_id, equipment_id) VALUES (53, 23);

INSERT INTO Recipe_Ingredient (recipe_id, ingredient_id, portion) VALUES (53, 70, 7);

INSERT INTO Recipe_Ingredient (recipe_id, ingredient_id, portion) VALUES (53, 93, 2);

INSERT INTO Recipe_Ingredient (recipe_id, ingredient_id, portion) VALUES (53, 4, 5);

INSERT INTO Recipe_Thematic_Unit (recipe_id, thematic_unit_id) VALUES (53, 15);

INSERT INTO Recipe_Thematic_Unit (recipe_id, thematic_unit_id) VALUES (53, 6);

INSERT INTO Recipe_Thematic_Unit (recipe_id, thematic_unit_id) VALUES (53, 7);

INSERT INTO Recipe (recipe_type, name, national_cuisine_id, difficulty_level, description, tip1, cooking_time, prep_time, portions, basic_ingredient_id, image_id) VALUES ('pastry', 'Thai Chicken', 11, 2, 'Open some effort political star. Here economic national professor take home. Mind education attorney if good star develop.', 'better without sugar', 149, 43, 4, 155, 82);

INSERT INTO Step (recipe_id, order_number, description) VALUES (54, 1, 'General beyond road ahead me body particular.');

INSERT INTO Step (recipe_id, order_number, description) VALUES (54, 2, 'Impact add only see.');

INSERT INTO Nutritional_Info (recipe_id, fat_per_portion, carbs_per_portion, protein_per_portion) VALUES (54, 245, 157, 125);

INSERT INTO Recipe_Meal_Type (recipe_id, meal_type_id) VALUES (54, 4);

INSERT INTO Recipe_Meal_Type (recipe_id, meal_type_id) VALUES (54, 2);

INSERT INTO Recipe_Label (recipe_id, label_id) VALUES (54, 5);

INSERT INTO Recipe_Label (recipe_id, label_id) VALUES (54, 10);

INSERT INTO Recipe_Label (recipe_id, label_id) VALUES (54, 3);

INSERT INTO Recipe_Label (recipe_id, label_id) VALUES (54, 6);

INSERT INTO Recipe_Equipment (recipe_id, equipment_id) VALUES (54, 26);

INSERT INTO Recipe_Equipment (recipe_id, equipment_id) VALUES (54, 39);

INSERT INTO Recipe_Equipment (recipe_id, equipment_id) VALUES (54, 40);

INSERT INTO Recipe_Equipment (recipe_id, equipment_id) VALUES (54, 22);

INSERT INTO Recipe_Equipment (recipe_id, equipment_id) VALUES (54, 25);

INSERT INTO Recipe_Equipment (recipe_id, equipment_id) VALUES (54, 47);

INSERT INTO Recipe_Equipment (recipe_id, equipment_id) VALUES (54, 21);

INSERT INTO Recipe_Equipment (recipe_id, equipment_id) VALUES (54, 46);

INSERT INTO Recipe_Ingredient (recipe_id, ingredient_id, portion) VALUES (54, 200, 2);

INSERT INTO Recipe_Ingredient (recipe_id, ingredient_id, portion) VALUES (54, 52, 5);

INSERT INTO Recipe_Ingredient (recipe_id, ingredient_id, portion) VALUES (54, 102, 6);

INSERT INTO Recipe_Ingredient (recipe_id, ingredient_id, portion) VALUES (54, 8, 2);

INSERT INTO Recipe_Ingredient (recipe_id, ingredient_id, portion) VALUES (54, 87, 6);

INSERT INTO Recipe_Ingredient (recipe_id, ingredient_id, portion) VALUES (54, 186, 6);

INSERT INTO Recipe_Ingredient (recipe_id, ingredient_id, portion) VALUES (54, 162, 5);

INSERT INTO Recipe_Ingredient (recipe_id, ingredient_id, portion) VALUES (54, 158, 8);

INSERT INTO Recipe_Ingredient (recipe_id, ingredient_id, portion) VALUES (54, 16, 6);

INSERT INTO Recipe_Ingredient (recipe_id, ingredient_id, portion) VALUES (54, 168, 8);

INSERT INTO Recipe_Ingredient (recipe_id, ingredient_id, portion) VALUES (54, 187, 3);

INSERT INTO Recipe_Ingredient (recipe_id, ingredient_id, portion) VALUES (54, 23, 3);

INSERT INTO Recipe_Ingredient (recipe_id, ingredient_id, portion) VALUES (54, 75, 5);

INSERT INTO Recipe_Ingredient (recipe_id, ingredient_id, portion) VALUES (54, 129, 8);

INSERT INTO Recipe_Ingredient (recipe_id, ingredient_id, portion) VALUES (54, 35, 7);

INSERT INTO Recipe_Ingredient (recipe_id, ingredient_id, portion) VALUES (54, 192, 1);

INSERT INTO Recipe_Ingredient (recipe_id, ingredient_id, portion) VALUES (54, 106, 7);

INSERT INTO Recipe_Ingredient (recipe_id, ingredient_id, portion) VALUES (54, 104, 3);

INSERT INTO Recipe_Ingredient (recipe_id, ingredient_id, portion) VALUES (54, 155, 4);

INSERT INTO Recipe_Thematic_Unit (recipe_id, thematic_unit_id) VALUES (54, 12);

INSERT INTO Recipe_Thematic_Unit (recipe_id, thematic_unit_id) VALUES (54, 1);

INSERT INTO Recipe (recipe_type, name, national_cuisine_id, difficulty_level, description, tip1, cooking_time, prep_time, portions, basic_ingredient_id, image_id) VALUES ('cooking', 'Italian Fagoli Vegetable Soup', 11, 1, 'Three along feeling bad. Management she rate lay. Guy free early network song would a experience.', 'better when fresh', 48, 34, 5, 34, 83);

INSERT INTO Step (recipe_id, order_number, description) VALUES (55, 1, 'Per blue under sometimes set such door.');

INSERT INTO Step (recipe_id, order_number, description) VALUES (55, 2, 'Range have author.');

INSERT INTO Step (recipe_id, order_number, description) VALUES (55, 3, 'Bill a wall partner they like.');

INSERT INTO Step (recipe_id, order_number, description) VALUES (55, 4, 'Lawyer itself kid now subject open middle.');

INSERT INTO Step (recipe_id, order_number, description) VALUES (55, 5, 'Last him cut behind successful create Mr.');

INSERT INTO Step (recipe_id, order_number, description) VALUES (55, 6, 'Anything that fill strategy spring.');

INSERT INTO Nutritional_Info (recipe_id, fat_per_portion, carbs_per_portion, protein_per_portion) VALUES (55, 169, 176, 137);

INSERT INTO Recipe_Meal_Type (recipe_id, meal_type_id) VALUES (55, 4);

INSERT INTO Recipe_Label (recipe_id, label_id) VALUES (55, 7);

INSERT INTO Recipe_Label (recipe_id, label_id) VALUES (55, 2);

INSERT INTO Recipe_Label (recipe_id, label_id) VALUES (55, 4);

INSERT INTO Recipe_Label (recipe_id, label_id) VALUES (55, 9);

INSERT INTO Recipe_Equipment (recipe_id, equipment_id) VALUES (55, 8);

INSERT INTO Recipe_Equipment (recipe_id, equipment_id) VALUES (55, 13);

INSERT INTO Recipe_Equipment (recipe_id, equipment_id) VALUES (55, 49);

INSERT INTO Recipe_Equipment (recipe_id, equipment_id) VALUES (55, 10);

INSERT INTO Recipe_Equipment (recipe_id, equipment_id) VALUES (55, 41);

INSERT INTO Recipe_Ingredient (recipe_id, ingredient_id, portion) VALUES (55, 197, 4);

INSERT INTO Recipe_Ingredient (recipe_id, ingredient_id, portion) VALUES (55, 46, 6);

INSERT INTO Recipe_Ingredient (recipe_id, ingredient_id, portion) VALUES (55, 122, 7);

INSERT INTO Recipe_Ingredient (recipe_id, ingredient_id, portion) VALUES (55, 75, 5);

INSERT INTO Recipe_Ingredient (recipe_id, ingredient_id, portion) VALUES (55, 14, 7);

INSERT INTO Recipe_Ingredient (recipe_id, ingredient_id, portion) VALUES (55, 34, 4);

INSERT INTO Recipe_Thematic_Unit (recipe_id, thematic_unit_id) VALUES (55, 8);

INSERT INTO Recipe (recipe_type, name, national_cuisine_id, difficulty_level, description, tip1, cooking_time, prep_time, portions, basic_ingredient_id, image_id) VALUES ('pastry', 'Blueberry Pie', 12, 4, 'Why then drug nearly later growth. Talk push bad language. Also anything level reduce prevent lay walk.', 'better with feta cheese', 103, 19, 4, 178, 84);

INSERT INTO Step (recipe_id, order_number, description) VALUES (56, 1, 'Until difference floor side add.');

INSERT INTO Step (recipe_id, order_number, description) VALUES (56, 2, 'Work care front window claim.');

INSERT INTO Step (recipe_id, order_number, description) VALUES (56, 3, 'Direction blood machine.');

INSERT INTO Step (recipe_id, order_number, description) VALUES (56, 4, 'Tax travel international.');

INSERT INTO Step (recipe_id, order_number, description) VALUES (56, 5, 'Moment out change bit rate walk summer.');

INSERT INTO Nutritional_Info (recipe_id, fat_per_portion, carbs_per_portion, protein_per_portion) VALUES (56, 274, 194, 200);

INSERT INTO Recipe_Meal_Type (recipe_id, meal_type_id) VALUES (56, 4);

INSERT INTO Recipe_Meal_Type (recipe_id, meal_type_id) VALUES (56, 1);

INSERT INTO Recipe_Label (recipe_id, label_id) VALUES (56, 3);

INSERT INTO Recipe_Label (recipe_id, label_id) VALUES (56, 5);

INSERT INTO Recipe_Equipment (recipe_id, equipment_id) VALUES (56, 43);

INSERT INTO Recipe_Equipment (recipe_id, equipment_id) VALUES (56, 35);

INSERT INTO Recipe_Equipment (recipe_id, equipment_id) VALUES (56, 4);

INSERT INTO Recipe_Equipment (recipe_id, equipment_id) VALUES (56, 5);

INSERT INTO Recipe_Ingredient (recipe_id, ingredient_id, portion) VALUES (56, 65, 5);

INSERT INTO Recipe_Ingredient (recipe_id, ingredient_id, portion) VALUES (56, 176, 7);

INSERT INTO Recipe_Ingredient (recipe_id, ingredient_id, portion) VALUES (56, 152, 5);

INSERT INTO Recipe_Ingredient (recipe_id, ingredient_id, portion) VALUES (56, 57, 5);

INSERT INTO Recipe_Ingredient (recipe_id, ingredient_id, portion) VALUES (56, 159, 8);

INSERT INTO Recipe_Ingredient (recipe_id, ingredient_id, portion) VALUES (56, 178, 7);

INSERT INTO Recipe_Thematic_Unit (recipe_id, thematic_unit_id) VALUES (56, 10);

INSERT INTO Recipe_Thematic_Unit (recipe_id, thematic_unit_id) VALUES (56, 11);

INSERT INTO Recipe_Thematic_Unit (recipe_id, thematic_unit_id) VALUES (56, 7);

INSERT INTO Recipe (recipe_type, name, national_cuisine_id, difficulty_level, description, tip1, cooking_time, prep_time, portions, basic_ingredient_id, image_id) VALUES ('cooking', 'Chocolate Pudding', 12, 3, 'Claim rest four drug thank. Focus game her never later current.', 'you need salt', 118, 42, 1, 86, 85);

INSERT INTO Step (recipe_id, order_number, description) VALUES (57, 1, 'Check positive head much.');

INSERT INTO Step (recipe_id, order_number, description) VALUES (57, 2, 'Fall wear girl man.');

INSERT INTO Step (recipe_id, order_number, description) VALUES (57, 3, 'Way stand really parent challenge.');

INSERT INTO Step (recipe_id, order_number, description) VALUES (57, 4, 'Issue degree beautiful a it.');

INSERT INTO Step (recipe_id, order_number, description) VALUES (57, 5, 'Agency quite commercial.');

INSERT INTO Nutritional_Info (recipe_id, fat_per_portion, carbs_per_portion, protein_per_portion) VALUES (57, 240, 108, 28);

INSERT INTO Recipe_Meal_Type (recipe_id, meal_type_id) VALUES (57, 6);

INSERT INTO Recipe_Meal_Type (recipe_id, meal_type_id) VALUES (57, 5);

INSERT INTO Recipe_Meal_Type (recipe_id, meal_type_id) VALUES (57, 4);

INSERT INTO Recipe_Label (recipe_id, label_id) VALUES (57, 8);

INSERT INTO Recipe_Label (recipe_id, label_id) VALUES (57, 3);

INSERT INTO Recipe_Equipment (recipe_id, equipment_id) VALUES (57, 14);

INSERT INTO Recipe_Equipment (recipe_id, equipment_id) VALUES (57, 44);

INSERT INTO Recipe_Equipment (recipe_id, equipment_id) VALUES (57, 29);

INSERT INTO Recipe_Equipment (recipe_id, equipment_id) VALUES (57, 45);

INSERT INTO Recipe_Ingredient (recipe_id, ingredient_id, portion) VALUES (57, 34, 3);

INSERT INTO Recipe_Ingredient (recipe_id, ingredient_id, portion) VALUES (57, 86, 5);

INSERT INTO Recipe_Thematic_Unit (recipe_id, thematic_unit_id) VALUES (57, 3);

INSERT INTO Recipe_Thematic_Unit (recipe_id, thematic_unit_id) VALUES (57, 6);

INSERT INTO Recipe (recipe_type, name, national_cuisine_id, difficulty_level, description, tip1, cooking_time, prep_time, portions, basic_ingredient_id, image_id) VALUES ('cooking', 'Browned Butter Beets', 12, 4, 'Good long a live. Yeah firm wind thousand computer.', 'better with slow cooking', 64, 23, 6, 17, 86);

INSERT INTO Step (recipe_id, order_number, description) VALUES (58, 1, 'Physical grow above over during painting year.');

INSERT INTO Step (recipe_id, order_number, description) VALUES (58, 2, 'Cut instead up.');

INSERT INTO Step (recipe_id, order_number, description) VALUES (58, 3, 'Reach eight would ahead onto street.');

INSERT INTO Step (recipe_id, order_number, description) VALUES (58, 4, 'Seat maintain first middle music property.');

INSERT INTO Step (recipe_id, order_number, description) VALUES (58, 5, 'Guy property authority before cover.');

INSERT INTO Step (recipe_id, order_number, description) VALUES (58, 6, 'Later chair report future state head else list.');

INSERT INTO Step (recipe_id, order_number, description) VALUES (58, 7, 'Body watch do thus son speak.');

INSERT INTO Step (recipe_id, order_number, description) VALUES (58, 8, 'Herself need trip difficult when loss.');

INSERT INTO Nutritional_Info (recipe_id, fat_per_portion, carbs_per_portion, protein_per_portion) VALUES (58, 163, 68, 54);

INSERT INTO Recipe_Meal_Type (recipe_id, meal_type_id) VALUES (58, 2);

INSERT INTO Recipe_Label (recipe_id, label_id) VALUES (58, 10);

INSERT INTO Recipe_Equipment (recipe_id, equipment_id) VALUES (58, 16);

INSERT INTO Recipe_Equipment (recipe_id, equipment_id) VALUES (58, 28);

INSERT INTO Recipe_Equipment (recipe_id, equipment_id) VALUES (58, 5);

INSERT INTO Recipe_Equipment (recipe_id, equipment_id) VALUES (58, 30);

INSERT INTO Recipe_Equipment (recipe_id, equipment_id) VALUES (58, 26);

INSERT INTO Recipe_Equipment (recipe_id, equipment_id) VALUES (58, 36);

INSERT INTO Recipe_Equipment (recipe_id, equipment_id) VALUES (58, 46);

INSERT INTO Recipe_Equipment (recipe_id, equipment_id) VALUES (58, 18);

INSERT INTO Recipe_Equipment (recipe_id, equipment_id) VALUES (58, 11);

INSERT INTO Recipe_Equipment (recipe_id, equipment_id) VALUES (58, 39);

INSERT INTO Recipe_Ingredient (recipe_id, ingredient_id, portion) VALUES (58, 103, 3);

INSERT INTO Recipe_Ingredient (recipe_id, ingredient_id, portion) VALUES (58, 158, 7);

INSERT INTO Recipe_Ingredient (recipe_id, ingredient_id, portion) VALUES (58, 50, 6);

INSERT INTO Recipe_Ingredient (recipe_id, ingredient_id, portion) VALUES (58, 95, 5);

INSERT INTO Recipe_Ingredient (recipe_id, ingredient_id, portion) VALUES (58, 119, 4);

INSERT INTO Recipe_Ingredient (recipe_id, ingredient_id, portion) VALUES (58, 99, 2);

INSERT INTO Recipe_Ingredient (recipe_id, ingredient_id, portion) VALUES (58, 17, 6);

INSERT INTO Recipe_Thematic_Unit (recipe_id, thematic_unit_id) VALUES (58, 6);

INSERT INTO Recipe_Thematic_Unit (recipe_id, thematic_unit_id) VALUES (58, 11);

INSERT INTO Recipe (recipe_type, name, national_cuisine_id, difficulty_level, description, tip1, tip2, tip3, cooking_time, prep_time, portions, basic_ingredient_id, image_id) VALUES ('pastry', 'Turkey Soup with Homemade Noodles', 12, 2, 'Bar exactly simple space. Picture tree kind dinner student Democrat method.', 'you need a lot of bowls', 'better with a blender', 'better with butter instead of milk', 113, 21, 1, 161, 87);

INSERT INTO Step (recipe_id, order_number, description) VALUES (59, 1, 'Media story foot quickly.');

INSERT INTO Step (recipe_id, order_number, description) VALUES (59, 2, 'Little population many help civil century answer reflect.');

INSERT INTO Step (recipe_id, order_number, description) VALUES (59, 3, 'For possible often sound.');

INSERT INTO Step (recipe_id, order_number, description) VALUES (59, 4, 'Strong hand join drug across simple sing for.');

INSERT INTO Step (recipe_id, order_number, description) VALUES (59, 5, 'As detail station direction in glass approach.');

INSERT INTO Step (recipe_id, order_number, description) VALUES (59, 6, 'Charge old scientist fear imagine.');

INSERT INTO Step (recipe_id, order_number, description) VALUES (59, 7, 'Left nature attention type more.');

INSERT INTO Nutritional_Info (recipe_id, fat_per_portion, carbs_per_portion, protein_per_portion) VALUES (59, 364, 45, 165);

INSERT INTO Recipe_Meal_Type (recipe_id, meal_type_id) VALUES (59, 3);

INSERT INTO Recipe_Meal_Type (recipe_id, meal_type_id) VALUES (59, 2);

INSERT INTO Recipe_Meal_Type (recipe_id, meal_type_id) VALUES (59, 6);

INSERT INTO Recipe_Label (recipe_id, label_id) VALUES (59, 2);

INSERT INTO Recipe_Label (recipe_id, label_id) VALUES (59, 6);

INSERT INTO Recipe_Equipment (recipe_id, equipment_id) VALUES (59, 34);

INSERT INTO Recipe_Equipment (recipe_id, equipment_id) VALUES (59, 36);

INSERT INTO Recipe_Equipment (recipe_id, equipment_id) VALUES (59, 31);

INSERT INTO Recipe_Equipment (recipe_id, equipment_id) VALUES (59, 24);

INSERT INTO Recipe_Equipment (recipe_id, equipment_id) VALUES (59, 48);

INSERT INTO Recipe_Equipment (recipe_id, equipment_id) VALUES (59, 17);

INSERT INTO Recipe_Ingredient (recipe_id, ingredient_id, portion) VALUES (59, 81, 3);

INSERT INTO Recipe_Ingredient (recipe_id, ingredient_id, portion) VALUES (59, 163, 4);

INSERT INTO Recipe_Ingredient (recipe_id, ingredient_id, portion) VALUES (59, 17, 1);

INSERT INTO Recipe_Ingredient (recipe_id, ingredient_id, portion) VALUES (59, 105, 1);

INSERT INTO Recipe_Ingredient (recipe_id, ingredient_id, portion) VALUES (59, 32, 3);

INSERT INTO Recipe_Ingredient (recipe_id, ingredient_id, portion) VALUES (59, 87, 1);

INSERT INTO Recipe_Ingredient (recipe_id, ingredient_id, portion) VALUES (59, 131, 7);

INSERT INTO Recipe_Ingredient (recipe_id, ingredient_id, portion) VALUES (59, 100, 4);

INSERT INTO Recipe_Ingredient (recipe_id, ingredient_id, portion) VALUES (59, 57, 6);

INSERT INTO Recipe_Ingredient (recipe_id, ingredient_id, portion) VALUES (59, 135, 5);

INSERT INTO Recipe_Ingredient (recipe_id, ingredient_id, portion) VALUES (59, 161, 7);

INSERT INTO Recipe_Thematic_Unit (recipe_id, thematic_unit_id) VALUES (59, 2);

INSERT INTO Recipe_Thematic_Unit (recipe_id, thematic_unit_id) VALUES (59, 11);

INSERT INTO Recipe_Thematic_Unit (recipe_id, thematic_unit_id) VALUES (59, 9);

INSERT INTO Recipe (recipe_type, name, national_cuisine_id, difficulty_level, description, tip1, tip2, tip3, cooking_time, prep_time, portions, basic_ingredient_id, image_id) VALUES ('pastry', 'Home fries', 12, 5, 'Star former product. Happy animal them station wish well resource. Probably property third morning east nature soldier according.', 'you need to be patient', 'you need to be patient', 'better with feta cheese', 98, 31, 8, 83, 88);

INSERT INTO Step (recipe_id, order_number, description) VALUES (60, 1, 'Instead share school involve stop service.');

INSERT INTO Step (recipe_id, order_number, description) VALUES (60, 2, 'Nice about some once age.');

INSERT INTO Step (recipe_id, order_number, description) VALUES (60, 3, 'Language court seat.');

INSERT INTO Nutritional_Info (recipe_id, fat_per_portion, carbs_per_portion, protein_per_portion) VALUES (60, 108, 108, 223);

INSERT INTO Recipe_Meal_Type (recipe_id, meal_type_id) VALUES (60, 1);

INSERT INTO Recipe_Label (recipe_id, label_id) VALUES (60, 3);

INSERT INTO Recipe_Label (recipe_id, label_id) VALUES (60, 10);

INSERT INTO Recipe_Equipment (recipe_id, equipment_id) VALUES (60, 8);

INSERT INTO Recipe_Equipment (recipe_id, equipment_id) VALUES (60, 4);

INSERT INTO Recipe_Equipment (recipe_id, equipment_id) VALUES (60, 13);

INSERT INTO Recipe_Equipment (recipe_id, equipment_id) VALUES (60, 22);

INSERT INTO Recipe_Equipment (recipe_id, equipment_id) VALUES (60, 11);

INSERT INTO Recipe_Equipment (recipe_id, equipment_id) VALUES (60, 42);

INSERT INTO Recipe_Equipment (recipe_id, equipment_id) VALUES (60, 30);

INSERT INTO Recipe_Equipment (recipe_id, equipment_id) VALUES (60, 3);

INSERT INTO Recipe_Equipment (recipe_id, equipment_id) VALUES (60, 6);

INSERT INTO Recipe_Ingredient (recipe_id, ingredient_id, portion) VALUES (60, 84, 4);

INSERT INTO Recipe_Ingredient (recipe_id, ingredient_id, portion) VALUES (60, 105, 8);

INSERT INTO Recipe_Ingredient (recipe_id, ingredient_id, portion) VALUES (60, 189, 5);

INSERT INTO Recipe_Ingredient (recipe_id, ingredient_id, portion) VALUES (60, 83, 6);

INSERT INTO Recipe_Thematic_Unit (recipe_id, thematic_unit_id) VALUES (60, 13);

INSERT INTO Recipe_Thematic_Unit (recipe_id, thematic_unit_id) VALUES (60, 3);

INSERT INTO Recipe (recipe_type, name, national_cuisine_id, difficulty_level, description, tip1, cooking_time, prep_time, portions, basic_ingredient_id, image_id) VALUES ('pastry', 'Chocolate Raspberry Torte', 13, 2, 'Early crime avoid kitchen beyond. Tv number state hold account.', 'good with honey', 84, 16, 2, 120, 89);

INSERT INTO Step (recipe_id, order_number, description) VALUES (61, 1, 'Practice tax magazine claim.');

INSERT INTO Nutritional_Info (recipe_id, fat_per_portion, carbs_per_portion, protein_per_portion) VALUES (61, 49, 169, 199);

INSERT INTO Recipe_Meal_Type (recipe_id, meal_type_id) VALUES (61, 3);

INSERT INTO Recipe_Meal_Type (recipe_id, meal_type_id) VALUES (61, 2);

INSERT INTO Recipe_Meal_Type (recipe_id, meal_type_id) VALUES (61, 1);

INSERT INTO Recipe_Label (recipe_id, label_id) VALUES (61, 7);

INSERT INTO Recipe_Label (recipe_id, label_id) VALUES (61, 2);

INSERT INTO Recipe_Equipment (recipe_id, equipment_id) VALUES (61, 42);

INSERT INTO Recipe_Equipment (recipe_id, equipment_id) VALUES (61, 40);

INSERT INTO Recipe_Equipment (recipe_id, equipment_id) VALUES (61, 41);

INSERT INTO Recipe_Equipment (recipe_id, equipment_id) VALUES (61, 19);

INSERT INTO Recipe_Equipment (recipe_id, equipment_id) VALUES (61, 50);

INSERT INTO Recipe_Equipment (recipe_id, equipment_id) VALUES (61, 12);

INSERT INTO Recipe_Ingredient (recipe_id, ingredient_id, portion) VALUES (61, 8, 7);

INSERT INTO Recipe_Ingredient (recipe_id, ingredient_id, portion) VALUES (61, 126, 6);

INSERT INTO Recipe_Ingredient (recipe_id, ingredient_id, portion) VALUES (61, 123, 1);

INSERT INTO Recipe_Ingredient (recipe_id, ingredient_id, portion) VALUES (61, 26, 2);

INSERT INTO Recipe_Ingredient (recipe_id, ingredient_id, portion) VALUES (61, 6, 5);

INSERT INTO Recipe_Ingredient (recipe_id, ingredient_id, portion) VALUES (61, 12, 4);

INSERT INTO Recipe_Ingredient (recipe_id, ingredient_id, portion) VALUES (61, 20, 8);

INSERT INTO Recipe_Ingredient (recipe_id, ingredient_id, portion) VALUES (61, 200, 7);

INSERT INTO Recipe_Ingredient (recipe_id, ingredient_id, portion) VALUES (61, 65, 7);

INSERT INTO Recipe_Ingredient (recipe_id, ingredient_id, portion) VALUES (61, 68, 5);

INSERT INTO Recipe_Ingredient (recipe_id, ingredient_id, portion) VALUES (61, 128, 1);

INSERT INTO Recipe_Ingredient (recipe_id, ingredient_id, portion) VALUES (61, 120, 4);

INSERT INTO Recipe_Thematic_Unit (recipe_id, thematic_unit_id) VALUES (61, 9);

INSERT INTO Recipe (recipe_type, name, national_cuisine_id, difficulty_level, description, tip1, tip2, tip3, cooking_time, prep_time, portions, basic_ingredient_id, image_id) VALUES ('pastry', 'Golden Latte', 13, 1, 'Official meet customer. Story shake here partner country ago fast doctor. Financial support matter material bring house whom.', 'better after 2 days', 'better without sugar', 'you need a lot of bowls', 147, 10, 3, 33, 90);

INSERT INTO Step (recipe_id, order_number, description) VALUES (62, 1, 'Rich back stand thousand school.');

INSERT INTO Step (recipe_id, order_number, description) VALUES (62, 2, 'Hope scene family same skin deep song.');

INSERT INTO Step (recipe_id, order_number, description) VALUES (62, 3, 'Character statement recently score indeed player including.');

INSERT INTO Step (recipe_id, order_number, description) VALUES (62, 4, 'Individual drop single.');

INSERT INTO Step (recipe_id, order_number, description) VALUES (62, 5, 'High human accept exactly room another may.');

INSERT INTO Step (recipe_id, order_number, description) VALUES (62, 6, 'Charge security miss and.');

INSERT INTO Step (recipe_id, order_number, description) VALUES (62, 7, 'Kid treat artist evidence.');

INSERT INTO Step (recipe_id, order_number, description) VALUES (62, 8, 'Kind education general make once.');

INSERT INTO Nutritional_Info (recipe_id, fat_per_portion, carbs_per_portion, protein_per_portion) VALUES (62, 174, 78, 39);

INSERT INTO Recipe_Meal_Type (recipe_id, meal_type_id) VALUES (62, 1);

INSERT INTO Recipe_Meal_Type (recipe_id, meal_type_id) VALUES (62, 5);

INSERT INTO Recipe_Meal_Type (recipe_id, meal_type_id) VALUES (62, 6);

INSERT INTO Recipe_Label (recipe_id, label_id) VALUES (62, 6);

INSERT INTO Recipe_Label (recipe_id, label_id) VALUES (62, 8);

INSERT INTO Recipe_Equipment (recipe_id, equipment_id) VALUES (62, 1);

INSERT INTO Recipe_Equipment (recipe_id, equipment_id) VALUES (62, 7);

INSERT INTO Recipe_Equipment (recipe_id, equipment_id) VALUES (62, 5);

INSERT INTO Recipe_Equipment (recipe_id, equipment_id) VALUES (62, 30);

INSERT INTO Recipe_Equipment (recipe_id, equipment_id) VALUES (62, 10);

INSERT INTO Recipe_Equipment (recipe_id, equipment_id) VALUES (62, 15);

INSERT INTO Recipe_Equipment (recipe_id, equipment_id) VALUES (62, 32);

INSERT INTO Recipe_Ingredient (recipe_id, ingredient_id, portion) VALUES (62, 95, 3);

INSERT INTO Recipe_Ingredient (recipe_id, ingredient_id, portion) VALUES (62, 67, 1);

INSERT INTO Recipe_Ingredient (recipe_id, ingredient_id, portion) VALUES (62, 55, 4);

INSERT INTO Recipe_Ingredient (recipe_id, ingredient_id, portion) VALUES (62, 9, 5);

INSERT INTO Recipe_Ingredient (recipe_id, ingredient_id, portion) VALUES (62, 180, 7);

INSERT INTO Recipe_Ingredient (recipe_id, ingredient_id, portion) VALUES (62, 66, 1);

INSERT INTO Recipe_Ingredient (recipe_id, ingredient_id, portion) VALUES (62, 177, 8);

INSERT INTO Recipe_Ingredient (recipe_id, ingredient_id, portion) VALUES (62, 56, 1);

INSERT INTO Recipe_Ingredient (recipe_id, ingredient_id, portion) VALUES (62, 178, 3);

INSERT INTO Recipe_Ingredient (recipe_id, ingredient_id, portion) VALUES (62, 149, 1);

INSERT INTO Recipe_Ingredient (recipe_id, ingredient_id, portion) VALUES (62, 200, 3);

INSERT INTO Recipe_Ingredient (recipe_id, ingredient_id, portion) VALUES (62, 53, 3);

INSERT INTO Recipe_Ingredient (recipe_id, ingredient_id, portion) VALUES (62, 134, 8);

INSERT INTO Recipe_Ingredient (recipe_id, ingredient_id, portion) VALUES (62, 28, 2);

INSERT INTO Recipe_Ingredient (recipe_id, ingredient_id, portion) VALUES (62, 1, 5);

INSERT INTO Recipe_Ingredient (recipe_id, ingredient_id, portion) VALUES (62, 74, 8);

INSERT INTO Recipe_Ingredient (recipe_id, ingredient_id, portion) VALUES (62, 57, 3);

INSERT INTO Recipe_Ingredient (recipe_id, ingredient_id, portion) VALUES (62, 33, 7);

INSERT INTO Recipe_Thematic_Unit (recipe_id, thematic_unit_id) VALUES (62, 5);

INSERT INTO Recipe_Thematic_Unit (recipe_id, thematic_unit_id) VALUES (62, 1);

INSERT INTO Recipe (recipe_type, name, national_cuisine_id, difficulty_level, description, tip1, tip2, tip3, cooking_time, prep_time, portions, basic_ingredient_id, image_id) VALUES ('cooking', 'Fig Shake', 13, 3, 'Couple wish black. Rest describe produce alone worry ten. Upon investment but former left market century.', 'you can store iy outside the fridge', 'better without sugar', 'better with butter instead of milk', 127, 37, 2, 129, 91);

INSERT INTO Step (recipe_id, order_number, description) VALUES (63, 1, 'Model drop simply cultural wife share trip direction.');

INSERT INTO Step (recipe_id, order_number, description) VALUES (63, 2, 'National catch entire work matter race.');

INSERT INTO Step (recipe_id, order_number, description) VALUES (63, 3, 'Ago cell generation build yard both.');

INSERT INTO Step (recipe_id, order_number, description) VALUES (63, 4, 'Summer describe animal class actually political.');

INSERT INTO Step (recipe_id, order_number, description) VALUES (63, 5, 'Run bank collection impact nearly.');

INSERT INTO Step (recipe_id, order_number, description) VALUES (63, 6, 'Bar opportunity room head push state certainly hand.');

INSERT INTO Nutritional_Info (recipe_id, fat_per_portion, carbs_per_portion, protein_per_portion) VALUES (63, 112, 25, 102);

INSERT INTO Recipe_Meal_Type (recipe_id, meal_type_id) VALUES (63, 1);

INSERT INTO Recipe_Meal_Type (recipe_id, meal_type_id) VALUES (63, 6);

INSERT INTO Recipe_Label (recipe_id, label_id) VALUES (63, 3);

INSERT INTO Recipe_Label (recipe_id, label_id) VALUES (63, 7);

INSERT INTO Recipe_Label (recipe_id, label_id) VALUES (63, 4);

INSERT INTO Recipe_Equipment (recipe_id, equipment_id) VALUES (63, 33);

INSERT INTO Recipe_Equipment (recipe_id, equipment_id) VALUES (63, 38);

INSERT INTO Recipe_Equipment (recipe_id, equipment_id) VALUES (63, 46);

INSERT INTO Recipe_Equipment (recipe_id, equipment_id) VALUES (63, 24);

INSERT INTO Recipe_Equipment (recipe_id, equipment_id) VALUES (63, 16);

INSERT INTO Recipe_Equipment (recipe_id, equipment_id) VALUES (63, 19);

INSERT INTO Recipe_Equipment (recipe_id, equipment_id) VALUES (63, 12);

INSERT INTO Recipe_Ingredient (recipe_id, ingredient_id, portion) VALUES (63, 85, 5);

INSERT INTO Recipe_Ingredient (recipe_id, ingredient_id, portion) VALUES (63, 50, 1);

INSERT INTO Recipe_Ingredient (recipe_id, ingredient_id, portion) VALUES (63, 25, 4);

INSERT INTO Recipe_Ingredient (recipe_id, ingredient_id, portion) VALUES (63, 98, 4);

INSERT INTO Recipe_Ingredient (recipe_id, ingredient_id, portion) VALUES (63, 137, 1);

INSERT INTO Recipe_Ingredient (recipe_id, ingredient_id, portion) VALUES (63, 108, 2);

INSERT INTO Recipe_Ingredient (recipe_id, ingredient_id, portion) VALUES (63, 32, 7);

INSERT INTO Recipe_Ingredient (recipe_id, ingredient_id, portion) VALUES (63, 198, 5);

INSERT INTO Recipe_Ingredient (recipe_id, ingredient_id, portion) VALUES (63, 177, 8);

INSERT INTO Recipe_Ingredient (recipe_id, ingredient_id, portion) VALUES (63, 30, 6);

INSERT INTO Recipe_Ingredient (recipe_id, ingredient_id, portion) VALUES (63, 96, 5);

INSERT INTO Recipe_Ingredient (recipe_id, ingredient_id, portion) VALUES (63, 193, 6);

INSERT INTO Recipe_Ingredient (recipe_id, ingredient_id, portion) VALUES (63, 64, 1);

INSERT INTO Recipe_Ingredient (recipe_id, ingredient_id, portion) VALUES (63, 119, 7);

INSERT INTO Recipe_Ingredient (recipe_id, ingredient_id, portion) VALUES (63, 129, 3);

INSERT INTO Recipe_Thematic_Unit (recipe_id, thematic_unit_id) VALUES (63, 15);

INSERT INTO Recipe_Thematic_Unit (recipe_id, thematic_unit_id) VALUES (63, 8);

INSERT INTO Recipe_Thematic_Unit (recipe_id, thematic_unit_id) VALUES (63, 13);

INSERT INTO Recipe (recipe_type, name, national_cuisine_id, difficulty_level, description, tip1, tip2, tip3, cooking_time, prep_time, portions, basic_ingredient_id, image_id) VALUES ('pastry', 'Lentil Soup', 13, 2, 'Between despite explain suggest century none bit. City store toward. Body trial sing middle. Evidence scientist reveal operation before real team collection.', 'better with a blender', 'you need a lot of bowls', 'you have to be careful not to let it get stack', 80, 39, 8, 192, 92);

INSERT INTO Step (recipe_id, order_number, description) VALUES (64, 1, 'Conference management wall front have with speak.');

INSERT INTO Step (recipe_id, order_number, description) VALUES (64, 2, 'Decide meet language sign read Republican.');

INSERT INTO Step (recipe_id, order_number, description) VALUES (64, 3, 'Drop open song standard skin listen rate.');

INSERT INTO Step (recipe_id, order_number, description) VALUES (64, 4, 'Camera year final.');

INSERT INTO Nutritional_Info (recipe_id, fat_per_portion, carbs_per_portion, protein_per_portion) VALUES (64, 210, 198, 215);

INSERT INTO Recipe_Meal_Type (recipe_id, meal_type_id) VALUES (64, 3);

INSERT INTO Recipe_Meal_Type (recipe_id, meal_type_id) VALUES (64, 4);

INSERT INTO Recipe_Label (recipe_id, label_id) VALUES (64, 8);

INSERT INTO Recipe_Equipment (recipe_id, equipment_id) VALUES (64, 1);

INSERT INTO Recipe_Equipment (recipe_id, equipment_id) VALUES (64, 48);

INSERT INTO Recipe_Equipment (recipe_id, equipment_id) VALUES (64, 47);

INSERT INTO Recipe_Equipment (recipe_id, equipment_id) VALUES (64, 33);

INSERT INTO Recipe_Equipment (recipe_id, equipment_id) VALUES (64, 41);

INSERT INTO Recipe_Equipment (recipe_id, equipment_id) VALUES (64, 46);

INSERT INTO Recipe_Equipment (recipe_id, equipment_id) VALUES (64, 2);

INSERT INTO Recipe_Equipment (recipe_id, equipment_id) VALUES (64, 27);

INSERT INTO Recipe_Ingredient (recipe_id, ingredient_id, portion) VALUES (64, 73, 3);

INSERT INTO Recipe_Ingredient (recipe_id, ingredient_id, portion) VALUES (64, 33, 2);

INSERT INTO Recipe_Ingredient (recipe_id, ingredient_id, portion) VALUES (64, 127, 1);

INSERT INTO Recipe_Ingredient (recipe_id, ingredient_id, portion) VALUES (64, 67, 2);

INSERT INTO Recipe_Ingredient (recipe_id, ingredient_id, portion) VALUES (64, 13, 6);

INSERT INTO Recipe_Ingredient (recipe_id, ingredient_id, portion) VALUES (64, 101, 1);

INSERT INTO Recipe_Ingredient (recipe_id, ingredient_id, portion) VALUES (64, 34, 1);

INSERT INTO Recipe_Ingredient (recipe_id, ingredient_id, portion) VALUES (64, 192, 4);

INSERT INTO Recipe_Thematic_Unit (recipe_id, thematic_unit_id) VALUES (64, 5);

INSERT INTO Recipe (recipe_type, name, national_cuisine_id, difficulty_level, description, tip1, tip2, tip3, cooking_time, prep_time, portions, basic_ingredient_id, image_id) VALUES ('pastry', 'Buckwheat Tabboulah', 13, 2, 'Idea available organization. Beat arm sign politics soldier. Heavy partner second tend bring might.', 'you need to be patient', 'better with a blender', 'good with honey', 83, 19, 3, 13, 93);

INSERT INTO Step (recipe_id, order_number, description) VALUES (65, 1, 'Special air word bank debate wonder.');

INSERT INTO Step (recipe_id, order_number, description) VALUES (65, 2, 'Work morning star force defense fact.');

INSERT INTO Step (recipe_id, order_number, description) VALUES (65, 3, 'Anything why store help sense team head reflect.');

INSERT INTO Step (recipe_id, order_number, description) VALUES (65, 4, 'Turn positive cold me.');

INSERT INTO Nutritional_Info (recipe_id, fat_per_portion, carbs_per_portion, protein_per_portion) VALUES (65, 360, 158, 204);

INSERT INTO Recipe_Meal_Type (recipe_id, meal_type_id) VALUES (65, 3);

INSERT INTO Recipe_Meal_Type (recipe_id, meal_type_id) VALUES (65, 5);

INSERT INTO Recipe_Meal_Type (recipe_id, meal_type_id) VALUES (65, 6);

INSERT INTO Recipe_Label (recipe_id, label_id) VALUES (65, 7);

INSERT INTO Recipe_Equipment (recipe_id, equipment_id) VALUES (65, 6);

INSERT INTO Recipe_Equipment (recipe_id, equipment_id) VALUES (65, 36);

INSERT INTO Recipe_Equipment (recipe_id, equipment_id) VALUES (65, 23);

INSERT INTO Recipe_Equipment (recipe_id, equipment_id) VALUES (65, 21);

INSERT INTO Recipe_Equipment (recipe_id, equipment_id) VALUES (65, 37);

INSERT INTO Recipe_Equipment (recipe_id, equipment_id) VALUES (65, 47);

INSERT INTO Recipe_Equipment (recipe_id, equipment_id) VALUES (65, 14);

INSERT INTO Recipe_Ingredient (recipe_id, ingredient_id, portion) VALUES (65, 56, 4);

INSERT INTO Recipe_Ingredient (recipe_id, ingredient_id, portion) VALUES (65, 169, 2);

INSERT INTO Recipe_Ingredient (recipe_id, ingredient_id, portion) VALUES (65, 115, 2);

INSERT INTO Recipe_Ingredient (recipe_id, ingredient_id, portion) VALUES (65, 162, 7);

INSERT INTO Recipe_Ingredient (recipe_id, ingredient_id, portion) VALUES (65, 106, 4);

INSERT INTO Recipe_Ingredient (recipe_id, ingredient_id, portion) VALUES (65, 138, 6);

INSERT INTO Recipe_Ingredient (recipe_id, ingredient_id, portion) VALUES (65, 21, 5);

INSERT INTO Recipe_Ingredient (recipe_id, ingredient_id, portion) VALUES (65, 16, 7);

INSERT INTO Recipe_Ingredient (recipe_id, ingredient_id, portion) VALUES (65, 96, 8);

INSERT INTO Recipe_Ingredient (recipe_id, ingredient_id, portion) VALUES (65, 145, 7);

INSERT INTO Recipe_Ingredient (recipe_id, ingredient_id, portion) VALUES (65, 194, 4);

INSERT INTO Recipe_Ingredient (recipe_id, ingredient_id, portion) VALUES (65, 30, 4);

INSERT INTO Recipe_Ingredient (recipe_id, ingredient_id, portion) VALUES (65, 22, 5);

INSERT INTO Recipe_Ingredient (recipe_id, ingredient_id, portion) VALUES (65, 147, 8);

INSERT INTO Recipe_Ingredient (recipe_id, ingredient_id, portion) VALUES (65, 161, 8);

INSERT INTO Recipe_Ingredient (recipe_id, ingredient_id, portion) VALUES (65, 52, 2);

INSERT INTO Recipe_Ingredient (recipe_id, ingredient_id, portion) VALUES (65, 113, 8);

INSERT INTO Recipe_Ingredient (recipe_id, ingredient_id, portion) VALUES (65, 176, 6);

INSERT INTO Recipe_Ingredient (recipe_id, ingredient_id, portion) VALUES (65, 111, 2);

INSERT INTO Recipe_Ingredient (recipe_id, ingredient_id, portion) VALUES (65, 41, 8);

INSERT INTO Recipe_Ingredient (recipe_id, ingredient_id, portion) VALUES (65, 13, 5);

INSERT INTO Recipe_Thematic_Unit (recipe_id, thematic_unit_id) VALUES (65, 11);

INSERT INTO Recipe (recipe_type, name, national_cuisine_id, difficulty_level, description, tip1, tip2, cooking_time, prep_time, portions, basic_ingredient_id, image_id) VALUES ('cooking', 'Lentil Rice Bowls with Egg', 14, 1, 'Blood about fear. Simply little course media. Outside left evening.', 'you need an oven', 'you need a lot of time', 113, 4, 6, 188, 94);

INSERT INTO Step (recipe_id, order_number, description) VALUES (66, 1, 'While professional word thousand risk many.');

INSERT INTO Step (recipe_id, order_number, description) VALUES (66, 2, 'Also opportunity manager before.');

INSERT INTO Nutritional_Info (recipe_id, fat_per_portion, carbs_per_portion, protein_per_portion) VALUES (66, 101, 122, 168);

INSERT INTO Recipe_Meal_Type (recipe_id, meal_type_id) VALUES (66, 4);

INSERT INTO Recipe_Meal_Type (recipe_id, meal_type_id) VALUES (66, 3);

INSERT INTO Recipe_Label (recipe_id, label_id) VALUES (66, 10);

INSERT INTO Recipe_Label (recipe_id, label_id) VALUES (66, 2);

INSERT INTO Recipe_Label (recipe_id, label_id) VALUES (66, 8);

INSERT INTO Recipe_Equipment (recipe_id, equipment_id) VALUES (66, 37);

INSERT INTO Recipe_Equipment (recipe_id, equipment_id) VALUES (66, 40);

INSERT INTO Recipe_Equipment (recipe_id, equipment_id) VALUES (66, 33);

INSERT INTO Recipe_Equipment (recipe_id, equipment_id) VALUES (66, 13);

INSERT INTO Recipe_Equipment (recipe_id, equipment_id) VALUES (66, 50);

INSERT INTO Recipe_Equipment (recipe_id, equipment_id) VALUES (66, 41);

INSERT INTO Recipe_Equipment (recipe_id, equipment_id) VALUES (66, 42);

INSERT INTO Recipe_Ingredient (recipe_id, ingredient_id, portion) VALUES (66, 88, 5);

INSERT INTO Recipe_Ingredient (recipe_id, ingredient_id, portion) VALUES (66, 152, 4);

INSERT INTO Recipe_Ingredient (recipe_id, ingredient_id, portion) VALUES (66, 132, 1);

INSERT INTO Recipe_Ingredient (recipe_id, ingredient_id, portion) VALUES (66, 144, 3);

INSERT INTO Recipe_Ingredient (recipe_id, ingredient_id, portion) VALUES (66, 46, 2);

INSERT INTO Recipe_Ingredient (recipe_id, ingredient_id, portion) VALUES (66, 116, 4);

INSERT INTO Recipe_Ingredient (recipe_id, ingredient_id, portion) VALUES (66, 113, 4);

INSERT INTO Recipe_Ingredient (recipe_id, ingredient_id, portion) VALUES (66, 100, 8);

INSERT INTO Recipe_Ingredient (recipe_id, ingredient_id, portion) VALUES (66, 53, 8);

INSERT INTO Recipe_Ingredient (recipe_id, ingredient_id, portion) VALUES (66, 2, 7);

INSERT INTO Recipe_Ingredient (recipe_id, ingredient_id, portion) VALUES (66, 81, 2);

INSERT INTO Recipe_Ingredient (recipe_id, ingredient_id, portion) VALUES (66, 45, 8);

INSERT INTO Recipe_Ingredient (recipe_id, ingredient_id, portion) VALUES (66, 41, 5);

INSERT INTO Recipe_Ingredient (recipe_id, ingredient_id, portion) VALUES (66, 173, 3);

INSERT INTO Recipe_Ingredient (recipe_id, ingredient_id, portion) VALUES (66, 21, 3);

INSERT INTO Recipe_Ingredient (recipe_id, ingredient_id, portion) VALUES (66, 111, 7);

INSERT INTO Recipe_Ingredient (recipe_id, ingredient_id, portion) VALUES (66, 109, 4);

INSERT INTO Recipe_Ingredient (recipe_id, ingredient_id, portion) VALUES (66, 178, 5);

INSERT INTO Recipe_Ingredient (recipe_id, ingredient_id, portion) VALUES (66, 117, 2);

INSERT INTO Recipe_Ingredient (recipe_id, ingredient_id, portion) VALUES (66, 188, 1);

INSERT INTO Recipe_Thematic_Unit (recipe_id, thematic_unit_id) VALUES (66, 5);

INSERT INTO Recipe_Thematic_Unit (recipe_id, thematic_unit_id) VALUES (66, 14);

INSERT INTO Recipe_Thematic_Unit (recipe_id, thematic_unit_id) VALUES (66, 15);

INSERT INTO Recipe (recipe_type, name, national_cuisine_id, difficulty_level, description, tip1, tip2, tip3, cooking_time, prep_time, portions, basic_ingredient_id, image_id) VALUES ('pastry', 'Italian Vegetable Lentil Soup', 14, 5, 'Money vote news specific work. Religious hour allow from mean myself.', 'better when fresh', 'you need an oven', 'in the fridge for 3 days', 74, 42, 3, 62, 95);

INSERT INTO Step (recipe_id, order_number, description) VALUES (67, 1, 'Recently same finish prepare yard.');

INSERT INTO Step (recipe_id, order_number, description) VALUES (67, 2, 'Morning a space force sport citizen left.');

INSERT INTO Step (recipe_id, order_number, description) VALUES (67, 3, 'Start program item letter information people nice decide.');

INSERT INTO Step (recipe_id, order_number, description) VALUES (67, 4, 'Quickly fact safe yes financial who face.');

INSERT INTO Step (recipe_id, order_number, description) VALUES (67, 5, 'Back anything lot push office after participant.');

INSERT INTO Step (recipe_id, order_number, description) VALUES (67, 6, 'Light crime I foreign work.');

INSERT INTO Nutritional_Info (recipe_id, fat_per_portion, carbs_per_portion, protein_per_portion) VALUES (67, 336, 134, 177);

INSERT INTO Recipe_Meal_Type (recipe_id, meal_type_id) VALUES (67, 6);

INSERT INTO Recipe_Meal_Type (recipe_id, meal_type_id) VALUES (67, 4);

INSERT INTO Recipe_Meal_Type (recipe_id, meal_type_id) VALUES (67, 1);

INSERT INTO Recipe_Label (recipe_id, label_id) VALUES (67, 3);

INSERT INTO Recipe_Label (recipe_id, label_id) VALUES (67, 7);

INSERT INTO Recipe_Label (recipe_id, label_id) VALUES (67, 5);

INSERT INTO Recipe_Label (recipe_id, label_id) VALUES (67, 2);

INSERT INTO Recipe_Equipment (recipe_id, equipment_id) VALUES (67, 1);

INSERT INTO Recipe_Equipment (recipe_id, equipment_id) VALUES (67, 20);

INSERT INTO Recipe_Equipment (recipe_id, equipment_id) VALUES (67, 24);

INSERT INTO Recipe_Equipment (recipe_id, equipment_id) VALUES (67, 29);

INSERT INTO Recipe_Equipment (recipe_id, equipment_id) VALUES (67, 7);

INSERT INTO Recipe_Equipment (recipe_id, equipment_id) VALUES (67, 3);

INSERT INTO Recipe_Equipment (recipe_id, equipment_id) VALUES (67, 27);

INSERT INTO Recipe_Equipment (recipe_id, equipment_id) VALUES (67, 6);

INSERT INTO Recipe_Equipment (recipe_id, equipment_id) VALUES (67, 28);

INSERT INTO Recipe_Ingredient (recipe_id, ingredient_id, portion) VALUES (67, 49, 8);

INSERT INTO Recipe_Ingredient (recipe_id, ingredient_id, portion) VALUES (67, 90, 8);

INSERT INTO Recipe_Ingredient (recipe_id, ingredient_id, portion) VALUES (67, 85, 4);

INSERT INTO Recipe_Ingredient (recipe_id, ingredient_id, portion) VALUES (67, 118, 2);

INSERT INTO Recipe_Ingredient (recipe_id, ingredient_id, portion) VALUES (67, 22, 1);

INSERT INTO Recipe_Ingredient (recipe_id, ingredient_id, portion) VALUES (67, 86, 2);

INSERT INTO Recipe_Ingredient (recipe_id, ingredient_id, portion) VALUES (67, 7, 7);

INSERT INTO Recipe_Ingredient (recipe_id, ingredient_id, portion) VALUES (67, 177, 7);

INSERT INTO Recipe_Ingredient (recipe_id, ingredient_id, portion) VALUES (67, 36, 7);

INSERT INTO Recipe_Ingredient (recipe_id, ingredient_id, portion) VALUES (67, 71, 4);

INSERT INTO Recipe_Ingredient (recipe_id, ingredient_id, portion) VALUES (67, 111, 3);

INSERT INTO Recipe_Ingredient (recipe_id, ingredient_id, portion) VALUES (67, 156, 2);

INSERT INTO Recipe_Ingredient (recipe_id, ingredient_id, portion) VALUES (67, 33, 8);

INSERT INTO Recipe_Ingredient (recipe_id, ingredient_id, portion) VALUES (67, 143, 1);

INSERT INTO Recipe_Ingredient (recipe_id, ingredient_id, portion) VALUES (67, 64, 6);

INSERT INTO Recipe_Ingredient (recipe_id, ingredient_id, portion) VALUES (67, 62, 1);

INSERT INTO Recipe_Thematic_Unit (recipe_id, thematic_unit_id) VALUES (67, 12);

INSERT INTO Recipe (recipe_type, name, national_cuisine_id, difficulty_level, description, tip1, cooking_time, prep_time, portions, basic_ingredient_id, image_id) VALUES ('pastry', 'One Pot Chicken & Potatoes', 14, 3, 'Serious great lot what summer himself citizen. Kid itself north against best always window. According several during article realize likely.', 'better with slow cooking', 16, 17, 2, 9, 96);

INSERT INTO Step (recipe_id, order_number, description) VALUES (68, 1, 'Woman game prove seat most view.');

INSERT INTO Step (recipe_id, order_number, description) VALUES (68, 2, 'Board position quality artist though blood leader.');

INSERT INTO Step (recipe_id, order_number, description) VALUES (68, 3, 'Put only attention.');

INSERT INTO Step (recipe_id, order_number, description) VALUES (68, 4, 'Save indicate structure.');

INSERT INTO Step (recipe_id, order_number, description) VALUES (68, 5, 'Assume that avoid on.');

INSERT INTO Nutritional_Info (recipe_id, fat_per_portion, carbs_per_portion, protein_per_portion) VALUES (68, 307, 147, 250);

INSERT INTO Recipe_Meal_Type (recipe_id, meal_type_id) VALUES (68, 4);

INSERT INTO Recipe_Meal_Type (recipe_id, meal_type_id) VALUES (68, 2);

INSERT INTO Recipe_Meal_Type (recipe_id, meal_type_id) VALUES (68, 3);

INSERT INTO Recipe_Label (recipe_id, label_id) VALUES (68, 1);

INSERT INTO Recipe_Equipment (recipe_id, equipment_id) VALUES (68, 47);

INSERT INTO Recipe_Equipment (recipe_id, equipment_id) VALUES (68, 40);

INSERT INTO Recipe_Equipment (recipe_id, equipment_id) VALUES (68, 45);

INSERT INTO Recipe_Equipment (recipe_id, equipment_id) VALUES (68, 41);

INSERT INTO Recipe_Equipment (recipe_id, equipment_id) VALUES (68, 46);

INSERT INTO Recipe_Equipment (recipe_id, equipment_id) VALUES (68, 15);

INSERT INTO Recipe_Equipment (recipe_id, equipment_id) VALUES (68, 18);

INSERT INTO Recipe_Equipment (recipe_id, equipment_id) VALUES (68, 26);

INSERT INTO Recipe_Ingredient (recipe_id, ingredient_id, portion) VALUES (68, 21, 8);

INSERT INTO Recipe_Ingredient (recipe_id, ingredient_id, portion) VALUES (68, 120, 8);

INSERT INTO Recipe_Ingredient (recipe_id, ingredient_id, portion) VALUES (68, 51, 2);

INSERT INTO Recipe_Ingredient (recipe_id, ingredient_id, portion) VALUES (68, 132, 2);

INSERT INTO Recipe_Ingredient (recipe_id, ingredient_id, portion) VALUES (68, 118, 2);

INSERT INTO Recipe_Ingredient (recipe_id, ingredient_id, portion) VALUES (68, 100, 7);

INSERT INTO Recipe_Ingredient (recipe_id, ingredient_id, portion) VALUES (68, 57, 5);

INSERT INTO Recipe_Ingredient (recipe_id, ingredient_id, portion) VALUES (68, 50, 4);

INSERT INTO Recipe_Ingredient (recipe_id, ingredient_id, portion) VALUES (68, 1, 8);

INSERT INTO Recipe_Ingredient (recipe_id, ingredient_id, portion) VALUES (68, 93, 7);

INSERT INTO Recipe_Ingredient (recipe_id, ingredient_id, portion) VALUES (68, 9, 7);

INSERT INTO Recipe_Thematic_Unit (recipe_id, thematic_unit_id) VALUES (68, 1);

INSERT INTO Recipe (recipe_type, name, national_cuisine_id, difficulty_level, description, tip1, tip2, cooking_time, prep_time, portions, basic_ingredient_id, image_id) VALUES ('cooking', 'Sweet Korean Lentils', 14, 1, 'Debate college control industry language manage. Future allow free organization. Along be clearly perhaps certain simply first.', 'you can use leftovers', 'you need an oven', 72, 8, 3, 160, 97);

INSERT INTO Step (recipe_id, order_number, description) VALUES (69, 1, 'Its read buy power when.');

INSERT INTO Step (recipe_id, order_number, description) VALUES (69, 2, 'Chair month Mrs rest these plant program else.');

INSERT INTO Step (recipe_id, order_number, description) VALUES (69, 3, 'Voice bill hospital company institution certainly break.');

INSERT INTO Step (recipe_id, order_number, description) VALUES (69, 4, 'Anyone sport plant hospital ask us.');

INSERT INTO Step (recipe_id, order_number, description) VALUES (69, 5, 'Perform whose sell learn detail spring.');

INSERT INTO Step (recipe_id, order_number, description) VALUES (69, 6, 'Issue box standard guy maintain.');

INSERT INTO Step (recipe_id, order_number, description) VALUES (69, 7, 'Fight east now store inside interesting those environmental.');

INSERT INTO Nutritional_Info (recipe_id, fat_per_portion, carbs_per_portion, protein_per_portion) VALUES (69, 300, 138, 40);

INSERT INTO Recipe_Meal_Type (recipe_id, meal_type_id) VALUES (69, 4);

INSERT INTO Recipe_Meal_Type (recipe_id, meal_type_id) VALUES (69, 5);

INSERT INTO Recipe_Meal_Type (recipe_id, meal_type_id) VALUES (69, 2);

INSERT INTO Recipe_Label (recipe_id, label_id) VALUES (69, 2);

INSERT INTO Recipe_Label (recipe_id, label_id) VALUES (69, 4);

INSERT INTO Recipe_Equipment (recipe_id, equipment_id) VALUES (69, 10);

INSERT INTO Recipe_Equipment (recipe_id, equipment_id) VALUES (69, 33);

INSERT INTO Recipe_Equipment (recipe_id, equipment_id) VALUES (69, 42);

INSERT INTO Recipe_Equipment (recipe_id, equipment_id) VALUES (69, 21);

INSERT INTO Recipe_Equipment (recipe_id, equipment_id) VALUES (69, 5);

INSERT INTO Recipe_Equipment (recipe_id, equipment_id) VALUES (69, 16);

INSERT INTO Recipe_Equipment (recipe_id, equipment_id) VALUES (69, 46);

INSERT INTO Recipe_Equipment (recipe_id, equipment_id) VALUES (69, 24);

INSERT INTO Recipe_Equipment (recipe_id, equipment_id) VALUES (69, 1);

INSERT INTO Recipe_Equipment (recipe_id, equipment_id) VALUES (69, 49);

INSERT INTO Recipe_Ingredient (recipe_id, ingredient_id, portion) VALUES (69, 192, 3);

INSERT INTO Recipe_Ingredient (recipe_id, ingredient_id, portion) VALUES (69, 92, 8);

INSERT INTO Recipe_Ingredient (recipe_id, ingredient_id, portion) VALUES (69, 110, 4);

INSERT INTO Recipe_Ingredient (recipe_id, ingredient_id, portion) VALUES (69, 94, 2);

INSERT INTO Recipe_Ingredient (recipe_id, ingredient_id, portion) VALUES (69, 148, 5);

INSERT INTO Recipe_Ingredient (recipe_id, ingredient_id, portion) VALUES (69, 130, 4);

INSERT INTO Recipe_Ingredient (recipe_id, ingredient_id, portion) VALUES (69, 181, 7);

INSERT INTO Recipe_Ingredient (recipe_id, ingredient_id, portion) VALUES (69, 160, 3);

INSERT INTO Recipe_Thematic_Unit (recipe_id, thematic_unit_id) VALUES (69, 12);

INSERT INTO Recipe (recipe_type, name, national_cuisine_id, difficulty_level, description, tip1, tip2, tip3, cooking_time, prep_time, portions, basic_ingredient_id, image_id) VALUES ('pastry', 'Buckwheat Beetroot Salad', 14, 4, 'Structure doctor them newspaper democratic. Turn high happen same sport.', 'you need to use your hands', 'better with a blender', 'you need a lot of time', 126, 44, 3, 57, 98);

INSERT INTO Step (recipe_id, order_number, description) VALUES (70, 1, 'Probably art person call after give yard wrong.');

INSERT INTO Step (recipe_id, order_number, description) VALUES (70, 2, 'Exist phone particularly heart my.');

INSERT INTO Step (recipe_id, order_number, description) VALUES (70, 3, 'Despite owner around meet keep power.');

INSERT INTO Step (recipe_id, order_number, description) VALUES (70, 4, 'So my choice next environmental receive we.');

INSERT INTO Step (recipe_id, order_number, description) VALUES (70, 5, 'History create Democrat property.');

INSERT INTO Step (recipe_id, order_number, description) VALUES (70, 6, 'Cause partner main.');

INSERT INTO Step (recipe_id, order_number, description) VALUES (70, 7, 'Once whole west cut.');

INSERT INTO Nutritional_Info (recipe_id, fat_per_portion, carbs_per_portion, protein_per_portion) VALUES (70, 393, 109, 98);

INSERT INTO Recipe_Meal_Type (recipe_id, meal_type_id) VALUES (70, 2);

INSERT INTO Recipe_Meal_Type (recipe_id, meal_type_id) VALUES (70, 6);

INSERT INTO Recipe_Label (recipe_id, label_id) VALUES (70, 2);

INSERT INTO Recipe_Label (recipe_id, label_id) VALUES (70, 5);

INSERT INTO Recipe_Label (recipe_id, label_id) VALUES (70, 1);

INSERT INTO Recipe_Label (recipe_id, label_id) VALUES (70, 8);

INSERT INTO Recipe_Equipment (recipe_id, equipment_id) VALUES (70, 1);

INSERT INTO Recipe_Equipment (recipe_id, equipment_id) VALUES (70, 14);

INSERT INTO Recipe_Equipment (recipe_id, equipment_id) VALUES (70, 45);

INSERT INTO Recipe_Equipment (recipe_id, equipment_id) VALUES (70, 41);

INSERT INTO Recipe_Equipment (recipe_id, equipment_id) VALUES (70, 49);

INSERT INTO Recipe_Equipment (recipe_id, equipment_id) VALUES (70, 48);

INSERT INTO Recipe_Equipment (recipe_id, equipment_id) VALUES (70, 37);

INSERT INTO Recipe_Equipment (recipe_id, equipment_id) VALUES (70, 2);

INSERT INTO Recipe_Ingredient (recipe_id, ingredient_id, portion) VALUES (70, 122, 8);

INSERT INTO Recipe_Ingredient (recipe_id, ingredient_id, portion) VALUES (70, 112, 4);

INSERT INTO Recipe_Ingredient (recipe_id, ingredient_id, portion) VALUES (70, 29, 3);

INSERT INTO Recipe_Ingredient (recipe_id, ingredient_id, portion) VALUES (70, 181, 3);

INSERT INTO Recipe_Ingredient (recipe_id, ingredient_id, portion) VALUES (70, 107, 6);

INSERT INTO Recipe_Ingredient (recipe_id, ingredient_id, portion) VALUES (70, 196, 5);

INSERT INTO Recipe_Ingredient (recipe_id, ingredient_id, portion) VALUES (70, 44, 2);

INSERT INTO Recipe_Ingredient (recipe_id, ingredient_id, portion) VALUES (70, 10, 4);

INSERT INTO Recipe_Ingredient (recipe_id, ingredient_id, portion) VALUES (70, 89, 3);

INSERT INTO Recipe_Ingredient (recipe_id, ingredient_id, portion) VALUES (70, 149, 8);

INSERT INTO Recipe_Ingredient (recipe_id, ingredient_id, portion) VALUES (70, 59, 7);

INSERT INTO Recipe_Ingredient (recipe_id, ingredient_id, portion) VALUES (70, 168, 7);

INSERT INTO Recipe_Ingredient (recipe_id, ingredient_id, portion) VALUES (70, 57, 8);

INSERT INTO Recipe_Thematic_Unit (recipe_id, thematic_unit_id) VALUES (70, 3);

INSERT INTO Recipe_Thematic_Unit (recipe_id, thematic_unit_id) VALUES (70, 15);

INSERT INTO Recipe (recipe_type, name, national_cuisine_id, difficulty_level, description, tip1, tip2, tip3, cooking_time, prep_time, portions, basic_ingredient_id, image_id) VALUES ('cooking', 'New Potato Lentil Salad', 15, 4, 'Hard must do. Trouble western particularly follow any fall. Ground Congress line represent attorney leave.', 'better with a blender', 'better with feta cheese', 'you need small cups', 113, 7, 1, 59, 99);

INSERT INTO Step (recipe_id, order_number, description) VALUES (71, 1, 'Dark join city education computer history rise subject.');

INSERT INTO Step (recipe_id, order_number, description) VALUES (71, 2, 'Stock moment feeling difficult well six.');

INSERT INTO Step (recipe_id, order_number, description) VALUES (71, 3, 'Better read sing strategy near.');

INSERT INTO Nutritional_Info (recipe_id, fat_per_portion, carbs_per_portion, protein_per_portion) VALUES (71, 88, 41, 121);

INSERT INTO Recipe_Meal_Type (recipe_id, meal_type_id) VALUES (71, 2);

INSERT INTO Recipe_Label (recipe_id, label_id) VALUES (71, 4);

INSERT INTO Recipe_Label (recipe_id, label_id) VALUES (71, 9);

INSERT INTO Recipe_Equipment (recipe_id, equipment_id) VALUES (71, 7);

INSERT INTO Recipe_Equipment (recipe_id, equipment_id) VALUES (71, 6);

INSERT INTO Recipe_Equipment (recipe_id, equipment_id) VALUES (71, 41);

INSERT INTO Recipe_Equipment (recipe_id, equipment_id) VALUES (71, 2);

INSERT INTO Recipe_Equipment (recipe_id, equipment_id) VALUES (71, 28);

INSERT INTO Recipe_Equipment (recipe_id, equipment_id) VALUES (71, 9);

INSERT INTO Recipe_Equipment (recipe_id, equipment_id) VALUES (71, 3);

INSERT INTO Recipe_Equipment (recipe_id, equipment_id) VALUES (71, 30);

INSERT INTO Recipe_Equipment (recipe_id, equipment_id) VALUES (71, 4);

INSERT INTO Recipe_Equipment (recipe_id, equipment_id) VALUES (71, 15);

INSERT INTO Recipe_Ingredient (recipe_id, ingredient_id, portion) VALUES (71, 38, 3);

INSERT INTO Recipe_Ingredient (recipe_id, ingredient_id, portion) VALUES (71, 9, 5);

INSERT INTO Recipe_Ingredient (recipe_id, ingredient_id, portion) VALUES (71, 138, 4);

INSERT INTO Recipe_Ingredient (recipe_id, ingredient_id, portion) VALUES (71, 33, 5);

INSERT INTO Recipe_Ingredient (recipe_id, ingredient_id, portion) VALUES (71, 196, 7);

INSERT INTO Recipe_Ingredient (recipe_id, ingredient_id, portion) VALUES (71, 88, 2);

INSERT INTO Recipe_Ingredient (recipe_id, ingredient_id, portion) VALUES (71, 46, 6);

INSERT INTO Recipe_Ingredient (recipe_id, ingredient_id, portion) VALUES (71, 155, 2);

INSERT INTO Recipe_Ingredient (recipe_id, ingredient_id, portion) VALUES (71, 44, 5);

INSERT INTO Recipe_Ingredient (recipe_id, ingredient_id, portion) VALUES (71, 13, 1);

INSERT INTO Recipe_Ingredient (recipe_id, ingredient_id, portion) VALUES (71, 83, 3);

INSERT INTO Recipe_Ingredient (recipe_id, ingredient_id, portion) VALUES (71, 90, 8);

INSERT INTO Recipe_Ingredient (recipe_id, ingredient_id, portion) VALUES (71, 79, 8);

INSERT INTO Recipe_Ingredient (recipe_id, ingredient_id, portion) VALUES (71, 59, 3);

INSERT INTO Recipe_Thematic_Unit (recipe_id, thematic_unit_id) VALUES (71, 6);

INSERT INTO Recipe_Thematic_Unit (recipe_id, thematic_unit_id) VALUES (71, 9);

INSERT INTO Recipe_Thematic_Unit (recipe_id, thematic_unit_id) VALUES (71, 15);

INSERT INTO Recipe (recipe_type, name, national_cuisine_id, difficulty_level, description, tip1, tip2, tip3, cooking_time, prep_time, portions, basic_ingredient_id, image_id) VALUES ('cooking', 'Ham & Potato Soup', 15, 5, 'Phone know team may something beautiful. Charge stage record audience.', 'better with a blender', 'good with honey', 'you need an oven', 71, 44, 4, 1, 100);

INSERT INTO Step (recipe_id, order_number, description) VALUES (72, 1, 'Get strong continue tough truth shake future.');

INSERT INTO Step (recipe_id, order_number, description) VALUES (72, 2, 'Gun window response name case.');

INSERT INTO Step (recipe_id, order_number, description) VALUES (72, 3, 'Stand way push down hair size court.');

INSERT INTO Step (recipe_id, order_number, description) VALUES (72, 4, 'Certain first college moment friend.');

INSERT INTO Step (recipe_id, order_number, description) VALUES (72, 5, 'Network within garden light make.');

INSERT INTO Step (recipe_id, order_number, description) VALUES (72, 6, 'Growth less people bit.');

INSERT INTO Step (recipe_id, order_number, description) VALUES (72, 7, 'Receive everybody such federal sure.');

INSERT INTO Nutritional_Info (recipe_id, fat_per_portion, carbs_per_portion, protein_per_portion) VALUES (72, 99, 61, 219);

INSERT INTO Recipe_Meal_Type (recipe_id, meal_type_id) VALUES (72, 6);

INSERT INTO Recipe_Meal_Type (recipe_id, meal_type_id) VALUES (72, 2);

INSERT INTO Recipe_Label (recipe_id, label_id) VALUES (72, 1);

INSERT INTO Recipe_Equipment (recipe_id, equipment_id) VALUES (72, 12);

INSERT INTO Recipe_Equipment (recipe_id, equipment_id) VALUES (72, 21);

INSERT INTO Recipe_Equipment (recipe_id, equipment_id) VALUES (72, 36);

INSERT INTO Recipe_Equipment (recipe_id, equipment_id) VALUES (72, 18);

INSERT INTO Recipe_Equipment (recipe_id, equipment_id) VALUES (72, 30);

INSERT INTO Recipe_Equipment (recipe_id, equipment_id) VALUES (72, 41);

INSERT INTO Recipe_Equipment (recipe_id, equipment_id) VALUES (72, 5);

INSERT INTO Recipe_Equipment (recipe_id, equipment_id) VALUES (72, 28);

INSERT INTO Recipe_Equipment (recipe_id, equipment_id) VALUES (72, 49);

INSERT INTO Recipe_Equipment (recipe_id, equipment_id) VALUES (72, 1);

INSERT INTO Recipe_Ingredient (recipe_id, ingredient_id, portion) VALUES (72, 69, 5);

INSERT INTO Recipe_Ingredient (recipe_id, ingredient_id, portion) VALUES (72, 98, 2);

INSERT INTO Recipe_Ingredient (recipe_id, ingredient_id, portion) VALUES (72, 23, 1);

INSERT INTO Recipe_Ingredient (recipe_id, ingredient_id, portion) VALUES (72, 106, 8);

INSERT INTO Recipe_Ingredient (recipe_id, ingredient_id, portion) VALUES (72, 143, 8);

INSERT INTO Recipe_Ingredient (recipe_id, ingredient_id, portion) VALUES (72, 113, 7);

INSERT INTO Recipe_Ingredient (recipe_id, ingredient_id, portion) VALUES (72, 99, 1);

INSERT INTO Recipe_Ingredient (recipe_id, ingredient_id, portion) VALUES (72, 177, 6);

INSERT INTO Recipe_Ingredient (recipe_id, ingredient_id, portion) VALUES (72, 32, 4);

INSERT INTO Recipe_Ingredient (recipe_id, ingredient_id, portion) VALUES (72, 163, 3);

INSERT INTO Recipe_Ingredient (recipe_id, ingredient_id, portion) VALUES (72, 120, 6);

INSERT INTO Recipe_Ingredient (recipe_id, ingredient_id, portion) VALUES (72, 90, 1);

INSERT INTO Recipe_Ingredient (recipe_id, ingredient_id, portion) VALUES (72, 94, 6);

INSERT INTO Recipe_Ingredient (recipe_id, ingredient_id, portion) VALUES (72, 73, 5);

INSERT INTO Recipe_Ingredient (recipe_id, ingredient_id, portion) VALUES (72, 83, 7);

INSERT INTO Recipe_Ingredient (recipe_id, ingredient_id, portion) VALUES (72, 189, 7);

INSERT INTO Recipe_Ingredient (recipe_id, ingredient_id, portion) VALUES (72, 30, 1);

INSERT INTO Recipe_Ingredient (recipe_id, ingredient_id, portion) VALUES (72, 27, 5);

INSERT INTO Recipe_Ingredient (recipe_id, ingredient_id, portion) VALUES (72, 121, 8);

INSERT INTO Recipe_Ingredient (recipe_id, ingredient_id, portion) VALUES (72, 22, 2);

INSERT INTO Recipe_Ingredient (recipe_id, ingredient_id, portion) VALUES (72, 1, 5);

INSERT INTO Recipe_Thematic_Unit (recipe_id, thematic_unit_id) VALUES (72, 1);

INSERT INTO Recipe_Thematic_Unit (recipe_id, thematic_unit_id) VALUES (72, 4);

INSERT INTO Recipe (recipe_type, name, national_cuisine_id, difficulty_level, description, tip1, tip2, cooking_time, prep_time, portions, basic_ingredient_id, image_id) VALUES ('cooking', 'Lemon Dill Potatoes', 15, 5, 'Watch democratic various capital start summer effort. House step result stand finish.', 'you need small cups', 'good with honey', 67, 44, 4, 190, 101);

INSERT INTO Step (recipe_id, order_number, description) VALUES (73, 1, 'Represent act itself number play.');

INSERT INTO Step (recipe_id, order_number, description) VALUES (73, 2, 'Cultural especially third card.');

INSERT INTO Nutritional_Info (recipe_id, fat_per_portion, carbs_per_portion, protein_per_portion) VALUES (73, 290, 179, 200);

INSERT INTO Recipe_Meal_Type (recipe_id, meal_type_id) VALUES (73, 4);

INSERT INTO Recipe_Label (recipe_id, label_id) VALUES (73, 9);

INSERT INTO Recipe_Equipment (recipe_id, equipment_id) VALUES (73, 25);

INSERT INTO Recipe_Equipment (recipe_id, equipment_id) VALUES (73, 33);

INSERT INTO Recipe_Equipment (recipe_id, equipment_id) VALUES (73, 28);

INSERT INTO Recipe_Equipment (recipe_id, equipment_id) VALUES (73, 7);

INSERT INTO Recipe_Equipment (recipe_id, equipment_id) VALUES (73, 4);

INSERT INTO Recipe_Equipment (recipe_id, equipment_id) VALUES (73, 1);

INSERT INTO Recipe_Equipment (recipe_id, equipment_id) VALUES (73, 23);

INSERT INTO Recipe_Ingredient (recipe_id, ingredient_id, portion) VALUES (73, 18, 4);

INSERT INTO Recipe_Ingredient (recipe_id, ingredient_id, portion) VALUES (73, 27, 5);

INSERT INTO Recipe_Ingredient (recipe_id, ingredient_id, portion) VALUES (73, 37, 8);

INSERT INTO Recipe_Ingredient (recipe_id, ingredient_id, portion) VALUES (73, 165, 4);

INSERT INTO Recipe_Ingredient (recipe_id, ingredient_id, portion) VALUES (73, 163, 5);

INSERT INTO Recipe_Ingredient (recipe_id, ingredient_id, portion) VALUES (73, 100, 5);

INSERT INTO Recipe_Ingredient (recipe_id, ingredient_id, portion) VALUES (73, 81, 3);

INSERT INTO Recipe_Ingredient (recipe_id, ingredient_id, portion) VALUES (73, 112, 4);

INSERT INTO Recipe_Ingredient (recipe_id, ingredient_id, portion) VALUES (73, 79, 3);

INSERT INTO Recipe_Ingredient (recipe_id, ingredient_id, portion) VALUES (73, 153, 5);

INSERT INTO Recipe_Ingredient (recipe_id, ingredient_id, portion) VALUES (73, 85, 6);

INSERT INTO Recipe_Ingredient (recipe_id, ingredient_id, portion) VALUES (73, 126, 5);

INSERT INTO Recipe_Ingredient (recipe_id, ingredient_id, portion) VALUES (73, 56, 5);

INSERT INTO Recipe_Ingredient (recipe_id, ingredient_id, portion) VALUES (73, 69, 2);

INSERT INTO Recipe_Ingredient (recipe_id, ingredient_id, portion) VALUES (73, 9, 3);

INSERT INTO Recipe_Ingredient (recipe_id, ingredient_id, portion) VALUES (73, 124, 7);

INSERT INTO Recipe_Ingredient (recipe_id, ingredient_id, portion) VALUES (73, 146, 5);

INSERT INTO Recipe_Ingredient (recipe_id, ingredient_id, portion) VALUES (73, 190, 6);

INSERT INTO Recipe_Thematic_Unit (recipe_id, thematic_unit_id) VALUES (73, 7);

INSERT INTO Recipe_Thematic_Unit (recipe_id, thematic_unit_id) VALUES (73, 4);

INSERT INTO Recipe_Thematic_Unit (recipe_id, thematic_unit_id) VALUES (73, 1);

INSERT INTO Recipe (recipe_type, name, national_cuisine_id, difficulty_level, description, tip1, tip2, tip3, cooking_time, prep_time, portions, basic_ingredient_id, image_id) VALUES ('pastry', 'BBQ Lentils', 15, 3, 'Body other reach level experience spend air. Form manager state live usually present.', 'you can use leftovers', 'better with gloves', 'you need to use your hands', 123, 35, 5, 120, 102);

INSERT INTO Step (recipe_id, order_number, description) VALUES (74, 1, 'Item develop you citizen where coach.');

INSERT INTO Step (recipe_id, order_number, description) VALUES (74, 2, 'Expect character upon mission.');

INSERT INTO Nutritional_Info (recipe_id, fat_per_portion, carbs_per_portion, protein_per_portion) VALUES (74, 373, 72, 47);

INSERT INTO Recipe_Meal_Type (recipe_id, meal_type_id) VALUES (74, 1);

INSERT INTO Recipe_Meal_Type (recipe_id, meal_type_id) VALUES (74, 3);

INSERT INTO Recipe_Label (recipe_id, label_id) VALUES (74, 6);

INSERT INTO Recipe_Label (recipe_id, label_id) VALUES (74, 1);

INSERT INTO Recipe_Label (recipe_id, label_id) VALUES (74, 3);

INSERT INTO Recipe_Label (recipe_id, label_id) VALUES (74, 9);

INSERT INTO Recipe_Equipment (recipe_id, equipment_id) VALUES (74, 27);

INSERT INTO Recipe_Equipment (recipe_id, equipment_id) VALUES (74, 12);

INSERT INTO Recipe_Equipment (recipe_id, equipment_id) VALUES (74, 35);

INSERT INTO Recipe_Equipment (recipe_id, equipment_id) VALUES (74, 28);

INSERT INTO Recipe_Equipment (recipe_id, equipment_id) VALUES (74, 39);

INSERT INTO Recipe_Ingredient (recipe_id, ingredient_id, portion) VALUES (74, 146, 7);

INSERT INTO Recipe_Ingredient (recipe_id, ingredient_id, portion) VALUES (74, 167, 3);

INSERT INTO Recipe_Ingredient (recipe_id, ingredient_id, portion) VALUES (74, 179, 1);

INSERT INTO Recipe_Ingredient (recipe_id, ingredient_id, portion) VALUES (74, 8, 2);

INSERT INTO Recipe_Ingredient (recipe_id, ingredient_id, portion) VALUES (74, 131, 7);

INSERT INTO Recipe_Ingredient (recipe_id, ingredient_id, portion) VALUES (74, 195, 4);

INSERT INTO Recipe_Ingredient (recipe_id, ingredient_id, portion) VALUES (74, 133, 5);

INSERT INTO Recipe_Ingredient (recipe_id, ingredient_id, portion) VALUES (74, 42, 2);

INSERT INTO Recipe_Ingredient (recipe_id, ingredient_id, portion) VALUES (74, 152, 8);

INSERT INTO Recipe_Ingredient (recipe_id, ingredient_id, portion) VALUES (74, 128, 3);

INSERT INTO Recipe_Ingredient (recipe_id, ingredient_id, portion) VALUES (74, 49, 7);

INSERT INTO Recipe_Ingredient (recipe_id, ingredient_id, portion) VALUES (74, 32, 6);

INSERT INTO Recipe_Ingredient (recipe_id, ingredient_id, portion) VALUES (74, 145, 4);

INSERT INTO Recipe_Ingredient (recipe_id, ingredient_id, portion) VALUES (74, 38, 1);

INSERT INTO Recipe_Ingredient (recipe_id, ingredient_id, portion) VALUES (74, 165, 3);

INSERT INTO Recipe_Ingredient (recipe_id, ingredient_id, portion) VALUES (74, 120, 3);

INSERT INTO Recipe_Thematic_Unit (recipe_id, thematic_unit_id) VALUES (74, 8);

INSERT INTO Recipe_Thematic_Unit (recipe_id, thematic_unit_id) VALUES (74, 5);

INSERT INTO Recipe_Thematic_Unit (recipe_id, thematic_unit_id) VALUES (74, 1);

INSERT INTO Recipe (recipe_type, name, national_cuisine_id, difficulty_level, description, tip1, tip2, cooking_time, prep_time, portions, basic_ingredient_id, image_id) VALUES ('pastry', 'Healthy Buckwheat Soup', 15, 5, 'Project clear him indicate top.', 'you can store iy outside the fridge', 'better with a blender', 146, 29, 7, 136, 103);

INSERT INTO Step (recipe_id, order_number, description) VALUES (75, 1, 'Instead lay provide attorney bill whole but mind.');

INSERT INTO Step (recipe_id, order_number, description) VALUES (75, 2, 'Head happen across good.');

INSERT INTO Step (recipe_id, order_number, description) VALUES (75, 3, 'Billion teach pick case bar they.');

INSERT INTO Step (recipe_id, order_number, description) VALUES (75, 4, 'Study impact field company professional girl ask.');

INSERT INTO Step (recipe_id, order_number, description) VALUES (75, 5, 'Carry conference receive finally eight grow.');

INSERT INTO Step (recipe_id, order_number, description) VALUES (75, 6, 'Federal life election wear realize close.');

INSERT INTO Step (recipe_id, order_number, description) VALUES (75, 7, 'Fine movement baby next seek my.');

INSERT INTO Step (recipe_id, order_number, description) VALUES (75, 8, 'Hotel start go federal.');

INSERT INTO Nutritional_Info (recipe_id, fat_per_portion, carbs_per_portion, protein_per_portion) VALUES (75, 258, 110, 225);

INSERT INTO Recipe_Meal_Type (recipe_id, meal_type_id) VALUES (75, 4);

INSERT INTO Recipe_Meal_Type (recipe_id, meal_type_id) VALUES (75, 3);

INSERT INTO Recipe_Meal_Type (recipe_id, meal_type_id) VALUES (75, 5);

INSERT INTO Recipe_Label (recipe_id, label_id) VALUES (75, 8);

INSERT INTO Recipe_Label (recipe_id, label_id) VALUES (75, 9);

INSERT INTO Recipe_Label (recipe_id, label_id) VALUES (75, 1);

INSERT INTO Recipe_Equipment (recipe_id, equipment_id) VALUES (75, 19);

INSERT INTO Recipe_Equipment (recipe_id, equipment_id) VALUES (75, 20);

INSERT INTO Recipe_Equipment (recipe_id, equipment_id) VALUES (75, 30);

INSERT INTO Recipe_Equipment (recipe_id, equipment_id) VALUES (75, 1);

INSERT INTO Recipe_Equipment (recipe_id, equipment_id) VALUES (75, 42);

INSERT INTO Recipe_Equipment (recipe_id, equipment_id) VALUES (75, 50);

INSERT INTO Recipe_Equipment (recipe_id, equipment_id) VALUES (75, 41);

INSERT INTO Recipe_Equipment (recipe_id, equipment_id) VALUES (75, 34);

INSERT INTO Recipe_Equipment (recipe_id, equipment_id) VALUES (75, 16);

INSERT INTO Recipe_Ingredient (recipe_id, ingredient_id, portion) VALUES (75, 46, 4);

INSERT INTO Recipe_Ingredient (recipe_id, ingredient_id, portion) VALUES (75, 157, 7);

INSERT INTO Recipe_Ingredient (recipe_id, ingredient_id, portion) VALUES (75, 111, 6);

INSERT INTO Recipe_Ingredient (recipe_id, ingredient_id, portion) VALUES (75, 109, 6);

INSERT INTO Recipe_Ingredient (recipe_id, ingredient_id, portion) VALUES (75, 32, 6);

INSERT INTO Recipe_Ingredient (recipe_id, ingredient_id, portion) VALUES (75, 184, 4);

INSERT INTO Recipe_Ingredient (recipe_id, ingredient_id, portion) VALUES (75, 199, 6);

INSERT INTO Recipe_Ingredient (recipe_id, ingredient_id, portion) VALUES (75, 84, 3);

INSERT INTO Recipe_Ingredient (recipe_id, ingredient_id, portion) VALUES (75, 13, 4);

INSERT INTO Recipe_Ingredient (recipe_id, ingredient_id, portion) VALUES (75, 10, 8);

INSERT INTO Recipe_Ingredient (recipe_id, ingredient_id, portion) VALUES (75, 117, 3);

INSERT INTO Recipe_Ingredient (recipe_id, ingredient_id, portion) VALUES (75, 41, 2);

INSERT INTO Recipe_Ingredient (recipe_id, ingredient_id, portion) VALUES (75, 136, 1);

INSERT INTO Recipe_Thematic_Unit (recipe_id, thematic_unit_id) VALUES (75, 7);

INSERT INTO Recipe_Thematic_Unit (recipe_id, thematic_unit_id) VALUES (75, 12);

INSERT INTO Recipe (recipe_type, name, national_cuisine_id, difficulty_level, description, tip1, cooking_time, prep_time, portions, basic_ingredient_id, image_id) VALUES ('cooking', 'Buckwheat Chicken Pilaf', 16, 2, 'Effort brother then natural building. Next each study author.', 'better with gloves', 32, 39, 2, 188, 104);

INSERT INTO Step (recipe_id, order_number, description) VALUES (76, 1, 'Style notice military student someone reality.');

INSERT INTO Step (recipe_id, order_number, description) VALUES (76, 2, 'Music low many street measure could democratic trip.');

INSERT INTO Step (recipe_id, order_number, description) VALUES (76, 3, 'We despite force together happy already.');

INSERT INTO Step (recipe_id, order_number, description) VALUES (76, 4, 'Be listen different heavy.');

INSERT INTO Nutritional_Info (recipe_id, fat_per_portion, carbs_per_portion, protein_per_portion) VALUES (76, 58, 116, 30);

INSERT INTO Recipe_Meal_Type (recipe_id, meal_type_id) VALUES (76, 2);

INSERT INTO Recipe_Meal_Type (recipe_id, meal_type_id) VALUES (76, 6);

INSERT INTO Recipe_Label (recipe_id, label_id) VALUES (76, 4);

INSERT INTO Recipe_Label (recipe_id, label_id) VALUES (76, 2);

INSERT INTO Recipe_Label (recipe_id, label_id) VALUES (76, 10);

INSERT INTO Recipe_Label (recipe_id, label_id) VALUES (76, 5);

INSERT INTO Recipe_Equipment (recipe_id, equipment_id) VALUES (76, 29);

INSERT INTO Recipe_Equipment (recipe_id, equipment_id) VALUES (76, 4);

INSERT INTO Recipe_Equipment (recipe_id, equipment_id) VALUES (76, 7);

INSERT INTO Recipe_Equipment (recipe_id, equipment_id) VALUES (76, 28);

INSERT INTO Recipe_Equipment (recipe_id, equipment_id) VALUES (76, 27);

INSERT INTO Recipe_Ingredient (recipe_id, ingredient_id, portion) VALUES (76, 46, 7);

INSERT INTO Recipe_Ingredient (recipe_id, ingredient_id, portion) VALUES (76, 13, 2);

INSERT INTO Recipe_Ingredient (recipe_id, ingredient_id, portion) VALUES (76, 107, 4);

INSERT INTO Recipe_Ingredient (recipe_id, ingredient_id, portion) VALUES (76, 167, 3);

INSERT INTO Recipe_Ingredient (recipe_id, ingredient_id, portion) VALUES (76, 26, 2);

INSERT INTO Recipe_Ingredient (recipe_id, ingredient_id, portion) VALUES (76, 111, 4);

INSERT INTO Recipe_Ingredient (recipe_id, ingredient_id, portion) VALUES (76, 19, 3);

INSERT INTO Recipe_Ingredient (recipe_id, ingredient_id, portion) VALUES (76, 37, 3);

INSERT INTO Recipe_Ingredient (recipe_id, ingredient_id, portion) VALUES (76, 140, 7);

INSERT INTO Recipe_Ingredient (recipe_id, ingredient_id, portion) VALUES (76, 18, 2);

INSERT INTO Recipe_Ingredient (recipe_id, ingredient_id, portion) VALUES (76, 180, 8);

INSERT INTO Recipe_Ingredient (recipe_id, ingredient_id, portion) VALUES (76, 101, 2);

INSERT INTO Recipe_Ingredient (recipe_id, ingredient_id, portion) VALUES (76, 188, 8);

INSERT INTO Recipe_Thematic_Unit (recipe_id, thematic_unit_id) VALUES (76, 1);

INSERT INTO Recipe_Thematic_Unit (recipe_id, thematic_unit_id) VALUES (76, 14);

INSERT INTO Recipe_Thematic_Unit (recipe_id, thematic_unit_id) VALUES (76, 6);

INSERT INTO Recipe (recipe_type, name, national_cuisine_id, difficulty_level, description, tip1, tip2, cooking_time, prep_time, portions, basic_ingredient_id, image_id) VALUES ('pastry', 'Vegetable Noodle Soup', 16, 1, 'Speak executive price blood decide. Draw buy account wish join reduce.', 'you need a lot of time', 'in the fridge for 3 days', 81, 40, 5, 84, 105);

INSERT INTO Step (recipe_id, order_number, description) VALUES (77, 1, 'Bill without newspaper citizen nothing include now.');

INSERT INTO Step (recipe_id, order_number, description) VALUES (77, 2, 'Crime season brother voice.');

INSERT INTO Nutritional_Info (recipe_id, fat_per_portion, carbs_per_portion, protein_per_portion) VALUES (77, 223, 69, 134);

INSERT INTO Recipe_Meal_Type (recipe_id, meal_type_id) VALUES (77, 2);

INSERT INTO Recipe_Meal_Type (recipe_id, meal_type_id) VALUES (77, 3);

INSERT INTO Recipe_Meal_Type (recipe_id, meal_type_id) VALUES (77, 4);

INSERT INTO Recipe_Label (recipe_id, label_id) VALUES (77, 8);

INSERT INTO Recipe_Label (recipe_id, label_id) VALUES (77, 6);

INSERT INTO Recipe_Label (recipe_id, label_id) VALUES (77, 10);

INSERT INTO Recipe_Equipment (recipe_id, equipment_id) VALUES (77, 13);

INSERT INTO Recipe_Equipment (recipe_id, equipment_id) VALUES (77, 7);

INSERT INTO Recipe_Equipment (recipe_id, equipment_id) VALUES (77, 41);

INSERT INTO Recipe_Equipment (recipe_id, equipment_id) VALUES (77, 37);

INSERT INTO Recipe_Equipment (recipe_id, equipment_id) VALUES (77, 36);

INSERT INTO Recipe_Equipment (recipe_id, equipment_id) VALUES (77, 26);

INSERT INTO Recipe_Ingredient (recipe_id, ingredient_id, portion) VALUES (77, 98, 6);

INSERT INTO Recipe_Ingredient (recipe_id, ingredient_id, portion) VALUES (77, 175, 6);

INSERT INTO Recipe_Ingredient (recipe_id, ingredient_id, portion) VALUES (77, 109, 1);

INSERT INTO Recipe_Ingredient (recipe_id, ingredient_id, portion) VALUES (77, 43, 5);

INSERT INTO Recipe_Ingredient (recipe_id, ingredient_id, portion) VALUES (77, 142, 8);

INSERT INTO Recipe_Ingredient (recipe_id, ingredient_id, portion) VALUES (77, 102, 5);

INSERT INTO Recipe_Ingredient (recipe_id, ingredient_id, portion) VALUES (77, 3, 7);

INSERT INTO Recipe_Ingredient (recipe_id, ingredient_id, portion) VALUES (77, 184, 7);

INSERT INTO Recipe_Ingredient (recipe_id, ingredient_id, portion) VALUES (77, 112, 1);

INSERT INTO Recipe_Ingredient (recipe_id, ingredient_id, portion) VALUES (77, 84, 6);

INSERT INTO Recipe_Thematic_Unit (recipe_id, thematic_unit_id) VALUES (77, 14);

INSERT INTO Recipe_Thematic_Unit (recipe_id, thematic_unit_id) VALUES (77, 11);

INSERT INTO Recipe_Thematic_Unit (recipe_id, thematic_unit_id) VALUES (77, 8);

INSERT INTO Recipe (recipe_type, name, national_cuisine_id, difficulty_level, description, tip1, cooking_time, prep_time, portions, basic_ingredient_id, image_id) VALUES ('pastry', 'Bacon and Honey Potato Salad', 16, 5, 'Interesting the enter note less rock. Full brother these listen wear rock ever. Anything certainly table central seem attorney week.', 'you need salt', 103, 44, 7, 197, 106);

INSERT INTO Step (recipe_id, order_number, description) VALUES (78, 1, 'Name defense authority people across.');

INSERT INTO Step (recipe_id, order_number, description) VALUES (78, 2, 'Night establish field light explain far seem shake.');

INSERT INTO Step (recipe_id, order_number, description) VALUES (78, 3, 'Perhaps area partner appear note compare reality.');

INSERT INTO Step (recipe_id, order_number, description) VALUES (78, 4, 'Deal toward husband security.');

INSERT INTO Step (recipe_id, order_number, description) VALUES (78, 5, 'Baby decade box.');

INSERT INTO Nutritional_Info (recipe_id, fat_per_portion, carbs_per_portion, protein_per_portion) VALUES (78, 43, 47, 233);

INSERT INTO Recipe_Meal_Type (recipe_id, meal_type_id) VALUES (78, 3);

INSERT INTO Recipe_Label (recipe_id, label_id) VALUES (78, 7);

INSERT INTO Recipe_Label (recipe_id, label_id) VALUES (78, 6);

INSERT INTO Recipe_Equipment (recipe_id, equipment_id) VALUES (78, 30);

INSERT INTO Recipe_Equipment (recipe_id, equipment_id) VALUES (78, 4);

INSERT INTO Recipe_Equipment (recipe_id, equipment_id) VALUES (78, 50);

INSERT INTO Recipe_Ingredient (recipe_id, ingredient_id, portion) VALUES (78, 131, 4);

INSERT INTO Recipe_Ingredient (recipe_id, ingredient_id, portion) VALUES (78, 74, 8);

INSERT INTO Recipe_Ingredient (recipe_id, ingredient_id, portion) VALUES (78, 173, 5);

INSERT INTO Recipe_Ingredient (recipe_id, ingredient_id, portion) VALUES (78, 153, 5);

INSERT INTO Recipe_Ingredient (recipe_id, ingredient_id, portion) VALUES (78, 60, 7);

INSERT INTO Recipe_Ingredient (recipe_id, ingredient_id, portion) VALUES (78, 157, 6);

INSERT INTO Recipe_Ingredient (recipe_id, ingredient_id, portion) VALUES (78, 54, 6);

INSERT INTO Recipe_Ingredient (recipe_id, ingredient_id, portion) VALUES (78, 161, 6);

INSERT INTO Recipe_Ingredient (recipe_id, ingredient_id, portion) VALUES (78, 138, 6);

INSERT INTO Recipe_Ingredient (recipe_id, ingredient_id, portion) VALUES (78, 144, 1);

INSERT INTO Recipe_Ingredient (recipe_id, ingredient_id, portion) VALUES (78, 53, 6);

INSERT INTO Recipe_Ingredient (recipe_id, ingredient_id, portion) VALUES (78, 92, 6);

INSERT INTO Recipe_Ingredient (recipe_id, ingredient_id, portion) VALUES (78, 154, 5);

INSERT INTO Recipe_Ingredient (recipe_id, ingredient_id, portion) VALUES (78, 76, 7);

INSERT INTO Recipe_Ingredient (recipe_id, ingredient_id, portion) VALUES (78, 197, 1);

INSERT INTO Recipe_Thematic_Unit (recipe_id, thematic_unit_id) VALUES (78, 13);

INSERT INTO Recipe (recipe_type, name, national_cuisine_id, difficulty_level, description, tip1, tip2, tip3, cooking_time, prep_time, portions, basic_ingredient_id, image_id) VALUES ('pastry', 'Pretzel Sticks', 16, 1, 'Work around kid author father however far partner. Indicate fact someone number name. Artist television loss debate apply.', 'you need 2 people to make it', 'in the fridge for 3 days', 'you need an oven', 79, 34, 5, 96, 107);

INSERT INTO Step (recipe_id, order_number, description) VALUES (79, 1, 'Report decide actually environmental mother.');

INSERT INTO Step (recipe_id, order_number, description) VALUES (79, 2, 'Represent least spring door.');

INSERT INTO Step (recipe_id, order_number, description) VALUES (79, 3, 'Provide doctor race least glass big product.');

INSERT INTO Step (recipe_id, order_number, description) VALUES (79, 4, 'Matter card common firm.');

INSERT INTO Nutritional_Info (recipe_id, fat_per_portion, carbs_per_portion, protein_per_portion) VALUES (79, 190, 145, 81);

INSERT INTO Recipe_Meal_Type (recipe_id, meal_type_id) VALUES (79, 3);

INSERT INTO Recipe_Meal_Type (recipe_id, meal_type_id) VALUES (79, 2);

INSERT INTO Recipe_Label (recipe_id, label_id) VALUES (79, 2);

INSERT INTO Recipe_Label (recipe_id, label_id) VALUES (79, 9);

INSERT INTO Recipe_Label (recipe_id, label_id) VALUES (79, 6);

INSERT INTO Recipe_Equipment (recipe_id, equipment_id) VALUES (79, 42);

INSERT INTO Recipe_Equipment (recipe_id, equipment_id) VALUES (79, 8);

INSERT INTO Recipe_Equipment (recipe_id, equipment_id) VALUES (79, 13);

INSERT INTO Recipe_Equipment (recipe_id, equipment_id) VALUES (79, 21);

INSERT INTO Recipe_Equipment (recipe_id, equipment_id) VALUES (79, 15);

INSERT INTO Recipe_Ingredient (recipe_id, ingredient_id, portion) VALUES (79, 108, 2);

INSERT INTO Recipe_Ingredient (recipe_id, ingredient_id, portion) VALUES (79, 32, 5);

INSERT INTO Recipe_Ingredient (recipe_id, ingredient_id, portion) VALUES (79, 160, 3);

INSERT INTO Recipe_Ingredient (recipe_id, ingredient_id, portion) VALUES (79, 43, 3);

INSERT INTO Recipe_Ingredient (recipe_id, ingredient_id, portion) VALUES (79, 164, 6);

INSERT INTO Recipe_Ingredient (recipe_id, ingredient_id, portion) VALUES (79, 85, 4);

INSERT INTO Recipe_Ingredient (recipe_id, ingredient_id, portion) VALUES (79, 27, 3);

INSERT INTO Recipe_Ingredient (recipe_id, ingredient_id, portion) VALUES (79, 194, 4);

INSERT INTO Recipe_Ingredient (recipe_id, ingredient_id, portion) VALUES (79, 17, 8);

INSERT INTO Recipe_Ingredient (recipe_id, ingredient_id, portion) VALUES (79, 23, 6);

INSERT INTO Recipe_Ingredient (recipe_id, ingredient_id, portion) VALUES (79, 48, 6);

INSERT INTO Recipe_Ingredient (recipe_id, ingredient_id, portion) VALUES (79, 51, 5);

INSERT INTO Recipe_Ingredient (recipe_id, ingredient_id, portion) VALUES (79, 102, 4);

INSERT INTO Recipe_Ingredient (recipe_id, ingredient_id, portion) VALUES (79, 180, 6);

INSERT INTO Recipe_Ingredient (recipe_id, ingredient_id, portion) VALUES (79, 96, 8);

INSERT INTO Recipe_Thematic_Unit (recipe_id, thematic_unit_id) VALUES (79, 14);

INSERT INTO Recipe (recipe_type, name, national_cuisine_id, difficulty_level, description, tip1, tip2, cooking_time, prep_time, portions, basic_ingredient_id, image_id) VALUES ('pastry', 'Golden French Lentil Soup', 16, 3, 'Major population argue.', 'in the fridge for 3 days', 'better with slow cooking', 63, 5, 8, 120, 108);

INSERT INTO Step (recipe_id, order_number, description) VALUES (80, 1, 'Education region continue.');

INSERT INTO Step (recipe_id, order_number, description) VALUES (80, 2, 'Seek remain each condition tend.');

INSERT INTO Step (recipe_id, order_number, description) VALUES (80, 3, 'Represent parent maintain hard main.');

INSERT INTO Step (recipe_id, order_number, description) VALUES (80, 4, 'Mind bad talk pick.');

INSERT INTO Step (recipe_id, order_number, description) VALUES (80, 5, 'Gun piece would west course care daughter series.');

INSERT INTO Step (recipe_id, order_number, description) VALUES (80, 6, 'Seek those sea for power opportunity.');

INSERT INTO Step (recipe_id, order_number, description) VALUES (80, 7, 'Animal summer statement risk.');

INSERT INTO Nutritional_Info (recipe_id, fat_per_portion, carbs_per_portion, protein_per_portion) VALUES (80, 50, 116, 84);

INSERT INTO Recipe_Meal_Type (recipe_id, meal_type_id) VALUES (80, 4);

INSERT INTO Recipe_Label (recipe_id, label_id) VALUES (80, 2);

INSERT INTO Recipe_Equipment (recipe_id, equipment_id) VALUES (80, 47);

INSERT INTO Recipe_Equipment (recipe_id, equipment_id) VALUES (80, 17);

INSERT INTO Recipe_Equipment (recipe_id, equipment_id) VALUES (80, 48);

INSERT INTO Recipe_Equipment (recipe_id, equipment_id) VALUES (80, 10);

INSERT INTO Recipe_Equipment (recipe_id, equipment_id) VALUES (80, 21);

INSERT INTO Recipe_Equipment (recipe_id, equipment_id) VALUES (80, 50);

INSERT INTO Recipe_Equipment (recipe_id, equipment_id) VALUES (80, 12);

INSERT INTO Recipe_Ingredient (recipe_id, ingredient_id, portion) VALUES (80, 187, 3);

INSERT INTO Recipe_Ingredient (recipe_id, ingredient_id, portion) VALUES (80, 2, 4);

INSERT INTO Recipe_Ingredient (recipe_id, ingredient_id, portion) VALUES (80, 130, 3);

INSERT INTO Recipe_Ingredient (recipe_id, ingredient_id, portion) VALUES (80, 28, 8);

INSERT INTO Recipe_Ingredient (recipe_id, ingredient_id, portion) VALUES (80, 59, 6);

INSERT INTO Recipe_Ingredient (recipe_id, ingredient_id, portion) VALUES (80, 143, 2);

INSERT INTO Recipe_Ingredient (recipe_id, ingredient_id, portion) VALUES (80, 25, 8);

INSERT INTO Recipe_Ingredient (recipe_id, ingredient_id, portion) VALUES (80, 167, 4);

INSERT INTO Recipe_Ingredient (recipe_id, ingredient_id, portion) VALUES (80, 42, 7);

INSERT INTO Recipe_Ingredient (recipe_id, ingredient_id, portion) VALUES (80, 135, 7);

INSERT INTO Recipe_Ingredient (recipe_id, ingredient_id, portion) VALUES (80, 16, 5);

INSERT INTO Recipe_Ingredient (recipe_id, ingredient_id, portion) VALUES (80, 91, 6);

INSERT INTO Recipe_Ingredient (recipe_id, ingredient_id, portion) VALUES (80, 14, 3);

INSERT INTO Recipe_Ingredient (recipe_id, ingredient_id, portion) VALUES (80, 120, 4);

INSERT INTO Recipe_Thematic_Unit (recipe_id, thematic_unit_id) VALUES (80, 3);

INSERT INTO Recipe_Thematic_Unit (recipe_id, thematic_unit_id) VALUES (80, 12);

INSERT INTO Recipe (recipe_type, name, national_cuisine_id, difficulty_level, description, tip1, tip2, cooking_time, prep_time, portions, basic_ingredient_id, image_id) VALUES ('cooking', 'Lentil Shepherds Pie', 17, 1, 'Remember point painting. Seat so yard city hard head real. Action still source three. Arm food blue suffer.', 'you have to be careful not to let it get stack', 'you need an oven', 53, 22, 8, 88, 109);

INSERT INTO Step (recipe_id, order_number, description) VALUES (81, 1, 'Officer student fast.');

INSERT INTO Step (recipe_id, order_number, description) VALUES (81, 2, 'Sure story politics maybe.');

INSERT INTO Step (recipe_id, order_number, description) VALUES (81, 3, 'West full need check hit believe product heart.');

INSERT INTO Nutritional_Info (recipe_id, fat_per_portion, carbs_per_portion, protein_per_portion) VALUES (81, 170, 47, 65);

INSERT INTO Recipe_Meal_Type (recipe_id, meal_type_id) VALUES (81, 5);

INSERT INTO Recipe_Meal_Type (recipe_id, meal_type_id) VALUES (81, 1);

INSERT INTO Recipe_Meal_Type (recipe_id, meal_type_id) VALUES (81, 6);

INSERT INTO Recipe_Label (recipe_id, label_id) VALUES (81, 2);

INSERT INTO Recipe_Label (recipe_id, label_id) VALUES (81, 9);

INSERT INTO Recipe_Equipment (recipe_id, equipment_id) VALUES (81, 14);

INSERT INTO Recipe_Equipment (recipe_id, equipment_id) VALUES (81, 5);

INSERT INTO Recipe_Equipment (recipe_id, equipment_id) VALUES (81, 36);

INSERT INTO Recipe_Equipment (recipe_id, equipment_id) VALUES (81, 45);

INSERT INTO Recipe_Equipment (recipe_id, equipment_id) VALUES (81, 7);

INSERT INTO Recipe_Ingredient (recipe_id, ingredient_id, portion) VALUES (81, 76, 7);

INSERT INTO Recipe_Ingredient (recipe_id, ingredient_id, portion) VALUES (81, 10, 7);

INSERT INTO Recipe_Ingredient (recipe_id, ingredient_id, portion) VALUES (81, 183, 7);

INSERT INTO Recipe_Ingredient (recipe_id, ingredient_id, portion) VALUES (81, 146, 4);

INSERT INTO Recipe_Ingredient (recipe_id, ingredient_id, portion) VALUES (81, 99, 3);

INSERT INTO Recipe_Ingredient (recipe_id, ingredient_id, portion) VALUES (81, 24, 5);

INSERT INTO Recipe_Ingredient (recipe_id, ingredient_id, portion) VALUES (81, 77, 1);

INSERT INTO Recipe_Ingredient (recipe_id, ingredient_id, portion) VALUES (81, 61, 4);

INSERT INTO Recipe_Ingredient (recipe_id, ingredient_id, portion) VALUES (81, 91, 5);

INSERT INTO Recipe_Ingredient (recipe_id, ingredient_id, portion) VALUES (81, 166, 4);

INSERT INTO Recipe_Ingredient (recipe_id, ingredient_id, portion) VALUES (81, 112, 6);

INSERT INTO Recipe_Ingredient (recipe_id, ingredient_id, portion) VALUES (81, 88, 5);

INSERT INTO Recipe_Thematic_Unit (recipe_id, thematic_unit_id) VALUES (81, 6);

INSERT INTO Recipe (recipe_type, name, national_cuisine_id, difficulty_level, description, tip1, tip2, tip3, cooking_time, prep_time, portions, basic_ingredient_id, image_id) VALUES ('cooking', 'Honey Lime Chicken', 17, 4, 'Later change old stuff generation minute foot. Rest catch analysis respond.', 'you need small cups', 'you need to be patient', 'it needs a fridge', 37, 40, 8, 110, 110);

INSERT INTO Step (recipe_id, order_number, description) VALUES (82, 1, 'Baby situation indicate common rate street room director.');

INSERT INTO Step (recipe_id, order_number, description) VALUES (82, 2, 'Seek eye any summer seek her during.');

INSERT INTO Nutritional_Info (recipe_id, fat_per_portion, carbs_per_portion, protein_per_portion) VALUES (82, 331, 20, 141);

INSERT INTO Recipe_Meal_Type (recipe_id, meal_type_id) VALUES (82, 4);

INSERT INTO Recipe_Meal_Type (recipe_id, meal_type_id) VALUES (82, 5);

INSERT INTO Recipe_Label (recipe_id, label_id) VALUES (82, 8);

INSERT INTO Recipe_Equipment (recipe_id, equipment_id) VALUES (82, 1);

INSERT INTO Recipe_Equipment (recipe_id, equipment_id) VALUES (82, 21);

INSERT INTO Recipe_Equipment (recipe_id, equipment_id) VALUES (82, 15);

INSERT INTO Recipe_Equipment (recipe_id, equipment_id) VALUES (82, 11);

INSERT INTO Recipe_Equipment (recipe_id, equipment_id) VALUES (82, 40);

INSERT INTO Recipe_Equipment (recipe_id, equipment_id) VALUES (82, 35);

INSERT INTO Recipe_Equipment (recipe_id, equipment_id) VALUES (82, 39);

INSERT INTO Recipe_Equipment (recipe_id, equipment_id) VALUES (82, 10);

INSERT INTO Recipe_Ingredient (recipe_id, ingredient_id, portion) VALUES (82, 43, 5);

INSERT INTO Recipe_Ingredient (recipe_id, ingredient_id, portion) VALUES (82, 161, 4);

INSERT INTO Recipe_Ingredient (recipe_id, ingredient_id, portion) VALUES (82, 124, 1);

INSERT INTO Recipe_Ingredient (recipe_id, ingredient_id, portion) VALUES (82, 83, 4);

INSERT INTO Recipe_Ingredient (recipe_id, ingredient_id, portion) VALUES (82, 70, 4);

INSERT INTO Recipe_Ingredient (recipe_id, ingredient_id, portion) VALUES (82, 59, 2);

INSERT INTO Recipe_Ingredient (recipe_id, ingredient_id, portion) VALUES (82, 61, 7);

INSERT INTO Recipe_Ingredient (recipe_id, ingredient_id, portion) VALUES (82, 80, 8);

INSERT INTO Recipe_Ingredient (recipe_id, ingredient_id, portion) VALUES (82, 185, 4);

INSERT INTO Recipe_Ingredient (recipe_id, ingredient_id, portion) VALUES (82, 69, 5);

INSERT INTO Recipe_Ingredient (recipe_id, ingredient_id, portion) VALUES (82, 128, 8);

INSERT INTO Recipe_Ingredient (recipe_id, ingredient_id, portion) VALUES (82, 56, 2);

INSERT INTO Recipe_Ingredient (recipe_id, ingredient_id, portion) VALUES (82, 3, 5);

INSERT INTO Recipe_Ingredient (recipe_id, ingredient_id, portion) VALUES (82, 121, 3);

INSERT INTO Recipe_Ingredient (recipe_id, ingredient_id, portion) VALUES (82, 71, 8);

INSERT INTO Recipe_Ingredient (recipe_id, ingredient_id, portion) VALUES (82, 182, 1);

INSERT INTO Recipe_Ingredient (recipe_id, ingredient_id, portion) VALUES (82, 144, 7);

INSERT INTO Recipe_Ingredient (recipe_id, ingredient_id, portion) VALUES (82, 94, 7);

INSERT INTO Recipe_Ingredient (recipe_id, ingredient_id, portion) VALUES (82, 138, 3);

INSERT INTO Recipe_Ingredient (recipe_id, ingredient_id, portion) VALUES (82, 110, 8);

INSERT INTO Recipe_Thematic_Unit (recipe_id, thematic_unit_id) VALUES (82, 2);

INSERT INTO Recipe_Thematic_Unit (recipe_id, thematic_unit_id) VALUES (82, 3);

INSERT INTO Recipe_Thematic_Unit (recipe_id, thematic_unit_id) VALUES (82, 1);

INSERT INTO Recipe (recipe_type, name, national_cuisine_id, difficulty_level, description, tip1, cooking_time, prep_time, portions, basic_ingredient_id, image_id) VALUES ('pastry', 'Lentil Curry', 17, 5, 'Why day age mother community total. Provide around police however.', 'you need to use your hands', 139, 28, 7, 125, 111);

INSERT INTO Step (recipe_id, order_number, description) VALUES (83, 1, 'Service measure Mrs service quality.');

INSERT INTO Step (recipe_id, order_number, description) VALUES (83, 2, 'Never skill fight.');

INSERT INTO Step (recipe_id, order_number, description) VALUES (83, 3, 'Seven computer begin it attack.');

INSERT INTO Step (recipe_id, order_number, description) VALUES (83, 4, 'Wish now these yet himself.');

INSERT INTO Step (recipe_id, order_number, description) VALUES (83, 5, 'Culture close exactly development herself.');

INSERT INTO Step (recipe_id, order_number, description) VALUES (83, 6, 'Debate relationship effort draw simply recent.');

INSERT INTO Step (recipe_id, order_number, description) VALUES (83, 7, 'Project arrive poor decade character open yes kitchen.');

INSERT INTO Nutritional_Info (recipe_id, fat_per_portion, carbs_per_portion, protein_per_portion) VALUES (83, 56, 80, 181);

INSERT INTO Recipe_Meal_Type (recipe_id, meal_type_id) VALUES (83, 5);

INSERT INTO Recipe_Meal_Type (recipe_id, meal_type_id) VALUES (83, 2);

INSERT INTO Recipe_Meal_Type (recipe_id, meal_type_id) VALUES (83, 6);

INSERT INTO Recipe_Label (recipe_id, label_id) VALUES (83, 10);

INSERT INTO Recipe_Label (recipe_id, label_id) VALUES (83, 9);

INSERT INTO Recipe_Label (recipe_id, label_id) VALUES (83, 6);

INSERT INTO Recipe_Label (recipe_id, label_id) VALUES (83, 2);

INSERT INTO Recipe_Equipment (recipe_id, equipment_id) VALUES (83, 4);

INSERT INTO Recipe_Equipment (recipe_id, equipment_id) VALUES (83, 47);

INSERT INTO Recipe_Equipment (recipe_id, equipment_id) VALUES (83, 44);

INSERT INTO Recipe_Equipment (recipe_id, equipment_id) VALUES (83, 8);

INSERT INTO Recipe_Equipment (recipe_id, equipment_id) VALUES (83, 27);

INSERT INTO Recipe_Ingredient (recipe_id, ingredient_id, portion) VALUES (83, 3, 1);

INSERT INTO Recipe_Ingredient (recipe_id, ingredient_id, portion) VALUES (83, 105, 6);

INSERT INTO Recipe_Ingredient (recipe_id, ingredient_id, portion) VALUES (83, 121, 2);

INSERT INTO Recipe_Ingredient (recipe_id, ingredient_id, portion) VALUES (83, 115, 6);

INSERT INTO Recipe_Ingredient (recipe_id, ingredient_id, portion) VALUES (83, 150, 4);

INSERT INTO Recipe_Ingredient (recipe_id, ingredient_id, portion) VALUES (83, 161, 2);

INSERT INTO Recipe_Ingredient (recipe_id, ingredient_id, portion) VALUES (83, 33, 8);

INSERT INTO Recipe_Ingredient (recipe_id, ingredient_id, portion) VALUES (83, 125, 2);

INSERT INTO Recipe_Thematic_Unit (recipe_id, thematic_unit_id) VALUES (83, 11);

INSERT INTO Recipe (recipe_type, name, national_cuisine_id, difficulty_level, description, tip1, cooking_time, prep_time, portions, basic_ingredient_id, image_id) VALUES ('pastry', 'Dutch Oven Bread', 17, 5, 'Training front bar theory best. Read form ago radio little public do. Know either fact tough check already police.', 'better when fresh', 49, 6, 2, 17, 112);

INSERT INTO Step (recipe_id, order_number, description) VALUES (84, 1, 'Firm economy traditional read personal.');

INSERT INTO Step (recipe_id, order_number, description) VALUES (84, 2, 'Man impact significant race.');

INSERT INTO Step (recipe_id, order_number, description) VALUES (84, 3, 'Such reveal student bed performance.');

INSERT INTO Step (recipe_id, order_number, description) VALUES (84, 4, 'Along American power media.');

INSERT INTO Nutritional_Info (recipe_id, fat_per_portion, carbs_per_portion, protein_per_portion) VALUES (84, 134, 133, 210);

INSERT INTO Recipe_Meal_Type (recipe_id, meal_type_id) VALUES (84, 1);

INSERT INTO Recipe_Meal_Type (recipe_id, meal_type_id) VALUES (84, 5);

INSERT INTO Recipe_Label (recipe_id, label_id) VALUES (84, 4);

INSERT INTO Recipe_Label (recipe_id, label_id) VALUES (84, 10);

INSERT INTO Recipe_Label (recipe_id, label_id) VALUES (84, 3);

INSERT INTO Recipe_Label (recipe_id, label_id) VALUES (84, 7);

INSERT INTO Recipe_Equipment (recipe_id, equipment_id) VALUES (84, 11);

INSERT INTO Recipe_Equipment (recipe_id, equipment_id) VALUES (84, 16);

INSERT INTO Recipe_Equipment (recipe_id, equipment_id) VALUES (84, 49);

INSERT INTO Recipe_Ingredient (recipe_id, ingredient_id, portion) VALUES (84, 81, 5);

INSERT INTO Recipe_Ingredient (recipe_id, ingredient_id, portion) VALUES (84, 129, 3);

INSERT INTO Recipe_Ingredient (recipe_id, ingredient_id, portion) VALUES (84, 181, 4);

INSERT INTO Recipe_Ingredient (recipe_id, ingredient_id, portion) VALUES (84, 106, 4);

INSERT INTO Recipe_Ingredient (recipe_id, ingredient_id, portion) VALUES (84, 74, 5);

INSERT INTO Recipe_Ingredient (recipe_id, ingredient_id, portion) VALUES (84, 131, 3);

INSERT INTO Recipe_Ingredient (recipe_id, ingredient_id, portion) VALUES (84, 17, 3);

INSERT INTO Recipe_Thematic_Unit (recipe_id, thematic_unit_id) VALUES (84, 8);

INSERT INTO Recipe_Thematic_Unit (recipe_id, thematic_unit_id) VALUES (84, 6);

INSERT INTO Recipe_Thematic_Unit (recipe_id, thematic_unit_id) VALUES (84, 7);

INSERT INTO Recipe (recipe_type, name, national_cuisine_id, difficulty_level, description, tip1, tip2, tip3, cooking_time, prep_time, portions, basic_ingredient_id, image_id) VALUES ('cooking', 'Potato Apple Roast', 17, 3, 'Generation use top network. Already generation local word item join result. Bad bed three particularly student citizen.', 'you have to be careful not to let it get stack', 'better when fresh', 'you need 2 people to make it', 79, 29, 7, 147, 113);

INSERT INTO Step (recipe_id, order_number, description) VALUES (85, 1, 'Call board while choice stage rest.');

INSERT INTO Step (recipe_id, order_number, description) VALUES (85, 2, 'Ever fund at join only professional.');

INSERT INTO Step (recipe_id, order_number, description) VALUES (85, 3, 'Parent large evidence hundred.');

INSERT INTO Step (recipe_id, order_number, description) VALUES (85, 4, 'Bed group born attack.');

INSERT INTO Step (recipe_id, order_number, description) VALUES (85, 5, 'Customer power many often play image provide those.');

INSERT INTO Step (recipe_id, order_number, description) VALUES (85, 6, 'Leg position partner possible TV their themselves fly.');

INSERT INTO Step (recipe_id, order_number, description) VALUES (85, 7, 'Including serve eye spring call on of.');

INSERT INTO Step (recipe_id, order_number, description) VALUES (85, 8, 'Opportunity where right kid the.');

INSERT INTO Nutritional_Info (recipe_id, fat_per_portion, carbs_per_portion, protein_per_portion) VALUES (85, 353, 140, 155);

INSERT INTO Recipe_Meal_Type (recipe_id, meal_type_id) VALUES (85, 6);

INSERT INTO Recipe_Meal_Type (recipe_id, meal_type_id) VALUES (85, 1);

INSERT INTO Recipe_Label (recipe_id, label_id) VALUES (85, 7);

INSERT INTO Recipe_Label (recipe_id, label_id) VALUES (85, 2);

INSERT INTO Recipe_Equipment (recipe_id, equipment_id) VALUES (85, 11);

INSERT INTO Recipe_Equipment (recipe_id, equipment_id) VALUES (85, 44);

INSERT INTO Recipe_Equipment (recipe_id, equipment_id) VALUES (85, 5);

INSERT INTO Recipe_Equipment (recipe_id, equipment_id) VALUES (85, 10);

INSERT INTO Recipe_Equipment (recipe_id, equipment_id) VALUES (85, 29);

INSERT INTO Recipe_Equipment (recipe_id, equipment_id) VALUES (85, 23);

INSERT INTO Recipe_Equipment (recipe_id, equipment_id) VALUES (85, 2);

INSERT INTO Recipe_Equipment (recipe_id, equipment_id) VALUES (85, 7);

INSERT INTO Recipe_Equipment (recipe_id, equipment_id) VALUES (85, 39);

INSERT INTO Recipe_Ingredient (recipe_id, ingredient_id, portion) VALUES (85, 51, 5);

INSERT INTO Recipe_Ingredient (recipe_id, ingredient_id, portion) VALUES (85, 43, 4);

INSERT INTO Recipe_Ingredient (recipe_id, ingredient_id, portion) VALUES (85, 14, 5);

INSERT INTO Recipe_Ingredient (recipe_id, ingredient_id, portion) VALUES (85, 132, 4);

INSERT INTO Recipe_Ingredient (recipe_id, ingredient_id, portion) VALUES (85, 62, 5);

INSERT INTO Recipe_Ingredient (recipe_id, ingredient_id, portion) VALUES (85, 138, 2);

INSERT INTO Recipe_Ingredient (recipe_id, ingredient_id, portion) VALUES (85, 183, 2);

INSERT INTO Recipe_Ingredient (recipe_id, ingredient_id, portion) VALUES (85, 163, 6);

INSERT INTO Recipe_Ingredient (recipe_id, ingredient_id, portion) VALUES (85, 98, 7);

INSERT INTO Recipe_Ingredient (recipe_id, ingredient_id, portion) VALUES (85, 37, 7);

INSERT INTO Recipe_Ingredient (recipe_id, ingredient_id, portion) VALUES (85, 33, 3);

INSERT INTO Recipe_Ingredient (recipe_id, ingredient_id, portion) VALUES (85, 73, 5);

INSERT INTO Recipe_Ingredient (recipe_id, ingredient_id, portion) VALUES (85, 17, 5);

INSERT INTO Recipe_Ingredient (recipe_id, ingredient_id, portion) VALUES (85, 76, 1);

INSERT INTO Recipe_Ingredient (recipe_id, ingredient_id, portion) VALUES (85, 22, 2);

INSERT INTO Recipe_Ingredient (recipe_id, ingredient_id, portion) VALUES (85, 147, 4);

INSERT INTO Recipe_Thematic_Unit (recipe_id, thematic_unit_id) VALUES (85, 9);

INSERT INTO Recipe_Thematic_Unit (recipe_id, thematic_unit_id) VALUES (85, 13);

INSERT INTO Recipe_Thematic_Unit (recipe_id, thematic_unit_id) VALUES (85, 2);

INSERT INTO Recipe (recipe_type, name, national_cuisine_id, difficulty_level, description, tip1, tip2, tip3, cooking_time, prep_time, portions, basic_ingredient_id, image_id) VALUES ('pastry', 'Baking Powder Biscuits', 18, 4, 'Recent Mr task among. Product mission fly unit either during decade particular. Rule yourself paper woman.', 'in the fridge for 3 days', 'you need a lot of time', 'you need a lot of time', 148, 22, 5, 62, 114);

INSERT INTO Step (recipe_id, order_number, description) VALUES (86, 1, 'Republican bed arm social.');

INSERT INTO Step (recipe_id, order_number, description) VALUES (86, 2, 'Behavior life stock process.');

INSERT INTO Step (recipe_id, order_number, description) VALUES (86, 3, 'Set you society medical resource.');

INSERT INTO Step (recipe_id, order_number, description) VALUES (86, 4, 'Recognize eye movement figure clear put people.');

INSERT INTO Step (recipe_id, order_number, description) VALUES (86, 5, 'Several hour reveal.');

INSERT INTO Step (recipe_id, order_number, description) VALUES (86, 6, 'Rich market interest modern finally.');

INSERT INTO Step (recipe_id, order_number, description) VALUES (86, 7, 'Health trouble minute whole.');

INSERT INTO Step (recipe_id, order_number, description) VALUES (86, 8, 'Majority hear particularly soon onto.');

INSERT INTO Nutritional_Info (recipe_id, fat_per_portion, carbs_per_portion, protein_per_portion) VALUES (86, 364, 15, 189);

INSERT INTO Recipe_Meal_Type (recipe_id, meal_type_id) VALUES (86, 5);

INSERT INTO Recipe_Meal_Type (recipe_id, meal_type_id) VALUES (86, 1);

INSERT INTO Recipe_Meal_Type (recipe_id, meal_type_id) VALUES (86, 6);

INSERT INTO Recipe_Label (recipe_id, label_id) VALUES (86, 1);

INSERT INTO Recipe_Label (recipe_id, label_id) VALUES (86, 3);

INSERT INTO Recipe_Label (recipe_id, label_id) VALUES (86, 10);

INSERT INTO Recipe_Label (recipe_id, label_id) VALUES (86, 2);

INSERT INTO Recipe_Equipment (recipe_id, equipment_id) VALUES (86, 20);

INSERT INTO Recipe_Equipment (recipe_id, equipment_id) VALUES (86, 27);

INSERT INTO Recipe_Equipment (recipe_id, equipment_id) VALUES (86, 46);

INSERT INTO Recipe_Equipment (recipe_id, equipment_id) VALUES (86, 21);

INSERT INTO Recipe_Equipment (recipe_id, equipment_id) VALUES (86, 26);

INSERT INTO Recipe_Equipment (recipe_id, equipment_id) VALUES (86, 10);

INSERT INTO Recipe_Equipment (recipe_id, equipment_id) VALUES (86, 14);

INSERT INTO Recipe_Equipment (recipe_id, equipment_id) VALUES (86, 50);

INSERT INTO Recipe_Equipment (recipe_id, equipment_id) VALUES (86, 19);

INSERT INTO Recipe_Ingredient (recipe_id, ingredient_id, portion) VALUES (86, 129, 5);

INSERT INTO Recipe_Ingredient (recipe_id, ingredient_id, portion) VALUES (86, 99, 6);

INSERT INTO Recipe_Ingredient (recipe_id, ingredient_id, portion) VALUES (86, 158, 1);

INSERT INTO Recipe_Ingredient (recipe_id, ingredient_id, portion) VALUES (86, 132, 4);

INSERT INTO Recipe_Ingredient (recipe_id, ingredient_id, portion) VALUES (86, 166, 6);

INSERT INTO Recipe_Ingredient (recipe_id, ingredient_id, portion) VALUES (86, 118, 1);

INSERT INTO Recipe_Ingredient (recipe_id, ingredient_id, portion) VALUES (86, 177, 2);

INSERT INTO Recipe_Ingredient (recipe_id, ingredient_id, portion) VALUES (86, 196, 4);

INSERT INTO Recipe_Ingredient (recipe_id, ingredient_id, portion) VALUES (86, 34, 4);

INSERT INTO Recipe_Ingredient (recipe_id, ingredient_id, portion) VALUES (86, 119, 5);

INSERT INTO Recipe_Ingredient (recipe_id, ingredient_id, portion) VALUES (86, 60, 4);

INSERT INTO Recipe_Ingredient (recipe_id, ingredient_id, portion) VALUES (86, 94, 1);

INSERT INTO Recipe_Ingredient (recipe_id, ingredient_id, portion) VALUES (86, 136, 3);

INSERT INTO Recipe_Ingredient (recipe_id, ingredient_id, portion) VALUES (86, 93, 1);

INSERT INTO Recipe_Ingredient (recipe_id, ingredient_id, portion) VALUES (86, 83, 7);

INSERT INTO Recipe_Ingredient (recipe_id, ingredient_id, portion) VALUES (86, 78, 7);

INSERT INTO Recipe_Ingredient (recipe_id, ingredient_id, portion) VALUES (86, 146, 6);

INSERT INTO Recipe_Ingredient (recipe_id, ingredient_id, portion) VALUES (86, 10, 4);

INSERT INTO Recipe_Ingredient (recipe_id, ingredient_id, portion) VALUES (86, 62, 4);

INSERT INTO Recipe_Thematic_Unit (recipe_id, thematic_unit_id) VALUES (86, 12);

INSERT INTO Recipe_Thematic_Unit (recipe_id, thematic_unit_id) VALUES (86, 7);

INSERT INTO Recipe_Thematic_Unit (recipe_id, thematic_unit_id) VALUES (86, 6);

INSERT INTO Recipe (recipe_type, name, national_cuisine_id, difficulty_level, description, tip1, tip2, tip3, cooking_time, prep_time, portions, basic_ingredient_id, image_id) VALUES ('pastry', 'Sugar Cookies', 18, 4, 'Remain foreign suggest nearly. Live property agency decide seem woman listen.', 'better without sugar', 'you can use leftovers', 'you have to be careful not to let it get stack', 24, 34, 5, 24, 115);

INSERT INTO Step (recipe_id, order_number, description) VALUES (87, 1, 'Face letter grow.');

INSERT INTO Step (recipe_id, order_number, description) VALUES (87, 2, 'Man shoulder six mention.');

INSERT INTO Step (recipe_id, order_number, description) VALUES (87, 3, 'Speak whole civil someone.');

INSERT INTO Step (recipe_id, order_number, description) VALUES (87, 4, 'Follow simply college born.');

INSERT INTO Step (recipe_id, order_number, description) VALUES (87, 5, 'Go stand share pass.');

INSERT INTO Step (recipe_id, order_number, description) VALUES (87, 6, 'Value threat financial field arm base language.');

INSERT INTO Step (recipe_id, order_number, description) VALUES (87, 7, 'Indicate cover ten may painting material.');

INSERT INTO Nutritional_Info (recipe_id, fat_per_portion, carbs_per_portion, protein_per_portion) VALUES (87, 73, 42, 203);

INSERT INTO Recipe_Meal_Type (recipe_id, meal_type_id) VALUES (87, 4);

INSERT INTO Recipe_Meal_Type (recipe_id, meal_type_id) VALUES (87, 6);

INSERT INTO Recipe_Label (recipe_id, label_id) VALUES (87, 3);

INSERT INTO Recipe_Label (recipe_id, label_id) VALUES (87, 6);

INSERT INTO Recipe_Label (recipe_id, label_id) VALUES (87, 7);

INSERT INTO Recipe_Label (recipe_id, label_id) VALUES (87, 9);

INSERT INTO Recipe_Equipment (recipe_id, equipment_id) VALUES (87, 3);

INSERT INTO Recipe_Equipment (recipe_id, equipment_id) VALUES (87, 31);

INSERT INTO Recipe_Equipment (recipe_id, equipment_id) VALUES (87, 38);

INSERT INTO Recipe_Ingredient (recipe_id, ingredient_id, portion) VALUES (87, 159, 2);

INSERT INTO Recipe_Ingredient (recipe_id, ingredient_id, portion) VALUES (87, 172, 7);

INSERT INTO Recipe_Ingredient (recipe_id, ingredient_id, portion) VALUES (87, 109, 6);

INSERT INTO Recipe_Ingredient (recipe_id, ingredient_id, portion) VALUES (87, 114, 5);

INSERT INTO Recipe_Ingredient (recipe_id, ingredient_id, portion) VALUES (87, 117, 4);

INSERT INTO Recipe_Ingredient (recipe_id, ingredient_id, portion) VALUES (87, 28, 5);

INSERT INTO Recipe_Ingredient (recipe_id, ingredient_id, portion) VALUES (87, 59, 5);

INSERT INTO Recipe_Ingredient (recipe_id, ingredient_id, portion) VALUES (87, 198, 3);

INSERT INTO Recipe_Ingredient (recipe_id, ingredient_id, portion) VALUES (87, 93, 7);

INSERT INTO Recipe_Ingredient (recipe_id, ingredient_id, portion) VALUES (87, 63, 3);

INSERT INTO Recipe_Ingredient (recipe_id, ingredient_id, portion) VALUES (87, 84, 3);

INSERT INTO Recipe_Ingredient (recipe_id, ingredient_id, portion) VALUES (87, 166, 1);

INSERT INTO Recipe_Ingredient (recipe_id, ingredient_id, portion) VALUES (87, 191, 4);

INSERT INTO Recipe_Ingredient (recipe_id, ingredient_id, portion) VALUES (87, 151, 4);

INSERT INTO Recipe_Ingredient (recipe_id, ingredient_id, portion) VALUES (87, 24, 8);

INSERT INTO Recipe_Thematic_Unit (recipe_id, thematic_unit_id) VALUES (87, 3);

INSERT INTO Recipe (recipe_type, name, national_cuisine_id, difficulty_level, description, tip1, tip2, cooking_time, prep_time, portions, basic_ingredient_id, image_id) VALUES ('pastry', 'Potato Curry', 18, 1, 'Toward difference Congress expect give radio. Interview book key heavy most. Present condition kind prepare pay several trip.', 'you have to be careful not to let it get stack', 'better with butter instead of milk', 132, 14, 4, 149, 116);

INSERT INTO Step (recipe_id, order_number, description) VALUES (88, 1, 'Probably once act send.');

INSERT INTO Step (recipe_id, order_number, description) VALUES (88, 2, 'Ask study only hotel player.');

INSERT INTO Step (recipe_id, order_number, description) VALUES (88, 3, 'Field but fly I difficult trade attack lawyer.');

INSERT INTO Step (recipe_id, order_number, description) VALUES (88, 4, 'Measure somebody we religious.');

INSERT INTO Nutritional_Info (recipe_id, fat_per_portion, carbs_per_portion, protein_per_portion) VALUES (88, 51, 114, 32);

INSERT INTO Recipe_Meal_Type (recipe_id, meal_type_id) VALUES (88, 3);

INSERT INTO Recipe_Meal_Type (recipe_id, meal_type_id) VALUES (88, 6);

INSERT INTO Recipe_Label (recipe_id, label_id) VALUES (88, 5);

INSERT INTO Recipe_Label (recipe_id, label_id) VALUES (88, 10);

INSERT INTO Recipe_Label (recipe_id, label_id) VALUES (88, 8);

INSERT INTO Recipe_Label (recipe_id, label_id) VALUES (88, 4);

INSERT INTO Recipe_Equipment (recipe_id, equipment_id) VALUES (88, 45);

INSERT INTO Recipe_Ingredient (recipe_id, ingredient_id, portion) VALUES (88, 171, 1);

INSERT INTO Recipe_Ingredient (recipe_id, ingredient_id, portion) VALUES (88, 19, 4);

INSERT INTO Recipe_Ingredient (recipe_id, ingredient_id, portion) VALUES (88, 53, 6);

INSERT INTO Recipe_Ingredient (recipe_id, ingredient_id, portion) VALUES (88, 131, 3);

INSERT INTO Recipe_Ingredient (recipe_id, ingredient_id, portion) VALUES (88, 77, 2);

INSERT INTO Recipe_Ingredient (recipe_id, ingredient_id, portion) VALUES (88, 162, 8);

INSERT INTO Recipe_Ingredient (recipe_id, ingredient_id, portion) VALUES (88, 161, 7);

INSERT INTO Recipe_Ingredient (recipe_id, ingredient_id, portion) VALUES (88, 82, 1);

INSERT INTO Recipe_Ingredient (recipe_id, ingredient_id, portion) VALUES (88, 98, 8);

INSERT INTO Recipe_Ingredient (recipe_id, ingredient_id, portion) VALUES (88, 34, 7);

INSERT INTO Recipe_Ingredient (recipe_id, ingredient_id, portion) VALUES (88, 30, 6);

INSERT INTO Recipe_Ingredient (recipe_id, ingredient_id, portion) VALUES (88, 62, 6);

INSERT INTO Recipe_Ingredient (recipe_id, ingredient_id, portion) VALUES (88, 138, 5);

INSERT INTO Recipe_Ingredient (recipe_id, ingredient_id, portion) VALUES (88, 149, 4);

INSERT INTO Recipe_Thematic_Unit (recipe_id, thematic_unit_id) VALUES (88, 7);

INSERT INTO Recipe_Thematic_Unit (recipe_id, thematic_unit_id) VALUES (88, 3);

INSERT INTO Recipe (recipe_type, name, national_cuisine_id, difficulty_level, description, tip1, cooking_time, prep_time, portions, basic_ingredient_id, image_id) VALUES ('cooking', 'Bucatini all Amatriciana', 18, 2, 'Child radio set cultural. Level mention dog couple education husband until. Art study senior protect least TV near.', 'you need a lot of bowls', 22, 34, 4, 82, 117);

INSERT INTO Step (recipe_id, order_number, description) VALUES (89, 1, 'Few pick of want.');

INSERT INTO Step (recipe_id, order_number, description) VALUES (89, 2, 'Know head firm identify word hit.');

INSERT INTO Step (recipe_id, order_number, description) VALUES (89, 3, 'Radio bit event both suggest include.');

INSERT INTO Step (recipe_id, order_number, description) VALUES (89, 4, 'Force thought leader glass cut some can.');

INSERT INTO Nutritional_Info (recipe_id, fat_per_portion, carbs_per_portion, protein_per_portion) VALUES (89, 266, 99, 234);

INSERT INTO Recipe_Meal_Type (recipe_id, meal_type_id) VALUES (89, 3);

INSERT INTO Recipe_Label (recipe_id, label_id) VALUES (89, 4);

INSERT INTO Recipe_Equipment (recipe_id, equipment_id) VALUES (89, 40);

INSERT INTO Recipe_Equipment (recipe_id, equipment_id) VALUES (89, 20);

INSERT INTO Recipe_Equipment (recipe_id, equipment_id) VALUES (89, 47);

INSERT INTO Recipe_Equipment (recipe_id, equipment_id) VALUES (89, 49);

INSERT INTO Recipe_Equipment (recipe_id, equipment_id) VALUES (89, 19);

INSERT INTO Recipe_Equipment (recipe_id, equipment_id) VALUES (89, 23);

INSERT INTO Recipe_Equipment (recipe_id, equipment_id) VALUES (89, 26);

INSERT INTO Recipe_Equipment (recipe_id, equipment_id) VALUES (89, 7);

INSERT INTO Recipe_Equipment (recipe_id, equipment_id) VALUES (89, 18);

INSERT INTO Recipe_Equipment (recipe_id, equipment_id) VALUES (89, 11);

INSERT INTO Recipe_Ingredient (recipe_id, ingredient_id, portion) VALUES (89, 148, 7);

INSERT INTO Recipe_Ingredient (recipe_id, ingredient_id, portion) VALUES (89, 13, 1);

INSERT INTO Recipe_Ingredient (recipe_id, ingredient_id, portion) VALUES (89, 43, 6);

INSERT INTO Recipe_Ingredient (recipe_id, ingredient_id, portion) VALUES (89, 85, 8);

INSERT INTO Recipe_Ingredient (recipe_id, ingredient_id, portion) VALUES (89, 187, 1);

INSERT INTO Recipe_Ingredient (recipe_id, ingredient_id, portion) VALUES (89, 82, 6);

INSERT INTO Recipe_Thematic_Unit (recipe_id, thematic_unit_id) VALUES (89, 8);

INSERT INTO Recipe_Thematic_Unit (recipe_id, thematic_unit_id) VALUES (89, 11);

INSERT INTO Recipe_Thematic_Unit (recipe_id, thematic_unit_id) VALUES (89, 6);

INSERT INTO Recipe (recipe_type, name, national_cuisine_id, difficulty_level, description, tip1, tip2, tip3, cooking_time, prep_time, portions, basic_ingredient_id, image_id) VALUES ('cooking', 'Brioche Chocolate Rolls', 18, 3, 'Agreement occur game people president different. Race born chair paper better. Woman wonder beautiful state media woman.', 'better when fresh', 'you need 2 people to make it', 'you need salt', 50, 37, 1, 159, 118);

INSERT INTO Step (recipe_id, order_number, description) VALUES (90, 1, 'Government PM only affect buy fund lose street.');

INSERT INTO Step (recipe_id, order_number, description) VALUES (90, 2, 'Look wall paper recognize quite green.');

INSERT INTO Nutritional_Info (recipe_id, fat_per_portion, carbs_per_portion, protein_per_portion) VALUES (90, 188, 58, 207);

INSERT INTO Recipe_Meal_Type (recipe_id, meal_type_id) VALUES (90, 4);

INSERT INTO Recipe_Meal_Type (recipe_id, meal_type_id) VALUES (90, 5);

INSERT INTO Recipe_Meal_Type (recipe_id, meal_type_id) VALUES (90, 1);

INSERT INTO Recipe_Label (recipe_id, label_id) VALUES (90, 10);

INSERT INTO Recipe_Label (recipe_id, label_id) VALUES (90, 1);

INSERT INTO Recipe_Label (recipe_id, label_id) VALUES (90, 4);

INSERT INTO Recipe_Label (recipe_id, label_id) VALUES (90, 2);

INSERT INTO Recipe_Equipment (recipe_id, equipment_id) VALUES (90, 29);

INSERT INTO Recipe_Equipment (recipe_id, equipment_id) VALUES (90, 50);

INSERT INTO Recipe_Ingredient (recipe_id, ingredient_id, portion) VALUES (90, 17, 4);

INSERT INTO Recipe_Ingredient (recipe_id, ingredient_id, portion) VALUES (90, 130, 6);

INSERT INTO Recipe_Ingredient (recipe_id, ingredient_id, portion) VALUES (90, 28, 2);

INSERT INTO Recipe_Ingredient (recipe_id, ingredient_id, portion) VALUES (90, 78, 3);

INSERT INTO Recipe_Ingredient (recipe_id, ingredient_id, portion) VALUES (90, 132, 6);

INSERT INTO Recipe_Ingredient (recipe_id, ingredient_id, portion) VALUES (90, 159, 7);

INSERT INTO Recipe_Thematic_Unit (recipe_id, thematic_unit_id) VALUES (90, 6);

INSERT INTO Recipe_Thematic_Unit (recipe_id, thematic_unit_id) VALUES (90, 8);

INSERT INTO Recipe_Thematic_Unit (recipe_id, thematic_unit_id) VALUES (90, 1);

INSERT INTO Recipe (recipe_type, name, national_cuisine_id, difficulty_level, description, tip1, tip2, tip3, cooking_time, prep_time, portions, basic_ingredient_id, image_id) VALUES ('cooking', 'Naan', 19, 1, 'Sometimes reach history plant help. Watch professional across realize world treatment. Impact final official face feel body television try.', 'you need 2 people to make it', 'you need to use your hands', 'you need salt', 104, 29, 4, 68, 119);

INSERT INTO Step (recipe_id, order_number, description) VALUES (91, 1, 'Type wonder mean doctor door central effect economy.');

INSERT INTO Step (recipe_id, order_number, description) VALUES (91, 2, 'Consumer education worry visit some.');

INSERT INTO Step (recipe_id, order_number, description) VALUES (91, 3, 'Pattern economic store.');

INSERT INTO Step (recipe_id, order_number, description) VALUES (91, 4, 'Several carry eat our base.');

INSERT INTO Step (recipe_id, order_number, description) VALUES (91, 5, 'Hair view crime impact front.');

INSERT INTO Step (recipe_id, order_number, description) VALUES (91, 6, 'Successful star they pull record simply real.');

INSERT INTO Step (recipe_id, order_number, description) VALUES (91, 7, 'Military community pull former anything order.');

INSERT INTO Step (recipe_id, order_number, description) VALUES (91, 8, 'Care budget action owner into everything.');

INSERT INTO Nutritional_Info (recipe_id, fat_per_portion, carbs_per_portion, protein_per_portion) VALUES (91, 136, 194, 240);

INSERT INTO Recipe_Meal_Type (recipe_id, meal_type_id) VALUES (91, 1);

INSERT INTO Recipe_Meal_Type (recipe_id, meal_type_id) VALUES (91, 6);

INSERT INTO Recipe_Label (recipe_id, label_id) VALUES (91, 3);

INSERT INTO Recipe_Label (recipe_id, label_id) VALUES (91, 6);

INSERT INTO Recipe_Equipment (recipe_id, equipment_id) VALUES (91, 8);

INSERT INTO Recipe_Equipment (recipe_id, equipment_id) VALUES (91, 22);

INSERT INTO Recipe_Equipment (recipe_id, equipment_id) VALUES (91, 11);

INSERT INTO Recipe_Equipment (recipe_id, equipment_id) VALUES (91, 25);

INSERT INTO Recipe_Equipment (recipe_id, equipment_id) VALUES (91, 24);

INSERT INTO Recipe_Equipment (recipe_id, equipment_id) VALUES (91, 6);

INSERT INTO Recipe_Equipment (recipe_id, equipment_id) VALUES (91, 19);

INSERT INTO Recipe_Ingredient (recipe_id, ingredient_id, portion) VALUES (91, 143, 5);

INSERT INTO Recipe_Ingredient (recipe_id, ingredient_id, portion) VALUES (91, 131, 6);

INSERT INTO Recipe_Ingredient (recipe_id, ingredient_id, portion) VALUES (91, 3, 1);

INSERT INTO Recipe_Ingredient (recipe_id, ingredient_id, portion) VALUES (91, 76, 1);

INSERT INTO Recipe_Ingredient (recipe_id, ingredient_id, portion) VALUES (91, 138, 6);

INSERT INTO Recipe_Ingredient (recipe_id, ingredient_id, portion) VALUES (91, 135, 6);

INSERT INTO Recipe_Ingredient (recipe_id, ingredient_id, portion) VALUES (91, 156, 6);

INSERT INTO Recipe_Ingredient (recipe_id, ingredient_id, portion) VALUES (91, 171, 3);

INSERT INTO Recipe_Ingredient (recipe_id, ingredient_id, portion) VALUES (91, 120, 8);

INSERT INTO Recipe_Ingredient (recipe_id, ingredient_id, portion) VALUES (91, 68, 7);

INSERT INTO Recipe_Thematic_Unit (recipe_id, thematic_unit_id) VALUES (91, 8);

INSERT INTO Recipe_Thematic_Unit (recipe_id, thematic_unit_id) VALUES (91, 12);

INSERT INTO Recipe_Thematic_Unit (recipe_id, thematic_unit_id) VALUES (91, 9);

INSERT INTO Recipe (recipe_type, name, national_cuisine_id, difficulty_level, description, tip1, tip2, tip3, cooking_time, prep_time, portions, basic_ingredient_id, image_id) VALUES ('pastry', 'Lemon Poppy Seed Scones', 19, 1, 'Strategy face decade audience eat defense face. Scientist lose nearly instead benefit.', 'better without sugar', 'you have to be careful not to let it get stack', 'better with butter instead of milk', 96, 34, 7, 153, 120);

INSERT INTO Step (recipe_id, order_number, description) VALUES (92, 1, 'Commercial section above traditional someone worry social first.');

INSERT INTO Step (recipe_id, order_number, description) VALUES (92, 2, 'Measure development share option federal.');

INSERT INTO Step (recipe_id, order_number, description) VALUES (92, 3, 'Instead doctor network similar close.');

INSERT INTO Step (recipe_id, order_number, description) VALUES (92, 4, 'Top close audience according visit forward two admit.');

INSERT INTO Nutritional_Info (recipe_id, fat_per_portion, carbs_per_portion, protein_per_portion) VALUES (92, 88, 163, 229);

INSERT INTO Recipe_Meal_Type (recipe_id, meal_type_id) VALUES (92, 4);

INSERT INTO Recipe_Meal_Type (recipe_id, meal_type_id) VALUES (92, 3);

INSERT INTO Recipe_Label (recipe_id, label_id) VALUES (92, 4);

INSERT INTO Recipe_Equipment (recipe_id, equipment_id) VALUES (92, 42);

INSERT INTO Recipe_Equipment (recipe_id, equipment_id) VALUES (92, 11);

INSERT INTO Recipe_Equipment (recipe_id, equipment_id) VALUES (92, 45);

INSERT INTO Recipe_Equipment (recipe_id, equipment_id) VALUES (92, 7);

INSERT INTO Recipe_Ingredient (recipe_id, ingredient_id, portion) VALUES (92, 52, 2);

INSERT INTO Recipe_Ingredient (recipe_id, ingredient_id, portion) VALUES (92, 4, 4);

INSERT INTO Recipe_Ingredient (recipe_id, ingredient_id, portion) VALUES (92, 28, 4);

INSERT INTO Recipe_Ingredient (recipe_id, ingredient_id, portion) VALUES (92, 91, 2);

INSERT INTO Recipe_Ingredient (recipe_id, ingredient_id, portion) VALUES (92, 12, 2);

INSERT INTO Recipe_Ingredient (recipe_id, ingredient_id, portion) VALUES (92, 142, 5);

INSERT INTO Recipe_Ingredient (recipe_id, ingredient_id, portion) VALUES (92, 177, 6);

INSERT INTO Recipe_Ingredient (recipe_id, ingredient_id, portion) VALUES (92, 119, 5);

INSERT INTO Recipe_Ingredient (recipe_id, ingredient_id, portion) VALUES (92, 168, 2);

INSERT INTO Recipe_Ingredient (recipe_id, ingredient_id, portion) VALUES (92, 6, 1);

INSERT INTO Recipe_Ingredient (recipe_id, ingredient_id, portion) VALUES (92, 79, 4);

INSERT INTO Recipe_Ingredient (recipe_id, ingredient_id, portion) VALUES (92, 153, 7);

INSERT INTO Recipe_Thematic_Unit (recipe_id, thematic_unit_id) VALUES (92, 8);

INSERT INTO Recipe_Thematic_Unit (recipe_id, thematic_unit_id) VALUES (92, 6);

INSERT INTO Recipe_Thematic_Unit (recipe_id, thematic_unit_id) VALUES (92, 5);

INSERT INTO Recipe (recipe_type, name, national_cuisine_id, difficulty_level, description, tip1, cooking_time, prep_time, portions, basic_ingredient_id, image_id) VALUES ('pastry', 'Balsamic Dijon Root Vegetables', 19, 1, 'Person quality mission. Particularly agent industry inside just. Voice impact power present example before. Might evening artist no society car people late.', 'better when fresh', 135, 7, 7, 72, 121);

INSERT INTO Step (recipe_id, order_number, description) VALUES (93, 1, 'Difference experience film audience area.');

INSERT INTO Step (recipe_id, order_number, description) VALUES (93, 2, 'Our indicate whole while check.');

INSERT INTO Step (recipe_id, order_number, description) VALUES (93, 3, 'Picture your world audience.');

INSERT INTO Step (recipe_id, order_number, description) VALUES (93, 4, 'When people hit guy parent.');

INSERT INTO Step (recipe_id, order_number, description) VALUES (93, 5, 'Act appear art strong.');

INSERT INTO Step (recipe_id, order_number, description) VALUES (93, 6, 'Argue grow society seek second land speak.');

INSERT INTO Step (recipe_id, order_number, description) VALUES (93, 7, 'Pressure hotel us join become seven chair.');

INSERT INTO Nutritional_Info (recipe_id, fat_per_portion, carbs_per_portion, protein_per_portion) VALUES (93, 121, 103, 186);

INSERT INTO Recipe_Meal_Type (recipe_id, meal_type_id) VALUES (93, 2);

INSERT INTO Recipe_Meal_Type (recipe_id, meal_type_id) VALUES (93, 1);

INSERT INTO Recipe_Label (recipe_id, label_id) VALUES (93, 10);

INSERT INTO Recipe_Label (recipe_id, label_id) VALUES (93, 1);

INSERT INTO Recipe_Label (recipe_id, label_id) VALUES (93, 7);

INSERT INTO Recipe_Label (recipe_id, label_id) VALUES (93, 4);

INSERT INTO Recipe_Equipment (recipe_id, equipment_id) VALUES (93, 9);

INSERT INTO Recipe_Equipment (recipe_id, equipment_id) VALUES (93, 25);

INSERT INTO Recipe_Equipment (recipe_id, equipment_id) VALUES (93, 43);

INSERT INTO Recipe_Equipment (recipe_id, equipment_id) VALUES (93, 31);

INSERT INTO Recipe_Equipment (recipe_id, equipment_id) VALUES (93, 6);

INSERT INTO Recipe_Ingredient (recipe_id, ingredient_id, portion) VALUES (93, 65, 2);

INSERT INTO Recipe_Ingredient (recipe_id, ingredient_id, portion) VALUES (93, 182, 1);

INSERT INTO Recipe_Ingredient (recipe_id, ingredient_id, portion) VALUES (93, 142, 7);

INSERT INTO Recipe_Ingredient (recipe_id, ingredient_id, portion) VALUES (93, 129, 5);

INSERT INTO Recipe_Ingredient (recipe_id, ingredient_id, portion) VALUES (93, 62, 8);

INSERT INTO Recipe_Ingredient (recipe_id, ingredient_id, portion) VALUES (93, 104, 3);

INSERT INTO Recipe_Ingredient (recipe_id, ingredient_id, portion) VALUES (93, 37, 3);

INSERT INTO Recipe_Ingredient (recipe_id, ingredient_id, portion) VALUES (93, 91, 4);

INSERT INTO Recipe_Ingredient (recipe_id, ingredient_id, portion) VALUES (93, 3, 5);

INSERT INTO Recipe_Ingredient (recipe_id, ingredient_id, portion) VALUES (93, 72, 4);

INSERT INTO Recipe_Thematic_Unit (recipe_id, thematic_unit_id) VALUES (93, 8);

INSERT INTO Recipe_Thematic_Unit (recipe_id, thematic_unit_id) VALUES (93, 9);

INSERT INTO Recipe_Thematic_Unit (recipe_id, thematic_unit_id) VALUES (93, 11);

INSERT INTO Recipe (recipe_type, name, national_cuisine_id, difficulty_level, description, tip1, cooking_time, prep_time, portions, basic_ingredient_id, image_id) VALUES ('pastry', 'Best Baked Chicken Legs', 19, 2, 'Say any family attack. Often goal later cover action any.', 'you need 2 people to make it', 146, 33, 8, 190, 122);

INSERT INTO Step (recipe_id, order_number, description) VALUES (94, 1, 'Entire measure note ball.');

INSERT INTO Step (recipe_id, order_number, description) VALUES (94, 2, 'Anyone response voice fact foot station girl.');

INSERT INTO Step (recipe_id, order_number, description) VALUES (94, 3, 'Live industry whose window operation.');

INSERT INTO Step (recipe_id, order_number, description) VALUES (94, 4, 'Number thought raise west cover finish impact against.');

INSERT INTO Step (recipe_id, order_number, description) VALUES (94, 5, 'Option people worker character accept form.');

INSERT INTO Step (recipe_id, order_number, description) VALUES (94, 6, 'Sign century health property.');

INSERT INTO Step (recipe_id, order_number, description) VALUES (94, 7, 'Let gas past soldier.');

INSERT INTO Nutritional_Info (recipe_id, fat_per_portion, carbs_per_portion, protein_per_portion) VALUES (94, 244, 134, 152);

INSERT INTO Recipe_Meal_Type (recipe_id, meal_type_id) VALUES (94, 6);

INSERT INTO Recipe_Meal_Type (recipe_id, meal_type_id) VALUES (94, 3);

INSERT INTO Recipe_Label (recipe_id, label_id) VALUES (94, 5);

INSERT INTO Recipe_Label (recipe_id, label_id) VALUES (94, 3);

INSERT INTO Recipe_Label (recipe_id, label_id) VALUES (94, 8);

INSERT INTO Recipe_Equipment (recipe_id, equipment_id) VALUES (94, 13);

INSERT INTO Recipe_Equipment (recipe_id, equipment_id) VALUES (94, 8);

INSERT INTO Recipe_Equipment (recipe_id, equipment_id) VALUES (94, 37);

INSERT INTO Recipe_Equipment (recipe_id, equipment_id) VALUES (94, 1);

INSERT INTO Recipe_Equipment (recipe_id, equipment_id) VALUES (94, 28);

INSERT INTO Recipe_Equipment (recipe_id, equipment_id) VALUES (94, 43);

INSERT INTO Recipe_Ingredient (recipe_id, ingredient_id, portion) VALUES (94, 1, 2);

INSERT INTO Recipe_Ingredient (recipe_id, ingredient_id, portion) VALUES (94, 69, 5);

INSERT INTO Recipe_Ingredient (recipe_id, ingredient_id, portion) VALUES (94, 108, 4);

INSERT INTO Recipe_Ingredient (recipe_id, ingredient_id, portion) VALUES (94, 36, 1);

INSERT INTO Recipe_Ingredient (recipe_id, ingredient_id, portion) VALUES (94, 180, 3);

INSERT INTO Recipe_Ingredient (recipe_id, ingredient_id, portion) VALUES (94, 150, 4);

INSERT INTO Recipe_Ingredient (recipe_id, ingredient_id, portion) VALUES (94, 82, 4);

INSERT INTO Recipe_Ingredient (recipe_id, ingredient_id, portion) VALUES (94, 182, 5);

INSERT INTO Recipe_Ingredient (recipe_id, ingredient_id, portion) VALUES (94, 192, 7);

INSERT INTO Recipe_Ingredient (recipe_id, ingredient_id, portion) VALUES (94, 90, 3);

INSERT INTO Recipe_Ingredient (recipe_id, ingredient_id, portion) VALUES (94, 79, 7);

INSERT INTO Recipe_Ingredient (recipe_id, ingredient_id, portion) VALUES (94, 111, 1);

INSERT INTO Recipe_Ingredient (recipe_id, ingredient_id, portion) VALUES (94, 190, 5);

INSERT INTO Recipe_Thematic_Unit (recipe_id, thematic_unit_id) VALUES (94, 6);

INSERT INTO Recipe_Thematic_Unit (recipe_id, thematic_unit_id) VALUES (94, 11);

INSERT INTO Recipe (recipe_type, name, national_cuisine_id, difficulty_level, description, tip1, tip2, tip3, cooking_time, prep_time, portions, basic_ingredient_id, image_id) VALUES ('pastry', 'Spanish Lentil Soup', 19, 1, 'Simple fall west people produce Mr far. Similar quickly style physical among method.', 'better with butter instead of milk', 'good with honey', 'better when fresh', 110, 23, 2, 198, 123);

INSERT INTO Step (recipe_id, order_number, description) VALUES (95, 1, 'Amount anything actually glass west.');

INSERT INTO Step (recipe_id, order_number, description) VALUES (95, 2, 'Up population skin.');

INSERT INTO Step (recipe_id, order_number, description) VALUES (95, 3, 'Glass stock option discussion growth me.');

INSERT INTO Step (recipe_id, order_number, description) VALUES (95, 4, 'Loss government always.');

INSERT INTO Nutritional_Info (recipe_id, fat_per_portion, carbs_per_portion, protein_per_portion) VALUES (95, 169, 187, 126);

INSERT INTO Recipe_Meal_Type (recipe_id, meal_type_id) VALUES (95, 2);

INSERT INTO Recipe_Meal_Type (recipe_id, meal_type_id) VALUES (95, 1);

INSERT INTO Recipe_Meal_Type (recipe_id, meal_type_id) VALUES (95, 6);

INSERT INTO Recipe_Label (recipe_id, label_id) VALUES (95, 1);

INSERT INTO Recipe_Label (recipe_id, label_id) VALUES (95, 9);

INSERT INTO Recipe_Label (recipe_id, label_id) VALUES (95, 10);

INSERT INTO Recipe_Equipment (recipe_id, equipment_id) VALUES (95, 48);

INSERT INTO Recipe_Equipment (recipe_id, equipment_id) VALUES (95, 24);

INSERT INTO Recipe_Ingredient (recipe_id, ingredient_id, portion) VALUES (95, 183, 3);

INSERT INTO Recipe_Ingredient (recipe_id, ingredient_id, portion) VALUES (95, 119, 7);

INSERT INTO Recipe_Ingredient (recipe_id, ingredient_id, portion) VALUES (95, 82, 3);

INSERT INTO Recipe_Ingredient (recipe_id, ingredient_id, portion) VALUES (95, 20, 1);

INSERT INTO Recipe_Ingredient (recipe_id, ingredient_id, portion) VALUES (95, 198, 5);

INSERT INTO Recipe_Thematic_Unit (recipe_id, thematic_unit_id) VALUES (95, 13);

INSERT INTO Recipe_Thematic_Unit (recipe_id, thematic_unit_id) VALUES (95, 4);

INSERT INTO Recipe_Thematic_Unit (recipe_id, thematic_unit_id) VALUES (95, 5);

INSERT INTO Recipe (recipe_type, name, national_cuisine_id, difficulty_level, description, tip1, tip2, tip3, cooking_time, prep_time, portions, basic_ingredient_id, image_id) VALUES ('cooking', 'Chocolate Chip Irish Soda Bread', 20, 4, 'Create now employee someone bad the fall. Person continue treatment win role west water accept. Politics sea power street likely consider.', 'you can store iy outside the fridge', 'better with butter instead of milk', 'better with feta cheese', 28, 11, 6, 126, 124);

INSERT INTO Step (recipe_id, order_number, description) VALUES (96, 1, 'Training oil while across end five quality.');

INSERT INTO Step (recipe_id, order_number, description) VALUES (96, 2, 'Nearly evidence toward cover.');

INSERT INTO Step (recipe_id, order_number, description) VALUES (96, 3, 'Forget serve between page car.');

INSERT INTO Nutritional_Info (recipe_id, fat_per_portion, carbs_per_portion, protein_per_portion) VALUES (96, 287, 188, 155);

INSERT INTO Recipe_Meal_Type (recipe_id, meal_type_id) VALUES (96, 5);

INSERT INTO Recipe_Label (recipe_id, label_id) VALUES (96, 3);

INSERT INTO Recipe_Label (recipe_id, label_id) VALUES (96, 8);

INSERT INTO Recipe_Equipment (recipe_id, equipment_id) VALUES (96, 45);

INSERT INTO Recipe_Equipment (recipe_id, equipment_id) VALUES (96, 18);

INSERT INTO Recipe_Equipment (recipe_id, equipment_id) VALUES (96, 48);

INSERT INTO Recipe_Equipment (recipe_id, equipment_id) VALUES (96, 30);

INSERT INTO Recipe_Equipment (recipe_id, equipment_id) VALUES (96, 46);

INSERT INTO Recipe_Ingredient (recipe_id, ingredient_id, portion) VALUES (96, 81, 6);

INSERT INTO Recipe_Ingredient (recipe_id, ingredient_id, portion) VALUES (96, 109, 3);

INSERT INTO Recipe_Ingredient (recipe_id, ingredient_id, portion) VALUES (96, 38, 3);

INSERT INTO Recipe_Ingredient (recipe_id, ingredient_id, portion) VALUES (96, 118, 3);

INSERT INTO Recipe_Ingredient (recipe_id, ingredient_id, portion) VALUES (96, 73, 7);

INSERT INTO Recipe_Ingredient (recipe_id, ingredient_id, portion) VALUES (96, 179, 6);

INSERT INTO Recipe_Ingredient (recipe_id, ingredient_id, portion) VALUES (96, 40, 2);

INSERT INTO Recipe_Ingredient (recipe_id, ingredient_id, portion) VALUES (96, 181, 2);

INSERT INTO Recipe_Ingredient (recipe_id, ingredient_id, portion) VALUES (96, 151, 8);

INSERT INTO Recipe_Ingredient (recipe_id, ingredient_id, portion) VALUES (96, 14, 6);

INSERT INTO Recipe_Ingredient (recipe_id, ingredient_id, portion) VALUES (96, 62, 4);

INSERT INTO Recipe_Ingredient (recipe_id, ingredient_id, portion) VALUES (96, 168, 4);

INSERT INTO Recipe_Ingredient (recipe_id, ingredient_id, portion) VALUES (96, 119, 2);

INSERT INTO Recipe_Ingredient (recipe_id, ingredient_id, portion) VALUES (96, 107, 1);

INSERT INTO Recipe_Ingredient (recipe_id, ingredient_id, portion) VALUES (96, 105, 6);

INSERT INTO Recipe_Ingredient (recipe_id, ingredient_id, portion) VALUES (96, 126, 8);

INSERT INTO Recipe_Thematic_Unit (recipe_id, thematic_unit_id) VALUES (96, 12);

INSERT INTO Recipe_Thematic_Unit (recipe_id, thematic_unit_id) VALUES (96, 14);

INSERT INTO Recipe (recipe_type, name, national_cuisine_id, difficulty_level, description, tip1, tip2, tip3, cooking_time, prep_time, portions, basic_ingredient_id, image_id) VALUES ('pastry', 'Malteese Gilatti', 20, 3, 'Area rather throw TV data. Summer vote us soldier daughter. Relate sort Democrat career.', 'you need a lot of time', 'better with feta cheese', 'better without sugar', 42, 10, 7, 118, 125);

INSERT INTO Step (recipe_id, order_number, description) VALUES (97, 1, 'Hospital son model.');

INSERT INTO Step (recipe_id, order_number, description) VALUES (97, 2, 'Economy many Democrat drop.');

INSERT INTO Step (recipe_id, order_number, description) VALUES (97, 3, 'Pm perform on record understand thought record.');

INSERT INTO Step (recipe_id, order_number, description) VALUES (97, 4, 'Really design face.');

INSERT INTO Step (recipe_id, order_number, description) VALUES (97, 5, 'Appear support reflect take believe far.');

INSERT INTO Step (recipe_id, order_number, description) VALUES (97, 6, 'Fine step husband clearly enjoy game language.');

INSERT INTO Step (recipe_id, order_number, description) VALUES (97, 7, 'Door though growth.');

INSERT INTO Step (recipe_id, order_number, description) VALUES (97, 8, 'Analysis husband voice write fear son.');

INSERT INTO Nutritional_Info (recipe_id, fat_per_portion, carbs_per_portion, protein_per_portion) VALUES (97, 164, 123, 86);

INSERT INTO Recipe_Meal_Type (recipe_id, meal_type_id) VALUES (97, 5);

INSERT INTO Recipe_Label (recipe_id, label_id) VALUES (97, 6);

INSERT INTO Recipe_Label (recipe_id, label_id) VALUES (97, 3);

INSERT INTO Recipe_Label (recipe_id, label_id) VALUES (97, 8);

INSERT INTO Recipe_Label (recipe_id, label_id) VALUES (97, 2);

INSERT INTO Recipe_Equipment (recipe_id, equipment_id) VALUES (97, 26);

INSERT INTO Recipe_Equipment (recipe_id, equipment_id) VALUES (97, 28);

INSERT INTO Recipe_Equipment (recipe_id, equipment_id) VALUES (97, 47);

INSERT INTO Recipe_Equipment (recipe_id, equipment_id) VALUES (97, 3);

INSERT INTO Recipe_Equipment (recipe_id, equipment_id) VALUES (97, 48);

INSERT INTO Recipe_Equipment (recipe_id, equipment_id) VALUES (97, 41);

INSERT INTO Recipe_Equipment (recipe_id, equipment_id) VALUES (97, 14);

INSERT INTO Recipe_Equipment (recipe_id, equipment_id) VALUES (97, 20);

INSERT INTO Recipe_Equipment (recipe_id, equipment_id) VALUES (97, 50);

INSERT INTO Recipe_Equipment (recipe_id, equipment_id) VALUES (97, 4);

INSERT INTO Recipe_Ingredient (recipe_id, ingredient_id, portion) VALUES (97, 132, 6);

INSERT INTO Recipe_Ingredient (recipe_id, ingredient_id, portion) VALUES (97, 159, 1);

INSERT INTO Recipe_Ingredient (recipe_id, ingredient_id, portion) VALUES (97, 151, 6);

INSERT INTO Recipe_Ingredient (recipe_id, ingredient_id, portion) VALUES (97, 23, 4);

INSERT INTO Recipe_Ingredient (recipe_id, ingredient_id, portion) VALUES (97, 198, 4);

INSERT INTO Recipe_Ingredient (recipe_id, ingredient_id, portion) VALUES (97, 152, 4);

INSERT INTO Recipe_Ingredient (recipe_id, ingredient_id, portion) VALUES (97, 17, 8);

INSERT INTO Recipe_Ingredient (recipe_id, ingredient_id, portion) VALUES (97, 53, 7);

INSERT INTO Recipe_Ingredient (recipe_id, ingredient_id, portion) VALUES (97, 95, 4);

INSERT INTO Recipe_Ingredient (recipe_id, ingredient_id, portion) VALUES (97, 43, 3);

INSERT INTO Recipe_Ingredient (recipe_id, ingredient_id, portion) VALUES (97, 157, 5);

INSERT INTO Recipe_Ingredient (recipe_id, ingredient_id, portion) VALUES (97, 138, 6);

INSERT INTO Recipe_Ingredient (recipe_id, ingredient_id, portion) VALUES (97, 89, 2);

INSERT INTO Recipe_Ingredient (recipe_id, ingredient_id, portion) VALUES (97, 51, 4);

INSERT INTO Recipe_Ingredient (recipe_id, ingredient_id, portion) VALUES (97, 194, 2);

INSERT INTO Recipe_Ingredient (recipe_id, ingredient_id, portion) VALUES (97, 118, 5);

INSERT INTO Recipe_Thematic_Unit (recipe_id, thematic_unit_id) VALUES (97, 14);

INSERT INTO Recipe_Thematic_Unit (recipe_id, thematic_unit_id) VALUES (97, 9);

INSERT INTO Recipe_Thematic_Unit (recipe_id, thematic_unit_id) VALUES (97, 7);

INSERT INTO Recipe (recipe_type, name, national_cuisine_id, difficulty_level, description, tip1, tip2, cooking_time, prep_time, portions, basic_ingredient_id, image_id) VALUES ('cooking', 'Buckwheat Carrot and Onion', 20, 2, 'Increase skin chair. For determine water show. Memory magazine site require appear determine bring. Final to sound fall financial yard.', 'you need salt', 'you have to be careful not to let it get stack', 141, 32, 1, 114, 126);

INSERT INTO Step (recipe_id, order_number, description) VALUES (98, 1, 'Fact interview view lot their walk then those.');

INSERT INTO Nutritional_Info (recipe_id, fat_per_portion, carbs_per_portion, protein_per_portion) VALUES (98, 252, 64, 108);

INSERT INTO Recipe_Meal_Type (recipe_id, meal_type_id) VALUES (98, 3);

INSERT INTO Recipe_Label (recipe_id, label_id) VALUES (98, 8);

INSERT INTO Recipe_Equipment (recipe_id, equipment_id) VALUES (98, 31);

INSERT INTO Recipe_Equipment (recipe_id, equipment_id) VALUES (98, 29);

INSERT INTO Recipe_Equipment (recipe_id, equipment_id) VALUES (98, 14);

INSERT INTO Recipe_Equipment (recipe_id, equipment_id) VALUES (98, 35);

INSERT INTO Recipe_Equipment (recipe_id, equipment_id) VALUES (98, 44);

INSERT INTO Recipe_Equipment (recipe_id, equipment_id) VALUES (98, 42);

INSERT INTO Recipe_Equipment (recipe_id, equipment_id) VALUES (98, 2);

INSERT INTO Recipe_Ingredient (recipe_id, ingredient_id, portion) VALUES (98, 47, 5);

INSERT INTO Recipe_Ingredient (recipe_id, ingredient_id, portion) VALUES (98, 22, 1);

INSERT INTO Recipe_Ingredient (recipe_id, ingredient_id, portion) VALUES (98, 143, 7);

INSERT INTO Recipe_Ingredient (recipe_id, ingredient_id, portion) VALUES (98, 32, 5);

INSERT INTO Recipe_Ingredient (recipe_id, ingredient_id, portion) VALUES (98, 29, 2);

INSERT INTO Recipe_Ingredient (recipe_id, ingredient_id, portion) VALUES (98, 175, 4);

INSERT INTO Recipe_Ingredient (recipe_id, ingredient_id, portion) VALUES (98, 52, 8);

INSERT INTO Recipe_Ingredient (recipe_id, ingredient_id, portion) VALUES (98, 31, 1);

INSERT INTO Recipe_Ingredient (recipe_id, ingredient_id, portion) VALUES (98, 85, 3);

INSERT INTO Recipe_Ingredient (recipe_id, ingredient_id, portion) VALUES (98, 114, 5);

INSERT INTO Recipe_Thematic_Unit (recipe_id, thematic_unit_id) VALUES (98, 8);

INSERT INTO Recipe_Thematic_Unit (recipe_id, thematic_unit_id) VALUES (98, 10);

INSERT INTO Recipe_Thematic_Unit (recipe_id, thematic_unit_id) VALUES (98, 14);

INSERT INTO Recipe (recipe_type, name, national_cuisine_id, difficulty_level, description, tip1, cooking_time, prep_time, portions, basic_ingredient_id, image_id) VALUES ('cooking', 'Sweet Potatoes with Yogurt and Chickpeas', 20, 4, 'Ability group speak upon. Company others reduce face score. Simple commercial as degree spend car.', 'better with slow cooking', 15, 4, 4, 87, 127);

INSERT INTO Step (recipe_id, order_number, description) VALUES (99, 1, 'Speech hit treatment officer.');

INSERT INTO Nutritional_Info (recipe_id, fat_per_portion, carbs_per_portion, protein_per_portion) VALUES (99, 297, 21, 178);

INSERT INTO Recipe_Meal_Type (recipe_id, meal_type_id) VALUES (99, 3);

INSERT INTO Recipe_Meal_Type (recipe_id, meal_type_id) VALUES (99, 1);

INSERT INTO Recipe_Meal_Type (recipe_id, meal_type_id) VALUES (99, 5);

INSERT INTO Recipe_Label (recipe_id, label_id) VALUES (99, 10);

INSERT INTO Recipe_Label (recipe_id, label_id) VALUES (99, 9);

INSERT INTO Recipe_Label (recipe_id, label_id) VALUES (99, 2);

INSERT INTO Recipe_Label (recipe_id, label_id) VALUES (99, 4);

INSERT INTO Recipe_Equipment (recipe_id, equipment_id) VALUES (99, 47);

INSERT INTO Recipe_Equipment (recipe_id, equipment_id) VALUES (99, 15);

INSERT INTO Recipe_Equipment (recipe_id, equipment_id) VALUES (99, 21);

INSERT INTO Recipe_Equipment (recipe_id, equipment_id) VALUES (99, 43);

INSERT INTO Recipe_Ingredient (recipe_id, ingredient_id, portion) VALUES (99, 121, 2);

INSERT INTO Recipe_Ingredient (recipe_id, ingredient_id, portion) VALUES (99, 9, 6);

INSERT INTO Recipe_Ingredient (recipe_id, ingredient_id, portion) VALUES (99, 148, 2);

INSERT INTO Recipe_Ingredient (recipe_id, ingredient_id, portion) VALUES (99, 184, 8);

INSERT INTO Recipe_Ingredient (recipe_id, ingredient_id, portion) VALUES (99, 51, 5);

INSERT INTO Recipe_Ingredient (recipe_id, ingredient_id, portion) VALUES (99, 72, 7);

INSERT INTO Recipe_Ingredient (recipe_id, ingredient_id, portion) VALUES (99, 140, 8);

INSERT INTO Recipe_Ingredient (recipe_id, ingredient_id, portion) VALUES (99, 189, 6);

INSERT INTO Recipe_Ingredient (recipe_id, ingredient_id, portion) VALUES (99, 113, 7);

INSERT INTO Recipe_Ingredient (recipe_id, ingredient_id, portion) VALUES (99, 104, 6);

INSERT INTO Recipe_Ingredient (recipe_id, ingredient_id, portion) VALUES (99, 141, 3);

INSERT INTO Recipe_Ingredient (recipe_id, ingredient_id, portion) VALUES (99, 124, 5);

INSERT INTO Recipe_Ingredient (recipe_id, ingredient_id, portion) VALUES (99, 130, 4);

INSERT INTO Recipe_Ingredient (recipe_id, ingredient_id, portion) VALUES (99, 52, 3);

INSERT INTO Recipe_Ingredient (recipe_id, ingredient_id, portion) VALUES (99, 153, 8);

INSERT INTO Recipe_Ingredient (recipe_id, ingredient_id, portion) VALUES (99, 137, 7);

INSERT INTO Recipe_Ingredient (recipe_id, ingredient_id, portion) VALUES (99, 87, 2);

INSERT INTO Recipe_Thematic_Unit (recipe_id, thematic_unit_id) VALUES (99, 14);

INSERT INTO Recipe_Thematic_Unit (recipe_id, thematic_unit_id) VALUES (99, 4);

INSERT INTO Recipe_Thematic_Unit (recipe_id, thematic_unit_id) VALUES (99, 7);

INSERT INTO Recipe (recipe_type, name, national_cuisine_id, difficulty_level, description, tip1, tip2, cooking_time, prep_time, portions, basic_ingredient_id, image_id) VALUES ('cooking', 'Spanish Chickpeas', 20, 2, 'System piece crime bank measure. List off behind lead better. Rich away room response.', 'better with butter instead of milk', 'better with a blender', 64, 29, 2, 197, 128);

INSERT INTO Step (recipe_id, order_number, description) VALUES (100, 1, 'No value find whom.');

INSERT INTO Step (recipe_id, order_number, description) VALUES (100, 2, 'Message guess degree power use.');

INSERT INTO Step (recipe_id, order_number, description) VALUES (100, 3, 'Clear vote score thought.');

INSERT INTO Step (recipe_id, order_number, description) VALUES (100, 4, 'Material customer help call child college.');

INSERT INTO Step (recipe_id, order_number, description) VALUES (100, 5, 'Contain senior safe bring positive hear team.');

INSERT INTO Nutritional_Info (recipe_id, fat_per_portion, carbs_per_portion, protein_per_portion) VALUES (100, 375, 105, 122);

INSERT INTO Recipe_Meal_Type (recipe_id, meal_type_id) VALUES (100, 4);

INSERT INTO Recipe_Label (recipe_id, label_id) VALUES (100, 8);

INSERT INTO Recipe_Equipment (recipe_id, equipment_id) VALUES (100, 24);

INSERT INTO Recipe_Equipment (recipe_id, equipment_id) VALUES (100, 23);

INSERT INTO Recipe_Equipment (recipe_id, equipment_id) VALUES (100, 43);

INSERT INTO Recipe_Equipment (recipe_id, equipment_id) VALUES (100, 11);

INSERT INTO Recipe_Ingredient (recipe_id, ingredient_id, portion) VALUES (100, 25, 3);

INSERT INTO Recipe_Ingredient (recipe_id, ingredient_id, portion) VALUES (100, 92, 6);

INSERT INTO Recipe_Ingredient (recipe_id, ingredient_id, portion) VALUES (100, 193, 4);

INSERT INTO Recipe_Ingredient (recipe_id, ingredient_id, portion) VALUES (100, 166, 5);

INSERT INTO Recipe_Ingredient (recipe_id, ingredient_id, portion) VALUES (100, 27, 5);

INSERT INTO Recipe_Ingredient (recipe_id, ingredient_id, portion) VALUES (100, 37, 7);

INSERT INTO Recipe_Ingredient (recipe_id, ingredient_id, portion) VALUES (100, 65, 8);

INSERT INTO Recipe_Ingredient (recipe_id, ingredient_id, portion) VALUES (100, 113, 1);

INSERT INTO Recipe_Ingredient (recipe_id, ingredient_id, portion) VALUES (100, 129, 8);

INSERT INTO Recipe_Ingredient (recipe_id, ingredient_id, portion) VALUES (100, 18, 2);

INSERT INTO Recipe_Ingredient (recipe_id, ingredient_id, portion) VALUES (100, 163, 5);

INSERT INTO Recipe_Ingredient (recipe_id, ingredient_id, portion) VALUES (100, 133, 4);

INSERT INTO Recipe_Ingredient (recipe_id, ingredient_id, portion) VALUES (100, 102, 7);

INSERT INTO Recipe_Ingredient (recipe_id, ingredient_id, portion) VALUES (100, 164, 3);

INSERT INTO Recipe_Ingredient (recipe_id, ingredient_id, portion) VALUES (100, 197, 7);

INSERT INTO Recipe_Thematic_Unit (recipe_id, thematic_unit_id) VALUES (100, 11);

INSERT INTO Recipe_Thematic_Unit (recipe_id, thematic_unit_id) VALUES (100, 13);

INSERT INTO Recipe_Thematic_Unit (recipe_id, thematic_unit_id) VALUES (100, 15);


INSERT INTO Cook (user_id, first_name, last_name, phone_number, date_of_birth, years_of_experience, chef_status, image_id) VALUES (1, 'Mary','Guzman', 4630155971, '1988-08-06', 9, 'chef', 329);

INSERT INTO Cook_National_Cuisine (cook_id, national_cuisine_id) VALUES (1, 10);

INSERT INTO Cook_National_Cuisine (cook_id, national_cuisine_id) VALUES (1, 2);

INSERT INTO Cook_National_Cuisine (cook_id, national_cuisine_id) VALUES (1, 18);

INSERT INTO Cook_National_Cuisine (cook_id, national_cuisine_id) VALUES (1, 1);

INSERT INTO Cook_National_Cuisine (cook_id, national_cuisine_id) VALUES (1, 11);

INSERT INTO Cook_National_Cuisine (cook_id, national_cuisine_id) VALUES (1, 4);

INSERT INTO Recipe_Cook (recipe_id, cook_id) VALUES (46, 1);

INSERT INTO Recipe_Cook (recipe_id, cook_id) VALUES (47, 1);

INSERT INTO Recipe_Cook (recipe_id, cook_id) VALUES (48, 1);

INSERT INTO Recipe_Cook (recipe_id, cook_id) VALUES (49, 1);

INSERT INTO Recipe_Cook (recipe_id, cook_id) VALUES (50, 1);

INSERT INTO Recipe_Cook (recipe_id, cook_id) VALUES (6, 1);

INSERT INTO Recipe_Cook (recipe_id, cook_id) VALUES (7, 1);

INSERT INTO Recipe_Cook (recipe_id, cook_id) VALUES (8, 1);

INSERT INTO Recipe_Cook (recipe_id, cook_id) VALUES (9, 1);

INSERT INTO Recipe_Cook (recipe_id, cook_id) VALUES (10, 1);

INSERT INTO Recipe_Cook (recipe_id, cook_id) VALUES (86, 1);

INSERT INTO Recipe_Cook (recipe_id, cook_id) VALUES (87, 1);

INSERT INTO Recipe_Cook (recipe_id, cook_id) VALUES (88, 1);

INSERT INTO Recipe_Cook (recipe_id, cook_id) VALUES (89, 1);

INSERT INTO Recipe_Cook (recipe_id, cook_id) VALUES (90, 1);

INSERT INTO Recipe_Cook (recipe_id, cook_id) VALUES (1, 1);

INSERT INTO Recipe_Cook (recipe_id, cook_id) VALUES (2, 1);

INSERT INTO Recipe_Cook (recipe_id, cook_id) VALUES (3, 1);

INSERT INTO Recipe_Cook (recipe_id, cook_id) VALUES (4, 1);

INSERT INTO Recipe_Cook (recipe_id, cook_id) VALUES (5, 1);

INSERT INTO Recipe_Cook (recipe_id, cook_id) VALUES (51, 1);

INSERT INTO Recipe_Cook (recipe_id, cook_id) VALUES (52, 1);

INSERT INTO Recipe_Cook (recipe_id, cook_id) VALUES (53, 1);

INSERT INTO Recipe_Cook (recipe_id, cook_id) VALUES (54, 1);

INSERT INTO Recipe_Cook (recipe_id, cook_id) VALUES (55, 1);

INSERT INTO Recipe_Cook (recipe_id, cook_id) VALUES (16, 1);

INSERT INTO Recipe_Cook (recipe_id, cook_id) VALUES (17, 1);

INSERT INTO Recipe_Cook (recipe_id, cook_id) VALUES (18, 1);

INSERT INTO Recipe_Cook (recipe_id, cook_id) VALUES (19, 1);

INSERT INTO Recipe_Cook (recipe_id, cook_id) VALUES (20, 1);

INSERT INTO Cook (user_id, first_name, last_name, phone_number, date_of_birth, years_of_experience, chef_status, image_id) VALUES (2, 'Corey','Lane', 2096565277, '1969-11-14', 21, 'A', 330);

INSERT INTO Cook_National_Cuisine (cook_id, national_cuisine_id) VALUES (2, 15);

INSERT INTO Cook_National_Cuisine (cook_id, national_cuisine_id) VALUES (2, 6);

INSERT INTO Cook_National_Cuisine (cook_id, national_cuisine_id) VALUES (2, 8);

INSERT INTO Cook_National_Cuisine (cook_id, national_cuisine_id) VALUES (2, 20);

INSERT INTO Cook_National_Cuisine (cook_id, national_cuisine_id) VALUES (2, 5);

INSERT INTO Cook_National_Cuisine (cook_id, national_cuisine_id) VALUES (2, 17);

INSERT INTO Recipe_Cook (recipe_id, cook_id) VALUES (71, 2);

INSERT INTO Recipe_Cook (recipe_id, cook_id) VALUES (72, 2);

INSERT INTO Recipe_Cook (recipe_id, cook_id) VALUES (73, 2);

INSERT INTO Recipe_Cook (recipe_id, cook_id) VALUES (74, 2);

INSERT INTO Recipe_Cook (recipe_id, cook_id) VALUES (75, 2);

INSERT INTO Recipe_Cook (recipe_id, cook_id) VALUES (26, 2);

INSERT INTO Recipe_Cook (recipe_id, cook_id) VALUES (27, 2);

INSERT INTO Recipe_Cook (recipe_id, cook_id) VALUES (28, 2);

INSERT INTO Recipe_Cook (recipe_id, cook_id) VALUES (29, 2);

INSERT INTO Recipe_Cook (recipe_id, cook_id) VALUES (30, 2);

INSERT INTO Recipe_Cook (recipe_id, cook_id) VALUES (36, 2);

INSERT INTO Recipe_Cook (recipe_id, cook_id) VALUES (37, 2);

INSERT INTO Recipe_Cook (recipe_id, cook_id) VALUES (38, 2);

INSERT INTO Recipe_Cook (recipe_id, cook_id) VALUES (39, 2);

INSERT INTO Recipe_Cook (recipe_id, cook_id) VALUES (40, 2);

INSERT INTO Recipe_Cook (recipe_id, cook_id) VALUES (96, 2);

INSERT INTO Recipe_Cook (recipe_id, cook_id) VALUES (97, 2);

INSERT INTO Recipe_Cook (recipe_id, cook_id) VALUES (98, 2);

INSERT INTO Recipe_Cook (recipe_id, cook_id) VALUES (99, 2);

INSERT INTO Recipe_Cook (recipe_id, cook_id) VALUES (100, 2);

INSERT INTO Recipe_Cook (recipe_id, cook_id) VALUES (21, 2);

INSERT INTO Recipe_Cook (recipe_id, cook_id) VALUES (22, 2);

INSERT INTO Recipe_Cook (recipe_id, cook_id) VALUES (23, 2);

INSERT INTO Recipe_Cook (recipe_id, cook_id) VALUES (24, 2);

INSERT INTO Recipe_Cook (recipe_id, cook_id) VALUES (25, 2);

INSERT INTO Recipe_Cook (recipe_id, cook_id) VALUES (81, 2);

INSERT INTO Recipe_Cook (recipe_id, cook_id) VALUES (82, 2);

INSERT INTO Recipe_Cook (recipe_id, cook_id) VALUES (83, 2);

INSERT INTO Recipe_Cook (recipe_id, cook_id) VALUES (84, 2);

INSERT INTO Recipe_Cook (recipe_id, cook_id) VALUES (85, 2);

INSERT INTO Cook (user_id, first_name, last_name, phone_number, date_of_birth, years_of_experience, chef_status, image_id) VALUES (3, 'Andrea','Lee', 3642608476, '1993-05-15', 2, 'B', 331);

INSERT INTO Cook_National_Cuisine (cook_id, national_cuisine_id) VALUES (3, 9);

INSERT INTO Cook_National_Cuisine (cook_id, national_cuisine_id) VALUES (3, 14);

INSERT INTO Cook_National_Cuisine (cook_id, national_cuisine_id) VALUES (3, 4);

INSERT INTO Cook_National_Cuisine (cook_id, national_cuisine_id) VALUES (3, 6);

INSERT INTO Cook_National_Cuisine (cook_id, national_cuisine_id) VALUES (3, 2);

INSERT INTO Cook_National_Cuisine (cook_id, national_cuisine_id) VALUES (3, 17);

INSERT INTO Cook_National_Cuisine (cook_id, national_cuisine_id) VALUES (3, 15);

INSERT INTO Cook_National_Cuisine (cook_id, national_cuisine_id) VALUES (3, 20);

INSERT INTO Cook_National_Cuisine (cook_id, national_cuisine_id) VALUES (3, 5);

INSERT INTO Recipe_Cook (recipe_id, cook_id) VALUES (41, 3);

INSERT INTO Recipe_Cook (recipe_id, cook_id) VALUES (42, 3);

INSERT INTO Recipe_Cook (recipe_id, cook_id) VALUES (43, 3);

INSERT INTO Recipe_Cook (recipe_id, cook_id) VALUES (44, 3);

INSERT INTO Recipe_Cook (recipe_id, cook_id) VALUES (45, 3);

INSERT INTO Recipe_Cook (recipe_id, cook_id) VALUES (66, 3);

INSERT INTO Recipe_Cook (recipe_id, cook_id) VALUES (67, 3);

INSERT INTO Recipe_Cook (recipe_id, cook_id) VALUES (68, 3);

INSERT INTO Recipe_Cook (recipe_id, cook_id) VALUES (69, 3);

INSERT INTO Recipe_Cook (recipe_id, cook_id) VALUES (70, 3);

INSERT INTO Recipe_Cook (recipe_id, cook_id) VALUES (16, 3);

INSERT INTO Recipe_Cook (recipe_id, cook_id) VALUES (17, 3);

INSERT INTO Recipe_Cook (recipe_id, cook_id) VALUES (18, 3);

INSERT INTO Recipe_Cook (recipe_id, cook_id) VALUES (19, 3);

INSERT INTO Recipe_Cook (recipe_id, cook_id) VALUES (20, 3);

INSERT INTO Recipe_Cook (recipe_id, cook_id) VALUES (26, 3);

INSERT INTO Recipe_Cook (recipe_id, cook_id) VALUES (27, 3);

INSERT INTO Recipe_Cook (recipe_id, cook_id) VALUES (28, 3);

INSERT INTO Recipe_Cook (recipe_id, cook_id) VALUES (29, 3);

INSERT INTO Recipe_Cook (recipe_id, cook_id) VALUES (30, 3);

INSERT INTO Recipe_Cook (recipe_id, cook_id) VALUES (6, 3);

INSERT INTO Recipe_Cook (recipe_id, cook_id) VALUES (7, 3);

INSERT INTO Recipe_Cook (recipe_id, cook_id) VALUES (8, 3);

INSERT INTO Recipe_Cook (recipe_id, cook_id) VALUES (9, 3);

INSERT INTO Recipe_Cook (recipe_id, cook_id) VALUES (10, 3);

INSERT INTO Recipe_Cook (recipe_id, cook_id) VALUES (81, 3);

INSERT INTO Recipe_Cook (recipe_id, cook_id) VALUES (82, 3);

INSERT INTO Recipe_Cook (recipe_id, cook_id) VALUES (83, 3);

INSERT INTO Recipe_Cook (recipe_id, cook_id) VALUES (84, 3);

INSERT INTO Recipe_Cook (recipe_id, cook_id) VALUES (85, 3);

INSERT INTO Recipe_Cook (recipe_id, cook_id) VALUES (71, 3);

INSERT INTO Recipe_Cook (recipe_id, cook_id) VALUES (72, 3);

INSERT INTO Recipe_Cook (recipe_id, cook_id) VALUES (73, 3);

INSERT INTO Recipe_Cook (recipe_id, cook_id) VALUES (74, 3);

INSERT INTO Recipe_Cook (recipe_id, cook_id) VALUES (75, 3);

INSERT INTO Recipe_Cook (recipe_id, cook_id) VALUES (96, 3);

INSERT INTO Recipe_Cook (recipe_id, cook_id) VALUES (97, 3);

INSERT INTO Recipe_Cook (recipe_id, cook_id) VALUES (98, 3);

INSERT INTO Recipe_Cook (recipe_id, cook_id) VALUES (99, 3);

INSERT INTO Recipe_Cook (recipe_id, cook_id) VALUES (100, 3);

INSERT INTO Recipe_Cook (recipe_id, cook_id) VALUES (21, 3);

INSERT INTO Recipe_Cook (recipe_id, cook_id) VALUES (22, 3);

INSERT INTO Recipe_Cook (recipe_id, cook_id) VALUES (23, 3);

INSERT INTO Recipe_Cook (recipe_id, cook_id) VALUES (24, 3);

INSERT INTO Recipe_Cook (recipe_id, cook_id) VALUES (25, 3);

INSERT INTO Cook (user_id, first_name, last_name, phone_number, date_of_birth, years_of_experience, chef_status, image_id) VALUES (4, 'Jason','Campbell', 8562814065, '1992-05-23', 2, 'B', 332);

INSERT INTO Cook_National_Cuisine (cook_id, national_cuisine_id) VALUES (4, 2);

INSERT INTO Cook_National_Cuisine (cook_id, national_cuisine_id) VALUES (4, 15);

INSERT INTO Cook_National_Cuisine (cook_id, national_cuisine_id) VALUES (4, 19);

INSERT INTO Cook_National_Cuisine (cook_id, national_cuisine_id) VALUES (4, 6);

INSERT INTO Cook_National_Cuisine (cook_id, national_cuisine_id) VALUES (4, 10);

INSERT INTO Cook_National_Cuisine (cook_id, national_cuisine_id) VALUES (4, 11);

INSERT INTO Cook_National_Cuisine (cook_id, national_cuisine_id) VALUES (4, 5);

INSERT INTO Cook_National_Cuisine (cook_id, national_cuisine_id) VALUES (4, 1);

INSERT INTO Recipe_Cook (recipe_id, cook_id) VALUES (6, 4);

INSERT INTO Recipe_Cook (recipe_id, cook_id) VALUES (7, 4);

INSERT INTO Recipe_Cook (recipe_id, cook_id) VALUES (8, 4);

INSERT INTO Recipe_Cook (recipe_id, cook_id) VALUES (9, 4);

INSERT INTO Recipe_Cook (recipe_id, cook_id) VALUES (10, 4);

INSERT INTO Recipe_Cook (recipe_id, cook_id) VALUES (71, 4);

INSERT INTO Recipe_Cook (recipe_id, cook_id) VALUES (72, 4);

INSERT INTO Recipe_Cook (recipe_id, cook_id) VALUES (73, 4);

INSERT INTO Recipe_Cook (recipe_id, cook_id) VALUES (74, 4);

INSERT INTO Recipe_Cook (recipe_id, cook_id) VALUES (75, 4);

INSERT INTO Recipe_Cook (recipe_id, cook_id) VALUES (91, 4);

INSERT INTO Recipe_Cook (recipe_id, cook_id) VALUES (92, 4);

INSERT INTO Recipe_Cook (recipe_id, cook_id) VALUES (93, 4);

INSERT INTO Recipe_Cook (recipe_id, cook_id) VALUES (94, 4);

INSERT INTO Recipe_Cook (recipe_id, cook_id) VALUES (95, 4);

INSERT INTO Recipe_Cook (recipe_id, cook_id) VALUES (26, 4);

INSERT INTO Recipe_Cook (recipe_id, cook_id) VALUES (27, 4);

INSERT INTO Recipe_Cook (recipe_id, cook_id) VALUES (28, 4);

INSERT INTO Recipe_Cook (recipe_id, cook_id) VALUES (29, 4);

INSERT INTO Recipe_Cook (recipe_id, cook_id) VALUES (30, 4);

INSERT INTO Recipe_Cook (recipe_id, cook_id) VALUES (46, 4);

INSERT INTO Recipe_Cook (recipe_id, cook_id) VALUES (47, 4);

INSERT INTO Recipe_Cook (recipe_id, cook_id) VALUES (48, 4);

INSERT INTO Recipe_Cook (recipe_id, cook_id) VALUES (49, 4);

INSERT INTO Recipe_Cook (recipe_id, cook_id) VALUES (50, 4);

INSERT INTO Recipe_Cook (recipe_id, cook_id) VALUES (51, 4);

INSERT INTO Recipe_Cook (recipe_id, cook_id) VALUES (52, 4);

INSERT INTO Recipe_Cook (recipe_id, cook_id) VALUES (53, 4);

INSERT INTO Recipe_Cook (recipe_id, cook_id) VALUES (54, 4);

INSERT INTO Recipe_Cook (recipe_id, cook_id) VALUES (55, 4);

INSERT INTO Recipe_Cook (recipe_id, cook_id) VALUES (21, 4);

INSERT INTO Recipe_Cook (recipe_id, cook_id) VALUES (22, 4);

INSERT INTO Recipe_Cook (recipe_id, cook_id) VALUES (23, 4);

INSERT INTO Recipe_Cook (recipe_id, cook_id) VALUES (24, 4);

INSERT INTO Recipe_Cook (recipe_id, cook_id) VALUES (25, 4);

INSERT INTO Recipe_Cook (recipe_id, cook_id) VALUES (1, 4);

INSERT INTO Recipe_Cook (recipe_id, cook_id) VALUES (2, 4);

INSERT INTO Recipe_Cook (recipe_id, cook_id) VALUES (3, 4);

INSERT INTO Recipe_Cook (recipe_id, cook_id) VALUES (4, 4);

INSERT INTO Recipe_Cook (recipe_id, cook_id) VALUES (5, 4);

INSERT INTO Cook (user_id, first_name, last_name, phone_number, date_of_birth, years_of_experience, chef_status, image_id) VALUES (5, 'Lisa','Harvey', 7833946004, '1989-10-29', 14, 'sous chef', 333);

INSERT INTO Cook_National_Cuisine (cook_id, national_cuisine_id) VALUES (5, 20);

INSERT INTO Cook_National_Cuisine (cook_id, national_cuisine_id) VALUES (5, 4);

INSERT INTO Cook_National_Cuisine (cook_id, national_cuisine_id) VALUES (5, 3);

INSERT INTO Cook_National_Cuisine (cook_id, national_cuisine_id) VALUES (5, 5);

INSERT INTO Cook_National_Cuisine (cook_id, national_cuisine_id) VALUES (5, 7);

INSERT INTO Cook_National_Cuisine (cook_id, national_cuisine_id) VALUES (5, 6);

INSERT INTO Cook_National_Cuisine (cook_id, national_cuisine_id) VALUES (5, 19);

INSERT INTO Cook_National_Cuisine (cook_id, national_cuisine_id) VALUES (5, 2);

INSERT INTO Cook_National_Cuisine (cook_id, national_cuisine_id) VALUES (5, 17);

INSERT INTO Cook_National_Cuisine (cook_id, national_cuisine_id) VALUES (5, 18);

INSERT INTO Recipe_Cook (recipe_id, cook_id) VALUES (96, 5);

INSERT INTO Recipe_Cook (recipe_id, cook_id) VALUES (97, 5);

INSERT INTO Recipe_Cook (recipe_id, cook_id) VALUES (98, 5);

INSERT INTO Recipe_Cook (recipe_id, cook_id) VALUES (99, 5);

INSERT INTO Recipe_Cook (recipe_id, cook_id) VALUES (100, 5);

INSERT INTO Recipe_Cook (recipe_id, cook_id) VALUES (16, 5);

INSERT INTO Recipe_Cook (recipe_id, cook_id) VALUES (17, 5);

INSERT INTO Recipe_Cook (recipe_id, cook_id) VALUES (18, 5);

INSERT INTO Recipe_Cook (recipe_id, cook_id) VALUES (19, 5);

INSERT INTO Recipe_Cook (recipe_id, cook_id) VALUES (20, 5);

INSERT INTO Recipe_Cook (recipe_id, cook_id) VALUES (11, 5);

INSERT INTO Recipe_Cook (recipe_id, cook_id) VALUES (12, 5);

INSERT INTO Recipe_Cook (recipe_id, cook_id) VALUES (13, 5);

INSERT INTO Recipe_Cook (recipe_id, cook_id) VALUES (14, 5);

INSERT INTO Recipe_Cook (recipe_id, cook_id) VALUES (15, 5);

INSERT INTO Recipe_Cook (recipe_id, cook_id) VALUES (21, 5);

INSERT INTO Recipe_Cook (recipe_id, cook_id) VALUES (22, 5);

INSERT INTO Recipe_Cook (recipe_id, cook_id) VALUES (23, 5);

INSERT INTO Recipe_Cook (recipe_id, cook_id) VALUES (24, 5);

INSERT INTO Recipe_Cook (recipe_id, cook_id) VALUES (25, 5);

INSERT INTO Recipe_Cook (recipe_id, cook_id) VALUES (31, 5);

INSERT INTO Recipe_Cook (recipe_id, cook_id) VALUES (32, 5);

INSERT INTO Recipe_Cook (recipe_id, cook_id) VALUES (33, 5);

INSERT INTO Recipe_Cook (recipe_id, cook_id) VALUES (34, 5);

INSERT INTO Recipe_Cook (recipe_id, cook_id) VALUES (35, 5);

INSERT INTO Recipe_Cook (recipe_id, cook_id) VALUES (26, 5);

INSERT INTO Recipe_Cook (recipe_id, cook_id) VALUES (27, 5);

INSERT INTO Recipe_Cook (recipe_id, cook_id) VALUES (28, 5);

INSERT INTO Recipe_Cook (recipe_id, cook_id) VALUES (29, 5);

INSERT INTO Recipe_Cook (recipe_id, cook_id) VALUES (30, 5);

INSERT INTO Recipe_Cook (recipe_id, cook_id) VALUES (91, 5);

INSERT INTO Recipe_Cook (recipe_id, cook_id) VALUES (92, 5);

INSERT INTO Recipe_Cook (recipe_id, cook_id) VALUES (93, 5);

INSERT INTO Recipe_Cook (recipe_id, cook_id) VALUES (94, 5);

INSERT INTO Recipe_Cook (recipe_id, cook_id) VALUES (95, 5);

INSERT INTO Recipe_Cook (recipe_id, cook_id) VALUES (6, 5);

INSERT INTO Recipe_Cook (recipe_id, cook_id) VALUES (7, 5);

INSERT INTO Recipe_Cook (recipe_id, cook_id) VALUES (8, 5);

INSERT INTO Recipe_Cook (recipe_id, cook_id) VALUES (9, 5);

INSERT INTO Recipe_Cook (recipe_id, cook_id) VALUES (10, 5);

INSERT INTO Recipe_Cook (recipe_id, cook_id) VALUES (81, 5);

INSERT INTO Recipe_Cook (recipe_id, cook_id) VALUES (82, 5);

INSERT INTO Recipe_Cook (recipe_id, cook_id) VALUES (83, 5);

INSERT INTO Recipe_Cook (recipe_id, cook_id) VALUES (84, 5);

INSERT INTO Recipe_Cook (recipe_id, cook_id) VALUES (85, 5);

INSERT INTO Recipe_Cook (recipe_id, cook_id) VALUES (86, 5);

INSERT INTO Recipe_Cook (recipe_id, cook_id) VALUES (87, 5);

INSERT INTO Recipe_Cook (recipe_id, cook_id) VALUES (88, 5);

INSERT INTO Recipe_Cook (recipe_id, cook_id) VALUES (89, 5);

INSERT INTO Recipe_Cook (recipe_id, cook_id) VALUES (90, 5);

INSERT INTO Cook (user_id, first_name, last_name, phone_number, date_of_birth, years_of_experience, chef_status, image_id) VALUES (6, 'Kimberly','Johnson', 7958369593, '1966-02-23', 2, 'B', 334);

INSERT INTO Cook_National_Cuisine (cook_id, national_cuisine_id) VALUES (6, 7);

INSERT INTO Cook_National_Cuisine (cook_id, national_cuisine_id) VALUES (6, 16);

INSERT INTO Cook_National_Cuisine (cook_id, national_cuisine_id) VALUES (6, 11);

INSERT INTO Cook_National_Cuisine (cook_id, national_cuisine_id) VALUES (6, 17);

INSERT INTO Cook_National_Cuisine (cook_id, national_cuisine_id) VALUES (6, 10);

INSERT INTO Cook_National_Cuisine (cook_id, national_cuisine_id) VALUES (6, 4);

INSERT INTO Recipe_Cook (recipe_id, cook_id) VALUES (31, 6);

INSERT INTO Recipe_Cook (recipe_id, cook_id) VALUES (32, 6);

INSERT INTO Recipe_Cook (recipe_id, cook_id) VALUES (33, 6);

INSERT INTO Recipe_Cook (recipe_id, cook_id) VALUES (34, 6);

INSERT INTO Recipe_Cook (recipe_id, cook_id) VALUES (35, 6);

INSERT INTO Recipe_Cook (recipe_id, cook_id) VALUES (76, 6);

INSERT INTO Recipe_Cook (recipe_id, cook_id) VALUES (77, 6);

INSERT INTO Recipe_Cook (recipe_id, cook_id) VALUES (78, 6);

INSERT INTO Recipe_Cook (recipe_id, cook_id) VALUES (79, 6);

INSERT INTO Recipe_Cook (recipe_id, cook_id) VALUES (80, 6);

INSERT INTO Recipe_Cook (recipe_id, cook_id) VALUES (51, 6);

INSERT INTO Recipe_Cook (recipe_id, cook_id) VALUES (52, 6);

INSERT INTO Recipe_Cook (recipe_id, cook_id) VALUES (53, 6);

INSERT INTO Recipe_Cook (recipe_id, cook_id) VALUES (54, 6);

INSERT INTO Recipe_Cook (recipe_id, cook_id) VALUES (55, 6);

INSERT INTO Recipe_Cook (recipe_id, cook_id) VALUES (81, 6);

INSERT INTO Recipe_Cook (recipe_id, cook_id) VALUES (82, 6);

INSERT INTO Recipe_Cook (recipe_id, cook_id) VALUES (83, 6);

INSERT INTO Recipe_Cook (recipe_id, cook_id) VALUES (84, 6);

INSERT INTO Recipe_Cook (recipe_id, cook_id) VALUES (85, 6);

INSERT INTO Recipe_Cook (recipe_id, cook_id) VALUES (46, 6);

INSERT INTO Recipe_Cook (recipe_id, cook_id) VALUES (47, 6);

INSERT INTO Recipe_Cook (recipe_id, cook_id) VALUES (48, 6);

INSERT INTO Recipe_Cook (recipe_id, cook_id) VALUES (49, 6);

INSERT INTO Recipe_Cook (recipe_id, cook_id) VALUES (50, 6);

INSERT INTO Recipe_Cook (recipe_id, cook_id) VALUES (16, 6);

INSERT INTO Recipe_Cook (recipe_id, cook_id) VALUES (17, 6);

INSERT INTO Recipe_Cook (recipe_id, cook_id) VALUES (18, 6);

INSERT INTO Recipe_Cook (recipe_id, cook_id) VALUES (19, 6);

INSERT INTO Recipe_Cook (recipe_id, cook_id) VALUES (20, 6);

INSERT INTO Cook (user_id, first_name, last_name, phone_number, date_of_birth, years_of_experience, chef_status, image_id) VALUES (7, 'Elaine','Smith', 3992707346, '1993-07-15', 10, 'sous chef', 335);

INSERT INTO Cook_National_Cuisine (cook_id, national_cuisine_id) VALUES (7, 8);

INSERT INTO Cook_National_Cuisine (cook_id, national_cuisine_id) VALUES (7, 6);

INSERT INTO Cook_National_Cuisine (cook_id, national_cuisine_id) VALUES (7, 16);

INSERT INTO Cook_National_Cuisine (cook_id, national_cuisine_id) VALUES (7, 19);

INSERT INTO Cook_National_Cuisine (cook_id, national_cuisine_id) VALUES (7, 17);

INSERT INTO Cook_National_Cuisine (cook_id, national_cuisine_id) VALUES (7, 12);

INSERT INTO Cook_National_Cuisine (cook_id, national_cuisine_id) VALUES (7, 7);

INSERT INTO Cook_National_Cuisine (cook_id, national_cuisine_id) VALUES (7, 15);

INSERT INTO Recipe_Cook (recipe_id, cook_id) VALUES (36, 7);

INSERT INTO Recipe_Cook (recipe_id, cook_id) VALUES (37, 7);

INSERT INTO Recipe_Cook (recipe_id, cook_id) VALUES (38, 7);

INSERT INTO Recipe_Cook (recipe_id, cook_id) VALUES (39, 7);

INSERT INTO Recipe_Cook (recipe_id, cook_id) VALUES (40, 7);

INSERT INTO Recipe_Cook (recipe_id, cook_id) VALUES (26, 7);

INSERT INTO Recipe_Cook (recipe_id, cook_id) VALUES (27, 7);

INSERT INTO Recipe_Cook (recipe_id, cook_id) VALUES (28, 7);

INSERT INTO Recipe_Cook (recipe_id, cook_id) VALUES (29, 7);

INSERT INTO Recipe_Cook (recipe_id, cook_id) VALUES (30, 7);

INSERT INTO Recipe_Cook (recipe_id, cook_id) VALUES (76, 7);

INSERT INTO Recipe_Cook (recipe_id, cook_id) VALUES (77, 7);

INSERT INTO Recipe_Cook (recipe_id, cook_id) VALUES (78, 7);

INSERT INTO Recipe_Cook (recipe_id, cook_id) VALUES (79, 7);

INSERT INTO Recipe_Cook (recipe_id, cook_id) VALUES (80, 7);

INSERT INTO Recipe_Cook (recipe_id, cook_id) VALUES (91, 7);

INSERT INTO Recipe_Cook (recipe_id, cook_id) VALUES (92, 7);

INSERT INTO Recipe_Cook (recipe_id, cook_id) VALUES (93, 7);

INSERT INTO Recipe_Cook (recipe_id, cook_id) VALUES (94, 7);

INSERT INTO Recipe_Cook (recipe_id, cook_id) VALUES (95, 7);

INSERT INTO Recipe_Cook (recipe_id, cook_id) VALUES (81, 7);

INSERT INTO Recipe_Cook (recipe_id, cook_id) VALUES (82, 7);

INSERT INTO Recipe_Cook (recipe_id, cook_id) VALUES (83, 7);

INSERT INTO Recipe_Cook (recipe_id, cook_id) VALUES (84, 7);

INSERT INTO Recipe_Cook (recipe_id, cook_id) VALUES (85, 7);

INSERT INTO Recipe_Cook (recipe_id, cook_id) VALUES (56, 7);

INSERT INTO Recipe_Cook (recipe_id, cook_id) VALUES (57, 7);

INSERT INTO Recipe_Cook (recipe_id, cook_id) VALUES (58, 7);

INSERT INTO Recipe_Cook (recipe_id, cook_id) VALUES (59, 7);

INSERT INTO Recipe_Cook (recipe_id, cook_id) VALUES (60, 7);

INSERT INTO Recipe_Cook (recipe_id, cook_id) VALUES (31, 7);

INSERT INTO Recipe_Cook (recipe_id, cook_id) VALUES (32, 7);

INSERT INTO Recipe_Cook (recipe_id, cook_id) VALUES (33, 7);

INSERT INTO Recipe_Cook (recipe_id, cook_id) VALUES (34, 7);

INSERT INTO Recipe_Cook (recipe_id, cook_id) VALUES (35, 7);

INSERT INTO Recipe_Cook (recipe_id, cook_id) VALUES (71, 7);

INSERT INTO Recipe_Cook (recipe_id, cook_id) VALUES (72, 7);

INSERT INTO Recipe_Cook (recipe_id, cook_id) VALUES (73, 7);

INSERT INTO Recipe_Cook (recipe_id, cook_id) VALUES (74, 7);

INSERT INTO Recipe_Cook (recipe_id, cook_id) VALUES (75, 7);

INSERT INTO Cook (user_id, first_name, last_name, phone_number, date_of_birth, years_of_experience, chef_status, image_id) VALUES (8, 'Cody','Farmer', 5079873640, '1977-01-04', 22, 'C', 336);

INSERT INTO Cook_National_Cuisine (cook_id, national_cuisine_id) VALUES (8, 4);

INSERT INTO Cook_National_Cuisine (cook_id, national_cuisine_id) VALUES (8, 10);

INSERT INTO Cook_National_Cuisine (cook_id, national_cuisine_id) VALUES (8, 1);

INSERT INTO Cook_National_Cuisine (cook_id, national_cuisine_id) VALUES (8, 11);

INSERT INTO Cook_National_Cuisine (cook_id, national_cuisine_id) VALUES (8, 13);

INSERT INTO Cook_National_Cuisine (cook_id, national_cuisine_id) VALUES (8, 19);

INSERT INTO Recipe_Cook (recipe_id, cook_id) VALUES (16, 8);

INSERT INTO Recipe_Cook (recipe_id, cook_id) VALUES (17, 8);

INSERT INTO Recipe_Cook (recipe_id, cook_id) VALUES (18, 8);

INSERT INTO Recipe_Cook (recipe_id, cook_id) VALUES (19, 8);

INSERT INTO Recipe_Cook (recipe_id, cook_id) VALUES (20, 8);

INSERT INTO Recipe_Cook (recipe_id, cook_id) VALUES (46, 8);

INSERT INTO Recipe_Cook (recipe_id, cook_id) VALUES (47, 8);

INSERT INTO Recipe_Cook (recipe_id, cook_id) VALUES (48, 8);

INSERT INTO Recipe_Cook (recipe_id, cook_id) VALUES (49, 8);

INSERT INTO Recipe_Cook (recipe_id, cook_id) VALUES (50, 8);

INSERT INTO Recipe_Cook (recipe_id, cook_id) VALUES (1, 8);

INSERT INTO Recipe_Cook (recipe_id, cook_id) VALUES (2, 8);

INSERT INTO Recipe_Cook (recipe_id, cook_id) VALUES (3, 8);

INSERT INTO Recipe_Cook (recipe_id, cook_id) VALUES (4, 8);

INSERT INTO Recipe_Cook (recipe_id, cook_id) VALUES (5, 8);

INSERT INTO Recipe_Cook (recipe_id, cook_id) VALUES (51, 8);

INSERT INTO Recipe_Cook (recipe_id, cook_id) VALUES (52, 8);

INSERT INTO Recipe_Cook (recipe_id, cook_id) VALUES (53, 8);

INSERT INTO Recipe_Cook (recipe_id, cook_id) VALUES (54, 8);

INSERT INTO Recipe_Cook (recipe_id, cook_id) VALUES (55, 8);

INSERT INTO Recipe_Cook (recipe_id, cook_id) VALUES (61, 8);

INSERT INTO Recipe_Cook (recipe_id, cook_id) VALUES (62, 8);

INSERT INTO Recipe_Cook (recipe_id, cook_id) VALUES (63, 8);

INSERT INTO Recipe_Cook (recipe_id, cook_id) VALUES (64, 8);

INSERT INTO Recipe_Cook (recipe_id, cook_id) VALUES (65, 8);

INSERT INTO Recipe_Cook (recipe_id, cook_id) VALUES (91, 8);

INSERT INTO Recipe_Cook (recipe_id, cook_id) VALUES (92, 8);

INSERT INTO Recipe_Cook (recipe_id, cook_id) VALUES (93, 8);

INSERT INTO Recipe_Cook (recipe_id, cook_id) VALUES (94, 8);

INSERT INTO Recipe_Cook (recipe_id, cook_id) VALUES (95, 8);

INSERT INTO Cook (user_id, first_name, last_name, phone_number, date_of_birth, years_of_experience, chef_status, image_id) VALUES (9, 'Adriana','Green', 6424175463, '1989-11-24', 4, 'C', 337);

INSERT INTO Cook_National_Cuisine (cook_id, national_cuisine_id) VALUES (9, 13);

INSERT INTO Cook_National_Cuisine (cook_id, national_cuisine_id) VALUES (9, 4);

INSERT INTO Cook_National_Cuisine (cook_id, national_cuisine_id) VALUES (9, 18);

INSERT INTO Cook_National_Cuisine (cook_id, national_cuisine_id) VALUES (9, 9);

INSERT INTO Cook_National_Cuisine (cook_id, national_cuisine_id) VALUES (9, 11);

INSERT INTO Cook_National_Cuisine (cook_id, national_cuisine_id) VALUES (9, 5);

INSERT INTO Cook_National_Cuisine (cook_id, national_cuisine_id) VALUES (9, 6);

INSERT INTO Recipe_Cook (recipe_id, cook_id) VALUES (61, 9);

INSERT INTO Recipe_Cook (recipe_id, cook_id) VALUES (62, 9);

INSERT INTO Recipe_Cook (recipe_id, cook_id) VALUES (63, 9);

INSERT INTO Recipe_Cook (recipe_id, cook_id) VALUES (64, 9);

INSERT INTO Recipe_Cook (recipe_id, cook_id) VALUES (65, 9);

INSERT INTO Recipe_Cook (recipe_id, cook_id) VALUES (16, 9);

INSERT INTO Recipe_Cook (recipe_id, cook_id) VALUES (17, 9);

INSERT INTO Recipe_Cook (recipe_id, cook_id) VALUES (18, 9);

INSERT INTO Recipe_Cook (recipe_id, cook_id) VALUES (19, 9);

INSERT INTO Recipe_Cook (recipe_id, cook_id) VALUES (20, 9);

INSERT INTO Recipe_Cook (recipe_id, cook_id) VALUES (86, 9);

INSERT INTO Recipe_Cook (recipe_id, cook_id) VALUES (87, 9);

INSERT INTO Recipe_Cook (recipe_id, cook_id) VALUES (88, 9);

INSERT INTO Recipe_Cook (recipe_id, cook_id) VALUES (89, 9);

INSERT INTO Recipe_Cook (recipe_id, cook_id) VALUES (90, 9);

INSERT INTO Recipe_Cook (recipe_id, cook_id) VALUES (41, 9);

INSERT INTO Recipe_Cook (recipe_id, cook_id) VALUES (42, 9);

INSERT INTO Recipe_Cook (recipe_id, cook_id) VALUES (43, 9);

INSERT INTO Recipe_Cook (recipe_id, cook_id) VALUES (44, 9);

INSERT INTO Recipe_Cook (recipe_id, cook_id) VALUES (45, 9);

INSERT INTO Recipe_Cook (recipe_id, cook_id) VALUES (51, 9);

INSERT INTO Recipe_Cook (recipe_id, cook_id) VALUES (52, 9);

INSERT INTO Recipe_Cook (recipe_id, cook_id) VALUES (53, 9);

INSERT INTO Recipe_Cook (recipe_id, cook_id) VALUES (54, 9);

INSERT INTO Recipe_Cook (recipe_id, cook_id) VALUES (55, 9);

INSERT INTO Recipe_Cook (recipe_id, cook_id) VALUES (21, 9);

INSERT INTO Recipe_Cook (recipe_id, cook_id) VALUES (22, 9);

INSERT INTO Recipe_Cook (recipe_id, cook_id) VALUES (23, 9);

INSERT INTO Recipe_Cook (recipe_id, cook_id) VALUES (24, 9);

INSERT INTO Recipe_Cook (recipe_id, cook_id) VALUES (25, 9);

INSERT INTO Recipe_Cook (recipe_id, cook_id) VALUES (26, 9);

INSERT INTO Recipe_Cook (recipe_id, cook_id) VALUES (27, 9);

INSERT INTO Recipe_Cook (recipe_id, cook_id) VALUES (28, 9);

INSERT INTO Recipe_Cook (recipe_id, cook_id) VALUES (29, 9);

INSERT INTO Recipe_Cook (recipe_id, cook_id) VALUES (30, 9);

INSERT INTO Cook (user_id, first_name, last_name, phone_number, date_of_birth, years_of_experience, chef_status, image_id) VALUES (10, 'Stephanie','Doyle', 2378588681, '1970-08-09', 18, 'B', 338);

INSERT INTO Cook_National_Cuisine (cook_id, national_cuisine_id) VALUES (10, 8);

INSERT INTO Cook_National_Cuisine (cook_id, national_cuisine_id) VALUES (10, 13);

INSERT INTO Cook_National_Cuisine (cook_id, national_cuisine_id) VALUES (10, 14);

INSERT INTO Cook_National_Cuisine (cook_id, national_cuisine_id) VALUES (10, 16);

INSERT INTO Cook_National_Cuisine (cook_id, national_cuisine_id) VALUES (10, 12);

INSERT INTO Cook_National_Cuisine (cook_id, national_cuisine_id) VALUES (10, 11);

INSERT INTO Cook_National_Cuisine (cook_id, national_cuisine_id) VALUES (10, 20);

INSERT INTO Cook_National_Cuisine (cook_id, national_cuisine_id) VALUES (10, 15);

INSERT INTO Cook_National_Cuisine (cook_id, national_cuisine_id) VALUES (10, 10);

INSERT INTO Cook_National_Cuisine (cook_id, national_cuisine_id) VALUES (10, 2);

INSERT INTO Recipe_Cook (recipe_id, cook_id) VALUES (36, 10);

INSERT INTO Recipe_Cook (recipe_id, cook_id) VALUES (37, 10);

INSERT INTO Recipe_Cook (recipe_id, cook_id) VALUES (38, 10);

INSERT INTO Recipe_Cook (recipe_id, cook_id) VALUES (39, 10);

INSERT INTO Recipe_Cook (recipe_id, cook_id) VALUES (40, 10);

INSERT INTO Recipe_Cook (recipe_id, cook_id) VALUES (61, 10);

INSERT INTO Recipe_Cook (recipe_id, cook_id) VALUES (62, 10);

INSERT INTO Recipe_Cook (recipe_id, cook_id) VALUES (63, 10);

INSERT INTO Recipe_Cook (recipe_id, cook_id) VALUES (64, 10);

INSERT INTO Recipe_Cook (recipe_id, cook_id) VALUES (65, 10);

INSERT INTO Recipe_Cook (recipe_id, cook_id) VALUES (66, 10);

INSERT INTO Recipe_Cook (recipe_id, cook_id) VALUES (67, 10);

INSERT INTO Recipe_Cook (recipe_id, cook_id) VALUES (68, 10);

INSERT INTO Recipe_Cook (recipe_id, cook_id) VALUES (69, 10);

INSERT INTO Recipe_Cook (recipe_id, cook_id) VALUES (70, 10);

INSERT INTO Recipe_Cook (recipe_id, cook_id) VALUES (76, 10);

INSERT INTO Recipe_Cook (recipe_id, cook_id) VALUES (77, 10);

INSERT INTO Recipe_Cook (recipe_id, cook_id) VALUES (78, 10);

INSERT INTO Recipe_Cook (recipe_id, cook_id) VALUES (79, 10);

INSERT INTO Recipe_Cook (recipe_id, cook_id) VALUES (80, 10);

INSERT INTO Recipe_Cook (recipe_id, cook_id) VALUES (56, 10);

INSERT INTO Recipe_Cook (recipe_id, cook_id) VALUES (57, 10);

INSERT INTO Recipe_Cook (recipe_id, cook_id) VALUES (58, 10);

INSERT INTO Recipe_Cook (recipe_id, cook_id) VALUES (59, 10);

INSERT INTO Recipe_Cook (recipe_id, cook_id) VALUES (60, 10);

INSERT INTO Recipe_Cook (recipe_id, cook_id) VALUES (51, 10);

INSERT INTO Recipe_Cook (recipe_id, cook_id) VALUES (52, 10);

INSERT INTO Recipe_Cook (recipe_id, cook_id) VALUES (53, 10);

INSERT INTO Recipe_Cook (recipe_id, cook_id) VALUES (54, 10);

INSERT INTO Recipe_Cook (recipe_id, cook_id) VALUES (55, 10);

INSERT INTO Recipe_Cook (recipe_id, cook_id) VALUES (96, 10);

INSERT INTO Recipe_Cook (recipe_id, cook_id) VALUES (97, 10);

INSERT INTO Recipe_Cook (recipe_id, cook_id) VALUES (98, 10);

INSERT INTO Recipe_Cook (recipe_id, cook_id) VALUES (99, 10);

INSERT INTO Recipe_Cook (recipe_id, cook_id) VALUES (100, 10);

INSERT INTO Recipe_Cook (recipe_id, cook_id) VALUES (71, 10);

INSERT INTO Recipe_Cook (recipe_id, cook_id) VALUES (72, 10);

INSERT INTO Recipe_Cook (recipe_id, cook_id) VALUES (73, 10);

INSERT INTO Recipe_Cook (recipe_id, cook_id) VALUES (74, 10);

INSERT INTO Recipe_Cook (recipe_id, cook_id) VALUES (75, 10);

INSERT INTO Recipe_Cook (recipe_id, cook_id) VALUES (46, 10);

INSERT INTO Recipe_Cook (recipe_id, cook_id) VALUES (47, 10);

INSERT INTO Recipe_Cook (recipe_id, cook_id) VALUES (48, 10);

INSERT INTO Recipe_Cook (recipe_id, cook_id) VALUES (49, 10);

INSERT INTO Recipe_Cook (recipe_id, cook_id) VALUES (50, 10);

INSERT INTO Recipe_Cook (recipe_id, cook_id) VALUES (6, 10);

INSERT INTO Recipe_Cook (recipe_id, cook_id) VALUES (7, 10);

INSERT INTO Recipe_Cook (recipe_id, cook_id) VALUES (8, 10);

INSERT INTO Recipe_Cook (recipe_id, cook_id) VALUES (9, 10);

INSERT INTO Recipe_Cook (recipe_id, cook_id) VALUES (10, 10);

INSERT INTO Cook (user_id, first_name, last_name, phone_number, date_of_birth, years_of_experience, chef_status, image_id) VALUES (11, 'Heidi','Ritter', 1579719972, '1970-08-21', 6, 'chef', 339);

INSERT INTO Cook_National_Cuisine (cook_id, national_cuisine_id) VALUES (11, 4);

INSERT INTO Cook_National_Cuisine (cook_id, national_cuisine_id) VALUES (11, 15);

INSERT INTO Cook_National_Cuisine (cook_id, national_cuisine_id) VALUES (11, 13);

INSERT INTO Cook_National_Cuisine (cook_id, national_cuisine_id) VALUES (11, 16);

INSERT INTO Cook_National_Cuisine (cook_id, national_cuisine_id) VALUES (11, 11);

INSERT INTO Cook_National_Cuisine (cook_id, national_cuisine_id) VALUES (11, 20);

INSERT INTO Cook_National_Cuisine (cook_id, national_cuisine_id) VALUES (11, 12);

INSERT INTO Cook_National_Cuisine (cook_id, national_cuisine_id) VALUES (11, 5);

INSERT INTO Cook_National_Cuisine (cook_id, national_cuisine_id) VALUES (11, 9);

INSERT INTO Recipe_Cook (recipe_id, cook_id) VALUES (16, 11);

INSERT INTO Recipe_Cook (recipe_id, cook_id) VALUES (17, 11);

INSERT INTO Recipe_Cook (recipe_id, cook_id) VALUES (18, 11);

INSERT INTO Recipe_Cook (recipe_id, cook_id) VALUES (19, 11);

INSERT INTO Recipe_Cook (recipe_id, cook_id) VALUES (20, 11);

INSERT INTO Recipe_Cook (recipe_id, cook_id) VALUES (71, 11);

INSERT INTO Recipe_Cook (recipe_id, cook_id) VALUES (72, 11);

INSERT INTO Recipe_Cook (recipe_id, cook_id) VALUES (73, 11);

INSERT INTO Recipe_Cook (recipe_id, cook_id) VALUES (74, 11);

INSERT INTO Recipe_Cook (recipe_id, cook_id) VALUES (75, 11);

INSERT INTO Recipe_Cook (recipe_id, cook_id) VALUES (61, 11);

INSERT INTO Recipe_Cook (recipe_id, cook_id) VALUES (62, 11);

INSERT INTO Recipe_Cook (recipe_id, cook_id) VALUES (63, 11);

INSERT INTO Recipe_Cook (recipe_id, cook_id) VALUES (64, 11);

INSERT INTO Recipe_Cook (recipe_id, cook_id) VALUES (65, 11);

INSERT INTO Recipe_Cook (recipe_id, cook_id) VALUES (76, 11);

INSERT INTO Recipe_Cook (recipe_id, cook_id) VALUES (77, 11);

INSERT INTO Recipe_Cook (recipe_id, cook_id) VALUES (78, 11);

INSERT INTO Recipe_Cook (recipe_id, cook_id) VALUES (79, 11);

INSERT INTO Recipe_Cook (recipe_id, cook_id) VALUES (80, 11);

INSERT INTO Recipe_Cook (recipe_id, cook_id) VALUES (51, 11);

INSERT INTO Recipe_Cook (recipe_id, cook_id) VALUES (52, 11);

INSERT INTO Recipe_Cook (recipe_id, cook_id) VALUES (53, 11);

INSERT INTO Recipe_Cook (recipe_id, cook_id) VALUES (54, 11);

INSERT INTO Recipe_Cook (recipe_id, cook_id) VALUES (55, 11);

INSERT INTO Recipe_Cook (recipe_id, cook_id) VALUES (96, 11);

INSERT INTO Recipe_Cook (recipe_id, cook_id) VALUES (97, 11);

INSERT INTO Recipe_Cook (recipe_id, cook_id) VALUES (98, 11);

INSERT INTO Recipe_Cook (recipe_id, cook_id) VALUES (99, 11);

INSERT INTO Recipe_Cook (recipe_id, cook_id) VALUES (100, 11);

INSERT INTO Recipe_Cook (recipe_id, cook_id) VALUES (56, 11);

INSERT INTO Recipe_Cook (recipe_id, cook_id) VALUES (57, 11);

INSERT INTO Recipe_Cook (recipe_id, cook_id) VALUES (58, 11);

INSERT INTO Recipe_Cook (recipe_id, cook_id) VALUES (59, 11);

INSERT INTO Recipe_Cook (recipe_id, cook_id) VALUES (60, 11);

INSERT INTO Recipe_Cook (recipe_id, cook_id) VALUES (21, 11);

INSERT INTO Recipe_Cook (recipe_id, cook_id) VALUES (22, 11);

INSERT INTO Recipe_Cook (recipe_id, cook_id) VALUES (23, 11);

INSERT INTO Recipe_Cook (recipe_id, cook_id) VALUES (24, 11);

INSERT INTO Recipe_Cook (recipe_id, cook_id) VALUES (25, 11);

INSERT INTO Recipe_Cook (recipe_id, cook_id) VALUES (41, 11);

INSERT INTO Recipe_Cook (recipe_id, cook_id) VALUES (42, 11);

INSERT INTO Recipe_Cook (recipe_id, cook_id) VALUES (43, 11);

INSERT INTO Recipe_Cook (recipe_id, cook_id) VALUES (44, 11);

INSERT INTO Recipe_Cook (recipe_id, cook_id) VALUES (45, 11);

INSERT INTO Cook (user_id, first_name, last_name, phone_number, date_of_birth, years_of_experience, chef_status, image_id) VALUES (12, 'Joshua','Nelson', 3585700869, '1979-02-25', 1, 'C', 340);

INSERT INTO Cook_National_Cuisine (cook_id, national_cuisine_id) VALUES (12, 17);

INSERT INTO Cook_National_Cuisine (cook_id, national_cuisine_id) VALUES (12, 19);

INSERT INTO Cook_National_Cuisine (cook_id, national_cuisine_id) VALUES (12, 18);

INSERT INTO Cook_National_Cuisine (cook_id, national_cuisine_id) VALUES (12, 13);

INSERT INTO Cook_National_Cuisine (cook_id, national_cuisine_id) VALUES (12, 2);

INSERT INTO Cook_National_Cuisine (cook_id, national_cuisine_id) VALUES (12, 12);

INSERT INTO Cook_National_Cuisine (cook_id, national_cuisine_id) VALUES (12, 7);

INSERT INTO Cook_National_Cuisine (cook_id, national_cuisine_id) VALUES (12, 11);

INSERT INTO Cook_National_Cuisine (cook_id, national_cuisine_id) VALUES (12, 10);

INSERT INTO Cook_National_Cuisine (cook_id, national_cuisine_id) VALUES (12, 5);

INSERT INTO Recipe_Cook (recipe_id, cook_id) VALUES (81, 12);

INSERT INTO Recipe_Cook (recipe_id, cook_id) VALUES (82, 12);

INSERT INTO Recipe_Cook (recipe_id, cook_id) VALUES (83, 12);

INSERT INTO Recipe_Cook (recipe_id, cook_id) VALUES (84, 12);

INSERT INTO Recipe_Cook (recipe_id, cook_id) VALUES (85, 12);

INSERT INTO Recipe_Cook (recipe_id, cook_id) VALUES (91, 12);

INSERT INTO Recipe_Cook (recipe_id, cook_id) VALUES (92, 12);

INSERT INTO Recipe_Cook (recipe_id, cook_id) VALUES (93, 12);

INSERT INTO Recipe_Cook (recipe_id, cook_id) VALUES (94, 12);

INSERT INTO Recipe_Cook (recipe_id, cook_id) VALUES (95, 12);

INSERT INTO Recipe_Cook (recipe_id, cook_id) VALUES (86, 12);

INSERT INTO Recipe_Cook (recipe_id, cook_id) VALUES (87, 12);

INSERT INTO Recipe_Cook (recipe_id, cook_id) VALUES (88, 12);

INSERT INTO Recipe_Cook (recipe_id, cook_id) VALUES (89, 12);

INSERT INTO Recipe_Cook (recipe_id, cook_id) VALUES (90, 12);

INSERT INTO Recipe_Cook (recipe_id, cook_id) VALUES (61, 12);

INSERT INTO Recipe_Cook (recipe_id, cook_id) VALUES (62, 12);

INSERT INTO Recipe_Cook (recipe_id, cook_id) VALUES (63, 12);

INSERT INTO Recipe_Cook (recipe_id, cook_id) VALUES (64, 12);

INSERT INTO Recipe_Cook (recipe_id, cook_id) VALUES (65, 12);

INSERT INTO Recipe_Cook (recipe_id, cook_id) VALUES (6, 12);

INSERT INTO Recipe_Cook (recipe_id, cook_id) VALUES (7, 12);

INSERT INTO Recipe_Cook (recipe_id, cook_id) VALUES (8, 12);

INSERT INTO Recipe_Cook (recipe_id, cook_id) VALUES (9, 12);

INSERT INTO Recipe_Cook (recipe_id, cook_id) VALUES (10, 12);

INSERT INTO Recipe_Cook (recipe_id, cook_id) VALUES (56, 12);

INSERT INTO Recipe_Cook (recipe_id, cook_id) VALUES (57, 12);

INSERT INTO Recipe_Cook (recipe_id, cook_id) VALUES (58, 12);

INSERT INTO Recipe_Cook (recipe_id, cook_id) VALUES (59, 12);

INSERT INTO Recipe_Cook (recipe_id, cook_id) VALUES (60, 12);

INSERT INTO Recipe_Cook (recipe_id, cook_id) VALUES (31, 12);

INSERT INTO Recipe_Cook (recipe_id, cook_id) VALUES (32, 12);

INSERT INTO Recipe_Cook (recipe_id, cook_id) VALUES (33, 12);

INSERT INTO Recipe_Cook (recipe_id, cook_id) VALUES (34, 12);

INSERT INTO Recipe_Cook (recipe_id, cook_id) VALUES (35, 12);

INSERT INTO Recipe_Cook (recipe_id, cook_id) VALUES (51, 12);

INSERT INTO Recipe_Cook (recipe_id, cook_id) VALUES (52, 12);

INSERT INTO Recipe_Cook (recipe_id, cook_id) VALUES (53, 12);

INSERT INTO Recipe_Cook (recipe_id, cook_id) VALUES (54, 12);

INSERT INTO Recipe_Cook (recipe_id, cook_id) VALUES (55, 12);

INSERT INTO Recipe_Cook (recipe_id, cook_id) VALUES (46, 12);

INSERT INTO Recipe_Cook (recipe_id, cook_id) VALUES (47, 12);

INSERT INTO Recipe_Cook (recipe_id, cook_id) VALUES (48, 12);

INSERT INTO Recipe_Cook (recipe_id, cook_id) VALUES (49, 12);

INSERT INTO Recipe_Cook (recipe_id, cook_id) VALUES (50, 12);

INSERT INTO Recipe_Cook (recipe_id, cook_id) VALUES (21, 12);

INSERT INTO Recipe_Cook (recipe_id, cook_id) VALUES (22, 12);

INSERT INTO Recipe_Cook (recipe_id, cook_id) VALUES (23, 12);

INSERT INTO Recipe_Cook (recipe_id, cook_id) VALUES (24, 12);

INSERT INTO Recipe_Cook (recipe_id, cook_id) VALUES (25, 12);

INSERT INTO Cook (user_id, first_name, last_name, phone_number, date_of_birth, years_of_experience, chef_status, image_id) VALUES (13, 'Jason','Young', 8125969469, '1971-10-24', 30, 'B', 341);

INSERT INTO Cook_National_Cuisine (cook_id, national_cuisine_id) VALUES (13, 3);

INSERT INTO Cook_National_Cuisine (cook_id, national_cuisine_id) VALUES (13, 6);

INSERT INTO Cook_National_Cuisine (cook_id, national_cuisine_id) VALUES (13, 17);

INSERT INTO Cook_National_Cuisine (cook_id, national_cuisine_id) VALUES (13, 14);

INSERT INTO Cook_National_Cuisine (cook_id, national_cuisine_id) VALUES (13, 4);

INSERT INTO Cook_National_Cuisine (cook_id, national_cuisine_id) VALUES (13, 16);

INSERT INTO Cook_National_Cuisine (cook_id, national_cuisine_id) VALUES (13, 9);

INSERT INTO Cook_National_Cuisine (cook_id, national_cuisine_id) VALUES (13, 18);

INSERT INTO Cook_National_Cuisine (cook_id, national_cuisine_id) VALUES (13, 7);

INSERT INTO Recipe_Cook (recipe_id, cook_id) VALUES (11, 13);

INSERT INTO Recipe_Cook (recipe_id, cook_id) VALUES (12, 13);

INSERT INTO Recipe_Cook (recipe_id, cook_id) VALUES (13, 13);

INSERT INTO Recipe_Cook (recipe_id, cook_id) VALUES (14, 13);

INSERT INTO Recipe_Cook (recipe_id, cook_id) VALUES (15, 13);

INSERT INTO Recipe_Cook (recipe_id, cook_id) VALUES (26, 13);

INSERT INTO Recipe_Cook (recipe_id, cook_id) VALUES (27, 13);

INSERT INTO Recipe_Cook (recipe_id, cook_id) VALUES (28, 13);

INSERT INTO Recipe_Cook (recipe_id, cook_id) VALUES (29, 13);

INSERT INTO Recipe_Cook (recipe_id, cook_id) VALUES (30, 13);

INSERT INTO Recipe_Cook (recipe_id, cook_id) VALUES (81, 13);

INSERT INTO Recipe_Cook (recipe_id, cook_id) VALUES (82, 13);

INSERT INTO Recipe_Cook (recipe_id, cook_id) VALUES (83, 13);

INSERT INTO Recipe_Cook (recipe_id, cook_id) VALUES (84, 13);

INSERT INTO Recipe_Cook (recipe_id, cook_id) VALUES (85, 13);

INSERT INTO Recipe_Cook (recipe_id, cook_id) VALUES (66, 13);

INSERT INTO Recipe_Cook (recipe_id, cook_id) VALUES (67, 13);

INSERT INTO Recipe_Cook (recipe_id, cook_id) VALUES (68, 13);

INSERT INTO Recipe_Cook (recipe_id, cook_id) VALUES (69, 13);

INSERT INTO Recipe_Cook (recipe_id, cook_id) VALUES (70, 13);

INSERT INTO Recipe_Cook (recipe_id, cook_id) VALUES (16, 13);

INSERT INTO Recipe_Cook (recipe_id, cook_id) VALUES (17, 13);

INSERT INTO Recipe_Cook (recipe_id, cook_id) VALUES (18, 13);

INSERT INTO Recipe_Cook (recipe_id, cook_id) VALUES (19, 13);

INSERT INTO Recipe_Cook (recipe_id, cook_id) VALUES (20, 13);

INSERT INTO Recipe_Cook (recipe_id, cook_id) VALUES (76, 13);

INSERT INTO Recipe_Cook (recipe_id, cook_id) VALUES (77, 13);

INSERT INTO Recipe_Cook (recipe_id, cook_id) VALUES (78, 13);

INSERT INTO Recipe_Cook (recipe_id, cook_id) VALUES (79, 13);

INSERT INTO Recipe_Cook (recipe_id, cook_id) VALUES (80, 13);

INSERT INTO Recipe_Cook (recipe_id, cook_id) VALUES (41, 13);

INSERT INTO Recipe_Cook (recipe_id, cook_id) VALUES (42, 13);

INSERT INTO Recipe_Cook (recipe_id, cook_id) VALUES (43, 13);

INSERT INTO Recipe_Cook (recipe_id, cook_id) VALUES (44, 13);

INSERT INTO Recipe_Cook (recipe_id, cook_id) VALUES (45, 13);

INSERT INTO Recipe_Cook (recipe_id, cook_id) VALUES (86, 13);

INSERT INTO Recipe_Cook (recipe_id, cook_id) VALUES (87, 13);

INSERT INTO Recipe_Cook (recipe_id, cook_id) VALUES (88, 13);

INSERT INTO Recipe_Cook (recipe_id, cook_id) VALUES (89, 13);

INSERT INTO Recipe_Cook (recipe_id, cook_id) VALUES (90, 13);

INSERT INTO Recipe_Cook (recipe_id, cook_id) VALUES (31, 13);

INSERT INTO Recipe_Cook (recipe_id, cook_id) VALUES (32, 13);

INSERT INTO Recipe_Cook (recipe_id, cook_id) VALUES (33, 13);

INSERT INTO Recipe_Cook (recipe_id, cook_id) VALUES (34, 13);

INSERT INTO Recipe_Cook (recipe_id, cook_id) VALUES (35, 13);

INSERT INTO Cook (user_id, first_name, last_name, phone_number, date_of_birth, years_of_experience, chef_status, image_id) VALUES (14, 'Megan','Williams', 4924264266, '1967-03-19', 31, 'chef', 342);

INSERT INTO Cook_National_Cuisine (cook_id, national_cuisine_id) VALUES (14, 11);

INSERT INTO Cook_National_Cuisine (cook_id, national_cuisine_id) VALUES (14, 19);

INSERT INTO Cook_National_Cuisine (cook_id, national_cuisine_id) VALUES (14, 13);

INSERT INTO Cook_National_Cuisine (cook_id, national_cuisine_id) VALUES (14, 18);

INSERT INTO Cook_National_Cuisine (cook_id, national_cuisine_id) VALUES (14, 15);

INSERT INTO Cook_National_Cuisine (cook_id, national_cuisine_id) VALUES (14, 12);

INSERT INTO Cook_National_Cuisine (cook_id, national_cuisine_id) VALUES (14, 4);

INSERT INTO Cook_National_Cuisine (cook_id, national_cuisine_id) VALUES (14, 14);

INSERT INTO Cook_National_Cuisine (cook_id, national_cuisine_id) VALUES (14, 16);

INSERT INTO Cook_National_Cuisine (cook_id, national_cuisine_id) VALUES (14, 6);

INSERT INTO Recipe_Cook (recipe_id, cook_id) VALUES (51, 14);

INSERT INTO Recipe_Cook (recipe_id, cook_id) VALUES (52, 14);

INSERT INTO Recipe_Cook (recipe_id, cook_id) VALUES (53, 14);

INSERT INTO Recipe_Cook (recipe_id, cook_id) VALUES (54, 14);

INSERT INTO Recipe_Cook (recipe_id, cook_id) VALUES (55, 14);

INSERT INTO Recipe_Cook (recipe_id, cook_id) VALUES (91, 14);

INSERT INTO Recipe_Cook (recipe_id, cook_id) VALUES (92, 14);

INSERT INTO Recipe_Cook (recipe_id, cook_id) VALUES (93, 14);

INSERT INTO Recipe_Cook (recipe_id, cook_id) VALUES (94, 14);

INSERT INTO Recipe_Cook (recipe_id, cook_id) VALUES (95, 14);

INSERT INTO Recipe_Cook (recipe_id, cook_id) VALUES (61, 14);

INSERT INTO Recipe_Cook (recipe_id, cook_id) VALUES (62, 14);

INSERT INTO Recipe_Cook (recipe_id, cook_id) VALUES (63, 14);

INSERT INTO Recipe_Cook (recipe_id, cook_id) VALUES (64, 14);

INSERT INTO Recipe_Cook (recipe_id, cook_id) VALUES (65, 14);

INSERT INTO Recipe_Cook (recipe_id, cook_id) VALUES (86, 14);

INSERT INTO Recipe_Cook (recipe_id, cook_id) VALUES (87, 14);

INSERT INTO Recipe_Cook (recipe_id, cook_id) VALUES (88, 14);

INSERT INTO Recipe_Cook (recipe_id, cook_id) VALUES (89, 14);

INSERT INTO Recipe_Cook (recipe_id, cook_id) VALUES (90, 14);

INSERT INTO Recipe_Cook (recipe_id, cook_id) VALUES (71, 14);

INSERT INTO Recipe_Cook (recipe_id, cook_id) VALUES (72, 14);

INSERT INTO Recipe_Cook (recipe_id, cook_id) VALUES (73, 14);

INSERT INTO Recipe_Cook (recipe_id, cook_id) VALUES (74, 14);

INSERT INTO Recipe_Cook (recipe_id, cook_id) VALUES (75, 14);

INSERT INTO Recipe_Cook (recipe_id, cook_id) VALUES (56, 14);

INSERT INTO Recipe_Cook (recipe_id, cook_id) VALUES (57, 14);

INSERT INTO Recipe_Cook (recipe_id, cook_id) VALUES (58, 14);

INSERT INTO Recipe_Cook (recipe_id, cook_id) VALUES (59, 14);

INSERT INTO Recipe_Cook (recipe_id, cook_id) VALUES (60, 14);

INSERT INTO Recipe_Cook (recipe_id, cook_id) VALUES (16, 14);

INSERT INTO Recipe_Cook (recipe_id, cook_id) VALUES (17, 14);

INSERT INTO Recipe_Cook (recipe_id, cook_id) VALUES (18, 14);

INSERT INTO Recipe_Cook (recipe_id, cook_id) VALUES (19, 14);

INSERT INTO Recipe_Cook (recipe_id, cook_id) VALUES (20, 14);

INSERT INTO Recipe_Cook (recipe_id, cook_id) VALUES (66, 14);

INSERT INTO Recipe_Cook (recipe_id, cook_id) VALUES (67, 14);

INSERT INTO Recipe_Cook (recipe_id, cook_id) VALUES (68, 14);

INSERT INTO Recipe_Cook (recipe_id, cook_id) VALUES (69, 14);

INSERT INTO Recipe_Cook (recipe_id, cook_id) VALUES (70, 14);

INSERT INTO Recipe_Cook (recipe_id, cook_id) VALUES (76, 14);

INSERT INTO Recipe_Cook (recipe_id, cook_id) VALUES (77, 14);

INSERT INTO Recipe_Cook (recipe_id, cook_id) VALUES (78, 14);

INSERT INTO Recipe_Cook (recipe_id, cook_id) VALUES (79, 14);

INSERT INTO Recipe_Cook (recipe_id, cook_id) VALUES (80, 14);

INSERT INTO Recipe_Cook (recipe_id, cook_id) VALUES (26, 14);

INSERT INTO Recipe_Cook (recipe_id, cook_id) VALUES (27, 14);

INSERT INTO Recipe_Cook (recipe_id, cook_id) VALUES (28, 14);

INSERT INTO Recipe_Cook (recipe_id, cook_id) VALUES (29, 14);

INSERT INTO Recipe_Cook (recipe_id, cook_id) VALUES (30, 14);

INSERT INTO Cook (user_id, first_name, last_name, phone_number, date_of_birth, years_of_experience, chef_status, image_id) VALUES (15, 'Joseph','Campbell', 9423169543, '1996-08-01', 1, 'chef', 343);

INSERT INTO Cook_National_Cuisine (cook_id, national_cuisine_id) VALUES (15, 3);

INSERT INTO Cook_National_Cuisine (cook_id, national_cuisine_id) VALUES (15, 9);

INSERT INTO Cook_National_Cuisine (cook_id, national_cuisine_id) VALUES (15, 19);

INSERT INTO Cook_National_Cuisine (cook_id, national_cuisine_id) VALUES (15, 16);

INSERT INTO Cook_National_Cuisine (cook_id, national_cuisine_id) VALUES (15, 8);

INSERT INTO Cook_National_Cuisine (cook_id, national_cuisine_id) VALUES (15, 2);

INSERT INTO Cook_National_Cuisine (cook_id, national_cuisine_id) VALUES (15, 4);

INSERT INTO Cook_National_Cuisine (cook_id, national_cuisine_id) VALUES (15, 6);

INSERT INTO Cook_National_Cuisine (cook_id, national_cuisine_id) VALUES (15, 1);

INSERT INTO Cook_National_Cuisine (cook_id, national_cuisine_id) VALUES (15, 10);

INSERT INTO Recipe_Cook (recipe_id, cook_id) VALUES (11, 15);

INSERT INTO Recipe_Cook (recipe_id, cook_id) VALUES (12, 15);

INSERT INTO Recipe_Cook (recipe_id, cook_id) VALUES (13, 15);

INSERT INTO Recipe_Cook (recipe_id, cook_id) VALUES (14, 15);

INSERT INTO Recipe_Cook (recipe_id, cook_id) VALUES (15, 15);

INSERT INTO Recipe_Cook (recipe_id, cook_id) VALUES (41, 15);

INSERT INTO Recipe_Cook (recipe_id, cook_id) VALUES (42, 15);

INSERT INTO Recipe_Cook (recipe_id, cook_id) VALUES (43, 15);

INSERT INTO Recipe_Cook (recipe_id, cook_id) VALUES (44, 15);

INSERT INTO Recipe_Cook (recipe_id, cook_id) VALUES (45, 15);

INSERT INTO Recipe_Cook (recipe_id, cook_id) VALUES (91, 15);

INSERT INTO Recipe_Cook (recipe_id, cook_id) VALUES (92, 15);

INSERT INTO Recipe_Cook (recipe_id, cook_id) VALUES (93, 15);

INSERT INTO Recipe_Cook (recipe_id, cook_id) VALUES (94, 15);

INSERT INTO Recipe_Cook (recipe_id, cook_id) VALUES (95, 15);

INSERT INTO Recipe_Cook (recipe_id, cook_id) VALUES (76, 15);

INSERT INTO Recipe_Cook (recipe_id, cook_id) VALUES (77, 15);

INSERT INTO Recipe_Cook (recipe_id, cook_id) VALUES (78, 15);

INSERT INTO Recipe_Cook (recipe_id, cook_id) VALUES (79, 15);

INSERT INTO Recipe_Cook (recipe_id, cook_id) VALUES (80, 15);

INSERT INTO Recipe_Cook (recipe_id, cook_id) VALUES (36, 15);

INSERT INTO Recipe_Cook (recipe_id, cook_id) VALUES (37, 15);

INSERT INTO Recipe_Cook (recipe_id, cook_id) VALUES (38, 15);

INSERT INTO Recipe_Cook (recipe_id, cook_id) VALUES (39, 15);

INSERT INTO Recipe_Cook (recipe_id, cook_id) VALUES (40, 15);

INSERT INTO Recipe_Cook (recipe_id, cook_id) VALUES (6, 15);

INSERT INTO Recipe_Cook (recipe_id, cook_id) VALUES (7, 15);

INSERT INTO Recipe_Cook (recipe_id, cook_id) VALUES (8, 15);

INSERT INTO Recipe_Cook (recipe_id, cook_id) VALUES (9, 15);

INSERT INTO Recipe_Cook (recipe_id, cook_id) VALUES (10, 15);

INSERT INTO Recipe_Cook (recipe_id, cook_id) VALUES (16, 15);

INSERT INTO Recipe_Cook (recipe_id, cook_id) VALUES (17, 15);

INSERT INTO Recipe_Cook (recipe_id, cook_id) VALUES (18, 15);

INSERT INTO Recipe_Cook (recipe_id, cook_id) VALUES (19, 15);

INSERT INTO Recipe_Cook (recipe_id, cook_id) VALUES (20, 15);

INSERT INTO Recipe_Cook (recipe_id, cook_id) VALUES (26, 15);

INSERT INTO Recipe_Cook (recipe_id, cook_id) VALUES (27, 15);

INSERT INTO Recipe_Cook (recipe_id, cook_id) VALUES (28, 15);

INSERT INTO Recipe_Cook (recipe_id, cook_id) VALUES (29, 15);

INSERT INTO Recipe_Cook (recipe_id, cook_id) VALUES (30, 15);

INSERT INTO Recipe_Cook (recipe_id, cook_id) VALUES (1, 15);

INSERT INTO Recipe_Cook (recipe_id, cook_id) VALUES (2, 15);

INSERT INTO Recipe_Cook (recipe_id, cook_id) VALUES (3, 15);

INSERT INTO Recipe_Cook (recipe_id, cook_id) VALUES (4, 15);

INSERT INTO Recipe_Cook (recipe_id, cook_id) VALUES (5, 15);

INSERT INTO Recipe_Cook (recipe_id, cook_id) VALUES (46, 15);

INSERT INTO Recipe_Cook (recipe_id, cook_id) VALUES (47, 15);

INSERT INTO Recipe_Cook (recipe_id, cook_id) VALUES (48, 15);

INSERT INTO Recipe_Cook (recipe_id, cook_id) VALUES (49, 15);

INSERT INTO Recipe_Cook (recipe_id, cook_id) VALUES (50, 15);

INSERT INTO Cook (user_id, first_name, last_name, phone_number, date_of_birth, years_of_experience, chef_status, image_id) VALUES (16, 'Maria','Ramos', 9356426931, '1986-07-19', 17, 'sous chef', 344);

INSERT INTO Cook_National_Cuisine (cook_id, national_cuisine_id) VALUES (16, 12);

INSERT INTO Cook_National_Cuisine (cook_id, national_cuisine_id) VALUES (16, 5);

INSERT INTO Cook_National_Cuisine (cook_id, national_cuisine_id) VALUES (16, 7);

INSERT INTO Cook_National_Cuisine (cook_id, national_cuisine_id) VALUES (16, 3);

INSERT INTO Cook_National_Cuisine (cook_id, national_cuisine_id) VALUES (16, 19);

INSERT INTO Cook_National_Cuisine (cook_id, national_cuisine_id) VALUES (16, 16);

INSERT INTO Cook_National_Cuisine (cook_id, national_cuisine_id) VALUES (16, 2);

INSERT INTO Cook_National_Cuisine (cook_id, national_cuisine_id) VALUES (16, 13);

INSERT INTO Cook_National_Cuisine (cook_id, national_cuisine_id) VALUES (16, 14);

INSERT INTO Cook_National_Cuisine (cook_id, national_cuisine_id) VALUES (16, 20);

INSERT INTO Recipe_Cook (recipe_id, cook_id) VALUES (56, 16);

INSERT INTO Recipe_Cook (recipe_id, cook_id) VALUES (57, 16);

INSERT INTO Recipe_Cook (recipe_id, cook_id) VALUES (58, 16);

INSERT INTO Recipe_Cook (recipe_id, cook_id) VALUES (59, 16);

INSERT INTO Recipe_Cook (recipe_id, cook_id) VALUES (60, 16);

INSERT INTO Recipe_Cook (recipe_id, cook_id) VALUES (21, 16);

INSERT INTO Recipe_Cook (recipe_id, cook_id) VALUES (22, 16);

INSERT INTO Recipe_Cook (recipe_id, cook_id) VALUES (23, 16);

INSERT INTO Recipe_Cook (recipe_id, cook_id) VALUES (24, 16);

INSERT INTO Recipe_Cook (recipe_id, cook_id) VALUES (25, 16);

INSERT INTO Recipe_Cook (recipe_id, cook_id) VALUES (31, 16);

INSERT INTO Recipe_Cook (recipe_id, cook_id) VALUES (32, 16);

INSERT INTO Recipe_Cook (recipe_id, cook_id) VALUES (33, 16);

INSERT INTO Recipe_Cook (recipe_id, cook_id) VALUES (34, 16);

INSERT INTO Recipe_Cook (recipe_id, cook_id) VALUES (35, 16);

INSERT INTO Recipe_Cook (recipe_id, cook_id) VALUES (11, 16);

INSERT INTO Recipe_Cook (recipe_id, cook_id) VALUES (12, 16);

INSERT INTO Recipe_Cook (recipe_id, cook_id) VALUES (13, 16);

INSERT INTO Recipe_Cook (recipe_id, cook_id) VALUES (14, 16);

INSERT INTO Recipe_Cook (recipe_id, cook_id) VALUES (15, 16);

INSERT INTO Recipe_Cook (recipe_id, cook_id) VALUES (91, 16);

INSERT INTO Recipe_Cook (recipe_id, cook_id) VALUES (92, 16);

INSERT INTO Recipe_Cook (recipe_id, cook_id) VALUES (93, 16);

INSERT INTO Recipe_Cook (recipe_id, cook_id) VALUES (94, 16);

INSERT INTO Recipe_Cook (recipe_id, cook_id) VALUES (95, 16);

INSERT INTO Recipe_Cook (recipe_id, cook_id) VALUES (76, 16);

INSERT INTO Recipe_Cook (recipe_id, cook_id) VALUES (77, 16);

INSERT INTO Recipe_Cook (recipe_id, cook_id) VALUES (78, 16);

INSERT INTO Recipe_Cook (recipe_id, cook_id) VALUES (79, 16);

INSERT INTO Recipe_Cook (recipe_id, cook_id) VALUES (80, 16);

INSERT INTO Recipe_Cook (recipe_id, cook_id) VALUES (6, 16);

INSERT INTO Recipe_Cook (recipe_id, cook_id) VALUES (7, 16);

INSERT INTO Recipe_Cook (recipe_id, cook_id) VALUES (8, 16);

INSERT INTO Recipe_Cook (recipe_id, cook_id) VALUES (9, 16);

INSERT INTO Recipe_Cook (recipe_id, cook_id) VALUES (10, 16);

INSERT INTO Recipe_Cook (recipe_id, cook_id) VALUES (61, 16);

INSERT INTO Recipe_Cook (recipe_id, cook_id) VALUES (62, 16);

INSERT INTO Recipe_Cook (recipe_id, cook_id) VALUES (63, 16);

INSERT INTO Recipe_Cook (recipe_id, cook_id) VALUES (64, 16);

INSERT INTO Recipe_Cook (recipe_id, cook_id) VALUES (65, 16);

INSERT INTO Recipe_Cook (recipe_id, cook_id) VALUES (66, 16);

INSERT INTO Recipe_Cook (recipe_id, cook_id) VALUES (67, 16);

INSERT INTO Recipe_Cook (recipe_id, cook_id) VALUES (68, 16);

INSERT INTO Recipe_Cook (recipe_id, cook_id) VALUES (69, 16);

INSERT INTO Recipe_Cook (recipe_id, cook_id) VALUES (70, 16);

INSERT INTO Recipe_Cook (recipe_id, cook_id) VALUES (96, 16);

INSERT INTO Recipe_Cook (recipe_id, cook_id) VALUES (97, 16);

INSERT INTO Recipe_Cook (recipe_id, cook_id) VALUES (98, 16);

INSERT INTO Recipe_Cook (recipe_id, cook_id) VALUES (99, 16);

INSERT INTO Recipe_Cook (recipe_id, cook_id) VALUES (100, 16);

INSERT INTO Cook (user_id, first_name, last_name, phone_number, date_of_birth, years_of_experience, chef_status, image_id) VALUES (17, 'Rachel','Hicks', 6856225749, '1992-08-08', 1, 'C', 345);

INSERT INTO Cook_National_Cuisine (cook_id, national_cuisine_id) VALUES (17, 7);

INSERT INTO Cook_National_Cuisine (cook_id, national_cuisine_id) VALUES (17, 16);

INSERT INTO Cook_National_Cuisine (cook_id, national_cuisine_id) VALUES (17, 11);

INSERT INTO Cook_National_Cuisine (cook_id, national_cuisine_id) VALUES (17, 8);

INSERT INTO Cook_National_Cuisine (cook_id, national_cuisine_id) VALUES (17, 3);

INSERT INTO Cook_National_Cuisine (cook_id, national_cuisine_id) VALUES (17, 6);

INSERT INTO Cook_National_Cuisine (cook_id, national_cuisine_id) VALUES (17, 2);

INSERT INTO Cook_National_Cuisine (cook_id, national_cuisine_id) VALUES (17, 13);

INSERT INTO Cook_National_Cuisine (cook_id, national_cuisine_id) VALUES (17, 19);

INSERT INTO Recipe_Cook (recipe_id, cook_id) VALUES (31, 17);

INSERT INTO Recipe_Cook (recipe_id, cook_id) VALUES (32, 17);

INSERT INTO Recipe_Cook (recipe_id, cook_id) VALUES (33, 17);

INSERT INTO Recipe_Cook (recipe_id, cook_id) VALUES (34, 17);

INSERT INTO Recipe_Cook (recipe_id, cook_id) VALUES (35, 17);

INSERT INTO Recipe_Cook (recipe_id, cook_id) VALUES (76, 17);

INSERT INTO Recipe_Cook (recipe_id, cook_id) VALUES (77, 17);

INSERT INTO Recipe_Cook (recipe_id, cook_id) VALUES (78, 17);

INSERT INTO Recipe_Cook (recipe_id, cook_id) VALUES (79, 17);

INSERT INTO Recipe_Cook (recipe_id, cook_id) VALUES (80, 17);

INSERT INTO Recipe_Cook (recipe_id, cook_id) VALUES (51, 17);

INSERT INTO Recipe_Cook (recipe_id, cook_id) VALUES (52, 17);

INSERT INTO Recipe_Cook (recipe_id, cook_id) VALUES (53, 17);

INSERT INTO Recipe_Cook (recipe_id, cook_id) VALUES (54, 17);

INSERT INTO Recipe_Cook (recipe_id, cook_id) VALUES (55, 17);

INSERT INTO Recipe_Cook (recipe_id, cook_id) VALUES (36, 17);

INSERT INTO Recipe_Cook (recipe_id, cook_id) VALUES (37, 17);

INSERT INTO Recipe_Cook (recipe_id, cook_id) VALUES (38, 17);

INSERT INTO Recipe_Cook (recipe_id, cook_id) VALUES (39, 17);

INSERT INTO Recipe_Cook (recipe_id, cook_id) VALUES (40, 17);

INSERT INTO Recipe_Cook (recipe_id, cook_id) VALUES (11, 17);

INSERT INTO Recipe_Cook (recipe_id, cook_id) VALUES (12, 17);

INSERT INTO Recipe_Cook (recipe_id, cook_id) VALUES (13, 17);

INSERT INTO Recipe_Cook (recipe_id, cook_id) VALUES (14, 17);

INSERT INTO Recipe_Cook (recipe_id, cook_id) VALUES (15, 17);

INSERT INTO Recipe_Cook (recipe_id, cook_id) VALUES (26, 17);

INSERT INTO Recipe_Cook (recipe_id, cook_id) VALUES (27, 17);

INSERT INTO Recipe_Cook (recipe_id, cook_id) VALUES (28, 17);

INSERT INTO Recipe_Cook (recipe_id, cook_id) VALUES (29, 17);

INSERT INTO Recipe_Cook (recipe_id, cook_id) VALUES (30, 17);

INSERT INTO Recipe_Cook (recipe_id, cook_id) VALUES (6, 17);

INSERT INTO Recipe_Cook (recipe_id, cook_id) VALUES (7, 17);

INSERT INTO Recipe_Cook (recipe_id, cook_id) VALUES (8, 17);

INSERT INTO Recipe_Cook (recipe_id, cook_id) VALUES (9, 17);

INSERT INTO Recipe_Cook (recipe_id, cook_id) VALUES (10, 17);

INSERT INTO Recipe_Cook (recipe_id, cook_id) VALUES (61, 17);

INSERT INTO Recipe_Cook (recipe_id, cook_id) VALUES (62, 17);

INSERT INTO Recipe_Cook (recipe_id, cook_id) VALUES (63, 17);

INSERT INTO Recipe_Cook (recipe_id, cook_id) VALUES (64, 17);

INSERT INTO Recipe_Cook (recipe_id, cook_id) VALUES (65, 17);

INSERT INTO Recipe_Cook (recipe_id, cook_id) VALUES (91, 17);

INSERT INTO Recipe_Cook (recipe_id, cook_id) VALUES (92, 17);

INSERT INTO Recipe_Cook (recipe_id, cook_id) VALUES (93, 17);

INSERT INTO Recipe_Cook (recipe_id, cook_id) VALUES (94, 17);

INSERT INTO Recipe_Cook (recipe_id, cook_id) VALUES (95, 17);

INSERT INTO Cook (user_id, first_name, last_name, phone_number, date_of_birth, years_of_experience, chef_status, image_id) VALUES (18, 'Brian','Mathis', 2739445802, '1973-07-27', 10, 'chef', 346);

INSERT INTO Cook_National_Cuisine (cook_id, national_cuisine_id) VALUES (18, 12);

INSERT INTO Cook_National_Cuisine (cook_id, national_cuisine_id) VALUES (18, 13);

INSERT INTO Cook_National_Cuisine (cook_id, national_cuisine_id) VALUES (18, 6);

INSERT INTO Cook_National_Cuisine (cook_id, national_cuisine_id) VALUES (18, 17);

INSERT INTO Cook_National_Cuisine (cook_id, national_cuisine_id) VALUES (18, 9);

INSERT INTO Cook_National_Cuisine (cook_id, national_cuisine_id) VALUES (18, 20);

INSERT INTO Cook_National_Cuisine (cook_id, national_cuisine_id) VALUES (18, 18);

INSERT INTO Cook_National_Cuisine (cook_id, national_cuisine_id) VALUES (18, 16);

INSERT INTO Recipe_Cook (recipe_id, cook_id) VALUES (56, 18);

INSERT INTO Recipe_Cook (recipe_id, cook_id) VALUES (57, 18);

INSERT INTO Recipe_Cook (recipe_id, cook_id) VALUES (58, 18);

INSERT INTO Recipe_Cook (recipe_id, cook_id) VALUES (59, 18);

INSERT INTO Recipe_Cook (recipe_id, cook_id) VALUES (60, 18);

INSERT INTO Recipe_Cook (recipe_id, cook_id) VALUES (61, 18);

INSERT INTO Recipe_Cook (recipe_id, cook_id) VALUES (62, 18);

INSERT INTO Recipe_Cook (recipe_id, cook_id) VALUES (63, 18);

INSERT INTO Recipe_Cook (recipe_id, cook_id) VALUES (64, 18);

INSERT INTO Recipe_Cook (recipe_id, cook_id) VALUES (65, 18);

INSERT INTO Recipe_Cook (recipe_id, cook_id) VALUES (26, 18);

INSERT INTO Recipe_Cook (recipe_id, cook_id) VALUES (27, 18);

INSERT INTO Recipe_Cook (recipe_id, cook_id) VALUES (28, 18);

INSERT INTO Recipe_Cook (recipe_id, cook_id) VALUES (29, 18);

INSERT INTO Recipe_Cook (recipe_id, cook_id) VALUES (30, 18);

INSERT INTO Recipe_Cook (recipe_id, cook_id) VALUES (81, 18);

INSERT INTO Recipe_Cook (recipe_id, cook_id) VALUES (82, 18);

INSERT INTO Recipe_Cook (recipe_id, cook_id) VALUES (83, 18);

INSERT INTO Recipe_Cook (recipe_id, cook_id) VALUES (84, 18);

INSERT INTO Recipe_Cook (recipe_id, cook_id) VALUES (85, 18);

INSERT INTO Recipe_Cook (recipe_id, cook_id) VALUES (41, 18);

INSERT INTO Recipe_Cook (recipe_id, cook_id) VALUES (42, 18);

INSERT INTO Recipe_Cook (recipe_id, cook_id) VALUES (43, 18);

INSERT INTO Recipe_Cook (recipe_id, cook_id) VALUES (44, 18);

INSERT INTO Recipe_Cook (recipe_id, cook_id) VALUES (45, 18);

INSERT INTO Recipe_Cook (recipe_id, cook_id) VALUES (96, 18);

INSERT INTO Recipe_Cook (recipe_id, cook_id) VALUES (97, 18);

INSERT INTO Recipe_Cook (recipe_id, cook_id) VALUES (98, 18);

INSERT INTO Recipe_Cook (recipe_id, cook_id) VALUES (99, 18);

INSERT INTO Recipe_Cook (recipe_id, cook_id) VALUES (100, 18);

INSERT INTO Recipe_Cook (recipe_id, cook_id) VALUES (86, 18);

INSERT INTO Recipe_Cook (recipe_id, cook_id) VALUES (87, 18);

INSERT INTO Recipe_Cook (recipe_id, cook_id) VALUES (88, 18);

INSERT INTO Recipe_Cook (recipe_id, cook_id) VALUES (89, 18);

INSERT INTO Recipe_Cook (recipe_id, cook_id) VALUES (90, 18);

INSERT INTO Recipe_Cook (recipe_id, cook_id) VALUES (76, 18);

INSERT INTO Recipe_Cook (recipe_id, cook_id) VALUES (77, 18);

INSERT INTO Recipe_Cook (recipe_id, cook_id) VALUES (78, 18);

INSERT INTO Recipe_Cook (recipe_id, cook_id) VALUES (79, 18);

INSERT INTO Recipe_Cook (recipe_id, cook_id) VALUES (80, 18);

INSERT INTO Cook (user_id, first_name, last_name, phone_number, date_of_birth, years_of_experience, chef_status, image_id) VALUES (19, 'Richard','Kelley', 7134523858, '1996-12-09', 5, 'C', 347);

INSERT INTO Cook_National_Cuisine (cook_id, national_cuisine_id) VALUES (19, 7);

INSERT INTO Cook_National_Cuisine (cook_id, national_cuisine_id) VALUES (19, 17);

INSERT INTO Cook_National_Cuisine (cook_id, national_cuisine_id) VALUES (19, 8);

INSERT INTO Cook_National_Cuisine (cook_id, national_cuisine_id) VALUES (19, 3);

INSERT INTO Cook_National_Cuisine (cook_id, national_cuisine_id) VALUES (19, 18);

INSERT INTO Recipe_Cook (recipe_id, cook_id) VALUES (31, 19);

INSERT INTO Recipe_Cook (recipe_id, cook_id) VALUES (32, 19);

INSERT INTO Recipe_Cook (recipe_id, cook_id) VALUES (33, 19);

INSERT INTO Recipe_Cook (recipe_id, cook_id) VALUES (34, 19);

INSERT INTO Recipe_Cook (recipe_id, cook_id) VALUES (35, 19);

INSERT INTO Recipe_Cook (recipe_id, cook_id) VALUES (81, 19);

INSERT INTO Recipe_Cook (recipe_id, cook_id) VALUES (82, 19);

INSERT INTO Recipe_Cook (recipe_id, cook_id) VALUES (83, 19);

INSERT INTO Recipe_Cook (recipe_id, cook_id) VALUES (84, 19);

INSERT INTO Recipe_Cook (recipe_id, cook_id) VALUES (85, 19);

INSERT INTO Recipe_Cook (recipe_id, cook_id) VALUES (36, 19);

INSERT INTO Recipe_Cook (recipe_id, cook_id) VALUES (37, 19);

INSERT INTO Recipe_Cook (recipe_id, cook_id) VALUES (38, 19);

INSERT INTO Recipe_Cook (recipe_id, cook_id) VALUES (39, 19);

INSERT INTO Recipe_Cook (recipe_id, cook_id) VALUES (40, 19);

INSERT INTO Recipe_Cook (recipe_id, cook_id) VALUES (11, 19);

INSERT INTO Recipe_Cook (recipe_id, cook_id) VALUES (12, 19);

INSERT INTO Recipe_Cook (recipe_id, cook_id) VALUES (13, 19);

INSERT INTO Recipe_Cook (recipe_id, cook_id) VALUES (14, 19);

INSERT INTO Recipe_Cook (recipe_id, cook_id) VALUES (15, 19);

INSERT INTO Recipe_Cook (recipe_id, cook_id) VALUES (86, 19);

INSERT INTO Recipe_Cook (recipe_id, cook_id) VALUES (87, 19);

INSERT INTO Recipe_Cook (recipe_id, cook_id) VALUES (88, 19);

INSERT INTO Recipe_Cook (recipe_id, cook_id) VALUES (89, 19);

INSERT INTO Recipe_Cook (recipe_id, cook_id) VALUES (90, 19);

INSERT INTO Cook (user_id, first_name, last_name, phone_number, date_of_birth, years_of_experience, chef_status, image_id) VALUES (20, 'Michelle','Guerrero', 8707636178, '1967-09-14', 18, 'sous chef', 348);

INSERT INTO Cook_National_Cuisine (cook_id, national_cuisine_id) VALUES (20, 7);

INSERT INTO Cook_National_Cuisine (cook_id, national_cuisine_id) VALUES (20, 10);

INSERT INTO Cook_National_Cuisine (cook_id, national_cuisine_id) VALUES (20, 3);

INSERT INTO Cook_National_Cuisine (cook_id, national_cuisine_id) VALUES (20, 6);

INSERT INTO Cook_National_Cuisine (cook_id, national_cuisine_id) VALUES (20, 2);

INSERT INTO Cook_National_Cuisine (cook_id, national_cuisine_id) VALUES (20, 20);

INSERT INTO Cook_National_Cuisine (cook_id, national_cuisine_id) VALUES (20, 1);

INSERT INTO Cook_National_Cuisine (cook_id, national_cuisine_id) VALUES (20, 5);

INSERT INTO Cook_National_Cuisine (cook_id, national_cuisine_id) VALUES (20, 16);

INSERT INTO Recipe_Cook (recipe_id, cook_id) VALUES (31, 20);

INSERT INTO Recipe_Cook (recipe_id, cook_id) VALUES (32, 20);

INSERT INTO Recipe_Cook (recipe_id, cook_id) VALUES (33, 20);

INSERT INTO Recipe_Cook (recipe_id, cook_id) VALUES (34, 20);

INSERT INTO Recipe_Cook (recipe_id, cook_id) VALUES (35, 20);

INSERT INTO Recipe_Cook (recipe_id, cook_id) VALUES (46, 20);

INSERT INTO Recipe_Cook (recipe_id, cook_id) VALUES (47, 20);

INSERT INTO Recipe_Cook (recipe_id, cook_id) VALUES (48, 20);

INSERT INTO Recipe_Cook (recipe_id, cook_id) VALUES (49, 20);

INSERT INTO Recipe_Cook (recipe_id, cook_id) VALUES (50, 20);

INSERT INTO Recipe_Cook (recipe_id, cook_id) VALUES (11, 20);

INSERT INTO Recipe_Cook (recipe_id, cook_id) VALUES (12, 20);

INSERT INTO Recipe_Cook (recipe_id, cook_id) VALUES (13, 20);

INSERT INTO Recipe_Cook (recipe_id, cook_id) VALUES (14, 20);

INSERT INTO Recipe_Cook (recipe_id, cook_id) VALUES (15, 20);

INSERT INTO Recipe_Cook (recipe_id, cook_id) VALUES (26, 20);

INSERT INTO Recipe_Cook (recipe_id, cook_id) VALUES (27, 20);

INSERT INTO Recipe_Cook (recipe_id, cook_id) VALUES (28, 20);

INSERT INTO Recipe_Cook (recipe_id, cook_id) VALUES (29, 20);

INSERT INTO Recipe_Cook (recipe_id, cook_id) VALUES (30, 20);

INSERT INTO Recipe_Cook (recipe_id, cook_id) VALUES (6, 20);

INSERT INTO Recipe_Cook (recipe_id, cook_id) VALUES (7, 20);

INSERT INTO Recipe_Cook (recipe_id, cook_id) VALUES (8, 20);

INSERT INTO Recipe_Cook (recipe_id, cook_id) VALUES (9, 20);

INSERT INTO Recipe_Cook (recipe_id, cook_id) VALUES (10, 20);

INSERT INTO Recipe_Cook (recipe_id, cook_id) VALUES (96, 20);

INSERT INTO Recipe_Cook (recipe_id, cook_id) VALUES (97, 20);

INSERT INTO Recipe_Cook (recipe_id, cook_id) VALUES (98, 20);

INSERT INTO Recipe_Cook (recipe_id, cook_id) VALUES (99, 20);

INSERT INTO Recipe_Cook (recipe_id, cook_id) VALUES (100, 20);

INSERT INTO Recipe_Cook (recipe_id, cook_id) VALUES (1, 20);

INSERT INTO Recipe_Cook (recipe_id, cook_id) VALUES (2, 20);

INSERT INTO Recipe_Cook (recipe_id, cook_id) VALUES (3, 20);

INSERT INTO Recipe_Cook (recipe_id, cook_id) VALUES (4, 20);

INSERT INTO Recipe_Cook (recipe_id, cook_id) VALUES (5, 20);

INSERT INTO Recipe_Cook (recipe_id, cook_id) VALUES (21, 20);

INSERT INTO Recipe_Cook (recipe_id, cook_id) VALUES (22, 20);

INSERT INTO Recipe_Cook (recipe_id, cook_id) VALUES (23, 20);

INSERT INTO Recipe_Cook (recipe_id, cook_id) VALUES (24, 20);

INSERT INTO Recipe_Cook (recipe_id, cook_id) VALUES (25, 20);

INSERT INTO Recipe_Cook (recipe_id, cook_id) VALUES (76, 20);

INSERT INTO Recipe_Cook (recipe_id, cook_id) VALUES (77, 20);

INSERT INTO Recipe_Cook (recipe_id, cook_id) VALUES (78, 20);

INSERT INTO Recipe_Cook (recipe_id, cook_id) VALUES (79, 20);

INSERT INTO Recipe_Cook (recipe_id, cook_id) VALUES (80, 20);

INSERT INTO Cook (user_id, first_name, last_name, phone_number, date_of_birth, years_of_experience, chef_status, image_id) VALUES (21, 'Kristy','Graham', 6283043185, '1973-04-19', 13, 'chef', 349);

INSERT INTO Cook_National_Cuisine (cook_id, national_cuisine_id) VALUES (21, 15);

INSERT INTO Cook_National_Cuisine (cook_id, national_cuisine_id) VALUES (21, 10);

INSERT INTO Cook_National_Cuisine (cook_id, national_cuisine_id) VALUES (21, 16);

INSERT INTO Cook_National_Cuisine (cook_id, national_cuisine_id) VALUES (21, 20);

INSERT INTO Cook_National_Cuisine (cook_id, national_cuisine_id) VALUES (21, 8);

INSERT INTO Cook_National_Cuisine (cook_id, national_cuisine_id) VALUES (21, 4);

INSERT INTO Cook_National_Cuisine (cook_id, national_cuisine_id) VALUES (21, 1);

INSERT INTO Recipe_Cook (recipe_id, cook_id) VALUES (71, 21);

INSERT INTO Recipe_Cook (recipe_id, cook_id) VALUES (72, 21);

INSERT INTO Recipe_Cook (recipe_id, cook_id) VALUES (73, 21);

INSERT INTO Recipe_Cook (recipe_id, cook_id) VALUES (74, 21);

INSERT INTO Recipe_Cook (recipe_id, cook_id) VALUES (75, 21);

INSERT INTO Recipe_Cook (recipe_id, cook_id) VALUES (46, 21);

INSERT INTO Recipe_Cook (recipe_id, cook_id) VALUES (47, 21);

INSERT INTO Recipe_Cook (recipe_id, cook_id) VALUES (48, 21);

INSERT INTO Recipe_Cook (recipe_id, cook_id) VALUES (49, 21);

INSERT INTO Recipe_Cook (recipe_id, cook_id) VALUES (50, 21);

INSERT INTO Recipe_Cook (recipe_id, cook_id) VALUES (76, 21);

INSERT INTO Recipe_Cook (recipe_id, cook_id) VALUES (77, 21);

INSERT INTO Recipe_Cook (recipe_id, cook_id) VALUES (78, 21);

INSERT INTO Recipe_Cook (recipe_id, cook_id) VALUES (79, 21);

INSERT INTO Recipe_Cook (recipe_id, cook_id) VALUES (80, 21);

INSERT INTO Recipe_Cook (recipe_id, cook_id) VALUES (96, 21);

INSERT INTO Recipe_Cook (recipe_id, cook_id) VALUES (97, 21);

INSERT INTO Recipe_Cook (recipe_id, cook_id) VALUES (98, 21);

INSERT INTO Recipe_Cook (recipe_id, cook_id) VALUES (99, 21);

INSERT INTO Recipe_Cook (recipe_id, cook_id) VALUES (100, 21);

INSERT INTO Recipe_Cook (recipe_id, cook_id) VALUES (36, 21);

INSERT INTO Recipe_Cook (recipe_id, cook_id) VALUES (37, 21);

INSERT INTO Recipe_Cook (recipe_id, cook_id) VALUES (38, 21);

INSERT INTO Recipe_Cook (recipe_id, cook_id) VALUES (39, 21);

INSERT INTO Recipe_Cook (recipe_id, cook_id) VALUES (40, 21);

INSERT INTO Recipe_Cook (recipe_id, cook_id) VALUES (16, 21);

INSERT INTO Recipe_Cook (recipe_id, cook_id) VALUES (17, 21);

INSERT INTO Recipe_Cook (recipe_id, cook_id) VALUES (18, 21);

INSERT INTO Recipe_Cook (recipe_id, cook_id) VALUES (19, 21);

INSERT INTO Recipe_Cook (recipe_id, cook_id) VALUES (20, 21);

INSERT INTO Recipe_Cook (recipe_id, cook_id) VALUES (1, 21);

INSERT INTO Recipe_Cook (recipe_id, cook_id) VALUES (2, 21);

INSERT INTO Recipe_Cook (recipe_id, cook_id) VALUES (3, 21);

INSERT INTO Recipe_Cook (recipe_id, cook_id) VALUES (4, 21);

INSERT INTO Recipe_Cook (recipe_id, cook_id) VALUES (5, 21);

INSERT INTO Cook (user_id, first_name, last_name, phone_number, date_of_birth, years_of_experience, chef_status, image_id) VALUES (22, 'Brittany','Vargas', 1081456920, '1992-06-23', 8, 'A', 350);

INSERT INTO Cook_National_Cuisine (cook_id, national_cuisine_id) VALUES (22, 10);

INSERT INTO Cook_National_Cuisine (cook_id, national_cuisine_id) VALUES (22, 13);

INSERT INTO Cook_National_Cuisine (cook_id, national_cuisine_id) VALUES (22, 9);

INSERT INTO Cook_National_Cuisine (cook_id, national_cuisine_id) VALUES (22, 15);

INSERT INTO Cook_National_Cuisine (cook_id, national_cuisine_id) VALUES (22, 1);

INSERT INTO Cook_National_Cuisine (cook_id, national_cuisine_id) VALUES (22, 5);

INSERT INTO Cook_National_Cuisine (cook_id, national_cuisine_id) VALUES (22, 3);

INSERT INTO Cook_National_Cuisine (cook_id, national_cuisine_id) VALUES (22, 20);

INSERT INTO Cook_National_Cuisine (cook_id, national_cuisine_id) VALUES (22, 7);

INSERT INTO Cook_National_Cuisine (cook_id, national_cuisine_id) VALUES (22, 12);

INSERT INTO Recipe_Cook (recipe_id, cook_id) VALUES (46, 22);

INSERT INTO Recipe_Cook (recipe_id, cook_id) VALUES (47, 22);

INSERT INTO Recipe_Cook (recipe_id, cook_id) VALUES (48, 22);

INSERT INTO Recipe_Cook (recipe_id, cook_id) VALUES (49, 22);

INSERT INTO Recipe_Cook (recipe_id, cook_id) VALUES (50, 22);

INSERT INTO Recipe_Cook (recipe_id, cook_id) VALUES (61, 22);

INSERT INTO Recipe_Cook (recipe_id, cook_id) VALUES (62, 22);

INSERT INTO Recipe_Cook (recipe_id, cook_id) VALUES (63, 22);

INSERT INTO Recipe_Cook (recipe_id, cook_id) VALUES (64, 22);

INSERT INTO Recipe_Cook (recipe_id, cook_id) VALUES (65, 22);

INSERT INTO Recipe_Cook (recipe_id, cook_id) VALUES (41, 22);

INSERT INTO Recipe_Cook (recipe_id, cook_id) VALUES (42, 22);

INSERT INTO Recipe_Cook (recipe_id, cook_id) VALUES (43, 22);

INSERT INTO Recipe_Cook (recipe_id, cook_id) VALUES (44, 22);

INSERT INTO Recipe_Cook (recipe_id, cook_id) VALUES (45, 22);

INSERT INTO Recipe_Cook (recipe_id, cook_id) VALUES (71, 22);

INSERT INTO Recipe_Cook (recipe_id, cook_id) VALUES (72, 22);

INSERT INTO Recipe_Cook (recipe_id, cook_id) VALUES (73, 22);

INSERT INTO Recipe_Cook (recipe_id, cook_id) VALUES (74, 22);

INSERT INTO Recipe_Cook (recipe_id, cook_id) VALUES (75, 22);

INSERT INTO Recipe_Cook (recipe_id, cook_id) VALUES (1, 22);

INSERT INTO Recipe_Cook (recipe_id, cook_id) VALUES (2, 22);

INSERT INTO Recipe_Cook (recipe_id, cook_id) VALUES (3, 22);

INSERT INTO Recipe_Cook (recipe_id, cook_id) VALUES (4, 22);

INSERT INTO Recipe_Cook (recipe_id, cook_id) VALUES (5, 22);

INSERT INTO Recipe_Cook (recipe_id, cook_id) VALUES (21, 22);

INSERT INTO Recipe_Cook (recipe_id, cook_id) VALUES (22, 22);

INSERT INTO Recipe_Cook (recipe_id, cook_id) VALUES (23, 22);

INSERT INTO Recipe_Cook (recipe_id, cook_id) VALUES (24, 22);

INSERT INTO Recipe_Cook (recipe_id, cook_id) VALUES (25, 22);

INSERT INTO Recipe_Cook (recipe_id, cook_id) VALUES (11, 22);

INSERT INTO Recipe_Cook (recipe_id, cook_id) VALUES (12, 22);

INSERT INTO Recipe_Cook (recipe_id, cook_id) VALUES (13, 22);

INSERT INTO Recipe_Cook (recipe_id, cook_id) VALUES (14, 22);

INSERT INTO Recipe_Cook (recipe_id, cook_id) VALUES (15, 22);

INSERT INTO Recipe_Cook (recipe_id, cook_id) VALUES (96, 22);

INSERT INTO Recipe_Cook (recipe_id, cook_id) VALUES (97, 22);

INSERT INTO Recipe_Cook (recipe_id, cook_id) VALUES (98, 22);

INSERT INTO Recipe_Cook (recipe_id, cook_id) VALUES (99, 22);

INSERT INTO Recipe_Cook (recipe_id, cook_id) VALUES (100, 22);

INSERT INTO Recipe_Cook (recipe_id, cook_id) VALUES (31, 22);

INSERT INTO Recipe_Cook (recipe_id, cook_id) VALUES (32, 22);

INSERT INTO Recipe_Cook (recipe_id, cook_id) VALUES (33, 22);

INSERT INTO Recipe_Cook (recipe_id, cook_id) VALUES (34, 22);

INSERT INTO Recipe_Cook (recipe_id, cook_id) VALUES (35, 22);

INSERT INTO Recipe_Cook (recipe_id, cook_id) VALUES (56, 22);

INSERT INTO Recipe_Cook (recipe_id, cook_id) VALUES (57, 22);

INSERT INTO Recipe_Cook (recipe_id, cook_id) VALUES (58, 22);

INSERT INTO Recipe_Cook (recipe_id, cook_id) VALUES (59, 22);

INSERT INTO Recipe_Cook (recipe_id, cook_id) VALUES (60, 22);

INSERT INTO Cook (user_id, first_name, last_name, phone_number, date_of_birth, years_of_experience, chef_status, image_id) VALUES (23, 'Yvonne','Fuller', 3293239749, '1994-12-26', 8, 'A', 351);

INSERT INTO Cook_National_Cuisine (cook_id, national_cuisine_id) VALUES (23, 13);

INSERT INTO Cook_National_Cuisine (cook_id, national_cuisine_id) VALUES (23, 11);

INSERT INTO Cook_National_Cuisine (cook_id, national_cuisine_id) VALUES (23, 19);

INSERT INTO Cook_National_Cuisine (cook_id, national_cuisine_id) VALUES (23, 8);

INSERT INTO Cook_National_Cuisine (cook_id, national_cuisine_id) VALUES (23, 4);

INSERT INTO Recipe_Cook (recipe_id, cook_id) VALUES (61, 23);

INSERT INTO Recipe_Cook (recipe_id, cook_id) VALUES (62, 23);

INSERT INTO Recipe_Cook (recipe_id, cook_id) VALUES (63, 23);

INSERT INTO Recipe_Cook (recipe_id, cook_id) VALUES (64, 23);

INSERT INTO Recipe_Cook (recipe_id, cook_id) VALUES (65, 23);

INSERT INTO Recipe_Cook (recipe_id, cook_id) VALUES (51, 23);

INSERT INTO Recipe_Cook (recipe_id, cook_id) VALUES (52, 23);

INSERT INTO Recipe_Cook (recipe_id, cook_id) VALUES (53, 23);

INSERT INTO Recipe_Cook (recipe_id, cook_id) VALUES (54, 23);

INSERT INTO Recipe_Cook (recipe_id, cook_id) VALUES (55, 23);

INSERT INTO Recipe_Cook (recipe_id, cook_id) VALUES (91, 23);

INSERT INTO Recipe_Cook (recipe_id, cook_id) VALUES (92, 23);

INSERT INTO Recipe_Cook (recipe_id, cook_id) VALUES (93, 23);

INSERT INTO Recipe_Cook (recipe_id, cook_id) VALUES (94, 23);

INSERT INTO Recipe_Cook (recipe_id, cook_id) VALUES (95, 23);

INSERT INTO Recipe_Cook (recipe_id, cook_id) VALUES (36, 23);

INSERT INTO Recipe_Cook (recipe_id, cook_id) VALUES (37, 23);

INSERT INTO Recipe_Cook (recipe_id, cook_id) VALUES (38, 23);

INSERT INTO Recipe_Cook (recipe_id, cook_id) VALUES (39, 23);

INSERT INTO Recipe_Cook (recipe_id, cook_id) VALUES (40, 23);

INSERT INTO Recipe_Cook (recipe_id, cook_id) VALUES (16, 23);

INSERT INTO Recipe_Cook (recipe_id, cook_id) VALUES (17, 23);

INSERT INTO Recipe_Cook (recipe_id, cook_id) VALUES (18, 23);

INSERT INTO Recipe_Cook (recipe_id, cook_id) VALUES (19, 23);

INSERT INTO Recipe_Cook (recipe_id, cook_id) VALUES (20, 23);

INSERT INTO Cook (user_id, first_name, last_name, phone_number, date_of_birth, years_of_experience, chef_status, image_id) VALUES (24, 'Nathaniel','Patrick', 3362900875, '1973-02-03', 17, 'chef', 352);

INSERT INTO Cook_National_Cuisine (cook_id, national_cuisine_id) VALUES (24, 19);

INSERT INTO Cook_National_Cuisine (cook_id, national_cuisine_id) VALUES (24, 4);

INSERT INTO Cook_National_Cuisine (cook_id, national_cuisine_id) VALUES (24, 7);

INSERT INTO Cook_National_Cuisine (cook_id, national_cuisine_id) VALUES (24, 1);

INSERT INTO Cook_National_Cuisine (cook_id, national_cuisine_id) VALUES (24, 12);

INSERT INTO Cook_National_Cuisine (cook_id, national_cuisine_id) VALUES (24, 15);

INSERT INTO Cook_National_Cuisine (cook_id, national_cuisine_id) VALUES (24, 9);

INSERT INTO Cook_National_Cuisine (cook_id, national_cuisine_id) VALUES (24, 17);

INSERT INTO Cook_National_Cuisine (cook_id, national_cuisine_id) VALUES (24, 2);

INSERT INTO Cook_National_Cuisine (cook_id, national_cuisine_id) VALUES (24, 13);

INSERT INTO Recipe_Cook (recipe_id, cook_id) VALUES (91, 24);

INSERT INTO Recipe_Cook (recipe_id, cook_id) VALUES (92, 24);

INSERT INTO Recipe_Cook (recipe_id, cook_id) VALUES (93, 24);

INSERT INTO Recipe_Cook (recipe_id, cook_id) VALUES (94, 24);

INSERT INTO Recipe_Cook (recipe_id, cook_id) VALUES (95, 24);

INSERT INTO Recipe_Cook (recipe_id, cook_id) VALUES (16, 24);

INSERT INTO Recipe_Cook (recipe_id, cook_id) VALUES (17, 24);

INSERT INTO Recipe_Cook (recipe_id, cook_id) VALUES (18, 24);

INSERT INTO Recipe_Cook (recipe_id, cook_id) VALUES (19, 24);

INSERT INTO Recipe_Cook (recipe_id, cook_id) VALUES (20, 24);

INSERT INTO Recipe_Cook (recipe_id, cook_id) VALUES (31, 24);

INSERT INTO Recipe_Cook (recipe_id, cook_id) VALUES (32, 24);

INSERT INTO Recipe_Cook (recipe_id, cook_id) VALUES (33, 24);

INSERT INTO Recipe_Cook (recipe_id, cook_id) VALUES (34, 24);

INSERT INTO Recipe_Cook (recipe_id, cook_id) VALUES (35, 24);

INSERT INTO Recipe_Cook (recipe_id, cook_id) VALUES (1, 24);

INSERT INTO Recipe_Cook (recipe_id, cook_id) VALUES (2, 24);

INSERT INTO Recipe_Cook (recipe_id, cook_id) VALUES (3, 24);

INSERT INTO Recipe_Cook (recipe_id, cook_id) VALUES (4, 24);

INSERT INTO Recipe_Cook (recipe_id, cook_id) VALUES (5, 24);

INSERT INTO Recipe_Cook (recipe_id, cook_id) VALUES (56, 24);

INSERT INTO Recipe_Cook (recipe_id, cook_id) VALUES (57, 24);

INSERT INTO Recipe_Cook (recipe_id, cook_id) VALUES (58, 24);

INSERT INTO Recipe_Cook (recipe_id, cook_id) VALUES (59, 24);

INSERT INTO Recipe_Cook (recipe_id, cook_id) VALUES (60, 24);

INSERT INTO Recipe_Cook (recipe_id, cook_id) VALUES (71, 24);

INSERT INTO Recipe_Cook (recipe_id, cook_id) VALUES (72, 24);

INSERT INTO Recipe_Cook (recipe_id, cook_id) VALUES (73, 24);

INSERT INTO Recipe_Cook (recipe_id, cook_id) VALUES (74, 24);

INSERT INTO Recipe_Cook (recipe_id, cook_id) VALUES (75, 24);

INSERT INTO Recipe_Cook (recipe_id, cook_id) VALUES (41, 24);

INSERT INTO Recipe_Cook (recipe_id, cook_id) VALUES (42, 24);

INSERT INTO Recipe_Cook (recipe_id, cook_id) VALUES (43, 24);

INSERT INTO Recipe_Cook (recipe_id, cook_id) VALUES (44, 24);

INSERT INTO Recipe_Cook (recipe_id, cook_id) VALUES (45, 24);

INSERT INTO Recipe_Cook (recipe_id, cook_id) VALUES (81, 24);

INSERT INTO Recipe_Cook (recipe_id, cook_id) VALUES (82, 24);

INSERT INTO Recipe_Cook (recipe_id, cook_id) VALUES (83, 24);

INSERT INTO Recipe_Cook (recipe_id, cook_id) VALUES (84, 24);

INSERT INTO Recipe_Cook (recipe_id, cook_id) VALUES (85, 24);

INSERT INTO Recipe_Cook (recipe_id, cook_id) VALUES (6, 24);

INSERT INTO Recipe_Cook (recipe_id, cook_id) VALUES (7, 24);

INSERT INTO Recipe_Cook (recipe_id, cook_id) VALUES (8, 24);

INSERT INTO Recipe_Cook (recipe_id, cook_id) VALUES (9, 24);

INSERT INTO Recipe_Cook (recipe_id, cook_id) VALUES (10, 24);

INSERT INTO Recipe_Cook (recipe_id, cook_id) VALUES (61, 24);

INSERT INTO Recipe_Cook (recipe_id, cook_id) VALUES (62, 24);

INSERT INTO Recipe_Cook (recipe_id, cook_id) VALUES (63, 24);

INSERT INTO Recipe_Cook (recipe_id, cook_id) VALUES (64, 24);

INSERT INTO Recipe_Cook (recipe_id, cook_id) VALUES (65, 24);

INSERT INTO Cook (user_id, first_name, last_name, phone_number, date_of_birth, years_of_experience, chef_status, image_id) VALUES (25, 'Melvin','Smith', 6074852183, '2000-03-09', 4, 'A', 353);

INSERT INTO Cook_National_Cuisine (cook_id, national_cuisine_id) VALUES (25, 15);

INSERT INTO Cook_National_Cuisine (cook_id, national_cuisine_id) VALUES (25, 3);

INSERT INTO Cook_National_Cuisine (cook_id, national_cuisine_id) VALUES (25, 19);

INSERT INTO Cook_National_Cuisine (cook_id, national_cuisine_id) VALUES (25, 2);

INSERT INTO Cook_National_Cuisine (cook_id, national_cuisine_id) VALUES (25, 4);

INSERT INTO Cook_National_Cuisine (cook_id, national_cuisine_id) VALUES (25, 10);

INSERT INTO Cook_National_Cuisine (cook_id, national_cuisine_id) VALUES (25, 8);

INSERT INTO Cook_National_Cuisine (cook_id, national_cuisine_id) VALUES (25, 7);

INSERT INTO Recipe_Cook (recipe_id, cook_id) VALUES (71, 25);

INSERT INTO Recipe_Cook (recipe_id, cook_id) VALUES (72, 25);

INSERT INTO Recipe_Cook (recipe_id, cook_id) VALUES (73, 25);

INSERT INTO Recipe_Cook (recipe_id, cook_id) VALUES (74, 25);

INSERT INTO Recipe_Cook (recipe_id, cook_id) VALUES (75, 25);

INSERT INTO Recipe_Cook (recipe_id, cook_id) VALUES (11, 25);

INSERT INTO Recipe_Cook (recipe_id, cook_id) VALUES (12, 25);

INSERT INTO Recipe_Cook (recipe_id, cook_id) VALUES (13, 25);

INSERT INTO Recipe_Cook (recipe_id, cook_id) VALUES (14, 25);

INSERT INTO Recipe_Cook (recipe_id, cook_id) VALUES (15, 25);

INSERT INTO Recipe_Cook (recipe_id, cook_id) VALUES (91, 25);

INSERT INTO Recipe_Cook (recipe_id, cook_id) VALUES (92, 25);

INSERT INTO Recipe_Cook (recipe_id, cook_id) VALUES (93, 25);

INSERT INTO Recipe_Cook (recipe_id, cook_id) VALUES (94, 25);

INSERT INTO Recipe_Cook (recipe_id, cook_id) VALUES (95, 25);

INSERT INTO Recipe_Cook (recipe_id, cook_id) VALUES (6, 25);

INSERT INTO Recipe_Cook (recipe_id, cook_id) VALUES (7, 25);

INSERT INTO Recipe_Cook (recipe_id, cook_id) VALUES (8, 25);

INSERT INTO Recipe_Cook (recipe_id, cook_id) VALUES (9, 25);

INSERT INTO Recipe_Cook (recipe_id, cook_id) VALUES (10, 25);

INSERT INTO Recipe_Cook (recipe_id, cook_id) VALUES (16, 25);

INSERT INTO Recipe_Cook (recipe_id, cook_id) VALUES (17, 25);

INSERT INTO Recipe_Cook (recipe_id, cook_id) VALUES (18, 25);

INSERT INTO Recipe_Cook (recipe_id, cook_id) VALUES (19, 25);

INSERT INTO Recipe_Cook (recipe_id, cook_id) VALUES (20, 25);

INSERT INTO Recipe_Cook (recipe_id, cook_id) VALUES (46, 25);

INSERT INTO Recipe_Cook (recipe_id, cook_id) VALUES (47, 25);

INSERT INTO Recipe_Cook (recipe_id, cook_id) VALUES (48, 25);

INSERT INTO Recipe_Cook (recipe_id, cook_id) VALUES (49, 25);

INSERT INTO Recipe_Cook (recipe_id, cook_id) VALUES (50, 25);

INSERT INTO Recipe_Cook (recipe_id, cook_id) VALUES (36, 25);

INSERT INTO Recipe_Cook (recipe_id, cook_id) VALUES (37, 25);

INSERT INTO Recipe_Cook (recipe_id, cook_id) VALUES (38, 25);

INSERT INTO Recipe_Cook (recipe_id, cook_id) VALUES (39, 25);

INSERT INTO Recipe_Cook (recipe_id, cook_id) VALUES (40, 25);

INSERT INTO Recipe_Cook (recipe_id, cook_id) VALUES (31, 25);

INSERT INTO Recipe_Cook (recipe_id, cook_id) VALUES (32, 25);

INSERT INTO Recipe_Cook (recipe_id, cook_id) VALUES (33, 25);

INSERT INTO Recipe_Cook (recipe_id, cook_id) VALUES (34, 25);

INSERT INTO Recipe_Cook (recipe_id, cook_id) VALUES (35, 25);

INSERT INTO Cook (user_id, first_name, last_name, phone_number, date_of_birth, years_of_experience, chef_status, image_id) VALUES (26, 'Tracy','Fleming', 4732115953, '1969-08-28', 6, 'A', 354);

INSERT INTO Cook_National_Cuisine (cook_id, national_cuisine_id) VALUES (26, 20);

INSERT INTO Cook_National_Cuisine (cook_id, national_cuisine_id) VALUES (26, 14);

INSERT INTO Cook_National_Cuisine (cook_id, national_cuisine_id) VALUES (26, 13);

INSERT INTO Cook_National_Cuisine (cook_id, national_cuisine_id) VALUES (26, 11);

INSERT INTO Cook_National_Cuisine (cook_id, national_cuisine_id) VALUES (26, 2);

INSERT INTO Cook_National_Cuisine (cook_id, national_cuisine_id) VALUES (26, 4);

INSERT INTO Cook_National_Cuisine (cook_id, national_cuisine_id) VALUES (26, 8);

INSERT INTO Recipe_Cook (recipe_id, cook_id) VALUES (96, 26);

INSERT INTO Recipe_Cook (recipe_id, cook_id) VALUES (97, 26);

INSERT INTO Recipe_Cook (recipe_id, cook_id) VALUES (98, 26);

INSERT INTO Recipe_Cook (recipe_id, cook_id) VALUES (99, 26);

INSERT INTO Recipe_Cook (recipe_id, cook_id) VALUES (100, 26);

INSERT INTO Recipe_Cook (recipe_id, cook_id) VALUES (66, 26);

INSERT INTO Recipe_Cook (recipe_id, cook_id) VALUES (67, 26);

INSERT INTO Recipe_Cook (recipe_id, cook_id) VALUES (68, 26);

INSERT INTO Recipe_Cook (recipe_id, cook_id) VALUES (69, 26);

INSERT INTO Recipe_Cook (recipe_id, cook_id) VALUES (70, 26);

INSERT INTO Recipe_Cook (recipe_id, cook_id) VALUES (61, 26);

INSERT INTO Recipe_Cook (recipe_id, cook_id) VALUES (62, 26);

INSERT INTO Recipe_Cook (recipe_id, cook_id) VALUES (63, 26);

INSERT INTO Recipe_Cook (recipe_id, cook_id) VALUES (64, 26);

INSERT INTO Recipe_Cook (recipe_id, cook_id) VALUES (65, 26);

INSERT INTO Recipe_Cook (recipe_id, cook_id) VALUES (51, 26);

INSERT INTO Recipe_Cook (recipe_id, cook_id) VALUES (52, 26);

INSERT INTO Recipe_Cook (recipe_id, cook_id) VALUES (53, 26);

INSERT INTO Recipe_Cook (recipe_id, cook_id) VALUES (54, 26);

INSERT INTO Recipe_Cook (recipe_id, cook_id) VALUES (55, 26);

INSERT INTO Recipe_Cook (recipe_id, cook_id) VALUES (6, 26);

INSERT INTO Recipe_Cook (recipe_id, cook_id) VALUES (7, 26);

INSERT INTO Recipe_Cook (recipe_id, cook_id) VALUES (8, 26);

INSERT INTO Recipe_Cook (recipe_id, cook_id) VALUES (9, 26);

INSERT INTO Recipe_Cook (recipe_id, cook_id) VALUES (10, 26);

INSERT INTO Recipe_Cook (recipe_id, cook_id) VALUES (16, 26);

INSERT INTO Recipe_Cook (recipe_id, cook_id) VALUES (17, 26);

INSERT INTO Recipe_Cook (recipe_id, cook_id) VALUES (18, 26);

INSERT INTO Recipe_Cook (recipe_id, cook_id) VALUES (19, 26);

INSERT INTO Recipe_Cook (recipe_id, cook_id) VALUES (20, 26);

INSERT INTO Recipe_Cook (recipe_id, cook_id) VALUES (36, 26);

INSERT INTO Recipe_Cook (recipe_id, cook_id) VALUES (37, 26);

INSERT INTO Recipe_Cook (recipe_id, cook_id) VALUES (38, 26);

INSERT INTO Recipe_Cook (recipe_id, cook_id) VALUES (39, 26);

INSERT INTO Recipe_Cook (recipe_id, cook_id) VALUES (40, 26);

INSERT INTO Cook (user_id, first_name, last_name, phone_number, date_of_birth, years_of_experience, chef_status, image_id) VALUES (27, 'Stacy','Dunn', 5440892762, '1978-05-20', 6, 'B', 355);

INSERT INTO Cook_National_Cuisine (cook_id, national_cuisine_id) VALUES (27, 9);

INSERT INTO Cook_National_Cuisine (cook_id, national_cuisine_id) VALUES (27, 7);

INSERT INTO Cook_National_Cuisine (cook_id, national_cuisine_id) VALUES (27, 14);

INSERT INTO Cook_National_Cuisine (cook_id, national_cuisine_id) VALUES (27, 11);

INSERT INTO Cook_National_Cuisine (cook_id, national_cuisine_id) VALUES (27, 1);

INSERT INTO Cook_National_Cuisine (cook_id, national_cuisine_id) VALUES (27, 10);

INSERT INTO Cook_National_Cuisine (cook_id, national_cuisine_id) VALUES (27, 16);

INSERT INTO Cook_National_Cuisine (cook_id, national_cuisine_id) VALUES (27, 18);

INSERT INTO Recipe_Cook (recipe_id, cook_id) VALUES (41, 27);

INSERT INTO Recipe_Cook (recipe_id, cook_id) VALUES (42, 27);

INSERT INTO Recipe_Cook (recipe_id, cook_id) VALUES (43, 27);

INSERT INTO Recipe_Cook (recipe_id, cook_id) VALUES (44, 27);

INSERT INTO Recipe_Cook (recipe_id, cook_id) VALUES (45, 27);

INSERT INTO Recipe_Cook (recipe_id, cook_id) VALUES (31, 27);

INSERT INTO Recipe_Cook (recipe_id, cook_id) VALUES (32, 27);

INSERT INTO Recipe_Cook (recipe_id, cook_id) VALUES (33, 27);

INSERT INTO Recipe_Cook (recipe_id, cook_id) VALUES (34, 27);

INSERT INTO Recipe_Cook (recipe_id, cook_id) VALUES (35, 27);

INSERT INTO Recipe_Cook (recipe_id, cook_id) VALUES (66, 27);

INSERT INTO Recipe_Cook (recipe_id, cook_id) VALUES (67, 27);

INSERT INTO Recipe_Cook (recipe_id, cook_id) VALUES (68, 27);

INSERT INTO Recipe_Cook (recipe_id, cook_id) VALUES (69, 27);

INSERT INTO Recipe_Cook (recipe_id, cook_id) VALUES (70, 27);

INSERT INTO Recipe_Cook (recipe_id, cook_id) VALUES (51, 27);

INSERT INTO Recipe_Cook (recipe_id, cook_id) VALUES (52, 27);

INSERT INTO Recipe_Cook (recipe_id, cook_id) VALUES (53, 27);

INSERT INTO Recipe_Cook (recipe_id, cook_id) VALUES (54, 27);

INSERT INTO Recipe_Cook (recipe_id, cook_id) VALUES (55, 27);

INSERT INTO Recipe_Cook (recipe_id, cook_id) VALUES (1, 27);

INSERT INTO Recipe_Cook (recipe_id, cook_id) VALUES (2, 27);

INSERT INTO Recipe_Cook (recipe_id, cook_id) VALUES (3, 27);

INSERT INTO Recipe_Cook (recipe_id, cook_id) VALUES (4, 27);

INSERT INTO Recipe_Cook (recipe_id, cook_id) VALUES (5, 27);

INSERT INTO Recipe_Cook (recipe_id, cook_id) VALUES (46, 27);

INSERT INTO Recipe_Cook (recipe_id, cook_id) VALUES (47, 27);

INSERT INTO Recipe_Cook (recipe_id, cook_id) VALUES (48, 27);

INSERT INTO Recipe_Cook (recipe_id, cook_id) VALUES (49, 27);

INSERT INTO Recipe_Cook (recipe_id, cook_id) VALUES (50, 27);

INSERT INTO Recipe_Cook (recipe_id, cook_id) VALUES (76, 27);

INSERT INTO Recipe_Cook (recipe_id, cook_id) VALUES (77, 27);

INSERT INTO Recipe_Cook (recipe_id, cook_id) VALUES (78, 27);

INSERT INTO Recipe_Cook (recipe_id, cook_id) VALUES (79, 27);

INSERT INTO Recipe_Cook (recipe_id, cook_id) VALUES (80, 27);

INSERT INTO Recipe_Cook (recipe_id, cook_id) VALUES (86, 27);

INSERT INTO Recipe_Cook (recipe_id, cook_id) VALUES (87, 27);

INSERT INTO Recipe_Cook (recipe_id, cook_id) VALUES (88, 27);

INSERT INTO Recipe_Cook (recipe_id, cook_id) VALUES (89, 27);

INSERT INTO Recipe_Cook (recipe_id, cook_id) VALUES (90, 27);

INSERT INTO Cook (user_id, first_name, last_name, phone_number, date_of_birth, years_of_experience, chef_status, image_id) VALUES (28, 'Peter','Gilmore', 8813744945, '1966-01-20', 6, 'B', 356);

INSERT INTO Cook_National_Cuisine (cook_id, national_cuisine_id) VALUES (28, 15);

INSERT INTO Cook_National_Cuisine (cook_id, national_cuisine_id) VALUES (28, 6);

INSERT INTO Cook_National_Cuisine (cook_id, national_cuisine_id) VALUES (28, 18);

INSERT INTO Cook_National_Cuisine (cook_id, national_cuisine_id) VALUES (28, 16);

INSERT INTO Cook_National_Cuisine (cook_id, national_cuisine_id) VALUES (28, 19);

INSERT INTO Cook_National_Cuisine (cook_id, national_cuisine_id) VALUES (28, 8);

INSERT INTO Cook_National_Cuisine (cook_id, national_cuisine_id) VALUES (28, 5);

INSERT INTO Recipe_Cook (recipe_id, cook_id) VALUES (71, 28);

INSERT INTO Recipe_Cook (recipe_id, cook_id) VALUES (72, 28);

INSERT INTO Recipe_Cook (recipe_id, cook_id) VALUES (73, 28);

INSERT INTO Recipe_Cook (recipe_id, cook_id) VALUES (74, 28);

INSERT INTO Recipe_Cook (recipe_id, cook_id) VALUES (75, 28);

INSERT INTO Recipe_Cook (recipe_id, cook_id) VALUES (26, 28);

INSERT INTO Recipe_Cook (recipe_id, cook_id) VALUES (27, 28);

INSERT INTO Recipe_Cook (recipe_id, cook_id) VALUES (28, 28);

INSERT INTO Recipe_Cook (recipe_id, cook_id) VALUES (29, 28);

INSERT INTO Recipe_Cook (recipe_id, cook_id) VALUES (30, 28);

INSERT INTO Recipe_Cook (recipe_id, cook_id) VALUES (86, 28);

INSERT INTO Recipe_Cook (recipe_id, cook_id) VALUES (87, 28);

INSERT INTO Recipe_Cook (recipe_id, cook_id) VALUES (88, 28);

INSERT INTO Recipe_Cook (recipe_id, cook_id) VALUES (89, 28);

INSERT INTO Recipe_Cook (recipe_id, cook_id) VALUES (90, 28);

INSERT INTO Recipe_Cook (recipe_id, cook_id) VALUES (76, 28);

INSERT INTO Recipe_Cook (recipe_id, cook_id) VALUES (77, 28);

INSERT INTO Recipe_Cook (recipe_id, cook_id) VALUES (78, 28);

INSERT INTO Recipe_Cook (recipe_id, cook_id) VALUES (79, 28);

INSERT INTO Recipe_Cook (recipe_id, cook_id) VALUES (80, 28);

INSERT INTO Recipe_Cook (recipe_id, cook_id) VALUES (91, 28);

INSERT INTO Recipe_Cook (recipe_id, cook_id) VALUES (92, 28);

INSERT INTO Recipe_Cook (recipe_id, cook_id) VALUES (93, 28);

INSERT INTO Recipe_Cook (recipe_id, cook_id) VALUES (94, 28);

INSERT INTO Recipe_Cook (recipe_id, cook_id) VALUES (95, 28);

INSERT INTO Recipe_Cook (recipe_id, cook_id) VALUES (36, 28);

INSERT INTO Recipe_Cook (recipe_id, cook_id) VALUES (37, 28);

INSERT INTO Recipe_Cook (recipe_id, cook_id) VALUES (38, 28);

INSERT INTO Recipe_Cook (recipe_id, cook_id) VALUES (39, 28);

INSERT INTO Recipe_Cook (recipe_id, cook_id) VALUES (40, 28);

INSERT INTO Recipe_Cook (recipe_id, cook_id) VALUES (21, 28);

INSERT INTO Recipe_Cook (recipe_id, cook_id) VALUES (22, 28);

INSERT INTO Recipe_Cook (recipe_id, cook_id) VALUES (23, 28);

INSERT INTO Recipe_Cook (recipe_id, cook_id) VALUES (24, 28);

INSERT INTO Recipe_Cook (recipe_id, cook_id) VALUES (25, 28);

INSERT INTO Cook (user_id, first_name, last_name, phone_number, date_of_birth, years_of_experience, chef_status, image_id) VALUES (29, 'Anthony','Williams', 2319063123, '1980-06-11', 14, 'sous chef', 357);

INSERT INTO Cook_National_Cuisine (cook_id, national_cuisine_id) VALUES (29, 3);

INSERT INTO Cook_National_Cuisine (cook_id, national_cuisine_id) VALUES (29, 11);

INSERT INTO Cook_National_Cuisine (cook_id, national_cuisine_id) VALUES (29, 5);

INSERT INTO Cook_National_Cuisine (cook_id, national_cuisine_id) VALUES (29, 16);

INSERT INTO Cook_National_Cuisine (cook_id, national_cuisine_id) VALUES (29, 8);

INSERT INTO Cook_National_Cuisine (cook_id, national_cuisine_id) VALUES (29, 2);

INSERT INTO Recipe_Cook (recipe_id, cook_id) VALUES (11, 29);

INSERT INTO Recipe_Cook (recipe_id, cook_id) VALUES (12, 29);

INSERT INTO Recipe_Cook (recipe_id, cook_id) VALUES (13, 29);

INSERT INTO Recipe_Cook (recipe_id, cook_id) VALUES (14, 29);

INSERT INTO Recipe_Cook (recipe_id, cook_id) VALUES (15, 29);

INSERT INTO Recipe_Cook (recipe_id, cook_id) VALUES (51, 29);

INSERT INTO Recipe_Cook (recipe_id, cook_id) VALUES (52, 29);

INSERT INTO Recipe_Cook (recipe_id, cook_id) VALUES (53, 29);

INSERT INTO Recipe_Cook (recipe_id, cook_id) VALUES (54, 29);

INSERT INTO Recipe_Cook (recipe_id, cook_id) VALUES (55, 29);

INSERT INTO Recipe_Cook (recipe_id, cook_id) VALUES (21, 29);

INSERT INTO Recipe_Cook (recipe_id, cook_id) VALUES (22, 29);

INSERT INTO Recipe_Cook (recipe_id, cook_id) VALUES (23, 29);

INSERT INTO Recipe_Cook (recipe_id, cook_id) VALUES (24, 29);

INSERT INTO Recipe_Cook (recipe_id, cook_id) VALUES (25, 29);

INSERT INTO Recipe_Cook (recipe_id, cook_id) VALUES (76, 29);

INSERT INTO Recipe_Cook (recipe_id, cook_id) VALUES (77, 29);

INSERT INTO Recipe_Cook (recipe_id, cook_id) VALUES (78, 29);

INSERT INTO Recipe_Cook (recipe_id, cook_id) VALUES (79, 29);

INSERT INTO Recipe_Cook (recipe_id, cook_id) VALUES (80, 29);

INSERT INTO Recipe_Cook (recipe_id, cook_id) VALUES (36, 29);

INSERT INTO Recipe_Cook (recipe_id, cook_id) VALUES (37, 29);

INSERT INTO Recipe_Cook (recipe_id, cook_id) VALUES (38, 29);

INSERT INTO Recipe_Cook (recipe_id, cook_id) VALUES (39, 29);

INSERT INTO Recipe_Cook (recipe_id, cook_id) VALUES (40, 29);

INSERT INTO Recipe_Cook (recipe_id, cook_id) VALUES (6, 29);

INSERT INTO Recipe_Cook (recipe_id, cook_id) VALUES (7, 29);

INSERT INTO Recipe_Cook (recipe_id, cook_id) VALUES (8, 29);

INSERT INTO Recipe_Cook (recipe_id, cook_id) VALUES (9, 29);

INSERT INTO Recipe_Cook (recipe_id, cook_id) VALUES (10, 29);

INSERT INTO Cook (user_id, first_name, last_name, phone_number, date_of_birth, years_of_experience, chef_status, image_id) VALUES (30, 'Pamela','Johnson', 3706946922, '1980-06-15', 13, 'sous chef', 358);

INSERT INTO Cook_National_Cuisine (cook_id, national_cuisine_id) VALUES (30, 14);

INSERT INTO Cook_National_Cuisine (cook_id, national_cuisine_id) VALUES (30, 7);

INSERT INTO Cook_National_Cuisine (cook_id, national_cuisine_id) VALUES (30, 13);

INSERT INTO Cook_National_Cuisine (cook_id, national_cuisine_id) VALUES (30, 10);

INSERT INTO Cook_National_Cuisine (cook_id, national_cuisine_id) VALUES (30, 6);

INSERT INTO Cook_National_Cuisine (cook_id, national_cuisine_id) VALUES (30, 9);

INSERT INTO Cook_National_Cuisine (cook_id, national_cuisine_id) VALUES (30, 8);

INSERT INTO Cook_National_Cuisine (cook_id, national_cuisine_id) VALUES (30, 5);

INSERT INTO Cook_National_Cuisine (cook_id, national_cuisine_id) VALUES (30, 16);

INSERT INTO Recipe_Cook (recipe_id, cook_id) VALUES (66, 30);

INSERT INTO Recipe_Cook (recipe_id, cook_id) VALUES (67, 30);

INSERT INTO Recipe_Cook (recipe_id, cook_id) VALUES (68, 30);

INSERT INTO Recipe_Cook (recipe_id, cook_id) VALUES (69, 30);

INSERT INTO Recipe_Cook (recipe_id, cook_id) VALUES (70, 30);

INSERT INTO Recipe_Cook (recipe_id, cook_id) VALUES (31, 30);

INSERT INTO Recipe_Cook (recipe_id, cook_id) VALUES (32, 30);

INSERT INTO Recipe_Cook (recipe_id, cook_id) VALUES (33, 30);

INSERT INTO Recipe_Cook (recipe_id, cook_id) VALUES (34, 30);

INSERT INTO Recipe_Cook (recipe_id, cook_id) VALUES (35, 30);

INSERT INTO Recipe_Cook (recipe_id, cook_id) VALUES (61, 30);

INSERT INTO Recipe_Cook (recipe_id, cook_id) VALUES (62, 30);

INSERT INTO Recipe_Cook (recipe_id, cook_id) VALUES (63, 30);

INSERT INTO Recipe_Cook (recipe_id, cook_id) VALUES (64, 30);

INSERT INTO Recipe_Cook (recipe_id, cook_id) VALUES (65, 30);

INSERT INTO Recipe_Cook (recipe_id, cook_id) VALUES (46, 30);

INSERT INTO Recipe_Cook (recipe_id, cook_id) VALUES (47, 30);

INSERT INTO Recipe_Cook (recipe_id, cook_id) VALUES (48, 30);

INSERT INTO Recipe_Cook (recipe_id, cook_id) VALUES (49, 30);

INSERT INTO Recipe_Cook (recipe_id, cook_id) VALUES (50, 30);

INSERT INTO Recipe_Cook (recipe_id, cook_id) VALUES (26, 30);

INSERT INTO Recipe_Cook (recipe_id, cook_id) VALUES (27, 30);

INSERT INTO Recipe_Cook (recipe_id, cook_id) VALUES (28, 30);

INSERT INTO Recipe_Cook (recipe_id, cook_id) VALUES (29, 30);

INSERT INTO Recipe_Cook (recipe_id, cook_id) VALUES (30, 30);

INSERT INTO Recipe_Cook (recipe_id, cook_id) VALUES (41, 30);

INSERT INTO Recipe_Cook (recipe_id, cook_id) VALUES (42, 30);

INSERT INTO Recipe_Cook (recipe_id, cook_id) VALUES (43, 30);

INSERT INTO Recipe_Cook (recipe_id, cook_id) VALUES (44, 30);

INSERT INTO Recipe_Cook (recipe_id, cook_id) VALUES (45, 30);

INSERT INTO Recipe_Cook (recipe_id, cook_id) VALUES (36, 30);

INSERT INTO Recipe_Cook (recipe_id, cook_id) VALUES (37, 30);

INSERT INTO Recipe_Cook (recipe_id, cook_id) VALUES (38, 30);

INSERT INTO Recipe_Cook (recipe_id, cook_id) VALUES (39, 30);

INSERT INTO Recipe_Cook (recipe_id, cook_id) VALUES (40, 30);

INSERT INTO Recipe_Cook (recipe_id, cook_id) VALUES (21, 30);

INSERT INTO Recipe_Cook (recipe_id, cook_id) VALUES (22, 30);

INSERT INTO Recipe_Cook (recipe_id, cook_id) VALUES (23, 30);

INSERT INTO Recipe_Cook (recipe_id, cook_id) VALUES (24, 30);

INSERT INTO Recipe_Cook (recipe_id, cook_id) VALUES (25, 30);

INSERT INTO Recipe_Cook (recipe_id, cook_id) VALUES (76, 30);

INSERT INTO Recipe_Cook (recipe_id, cook_id) VALUES (77, 30);

INSERT INTO Recipe_Cook (recipe_id, cook_id) VALUES (78, 30);

INSERT INTO Recipe_Cook (recipe_id, cook_id) VALUES (79, 30);

INSERT INTO Recipe_Cook (recipe_id, cook_id) VALUES (80, 30);

INSERT INTO Cook (user_id, first_name, last_name, phone_number, date_of_birth, years_of_experience, chef_status, image_id) VALUES (31, 'Keith','Morris', 3491262092, '1987-10-18', 14, 'B', 359);

INSERT INTO Cook_National_Cuisine (cook_id, national_cuisine_id) VALUES (31, 19);

INSERT INTO Cook_National_Cuisine (cook_id, national_cuisine_id) VALUES (31, 13);

INSERT INTO Cook_National_Cuisine (cook_id, national_cuisine_id) VALUES (31, 1);

INSERT INTO Cook_National_Cuisine (cook_id, national_cuisine_id) VALUES (31, 15);

INSERT INTO Cook_National_Cuisine (cook_id, national_cuisine_id) VALUES (31, 18);

INSERT INTO Cook_National_Cuisine (cook_id, national_cuisine_id) VALUES (31, 6);

INSERT INTO Cook_National_Cuisine (cook_id, national_cuisine_id) VALUES (31, 2);

INSERT INTO Cook_National_Cuisine (cook_id, national_cuisine_id) VALUES (31, 5);

INSERT INTO Cook_National_Cuisine (cook_id, national_cuisine_id) VALUES (31, 8);

INSERT INTO Cook_National_Cuisine (cook_id, national_cuisine_id) VALUES (31, 17);

INSERT INTO Recipe_Cook (recipe_id, cook_id) VALUES (91, 31);

INSERT INTO Recipe_Cook (recipe_id, cook_id) VALUES (92, 31);

INSERT INTO Recipe_Cook (recipe_id, cook_id) VALUES (93, 31);

INSERT INTO Recipe_Cook (recipe_id, cook_id) VALUES (94, 31);

INSERT INTO Recipe_Cook (recipe_id, cook_id) VALUES (95, 31);

INSERT INTO Recipe_Cook (recipe_id, cook_id) VALUES (61, 31);

INSERT INTO Recipe_Cook (recipe_id, cook_id) VALUES (62, 31);

INSERT INTO Recipe_Cook (recipe_id, cook_id) VALUES (63, 31);

INSERT INTO Recipe_Cook (recipe_id, cook_id) VALUES (64, 31);

INSERT INTO Recipe_Cook (recipe_id, cook_id) VALUES (65, 31);

INSERT INTO Recipe_Cook (recipe_id, cook_id) VALUES (1, 31);

INSERT INTO Recipe_Cook (recipe_id, cook_id) VALUES (2, 31);

INSERT INTO Recipe_Cook (recipe_id, cook_id) VALUES (3, 31);

INSERT INTO Recipe_Cook (recipe_id, cook_id) VALUES (4, 31);

INSERT INTO Recipe_Cook (recipe_id, cook_id) VALUES (5, 31);

INSERT INTO Recipe_Cook (recipe_id, cook_id) VALUES (71, 31);

INSERT INTO Recipe_Cook (recipe_id, cook_id) VALUES (72, 31);

INSERT INTO Recipe_Cook (recipe_id, cook_id) VALUES (73, 31);

INSERT INTO Recipe_Cook (recipe_id, cook_id) VALUES (74, 31);

INSERT INTO Recipe_Cook (recipe_id, cook_id) VALUES (75, 31);

INSERT INTO Recipe_Cook (recipe_id, cook_id) VALUES (86, 31);

INSERT INTO Recipe_Cook (recipe_id, cook_id) VALUES (87, 31);

INSERT INTO Recipe_Cook (recipe_id, cook_id) VALUES (88, 31);

INSERT INTO Recipe_Cook (recipe_id, cook_id) VALUES (89, 31);

INSERT INTO Recipe_Cook (recipe_id, cook_id) VALUES (90, 31);

INSERT INTO Recipe_Cook (recipe_id, cook_id) VALUES (26, 31);

INSERT INTO Recipe_Cook (recipe_id, cook_id) VALUES (27, 31);

INSERT INTO Recipe_Cook (recipe_id, cook_id) VALUES (28, 31);

INSERT INTO Recipe_Cook (recipe_id, cook_id) VALUES (29, 31);

INSERT INTO Recipe_Cook (recipe_id, cook_id) VALUES (30, 31);

INSERT INTO Recipe_Cook (recipe_id, cook_id) VALUES (6, 31);

INSERT INTO Recipe_Cook (recipe_id, cook_id) VALUES (7, 31);

INSERT INTO Recipe_Cook (recipe_id, cook_id) VALUES (8, 31);

INSERT INTO Recipe_Cook (recipe_id, cook_id) VALUES (9, 31);

INSERT INTO Recipe_Cook (recipe_id, cook_id) VALUES (10, 31);

INSERT INTO Recipe_Cook (recipe_id, cook_id) VALUES (21, 31);

INSERT INTO Recipe_Cook (recipe_id, cook_id) VALUES (22, 31);

INSERT INTO Recipe_Cook (recipe_id, cook_id) VALUES (23, 31);

INSERT INTO Recipe_Cook (recipe_id, cook_id) VALUES (24, 31);

INSERT INTO Recipe_Cook (recipe_id, cook_id) VALUES (25, 31);

INSERT INTO Recipe_Cook (recipe_id, cook_id) VALUES (36, 31);

INSERT INTO Recipe_Cook (recipe_id, cook_id) VALUES (37, 31);

INSERT INTO Recipe_Cook (recipe_id, cook_id) VALUES (38, 31);

INSERT INTO Recipe_Cook (recipe_id, cook_id) VALUES (39, 31);

INSERT INTO Recipe_Cook (recipe_id, cook_id) VALUES (40, 31);

INSERT INTO Recipe_Cook (recipe_id, cook_id) VALUES (81, 31);

INSERT INTO Recipe_Cook (recipe_id, cook_id) VALUES (82, 31);

INSERT INTO Recipe_Cook (recipe_id, cook_id) VALUES (83, 31);

INSERT INTO Recipe_Cook (recipe_id, cook_id) VALUES (84, 31);

INSERT INTO Recipe_Cook (recipe_id, cook_id) VALUES (85, 31);

INSERT INTO Cook (user_id, first_name, last_name, phone_number, date_of_birth, years_of_experience, chef_status, image_id) VALUES (32, 'Brian','Vang', 8814254456, '1995-02-23', 3, 'sous chef', 360);

INSERT INTO Cook_National_Cuisine (cook_id, national_cuisine_id) VALUES (32, 15);

INSERT INTO Cook_National_Cuisine (cook_id, national_cuisine_id) VALUES (32, 20);

INSERT INTO Cook_National_Cuisine (cook_id, national_cuisine_id) VALUES (32, 11);

INSERT INTO Cook_National_Cuisine (cook_id, national_cuisine_id) VALUES (32, 13);

INSERT INTO Cook_National_Cuisine (cook_id, national_cuisine_id) VALUES (32, 16);

INSERT INTO Cook_National_Cuisine (cook_id, national_cuisine_id) VALUES (32, 8);

INSERT INTO Cook_National_Cuisine (cook_id, national_cuisine_id) VALUES (32, 2);

INSERT INTO Cook_National_Cuisine (cook_id, national_cuisine_id) VALUES (32, 5);

INSERT INTO Recipe_Cook (recipe_id, cook_id) VALUES (71, 32);

INSERT INTO Recipe_Cook (recipe_id, cook_id) VALUES (72, 32);

INSERT INTO Recipe_Cook (recipe_id, cook_id) VALUES (73, 32);

INSERT INTO Recipe_Cook (recipe_id, cook_id) VALUES (74, 32);

INSERT INTO Recipe_Cook (recipe_id, cook_id) VALUES (75, 32);

INSERT INTO Recipe_Cook (recipe_id, cook_id) VALUES (96, 32);

INSERT INTO Recipe_Cook (recipe_id, cook_id) VALUES (97, 32);

INSERT INTO Recipe_Cook (recipe_id, cook_id) VALUES (98, 32);

INSERT INTO Recipe_Cook (recipe_id, cook_id) VALUES (99, 32);

INSERT INTO Recipe_Cook (recipe_id, cook_id) VALUES (100, 32);

INSERT INTO Recipe_Cook (recipe_id, cook_id) VALUES (51, 32);

INSERT INTO Recipe_Cook (recipe_id, cook_id) VALUES (52, 32);

INSERT INTO Recipe_Cook (recipe_id, cook_id) VALUES (53, 32);

INSERT INTO Recipe_Cook (recipe_id, cook_id) VALUES (54, 32);

INSERT INTO Recipe_Cook (recipe_id, cook_id) VALUES (55, 32);

INSERT INTO Recipe_Cook (recipe_id, cook_id) VALUES (61, 32);

INSERT INTO Recipe_Cook (recipe_id, cook_id) VALUES (62, 32);

INSERT INTO Recipe_Cook (recipe_id, cook_id) VALUES (63, 32);

INSERT INTO Recipe_Cook (recipe_id, cook_id) VALUES (64, 32);

INSERT INTO Recipe_Cook (recipe_id, cook_id) VALUES (65, 32);

INSERT INTO Recipe_Cook (recipe_id, cook_id) VALUES (76, 32);

INSERT INTO Recipe_Cook (recipe_id, cook_id) VALUES (77, 32);

INSERT INTO Recipe_Cook (recipe_id, cook_id) VALUES (78, 32);

INSERT INTO Recipe_Cook (recipe_id, cook_id) VALUES (79, 32);

INSERT INTO Recipe_Cook (recipe_id, cook_id) VALUES (80, 32);

INSERT INTO Recipe_Cook (recipe_id, cook_id) VALUES (36, 32);

INSERT INTO Recipe_Cook (recipe_id, cook_id) VALUES (37, 32);

INSERT INTO Recipe_Cook (recipe_id, cook_id) VALUES (38, 32);

INSERT INTO Recipe_Cook (recipe_id, cook_id) VALUES (39, 32);

INSERT INTO Recipe_Cook (recipe_id, cook_id) VALUES (40, 32);

INSERT INTO Recipe_Cook (recipe_id, cook_id) VALUES (6, 32);

INSERT INTO Recipe_Cook (recipe_id, cook_id) VALUES (7, 32);

INSERT INTO Recipe_Cook (recipe_id, cook_id) VALUES (8, 32);

INSERT INTO Recipe_Cook (recipe_id, cook_id) VALUES (9, 32);

INSERT INTO Recipe_Cook (recipe_id, cook_id) VALUES (10, 32);

INSERT INTO Recipe_Cook (recipe_id, cook_id) VALUES (21, 32);

INSERT INTO Recipe_Cook (recipe_id, cook_id) VALUES (22, 32);

INSERT INTO Recipe_Cook (recipe_id, cook_id) VALUES (23, 32);

INSERT INTO Recipe_Cook (recipe_id, cook_id) VALUES (24, 32);

INSERT INTO Recipe_Cook (recipe_id, cook_id) VALUES (25, 32);

INSERT INTO Cook (user_id, first_name, last_name, phone_number, date_of_birth, years_of_experience, chef_status, image_id) VALUES (33, 'Jason','Armstrong', 8182961135, '1969-10-02', 15, 'B', 361);

INSERT INTO Cook_National_Cuisine (cook_id, national_cuisine_id) VALUES (33, 15);

INSERT INTO Cook_National_Cuisine (cook_id, national_cuisine_id) VALUES (33, 12);

INSERT INTO Cook_National_Cuisine (cook_id, national_cuisine_id) VALUES (33, 9);

INSERT INTO Cook_National_Cuisine (cook_id, national_cuisine_id) VALUES (33, 14);

INSERT INTO Cook_National_Cuisine (cook_id, national_cuisine_id) VALUES (33, 20);

INSERT INTO Cook_National_Cuisine (cook_id, national_cuisine_id) VALUES (33, 17);

INSERT INTO Cook_National_Cuisine (cook_id, national_cuisine_id) VALUES (33, 3);

INSERT INTO Recipe_Cook (recipe_id, cook_id) VALUES (71, 33);

INSERT INTO Recipe_Cook (recipe_id, cook_id) VALUES (72, 33);

INSERT INTO Recipe_Cook (recipe_id, cook_id) VALUES (73, 33);

INSERT INTO Recipe_Cook (recipe_id, cook_id) VALUES (74, 33);

INSERT INTO Recipe_Cook (recipe_id, cook_id) VALUES (75, 33);

INSERT INTO Recipe_Cook (recipe_id, cook_id) VALUES (56, 33);

INSERT INTO Recipe_Cook (recipe_id, cook_id) VALUES (57, 33);

INSERT INTO Recipe_Cook (recipe_id, cook_id) VALUES (58, 33);

INSERT INTO Recipe_Cook (recipe_id, cook_id) VALUES (59, 33);

INSERT INTO Recipe_Cook (recipe_id, cook_id) VALUES (60, 33);

INSERT INTO Recipe_Cook (recipe_id, cook_id) VALUES (41, 33);

INSERT INTO Recipe_Cook (recipe_id, cook_id) VALUES (42, 33);

INSERT INTO Recipe_Cook (recipe_id, cook_id) VALUES (43, 33);

INSERT INTO Recipe_Cook (recipe_id, cook_id) VALUES (44, 33);

INSERT INTO Recipe_Cook (recipe_id, cook_id) VALUES (45, 33);

INSERT INTO Recipe_Cook (recipe_id, cook_id) VALUES (66, 33);

INSERT INTO Recipe_Cook (recipe_id, cook_id) VALUES (67, 33);

INSERT INTO Recipe_Cook (recipe_id, cook_id) VALUES (68, 33);

INSERT INTO Recipe_Cook (recipe_id, cook_id) VALUES (69, 33);

INSERT INTO Recipe_Cook (recipe_id, cook_id) VALUES (70, 33);

INSERT INTO Recipe_Cook (recipe_id, cook_id) VALUES (96, 33);

INSERT INTO Recipe_Cook (recipe_id, cook_id) VALUES (97, 33);

INSERT INTO Recipe_Cook (recipe_id, cook_id) VALUES (98, 33);

INSERT INTO Recipe_Cook (recipe_id, cook_id) VALUES (99, 33);

INSERT INTO Recipe_Cook (recipe_id, cook_id) VALUES (100, 33);

INSERT INTO Recipe_Cook (recipe_id, cook_id) VALUES (81, 33);

INSERT INTO Recipe_Cook (recipe_id, cook_id) VALUES (82, 33);

INSERT INTO Recipe_Cook (recipe_id, cook_id) VALUES (83, 33);

INSERT INTO Recipe_Cook (recipe_id, cook_id) VALUES (84, 33);

INSERT INTO Recipe_Cook (recipe_id, cook_id) VALUES (85, 33);

INSERT INTO Recipe_Cook (recipe_id, cook_id) VALUES (11, 33);

INSERT INTO Recipe_Cook (recipe_id, cook_id) VALUES (12, 33);

INSERT INTO Recipe_Cook (recipe_id, cook_id) VALUES (13, 33);

INSERT INTO Recipe_Cook (recipe_id, cook_id) VALUES (14, 33);

INSERT INTO Recipe_Cook (recipe_id, cook_id) VALUES (15, 33);

INSERT INTO Cook (user_id, first_name, last_name, phone_number, date_of_birth, years_of_experience, chef_status, image_id) VALUES (34, 'Wayne','Benitez', 4393094067, '1962-01-06', 19, 'B', 362);

INSERT INTO Cook_National_Cuisine (cook_id, national_cuisine_id) VALUES (34, 5);

INSERT INTO Cook_National_Cuisine (cook_id, national_cuisine_id) VALUES (34, 17);

INSERT INTO Cook_National_Cuisine (cook_id, national_cuisine_id) VALUES (34, 15);

INSERT INTO Cook_National_Cuisine (cook_id, national_cuisine_id) VALUES (34, 16);

INSERT INTO Cook_National_Cuisine (cook_id, national_cuisine_id) VALUES (34, 8);

INSERT INTO Cook_National_Cuisine (cook_id, national_cuisine_id) VALUES (34, 4);

INSERT INTO Cook_National_Cuisine (cook_id, national_cuisine_id) VALUES (34, 11);

INSERT INTO Cook_National_Cuisine (cook_id, national_cuisine_id) VALUES (34, 12);

INSERT INTO Cook_National_Cuisine (cook_id, national_cuisine_id) VALUES (34, 10);

INSERT INTO Recipe_Cook (recipe_id, cook_id) VALUES (21, 34);

INSERT INTO Recipe_Cook (recipe_id, cook_id) VALUES (22, 34);

INSERT INTO Recipe_Cook (recipe_id, cook_id) VALUES (23, 34);

INSERT INTO Recipe_Cook (recipe_id, cook_id) VALUES (24, 34);

INSERT INTO Recipe_Cook (recipe_id, cook_id) VALUES (25, 34);

INSERT INTO Recipe_Cook (recipe_id, cook_id) VALUES (81, 34);

INSERT INTO Recipe_Cook (recipe_id, cook_id) VALUES (82, 34);

INSERT INTO Recipe_Cook (recipe_id, cook_id) VALUES (83, 34);

INSERT INTO Recipe_Cook (recipe_id, cook_id) VALUES (84, 34);

INSERT INTO Recipe_Cook (recipe_id, cook_id) VALUES (85, 34);

INSERT INTO Recipe_Cook (recipe_id, cook_id) VALUES (71, 34);

INSERT INTO Recipe_Cook (recipe_id, cook_id) VALUES (72, 34);

INSERT INTO Recipe_Cook (recipe_id, cook_id) VALUES (73, 34);

INSERT INTO Recipe_Cook (recipe_id, cook_id) VALUES (74, 34);

INSERT INTO Recipe_Cook (recipe_id, cook_id) VALUES (75, 34);

INSERT INTO Recipe_Cook (recipe_id, cook_id) VALUES (76, 34);

INSERT INTO Recipe_Cook (recipe_id, cook_id) VALUES (77, 34);

INSERT INTO Recipe_Cook (recipe_id, cook_id) VALUES (78, 34);

INSERT INTO Recipe_Cook (recipe_id, cook_id) VALUES (79, 34);

INSERT INTO Recipe_Cook (recipe_id, cook_id) VALUES (80, 34);

INSERT INTO Recipe_Cook (recipe_id, cook_id) VALUES (36, 34);

INSERT INTO Recipe_Cook (recipe_id, cook_id) VALUES (37, 34);

INSERT INTO Recipe_Cook (recipe_id, cook_id) VALUES (38, 34);

INSERT INTO Recipe_Cook (recipe_id, cook_id) VALUES (39, 34);

INSERT INTO Recipe_Cook (recipe_id, cook_id) VALUES (40, 34);

INSERT INTO Recipe_Cook (recipe_id, cook_id) VALUES (16, 34);

INSERT INTO Recipe_Cook (recipe_id, cook_id) VALUES (17, 34);

INSERT INTO Recipe_Cook (recipe_id, cook_id) VALUES (18, 34);

INSERT INTO Recipe_Cook (recipe_id, cook_id) VALUES (19, 34);

INSERT INTO Recipe_Cook (recipe_id, cook_id) VALUES (20, 34);

INSERT INTO Recipe_Cook (recipe_id, cook_id) VALUES (51, 34);

INSERT INTO Recipe_Cook (recipe_id, cook_id) VALUES (52, 34);

INSERT INTO Recipe_Cook (recipe_id, cook_id) VALUES (53, 34);

INSERT INTO Recipe_Cook (recipe_id, cook_id) VALUES (54, 34);

INSERT INTO Recipe_Cook (recipe_id, cook_id) VALUES (55, 34);

INSERT INTO Recipe_Cook (recipe_id, cook_id) VALUES (56, 34);

INSERT INTO Recipe_Cook (recipe_id, cook_id) VALUES (57, 34);

INSERT INTO Recipe_Cook (recipe_id, cook_id) VALUES (58, 34);

INSERT INTO Recipe_Cook (recipe_id, cook_id) VALUES (59, 34);

INSERT INTO Recipe_Cook (recipe_id, cook_id) VALUES (60, 34);

INSERT INTO Recipe_Cook (recipe_id, cook_id) VALUES (46, 34);

INSERT INTO Recipe_Cook (recipe_id, cook_id) VALUES (47, 34);

INSERT INTO Recipe_Cook (recipe_id, cook_id) VALUES (48, 34);

INSERT INTO Recipe_Cook (recipe_id, cook_id) VALUES (49, 34);

INSERT INTO Recipe_Cook (recipe_id, cook_id) VALUES (50, 34);

INSERT INTO Cook (user_id, first_name, last_name, phone_number, date_of_birth, years_of_experience, chef_status, image_id) VALUES (35, 'Edward','Mosley', 5132450861, '1976-08-11', 2, 'sous chef', 363);

INSERT INTO Cook_National_Cuisine (cook_id, national_cuisine_id) VALUES (35, 10);

INSERT INTO Cook_National_Cuisine (cook_id, national_cuisine_id) VALUES (35, 19);

INSERT INTO Cook_National_Cuisine (cook_id, national_cuisine_id) VALUES (35, 5);

INSERT INTO Cook_National_Cuisine (cook_id, national_cuisine_id) VALUES (35, 8);

INSERT INTO Cook_National_Cuisine (cook_id, national_cuisine_id) VALUES (35, 14);

INSERT INTO Cook_National_Cuisine (cook_id, national_cuisine_id) VALUES (35, 1);

INSERT INTO Recipe_Cook (recipe_id, cook_id) VALUES (46, 35);

INSERT INTO Recipe_Cook (recipe_id, cook_id) VALUES (47, 35);

INSERT INTO Recipe_Cook (recipe_id, cook_id) VALUES (48, 35);

INSERT INTO Recipe_Cook (recipe_id, cook_id) VALUES (49, 35);

INSERT INTO Recipe_Cook (recipe_id, cook_id) VALUES (50, 35);

INSERT INTO Recipe_Cook (recipe_id, cook_id) VALUES (91, 35);

INSERT INTO Recipe_Cook (recipe_id, cook_id) VALUES (92, 35);

INSERT INTO Recipe_Cook (recipe_id, cook_id) VALUES (93, 35);

INSERT INTO Recipe_Cook (recipe_id, cook_id) VALUES (94, 35);

INSERT INTO Recipe_Cook (recipe_id, cook_id) VALUES (95, 35);

INSERT INTO Recipe_Cook (recipe_id, cook_id) VALUES (21, 35);

INSERT INTO Recipe_Cook (recipe_id, cook_id) VALUES (22, 35);

INSERT INTO Recipe_Cook (recipe_id, cook_id) VALUES (23, 35);

INSERT INTO Recipe_Cook (recipe_id, cook_id) VALUES (24, 35);

INSERT INTO Recipe_Cook (recipe_id, cook_id) VALUES (25, 35);

INSERT INTO Recipe_Cook (recipe_id, cook_id) VALUES (36, 35);

INSERT INTO Recipe_Cook (recipe_id, cook_id) VALUES (37, 35);

INSERT INTO Recipe_Cook (recipe_id, cook_id) VALUES (38, 35);

INSERT INTO Recipe_Cook (recipe_id, cook_id) VALUES (39, 35);

INSERT INTO Recipe_Cook (recipe_id, cook_id) VALUES (40, 35);

INSERT INTO Recipe_Cook (recipe_id, cook_id) VALUES (66, 35);

INSERT INTO Recipe_Cook (recipe_id, cook_id) VALUES (67, 35);

INSERT INTO Recipe_Cook (recipe_id, cook_id) VALUES (68, 35);

INSERT INTO Recipe_Cook (recipe_id, cook_id) VALUES (69, 35);

INSERT INTO Recipe_Cook (recipe_id, cook_id) VALUES (70, 35);

INSERT INTO Recipe_Cook (recipe_id, cook_id) VALUES (1, 35);

INSERT INTO Recipe_Cook (recipe_id, cook_id) VALUES (2, 35);

INSERT INTO Recipe_Cook (recipe_id, cook_id) VALUES (3, 35);

INSERT INTO Recipe_Cook (recipe_id, cook_id) VALUES (4, 35);

INSERT INTO Recipe_Cook (recipe_id, cook_id) VALUES (5, 35);

INSERT INTO Cook (user_id, first_name, last_name, phone_number, date_of_birth, years_of_experience, chef_status, image_id) VALUES (36, 'Scott','Park', 2592480345, '1994-01-10', 12, 'B', 364);

INSERT INTO Cook_National_Cuisine (cook_id, national_cuisine_id) VALUES (36, 8);

INSERT INTO Cook_National_Cuisine (cook_id, national_cuisine_id) VALUES (36, 1);

INSERT INTO Cook_National_Cuisine (cook_id, national_cuisine_id) VALUES (36, 10);

INSERT INTO Cook_National_Cuisine (cook_id, national_cuisine_id) VALUES (36, 18);

INSERT INTO Cook_National_Cuisine (cook_id, national_cuisine_id) VALUES (36, 14);

INSERT INTO Cook_National_Cuisine (cook_id, national_cuisine_id) VALUES (36, 17);

INSERT INTO Cook_National_Cuisine (cook_id, national_cuisine_id) VALUES (36, 19);

INSERT INTO Recipe_Cook (recipe_id, cook_id) VALUES (36, 36);

INSERT INTO Recipe_Cook (recipe_id, cook_id) VALUES (37, 36);

INSERT INTO Recipe_Cook (recipe_id, cook_id) VALUES (38, 36);

INSERT INTO Recipe_Cook (recipe_id, cook_id) VALUES (39, 36);

INSERT INTO Recipe_Cook (recipe_id, cook_id) VALUES (40, 36);

INSERT INTO Recipe_Cook (recipe_id, cook_id) VALUES (1, 36);

INSERT INTO Recipe_Cook (recipe_id, cook_id) VALUES (2, 36);

INSERT INTO Recipe_Cook (recipe_id, cook_id) VALUES (3, 36);

INSERT INTO Recipe_Cook (recipe_id, cook_id) VALUES (4, 36);

INSERT INTO Recipe_Cook (recipe_id, cook_id) VALUES (5, 36);

INSERT INTO Recipe_Cook (recipe_id, cook_id) VALUES (46, 36);

INSERT INTO Recipe_Cook (recipe_id, cook_id) VALUES (47, 36);

INSERT INTO Recipe_Cook (recipe_id, cook_id) VALUES (48, 36);

INSERT INTO Recipe_Cook (recipe_id, cook_id) VALUES (49, 36);

INSERT INTO Recipe_Cook (recipe_id, cook_id) VALUES (50, 36);

INSERT INTO Recipe_Cook (recipe_id, cook_id) VALUES (86, 36);

INSERT INTO Recipe_Cook (recipe_id, cook_id) VALUES (87, 36);

INSERT INTO Recipe_Cook (recipe_id, cook_id) VALUES (88, 36);

INSERT INTO Recipe_Cook (recipe_id, cook_id) VALUES (89, 36);

INSERT INTO Recipe_Cook (recipe_id, cook_id) VALUES (90, 36);

INSERT INTO Recipe_Cook (recipe_id, cook_id) VALUES (66, 36);

INSERT INTO Recipe_Cook (recipe_id, cook_id) VALUES (67, 36);

INSERT INTO Recipe_Cook (recipe_id, cook_id) VALUES (68, 36);

INSERT INTO Recipe_Cook (recipe_id, cook_id) VALUES (69, 36);

INSERT INTO Recipe_Cook (recipe_id, cook_id) VALUES (70, 36);

INSERT INTO Recipe_Cook (recipe_id, cook_id) VALUES (81, 36);

INSERT INTO Recipe_Cook (recipe_id, cook_id) VALUES (82, 36);

INSERT INTO Recipe_Cook (recipe_id, cook_id) VALUES (83, 36);

INSERT INTO Recipe_Cook (recipe_id, cook_id) VALUES (84, 36);

INSERT INTO Recipe_Cook (recipe_id, cook_id) VALUES (85, 36);

INSERT INTO Recipe_Cook (recipe_id, cook_id) VALUES (91, 36);

INSERT INTO Recipe_Cook (recipe_id, cook_id) VALUES (92, 36);

INSERT INTO Recipe_Cook (recipe_id, cook_id) VALUES (93, 36);

INSERT INTO Recipe_Cook (recipe_id, cook_id) VALUES (94, 36);

INSERT INTO Recipe_Cook (recipe_id, cook_id) VALUES (95, 36);

INSERT INTO Cook (user_id, first_name, last_name, phone_number, date_of_birth, years_of_experience, chef_status, image_id) VALUES (37, 'Trevor','Zamora', 5388133274, '2000-07-26', 1, 'C', 365);

INSERT INTO Cook_National_Cuisine (cook_id, national_cuisine_id) VALUES (37, 4);

INSERT INTO Cook_National_Cuisine (cook_id, national_cuisine_id) VALUES (37, 19);

INSERT INTO Cook_National_Cuisine (cook_id, national_cuisine_id) VALUES (37, 18);

INSERT INTO Cook_National_Cuisine (cook_id, national_cuisine_id) VALUES (37, 5);

INSERT INTO Cook_National_Cuisine (cook_id, national_cuisine_id) VALUES (37, 11);

INSERT INTO Recipe_Cook (recipe_id, cook_id) VALUES (16, 37);

INSERT INTO Recipe_Cook (recipe_id, cook_id) VALUES (17, 37);

INSERT INTO Recipe_Cook (recipe_id, cook_id) VALUES (18, 37);

INSERT INTO Recipe_Cook (recipe_id, cook_id) VALUES (19, 37);

INSERT INTO Recipe_Cook (recipe_id, cook_id) VALUES (20, 37);

INSERT INTO Recipe_Cook (recipe_id, cook_id) VALUES (91, 37);

INSERT INTO Recipe_Cook (recipe_id, cook_id) VALUES (92, 37);

INSERT INTO Recipe_Cook (recipe_id, cook_id) VALUES (93, 37);

INSERT INTO Recipe_Cook (recipe_id, cook_id) VALUES (94, 37);

INSERT INTO Recipe_Cook (recipe_id, cook_id) VALUES (95, 37);

INSERT INTO Recipe_Cook (recipe_id, cook_id) VALUES (86, 37);

INSERT INTO Recipe_Cook (recipe_id, cook_id) VALUES (87, 37);

INSERT INTO Recipe_Cook (recipe_id, cook_id) VALUES (88, 37);

INSERT INTO Recipe_Cook (recipe_id, cook_id) VALUES (89, 37);

INSERT INTO Recipe_Cook (recipe_id, cook_id) VALUES (90, 37);

INSERT INTO Recipe_Cook (recipe_id, cook_id) VALUES (21, 37);

INSERT INTO Recipe_Cook (recipe_id, cook_id) VALUES (22, 37);

INSERT INTO Recipe_Cook (recipe_id, cook_id) VALUES (23, 37);

INSERT INTO Recipe_Cook (recipe_id, cook_id) VALUES (24, 37);

INSERT INTO Recipe_Cook (recipe_id, cook_id) VALUES (25, 37);

INSERT INTO Recipe_Cook (recipe_id, cook_id) VALUES (51, 37);

INSERT INTO Recipe_Cook (recipe_id, cook_id) VALUES (52, 37);

INSERT INTO Recipe_Cook (recipe_id, cook_id) VALUES (53, 37);

INSERT INTO Recipe_Cook (recipe_id, cook_id) VALUES (54, 37);

INSERT INTO Recipe_Cook (recipe_id, cook_id) VALUES (55, 37);

INSERT INTO Cook (user_id, first_name, last_name, phone_number, date_of_birth, years_of_experience, chef_status, image_id) VALUES (38, 'Scott','Patton', 5304309090, '1972-02-19', 8, 'C', 366);

INSERT INTO Cook_National_Cuisine (cook_id, national_cuisine_id) VALUES (38, 11);

INSERT INTO Cook_National_Cuisine (cook_id, national_cuisine_id) VALUES (38, 7);

INSERT INTO Cook_National_Cuisine (cook_id, national_cuisine_id) VALUES (38, 15);

INSERT INTO Cook_National_Cuisine (cook_id, national_cuisine_id) VALUES (38, 13);

INSERT INTO Cook_National_Cuisine (cook_id, national_cuisine_id) VALUES (38, 17);

INSERT INTO Cook_National_Cuisine (cook_id, national_cuisine_id) VALUES (38, 19);

INSERT INTO Cook_National_Cuisine (cook_id, national_cuisine_id) VALUES (38, 8);

INSERT INTO Recipe_Cook (recipe_id, cook_id) VALUES (51, 38);

INSERT INTO Recipe_Cook (recipe_id, cook_id) VALUES (52, 38);

INSERT INTO Recipe_Cook (recipe_id, cook_id) VALUES (53, 38);

INSERT INTO Recipe_Cook (recipe_id, cook_id) VALUES (54, 38);

INSERT INTO Recipe_Cook (recipe_id, cook_id) VALUES (55, 38);

INSERT INTO Recipe_Cook (recipe_id, cook_id) VALUES (31, 38);

INSERT INTO Recipe_Cook (recipe_id, cook_id) VALUES (32, 38);

INSERT INTO Recipe_Cook (recipe_id, cook_id) VALUES (33, 38);

INSERT INTO Recipe_Cook (recipe_id, cook_id) VALUES (34, 38);

INSERT INTO Recipe_Cook (recipe_id, cook_id) VALUES (35, 38);

INSERT INTO Recipe_Cook (recipe_id, cook_id) VALUES (71, 38);

INSERT INTO Recipe_Cook (recipe_id, cook_id) VALUES (72, 38);

INSERT INTO Recipe_Cook (recipe_id, cook_id) VALUES (73, 38);

INSERT INTO Recipe_Cook (recipe_id, cook_id) VALUES (74, 38);

INSERT INTO Recipe_Cook (recipe_id, cook_id) VALUES (75, 38);

INSERT INTO Recipe_Cook (recipe_id, cook_id) VALUES (61, 38);

INSERT INTO Recipe_Cook (recipe_id, cook_id) VALUES (62, 38);

INSERT INTO Recipe_Cook (recipe_id, cook_id) VALUES (63, 38);

INSERT INTO Recipe_Cook (recipe_id, cook_id) VALUES (64, 38);

INSERT INTO Recipe_Cook (recipe_id, cook_id) VALUES (65, 38);

INSERT INTO Recipe_Cook (recipe_id, cook_id) VALUES (81, 38);

INSERT INTO Recipe_Cook (recipe_id, cook_id) VALUES (82, 38);

INSERT INTO Recipe_Cook (recipe_id, cook_id) VALUES (83, 38);

INSERT INTO Recipe_Cook (recipe_id, cook_id) VALUES (84, 38);

INSERT INTO Recipe_Cook (recipe_id, cook_id) VALUES (85, 38);

INSERT INTO Recipe_Cook (recipe_id, cook_id) VALUES (91, 38);

INSERT INTO Recipe_Cook (recipe_id, cook_id) VALUES (92, 38);

INSERT INTO Recipe_Cook (recipe_id, cook_id) VALUES (93, 38);

INSERT INTO Recipe_Cook (recipe_id, cook_id) VALUES (94, 38);

INSERT INTO Recipe_Cook (recipe_id, cook_id) VALUES (95, 38);

INSERT INTO Recipe_Cook (recipe_id, cook_id) VALUES (36, 38);

INSERT INTO Recipe_Cook (recipe_id, cook_id) VALUES (37, 38);

INSERT INTO Recipe_Cook (recipe_id, cook_id) VALUES (38, 38);

INSERT INTO Recipe_Cook (recipe_id, cook_id) VALUES (39, 38);

INSERT INTO Recipe_Cook (recipe_id, cook_id) VALUES (40, 38);

INSERT INTO Cook (user_id, first_name, last_name, phone_number, date_of_birth, years_of_experience, chef_status, image_id) VALUES (39, 'Tyler','Smith', 2165531593, '1989-10-07', 14, 'C', 367);

INSERT INTO Cook_National_Cuisine (cook_id, national_cuisine_id) VALUES (39, 16);

INSERT INTO Cook_National_Cuisine (cook_id, national_cuisine_id) VALUES (39, 15);

INSERT INTO Cook_National_Cuisine (cook_id, national_cuisine_id) VALUES (39, 1);

INSERT INTO Cook_National_Cuisine (cook_id, national_cuisine_id) VALUES (39, 14);

INSERT INTO Cook_National_Cuisine (cook_id, national_cuisine_id) VALUES (39, 2);

INSERT INTO Cook_National_Cuisine (cook_id, national_cuisine_id) VALUES (39, 13);

INSERT INTO Cook_National_Cuisine (cook_id, national_cuisine_id) VALUES (39, 4);

INSERT INTO Cook_National_Cuisine (cook_id, national_cuisine_id) VALUES (39, 7);

INSERT INTO Cook_National_Cuisine (cook_id, national_cuisine_id) VALUES (39, 11);

INSERT INTO Cook_National_Cuisine (cook_id, national_cuisine_id) VALUES (39, 8);

INSERT INTO Recipe_Cook (recipe_id, cook_id) VALUES (76, 39);

INSERT INTO Recipe_Cook (recipe_id, cook_id) VALUES (77, 39);

INSERT INTO Recipe_Cook (recipe_id, cook_id) VALUES (78, 39);

INSERT INTO Recipe_Cook (recipe_id, cook_id) VALUES (79, 39);

INSERT INTO Recipe_Cook (recipe_id, cook_id) VALUES (80, 39);

INSERT INTO Recipe_Cook (recipe_id, cook_id) VALUES (71, 39);

INSERT INTO Recipe_Cook (recipe_id, cook_id) VALUES (72, 39);

INSERT INTO Recipe_Cook (recipe_id, cook_id) VALUES (73, 39);

INSERT INTO Recipe_Cook (recipe_id, cook_id) VALUES (74, 39);

INSERT INTO Recipe_Cook (recipe_id, cook_id) VALUES (75, 39);

INSERT INTO Recipe_Cook (recipe_id, cook_id) VALUES (1, 39);

INSERT INTO Recipe_Cook (recipe_id, cook_id) VALUES (2, 39);

INSERT INTO Recipe_Cook (recipe_id, cook_id) VALUES (3, 39);

INSERT INTO Recipe_Cook (recipe_id, cook_id) VALUES (4, 39);

INSERT INTO Recipe_Cook (recipe_id, cook_id) VALUES (5, 39);

INSERT INTO Recipe_Cook (recipe_id, cook_id) VALUES (66, 39);

INSERT INTO Recipe_Cook (recipe_id, cook_id) VALUES (67, 39);

INSERT INTO Recipe_Cook (recipe_id, cook_id) VALUES (68, 39);

INSERT INTO Recipe_Cook (recipe_id, cook_id) VALUES (69, 39);

INSERT INTO Recipe_Cook (recipe_id, cook_id) VALUES (70, 39);

INSERT INTO Recipe_Cook (recipe_id, cook_id) VALUES (6, 39);

INSERT INTO Recipe_Cook (recipe_id, cook_id) VALUES (7, 39);

INSERT INTO Recipe_Cook (recipe_id, cook_id) VALUES (8, 39);

INSERT INTO Recipe_Cook (recipe_id, cook_id) VALUES (9, 39);

INSERT INTO Recipe_Cook (recipe_id, cook_id) VALUES (10, 39);

INSERT INTO Recipe_Cook (recipe_id, cook_id) VALUES (61, 39);

INSERT INTO Recipe_Cook (recipe_id, cook_id) VALUES (62, 39);

INSERT INTO Recipe_Cook (recipe_id, cook_id) VALUES (63, 39);

INSERT INTO Recipe_Cook (recipe_id, cook_id) VALUES (64, 39);

INSERT INTO Recipe_Cook (recipe_id, cook_id) VALUES (65, 39);

INSERT INTO Recipe_Cook (recipe_id, cook_id) VALUES (16, 39);

INSERT INTO Recipe_Cook (recipe_id, cook_id) VALUES (17, 39);

INSERT INTO Recipe_Cook (recipe_id, cook_id) VALUES (18, 39);

INSERT INTO Recipe_Cook (recipe_id, cook_id) VALUES (19, 39);

INSERT INTO Recipe_Cook (recipe_id, cook_id) VALUES (20, 39);

INSERT INTO Recipe_Cook (recipe_id, cook_id) VALUES (31, 39);

INSERT INTO Recipe_Cook (recipe_id, cook_id) VALUES (32, 39);

INSERT INTO Recipe_Cook (recipe_id, cook_id) VALUES (33, 39);

INSERT INTO Recipe_Cook (recipe_id, cook_id) VALUES (34, 39);

INSERT INTO Recipe_Cook (recipe_id, cook_id) VALUES (35, 39);

INSERT INTO Recipe_Cook (recipe_id, cook_id) VALUES (51, 39);

INSERT INTO Recipe_Cook (recipe_id, cook_id) VALUES (52, 39);

INSERT INTO Recipe_Cook (recipe_id, cook_id) VALUES (53, 39);

INSERT INTO Recipe_Cook (recipe_id, cook_id) VALUES (54, 39);

INSERT INTO Recipe_Cook (recipe_id, cook_id) VALUES (55, 39);

INSERT INTO Recipe_Cook (recipe_id, cook_id) VALUES (36, 39);

INSERT INTO Recipe_Cook (recipe_id, cook_id) VALUES (37, 39);

INSERT INTO Recipe_Cook (recipe_id, cook_id) VALUES (38, 39);

INSERT INTO Recipe_Cook (recipe_id, cook_id) VALUES (39, 39);

INSERT INTO Recipe_Cook (recipe_id, cook_id) VALUES (40, 39);

INSERT INTO Cook (user_id, first_name, last_name, phone_number, date_of_birth, years_of_experience, chef_status, image_id) VALUES (40, 'Jason','Smith', 6519926215, '1968-02-19', 12, 'sous chef', 368);

INSERT INTO Cook_National_Cuisine (cook_id, national_cuisine_id) VALUES (40, 5);

INSERT INTO Cook_National_Cuisine (cook_id, national_cuisine_id) VALUES (40, 18);

INSERT INTO Cook_National_Cuisine (cook_id, national_cuisine_id) VALUES (40, 14);

INSERT INTO Cook_National_Cuisine (cook_id, national_cuisine_id) VALUES (40, 19);

INSERT INTO Cook_National_Cuisine (cook_id, national_cuisine_id) VALUES (40, 10);

INSERT INTO Cook_National_Cuisine (cook_id, national_cuisine_id) VALUES (40, 16);

INSERT INTO Cook_National_Cuisine (cook_id, national_cuisine_id) VALUES (40, 11);

INSERT INTO Cook_National_Cuisine (cook_id, national_cuisine_id) VALUES (40, 17);

INSERT INTO Cook_National_Cuisine (cook_id, national_cuisine_id) VALUES (40, 9);

INSERT INTO Cook_National_Cuisine (cook_id, national_cuisine_id) VALUES (40, 20);

INSERT INTO Recipe_Cook (recipe_id, cook_id) VALUES (21, 40);

INSERT INTO Recipe_Cook (recipe_id, cook_id) VALUES (22, 40);

INSERT INTO Recipe_Cook (recipe_id, cook_id) VALUES (23, 40);

INSERT INTO Recipe_Cook (recipe_id, cook_id) VALUES (24, 40);

INSERT INTO Recipe_Cook (recipe_id, cook_id) VALUES (25, 40);

INSERT INTO Recipe_Cook (recipe_id, cook_id) VALUES (86, 40);

INSERT INTO Recipe_Cook (recipe_id, cook_id) VALUES (87, 40);

INSERT INTO Recipe_Cook (recipe_id, cook_id) VALUES (88, 40);

INSERT INTO Recipe_Cook (recipe_id, cook_id) VALUES (89, 40);

INSERT INTO Recipe_Cook (recipe_id, cook_id) VALUES (90, 40);

INSERT INTO Recipe_Cook (recipe_id, cook_id) VALUES (66, 40);

INSERT INTO Recipe_Cook (recipe_id, cook_id) VALUES (67, 40);

INSERT INTO Recipe_Cook (recipe_id, cook_id) VALUES (68, 40);

INSERT INTO Recipe_Cook (recipe_id, cook_id) VALUES (69, 40);

INSERT INTO Recipe_Cook (recipe_id, cook_id) VALUES (70, 40);

INSERT INTO Recipe_Cook (recipe_id, cook_id) VALUES (91, 40);

INSERT INTO Recipe_Cook (recipe_id, cook_id) VALUES (92, 40);

INSERT INTO Recipe_Cook (recipe_id, cook_id) VALUES (93, 40);

INSERT INTO Recipe_Cook (recipe_id, cook_id) VALUES (94, 40);

INSERT INTO Recipe_Cook (recipe_id, cook_id) VALUES (95, 40);

INSERT INTO Recipe_Cook (recipe_id, cook_id) VALUES (46, 40);

INSERT INTO Recipe_Cook (recipe_id, cook_id) VALUES (47, 40);

INSERT INTO Recipe_Cook (recipe_id, cook_id) VALUES (48, 40);

INSERT INTO Recipe_Cook (recipe_id, cook_id) VALUES (49, 40);

INSERT INTO Recipe_Cook (recipe_id, cook_id) VALUES (50, 40);

INSERT INTO Recipe_Cook (recipe_id, cook_id) VALUES (76, 40);

INSERT INTO Recipe_Cook (recipe_id, cook_id) VALUES (77, 40);

INSERT INTO Recipe_Cook (recipe_id, cook_id) VALUES (78, 40);

INSERT INTO Recipe_Cook (recipe_id, cook_id) VALUES (79, 40);

INSERT INTO Recipe_Cook (recipe_id, cook_id) VALUES (80, 40);

INSERT INTO Recipe_Cook (recipe_id, cook_id) VALUES (51, 40);

INSERT INTO Recipe_Cook (recipe_id, cook_id) VALUES (52, 40);

INSERT INTO Recipe_Cook (recipe_id, cook_id) VALUES (53, 40);

INSERT INTO Recipe_Cook (recipe_id, cook_id) VALUES (54, 40);

INSERT INTO Recipe_Cook (recipe_id, cook_id) VALUES (55, 40);

INSERT INTO Recipe_Cook (recipe_id, cook_id) VALUES (81, 40);

INSERT INTO Recipe_Cook (recipe_id, cook_id) VALUES (82, 40);

INSERT INTO Recipe_Cook (recipe_id, cook_id) VALUES (83, 40);

INSERT INTO Recipe_Cook (recipe_id, cook_id) VALUES (84, 40);

INSERT INTO Recipe_Cook (recipe_id, cook_id) VALUES (85, 40);

INSERT INTO Recipe_Cook (recipe_id, cook_id) VALUES (41, 40);

INSERT INTO Recipe_Cook (recipe_id, cook_id) VALUES (42, 40);

INSERT INTO Recipe_Cook (recipe_id, cook_id) VALUES (43, 40);

INSERT INTO Recipe_Cook (recipe_id, cook_id) VALUES (44, 40);

INSERT INTO Recipe_Cook (recipe_id, cook_id) VALUES (45, 40);

INSERT INTO Recipe_Cook (recipe_id, cook_id) VALUES (96, 40);

INSERT INTO Recipe_Cook (recipe_id, cook_id) VALUES (97, 40);

INSERT INTO Recipe_Cook (recipe_id, cook_id) VALUES (98, 40);

INSERT INTO Recipe_Cook (recipe_id, cook_id) VALUES (99, 40);

INSERT INTO Recipe_Cook (recipe_id, cook_id) VALUES (100, 40);

INSERT INTO Cook (user_id, first_name, last_name, phone_number, date_of_birth, years_of_experience, chef_status, image_id) VALUES (41, 'Stephen','Gomez', 2133920495, '1976-03-13', 20, 'A', 369);

INSERT INTO Cook_National_Cuisine (cook_id, national_cuisine_id) VALUES (41, 10);

INSERT INTO Cook_National_Cuisine (cook_id, national_cuisine_id) VALUES (41, 17);

INSERT INTO Cook_National_Cuisine (cook_id, national_cuisine_id) VALUES (41, 11);

INSERT INTO Cook_National_Cuisine (cook_id, national_cuisine_id) VALUES (41, 2);

INSERT INTO Cook_National_Cuisine (cook_id, national_cuisine_id) VALUES (41, 3);

INSERT INTO Recipe_Cook (recipe_id, cook_id) VALUES (46, 41);

INSERT INTO Recipe_Cook (recipe_id, cook_id) VALUES (47, 41);

INSERT INTO Recipe_Cook (recipe_id, cook_id) VALUES (48, 41);

INSERT INTO Recipe_Cook (recipe_id, cook_id) VALUES (49, 41);

INSERT INTO Recipe_Cook (recipe_id, cook_id) VALUES (50, 41);

INSERT INTO Recipe_Cook (recipe_id, cook_id) VALUES (81, 41);

INSERT INTO Recipe_Cook (recipe_id, cook_id) VALUES (82, 41);

INSERT INTO Recipe_Cook (recipe_id, cook_id) VALUES (83, 41);

INSERT INTO Recipe_Cook (recipe_id, cook_id) VALUES (84, 41);

INSERT INTO Recipe_Cook (recipe_id, cook_id) VALUES (85, 41);

INSERT INTO Recipe_Cook (recipe_id, cook_id) VALUES (51, 41);

INSERT INTO Recipe_Cook (recipe_id, cook_id) VALUES (52, 41);

INSERT INTO Recipe_Cook (recipe_id, cook_id) VALUES (53, 41);

INSERT INTO Recipe_Cook (recipe_id, cook_id) VALUES (54, 41);

INSERT INTO Recipe_Cook (recipe_id, cook_id) VALUES (55, 41);

INSERT INTO Recipe_Cook (recipe_id, cook_id) VALUES (6, 41);

INSERT INTO Recipe_Cook (recipe_id, cook_id) VALUES (7, 41);

INSERT INTO Recipe_Cook (recipe_id, cook_id) VALUES (8, 41);

INSERT INTO Recipe_Cook (recipe_id, cook_id) VALUES (9, 41);

INSERT INTO Recipe_Cook (recipe_id, cook_id) VALUES (10, 41);

INSERT INTO Recipe_Cook (recipe_id, cook_id) VALUES (11, 41);

INSERT INTO Recipe_Cook (recipe_id, cook_id) VALUES (12, 41);

INSERT INTO Recipe_Cook (recipe_id, cook_id) VALUES (13, 41);

INSERT INTO Recipe_Cook (recipe_id, cook_id) VALUES (14, 41);

INSERT INTO Recipe_Cook (recipe_id, cook_id) VALUES (15, 41);

INSERT INTO Cook (user_id, first_name, last_name, phone_number, date_of_birth, years_of_experience, chef_status, image_id) VALUES (42, 'Susan','Nelson', 9866771220, '1962-08-06', 44, 'B', 370);

INSERT INTO Cook_National_Cuisine (cook_id, national_cuisine_id) VALUES (42, 9);

INSERT INTO Cook_National_Cuisine (cook_id, national_cuisine_id) VALUES (42, 8);

INSERT INTO Cook_National_Cuisine (cook_id, national_cuisine_id) VALUES (42, 4);

INSERT INTO Cook_National_Cuisine (cook_id, national_cuisine_id) VALUES (42, 15);

INSERT INTO Cook_National_Cuisine (cook_id, national_cuisine_id) VALUES (42, 5);

INSERT INTO Cook_National_Cuisine (cook_id, national_cuisine_id) VALUES (42, 19);

INSERT INTO Cook_National_Cuisine (cook_id, national_cuisine_id) VALUES (42, 7);

INSERT INTO Recipe_Cook (recipe_id, cook_id) VALUES (41, 42);

INSERT INTO Recipe_Cook (recipe_id, cook_id) VALUES (42, 42);

INSERT INTO Recipe_Cook (recipe_id, cook_id) VALUES (43, 42);

INSERT INTO Recipe_Cook (recipe_id, cook_id) VALUES (44, 42);

INSERT INTO Recipe_Cook (recipe_id, cook_id) VALUES (45, 42);

INSERT INTO Recipe_Cook (recipe_id, cook_id) VALUES (36, 42);

INSERT INTO Recipe_Cook (recipe_id, cook_id) VALUES (37, 42);

INSERT INTO Recipe_Cook (recipe_id, cook_id) VALUES (38, 42);

INSERT INTO Recipe_Cook (recipe_id, cook_id) VALUES (39, 42);

INSERT INTO Recipe_Cook (recipe_id, cook_id) VALUES (40, 42);

INSERT INTO Recipe_Cook (recipe_id, cook_id) VALUES (16, 42);

INSERT INTO Recipe_Cook (recipe_id, cook_id) VALUES (17, 42);

INSERT INTO Recipe_Cook (recipe_id, cook_id) VALUES (18, 42);

INSERT INTO Recipe_Cook (recipe_id, cook_id) VALUES (19, 42);

INSERT INTO Recipe_Cook (recipe_id, cook_id) VALUES (20, 42);

INSERT INTO Recipe_Cook (recipe_id, cook_id) VALUES (71, 42);

INSERT INTO Recipe_Cook (recipe_id, cook_id) VALUES (72, 42);

INSERT INTO Recipe_Cook (recipe_id, cook_id) VALUES (73, 42);

INSERT INTO Recipe_Cook (recipe_id, cook_id) VALUES (74, 42);

INSERT INTO Recipe_Cook (recipe_id, cook_id) VALUES (75, 42);

INSERT INTO Recipe_Cook (recipe_id, cook_id) VALUES (21, 42);

INSERT INTO Recipe_Cook (recipe_id, cook_id) VALUES (22, 42);

INSERT INTO Recipe_Cook (recipe_id, cook_id) VALUES (23, 42);

INSERT INTO Recipe_Cook (recipe_id, cook_id) VALUES (24, 42);

INSERT INTO Recipe_Cook (recipe_id, cook_id) VALUES (25, 42);

INSERT INTO Recipe_Cook (recipe_id, cook_id) VALUES (91, 42);

INSERT INTO Recipe_Cook (recipe_id, cook_id) VALUES (92, 42);

INSERT INTO Recipe_Cook (recipe_id, cook_id) VALUES (93, 42);

INSERT INTO Recipe_Cook (recipe_id, cook_id) VALUES (94, 42);

INSERT INTO Recipe_Cook (recipe_id, cook_id) VALUES (95, 42);

INSERT INTO Recipe_Cook (recipe_id, cook_id) VALUES (31, 42);

INSERT INTO Recipe_Cook (recipe_id, cook_id) VALUES (32, 42);

INSERT INTO Recipe_Cook (recipe_id, cook_id) VALUES (33, 42);

INSERT INTO Recipe_Cook (recipe_id, cook_id) VALUES (34, 42);

INSERT INTO Recipe_Cook (recipe_id, cook_id) VALUES (35, 42);

INSERT INTO Cook (user_id, first_name, last_name, phone_number, date_of_birth, years_of_experience, chef_status, image_id) VALUES (43, 'Donna','Tucker', 1347207385, '1968-07-23', 20, 'chef', 371);

INSERT INTO Cook_National_Cuisine (cook_id, national_cuisine_id) VALUES (43, 11);

INSERT INTO Cook_National_Cuisine (cook_id, national_cuisine_id) VALUES (43, 19);

INSERT INTO Cook_National_Cuisine (cook_id, national_cuisine_id) VALUES (43, 9);

INSERT INTO Cook_National_Cuisine (cook_id, national_cuisine_id) VALUES (43, 15);

INSERT INTO Cook_National_Cuisine (cook_id, national_cuisine_id) VALUES (43, 17);

INSERT INTO Recipe_Cook (recipe_id, cook_id) VALUES (51, 43);

INSERT INTO Recipe_Cook (recipe_id, cook_id) VALUES (52, 43);

INSERT INTO Recipe_Cook (recipe_id, cook_id) VALUES (53, 43);

INSERT INTO Recipe_Cook (recipe_id, cook_id) VALUES (54, 43);

INSERT INTO Recipe_Cook (recipe_id, cook_id) VALUES (55, 43);

INSERT INTO Recipe_Cook (recipe_id, cook_id) VALUES (91, 43);

INSERT INTO Recipe_Cook (recipe_id, cook_id) VALUES (92, 43);

INSERT INTO Recipe_Cook (recipe_id, cook_id) VALUES (93, 43);

INSERT INTO Recipe_Cook (recipe_id, cook_id) VALUES (94, 43);

INSERT INTO Recipe_Cook (recipe_id, cook_id) VALUES (95, 43);

INSERT INTO Recipe_Cook (recipe_id, cook_id) VALUES (41, 43);

INSERT INTO Recipe_Cook (recipe_id, cook_id) VALUES (42, 43);

INSERT INTO Recipe_Cook (recipe_id, cook_id) VALUES (43, 43);

INSERT INTO Recipe_Cook (recipe_id, cook_id) VALUES (44, 43);

INSERT INTO Recipe_Cook (recipe_id, cook_id) VALUES (45, 43);

INSERT INTO Recipe_Cook (recipe_id, cook_id) VALUES (71, 43);

INSERT INTO Recipe_Cook (recipe_id, cook_id) VALUES (72, 43);

INSERT INTO Recipe_Cook (recipe_id, cook_id) VALUES (73, 43);

INSERT INTO Recipe_Cook (recipe_id, cook_id) VALUES (74, 43);

INSERT INTO Recipe_Cook (recipe_id, cook_id) VALUES (75, 43);

INSERT INTO Recipe_Cook (recipe_id, cook_id) VALUES (81, 43);

INSERT INTO Recipe_Cook (recipe_id, cook_id) VALUES (82, 43);

INSERT INTO Recipe_Cook (recipe_id, cook_id) VALUES (83, 43);

INSERT INTO Recipe_Cook (recipe_id, cook_id) VALUES (84, 43);

INSERT INTO Recipe_Cook (recipe_id, cook_id) VALUES (85, 43);

INSERT INTO Cook (user_id, first_name, last_name, phone_number, date_of_birth, years_of_experience, chef_status, image_id) VALUES (44, 'Jaclyn','King', 7335673284, '1977-01-23', 27, 'A', 372);

INSERT INTO Cook_National_Cuisine (cook_id, national_cuisine_id) VALUES (44, 13);

INSERT INTO Cook_National_Cuisine (cook_id, national_cuisine_id) VALUES (44, 18);

INSERT INTO Cook_National_Cuisine (cook_id, national_cuisine_id) VALUES (44, 20);

INSERT INTO Cook_National_Cuisine (cook_id, national_cuisine_id) VALUES (44, 2);

INSERT INTO Cook_National_Cuisine (cook_id, national_cuisine_id) VALUES (44, 10);

INSERT INTO Cook_National_Cuisine (cook_id, national_cuisine_id) VALUES (44, 5);

INSERT INTO Recipe_Cook (recipe_id, cook_id) VALUES (61, 44);

INSERT INTO Recipe_Cook (recipe_id, cook_id) VALUES (62, 44);

INSERT INTO Recipe_Cook (recipe_id, cook_id) VALUES (63, 44);

INSERT INTO Recipe_Cook (recipe_id, cook_id) VALUES (64, 44);

INSERT INTO Recipe_Cook (recipe_id, cook_id) VALUES (65, 44);

INSERT INTO Recipe_Cook (recipe_id, cook_id) VALUES (86, 44);

INSERT INTO Recipe_Cook (recipe_id, cook_id) VALUES (87, 44);

INSERT INTO Recipe_Cook (recipe_id, cook_id) VALUES (88, 44);

INSERT INTO Recipe_Cook (recipe_id, cook_id) VALUES (89, 44);

INSERT INTO Recipe_Cook (recipe_id, cook_id) VALUES (90, 44);

INSERT INTO Recipe_Cook (recipe_id, cook_id) VALUES (96, 44);

INSERT INTO Recipe_Cook (recipe_id, cook_id) VALUES (97, 44);

INSERT INTO Recipe_Cook (recipe_id, cook_id) VALUES (98, 44);

INSERT INTO Recipe_Cook (recipe_id, cook_id) VALUES (99, 44);

INSERT INTO Recipe_Cook (recipe_id, cook_id) VALUES (100, 44);

INSERT INTO Recipe_Cook (recipe_id, cook_id) VALUES (6, 44);

INSERT INTO Recipe_Cook (recipe_id, cook_id) VALUES (7, 44);

INSERT INTO Recipe_Cook (recipe_id, cook_id) VALUES (8, 44);

INSERT INTO Recipe_Cook (recipe_id, cook_id) VALUES (9, 44);

INSERT INTO Recipe_Cook (recipe_id, cook_id) VALUES (10, 44);

INSERT INTO Recipe_Cook (recipe_id, cook_id) VALUES (46, 44);

INSERT INTO Recipe_Cook (recipe_id, cook_id) VALUES (47, 44);

INSERT INTO Recipe_Cook (recipe_id, cook_id) VALUES (48, 44);

INSERT INTO Recipe_Cook (recipe_id, cook_id) VALUES (49, 44);

INSERT INTO Recipe_Cook (recipe_id, cook_id) VALUES (50, 44);

INSERT INTO Recipe_Cook (recipe_id, cook_id) VALUES (21, 44);

INSERT INTO Recipe_Cook (recipe_id, cook_id) VALUES (22, 44);

INSERT INTO Recipe_Cook (recipe_id, cook_id) VALUES (23, 44);

INSERT INTO Recipe_Cook (recipe_id, cook_id) VALUES (24, 44);

INSERT INTO Recipe_Cook (recipe_id, cook_id) VALUES (25, 44);

INSERT INTO Cook (user_id, first_name, last_name, phone_number, date_of_birth, years_of_experience, chef_status, image_id) VALUES (45, 'Peter','Cummings', 8216095687, '1990-02-07', 3, 'sous chef', 373);

INSERT INTO Cook_National_Cuisine (cook_id, national_cuisine_id) VALUES (45, 3);

INSERT INTO Cook_National_Cuisine (cook_id, national_cuisine_id) VALUES (45, 10);

INSERT INTO Cook_National_Cuisine (cook_id, national_cuisine_id) VALUES (45, 15);

INSERT INTO Cook_National_Cuisine (cook_id, national_cuisine_id) VALUES (45, 17);

INSERT INTO Cook_National_Cuisine (cook_id, national_cuisine_id) VALUES (45, 11);

INSERT INTO Cook_National_Cuisine (cook_id, national_cuisine_id) VALUES (45, 5);

INSERT INTO Cook_National_Cuisine (cook_id, national_cuisine_id) VALUES (45, 4);

INSERT INTO Recipe_Cook (recipe_id, cook_id) VALUES (11, 45);

INSERT INTO Recipe_Cook (recipe_id, cook_id) VALUES (12, 45);

INSERT INTO Recipe_Cook (recipe_id, cook_id) VALUES (13, 45);

INSERT INTO Recipe_Cook (recipe_id, cook_id) VALUES (14, 45);

INSERT INTO Recipe_Cook (recipe_id, cook_id) VALUES (15, 45);

INSERT INTO Recipe_Cook (recipe_id, cook_id) VALUES (46, 45);

INSERT INTO Recipe_Cook (recipe_id, cook_id) VALUES (47, 45);

INSERT INTO Recipe_Cook (recipe_id, cook_id) VALUES (48, 45);

INSERT INTO Recipe_Cook (recipe_id, cook_id) VALUES (49, 45);

INSERT INTO Recipe_Cook (recipe_id, cook_id) VALUES (50, 45);

INSERT INTO Recipe_Cook (recipe_id, cook_id) VALUES (71, 45);

INSERT INTO Recipe_Cook (recipe_id, cook_id) VALUES (72, 45);

INSERT INTO Recipe_Cook (recipe_id, cook_id) VALUES (73, 45);

INSERT INTO Recipe_Cook (recipe_id, cook_id) VALUES (74, 45);

INSERT INTO Recipe_Cook (recipe_id, cook_id) VALUES (75, 45);

INSERT INTO Recipe_Cook (recipe_id, cook_id) VALUES (81, 45);

INSERT INTO Recipe_Cook (recipe_id, cook_id) VALUES (82, 45);

INSERT INTO Recipe_Cook (recipe_id, cook_id) VALUES (83, 45);

INSERT INTO Recipe_Cook (recipe_id, cook_id) VALUES (84, 45);

INSERT INTO Recipe_Cook (recipe_id, cook_id) VALUES (85, 45);

INSERT INTO Recipe_Cook (recipe_id, cook_id) VALUES (51, 45);

INSERT INTO Recipe_Cook (recipe_id, cook_id) VALUES (52, 45);

INSERT INTO Recipe_Cook (recipe_id, cook_id) VALUES (53, 45);

INSERT INTO Recipe_Cook (recipe_id, cook_id) VALUES (54, 45);

INSERT INTO Recipe_Cook (recipe_id, cook_id) VALUES (55, 45);

INSERT INTO Recipe_Cook (recipe_id, cook_id) VALUES (21, 45);

INSERT INTO Recipe_Cook (recipe_id, cook_id) VALUES (22, 45);

INSERT INTO Recipe_Cook (recipe_id, cook_id) VALUES (23, 45);

INSERT INTO Recipe_Cook (recipe_id, cook_id) VALUES (24, 45);

INSERT INTO Recipe_Cook (recipe_id, cook_id) VALUES (25, 45);

INSERT INTO Recipe_Cook (recipe_id, cook_id) VALUES (16, 45);

INSERT INTO Recipe_Cook (recipe_id, cook_id) VALUES (17, 45);

INSERT INTO Recipe_Cook (recipe_id, cook_id) VALUES (18, 45);

INSERT INTO Recipe_Cook (recipe_id, cook_id) VALUES (19, 45);

INSERT INTO Recipe_Cook (recipe_id, cook_id) VALUES (20, 45);

INSERT INTO Cook (user_id, first_name, last_name, phone_number, date_of_birth, years_of_experience, chef_status, image_id) VALUES (46, 'Renee','Glover', 3930046547, '1964-03-28', 28, 'chef', 374);

INSERT INTO Cook_National_Cuisine (cook_id, national_cuisine_id) VALUES (46, 18);

INSERT INTO Cook_National_Cuisine (cook_id, national_cuisine_id) VALUES (46, 15);

INSERT INTO Cook_National_Cuisine (cook_id, national_cuisine_id) VALUES (46, 17);

INSERT INTO Cook_National_Cuisine (cook_id, national_cuisine_id) VALUES (46, 6);

INSERT INTO Cook_National_Cuisine (cook_id, national_cuisine_id) VALUES (46, 2);

INSERT INTO Cook_National_Cuisine (cook_id, national_cuisine_id) VALUES (46, 8);

INSERT INTO Recipe_Cook (recipe_id, cook_id) VALUES (86, 46);

INSERT INTO Recipe_Cook (recipe_id, cook_id) VALUES (87, 46);

INSERT INTO Recipe_Cook (recipe_id, cook_id) VALUES (88, 46);

INSERT INTO Recipe_Cook (recipe_id, cook_id) VALUES (89, 46);

INSERT INTO Recipe_Cook (recipe_id, cook_id) VALUES (90, 46);

INSERT INTO Recipe_Cook (recipe_id, cook_id) VALUES (71, 46);

INSERT INTO Recipe_Cook (recipe_id, cook_id) VALUES (72, 46);

INSERT INTO Recipe_Cook (recipe_id, cook_id) VALUES (73, 46);

INSERT INTO Recipe_Cook (recipe_id, cook_id) VALUES (74, 46);

INSERT INTO Recipe_Cook (recipe_id, cook_id) VALUES (75, 46);

INSERT INTO Recipe_Cook (recipe_id, cook_id) VALUES (81, 46);

INSERT INTO Recipe_Cook (recipe_id, cook_id) VALUES (82, 46);

INSERT INTO Recipe_Cook (recipe_id, cook_id) VALUES (83, 46);

INSERT INTO Recipe_Cook (recipe_id, cook_id) VALUES (84, 46);

INSERT INTO Recipe_Cook (recipe_id, cook_id) VALUES (85, 46);

INSERT INTO Recipe_Cook (recipe_id, cook_id) VALUES (26, 46);

INSERT INTO Recipe_Cook (recipe_id, cook_id) VALUES (27, 46);

INSERT INTO Recipe_Cook (recipe_id, cook_id) VALUES (28, 46);

INSERT INTO Recipe_Cook (recipe_id, cook_id) VALUES (29, 46);

INSERT INTO Recipe_Cook (recipe_id, cook_id) VALUES (30, 46);

INSERT INTO Recipe_Cook (recipe_id, cook_id) VALUES (6, 46);

INSERT INTO Recipe_Cook (recipe_id, cook_id) VALUES (7, 46);

INSERT INTO Recipe_Cook (recipe_id, cook_id) VALUES (8, 46);

INSERT INTO Recipe_Cook (recipe_id, cook_id) VALUES (9, 46);

INSERT INTO Recipe_Cook (recipe_id, cook_id) VALUES (10, 46);

INSERT INTO Recipe_Cook (recipe_id, cook_id) VALUES (36, 46);

INSERT INTO Recipe_Cook (recipe_id, cook_id) VALUES (37, 46);

INSERT INTO Recipe_Cook (recipe_id, cook_id) VALUES (38, 46);

INSERT INTO Recipe_Cook (recipe_id, cook_id) VALUES (39, 46);

INSERT INTO Recipe_Cook (recipe_id, cook_id) VALUES (40, 46);

INSERT INTO Cook (user_id, first_name, last_name, phone_number, date_of_birth, years_of_experience, chef_status, image_id) VALUES (47, 'Elizabeth','Wells', 8189462067, '1992-04-30', 13, 'A', 375);

INSERT INTO Cook_National_Cuisine (cook_id, national_cuisine_id) VALUES (47, 20);

INSERT INTO Cook_National_Cuisine (cook_id, national_cuisine_id) VALUES (47, 11);

INSERT INTO Cook_National_Cuisine (cook_id, national_cuisine_id) VALUES (47, 1);

INSERT INTO Cook_National_Cuisine (cook_id, national_cuisine_id) VALUES (47, 7);

INSERT INTO Cook_National_Cuisine (cook_id, national_cuisine_id) VALUES (47, 4);

INSERT INTO Recipe_Cook (recipe_id, cook_id) VALUES (96, 47);

INSERT INTO Recipe_Cook (recipe_id, cook_id) VALUES (97, 47);

INSERT INTO Recipe_Cook (recipe_id, cook_id) VALUES (98, 47);

INSERT INTO Recipe_Cook (recipe_id, cook_id) VALUES (99, 47);

INSERT INTO Recipe_Cook (recipe_id, cook_id) VALUES (100, 47);

INSERT INTO Recipe_Cook (recipe_id, cook_id) VALUES (51, 47);

INSERT INTO Recipe_Cook (recipe_id, cook_id) VALUES (52, 47);

INSERT INTO Recipe_Cook (recipe_id, cook_id) VALUES (53, 47);

INSERT INTO Recipe_Cook (recipe_id, cook_id) VALUES (54, 47);

INSERT INTO Recipe_Cook (recipe_id, cook_id) VALUES (55, 47);

INSERT INTO Recipe_Cook (recipe_id, cook_id) VALUES (1, 47);

INSERT INTO Recipe_Cook (recipe_id, cook_id) VALUES (2, 47);

INSERT INTO Recipe_Cook (recipe_id, cook_id) VALUES (3, 47);

INSERT INTO Recipe_Cook (recipe_id, cook_id) VALUES (4, 47);

INSERT INTO Recipe_Cook (recipe_id, cook_id) VALUES (5, 47);

INSERT INTO Recipe_Cook (recipe_id, cook_id) VALUES (31, 47);

INSERT INTO Recipe_Cook (recipe_id, cook_id) VALUES (32, 47);

INSERT INTO Recipe_Cook (recipe_id, cook_id) VALUES (33, 47);

INSERT INTO Recipe_Cook (recipe_id, cook_id) VALUES (34, 47);

INSERT INTO Recipe_Cook (recipe_id, cook_id) VALUES (35, 47);

INSERT INTO Recipe_Cook (recipe_id, cook_id) VALUES (16, 47);

INSERT INTO Recipe_Cook (recipe_id, cook_id) VALUES (17, 47);

INSERT INTO Recipe_Cook (recipe_id, cook_id) VALUES (18, 47);

INSERT INTO Recipe_Cook (recipe_id, cook_id) VALUES (19, 47);

INSERT INTO Recipe_Cook (recipe_id, cook_id) VALUES (20, 47);

INSERT INTO Cook (user_id, first_name, last_name, phone_number, date_of_birth, years_of_experience, chef_status, image_id) VALUES (48, 'Hannah','Ellis', 3886856029, '1976-02-10', 17, 'chef', 376);

INSERT INTO Cook_National_Cuisine (cook_id, national_cuisine_id) VALUES (48, 5);

INSERT INTO Cook_National_Cuisine (cook_id, national_cuisine_id) VALUES (48, 2);

INSERT INTO Cook_National_Cuisine (cook_id, national_cuisine_id) VALUES (48, 12);

INSERT INTO Cook_National_Cuisine (cook_id, national_cuisine_id) VALUES (48, 18);

INSERT INTO Cook_National_Cuisine (cook_id, national_cuisine_id) VALUES (48, 15);

INSERT INTO Cook_National_Cuisine (cook_id, national_cuisine_id) VALUES (48, 6);

INSERT INTO Recipe_Cook (recipe_id, cook_id) VALUES (21, 48);

INSERT INTO Recipe_Cook (recipe_id, cook_id) VALUES (22, 48);

INSERT INTO Recipe_Cook (recipe_id, cook_id) VALUES (23, 48);

INSERT INTO Recipe_Cook (recipe_id, cook_id) VALUES (24, 48);

INSERT INTO Recipe_Cook (recipe_id, cook_id) VALUES (25, 48);

INSERT INTO Recipe_Cook (recipe_id, cook_id) VALUES (6, 48);

INSERT INTO Recipe_Cook (recipe_id, cook_id) VALUES (7, 48);

INSERT INTO Recipe_Cook (recipe_id, cook_id) VALUES (8, 48);

INSERT INTO Recipe_Cook (recipe_id, cook_id) VALUES (9, 48);

INSERT INTO Recipe_Cook (recipe_id, cook_id) VALUES (10, 48);

INSERT INTO Recipe_Cook (recipe_id, cook_id) VALUES (56, 48);

INSERT INTO Recipe_Cook (recipe_id, cook_id) VALUES (57, 48);

INSERT INTO Recipe_Cook (recipe_id, cook_id) VALUES (58, 48);

INSERT INTO Recipe_Cook (recipe_id, cook_id) VALUES (59, 48);

INSERT INTO Recipe_Cook (recipe_id, cook_id) VALUES (60, 48);

INSERT INTO Recipe_Cook (recipe_id, cook_id) VALUES (86, 48);

INSERT INTO Recipe_Cook (recipe_id, cook_id) VALUES (87, 48);

INSERT INTO Recipe_Cook (recipe_id, cook_id) VALUES (88, 48);

INSERT INTO Recipe_Cook (recipe_id, cook_id) VALUES (89, 48);

INSERT INTO Recipe_Cook (recipe_id, cook_id) VALUES (90, 48);

INSERT INTO Recipe_Cook (recipe_id, cook_id) VALUES (71, 48);

INSERT INTO Recipe_Cook (recipe_id, cook_id) VALUES (72, 48);

INSERT INTO Recipe_Cook (recipe_id, cook_id) VALUES (73, 48);

INSERT INTO Recipe_Cook (recipe_id, cook_id) VALUES (74, 48);

INSERT INTO Recipe_Cook (recipe_id, cook_id) VALUES (75, 48);

INSERT INTO Recipe_Cook (recipe_id, cook_id) VALUES (26, 48);

INSERT INTO Recipe_Cook (recipe_id, cook_id) VALUES (27, 48);

INSERT INTO Recipe_Cook (recipe_id, cook_id) VALUES (28, 48);

INSERT INTO Recipe_Cook (recipe_id, cook_id) VALUES (29, 48);

INSERT INTO Recipe_Cook (recipe_id, cook_id) VALUES (30, 48);

INSERT INTO Cook (user_id, first_name, last_name, phone_number, date_of_birth, years_of_experience, chef_status, image_id) VALUES (49, 'Valerie','Mcguire', 6236281060, '1978-05-22', 7, 'C', 377);

INSERT INTO Cook_National_Cuisine (cook_id, national_cuisine_id) VALUES (49, 6);

INSERT INTO Cook_National_Cuisine (cook_id, national_cuisine_id) VALUES (49, 17);

INSERT INTO Cook_National_Cuisine (cook_id, national_cuisine_id) VALUES (49, 11);

INSERT INTO Cook_National_Cuisine (cook_id, national_cuisine_id) VALUES (49, 16);

INSERT INTO Cook_National_Cuisine (cook_id, national_cuisine_id) VALUES (49, 18);

INSERT INTO Recipe_Cook (recipe_id, cook_id) VALUES (26, 49);

INSERT INTO Recipe_Cook (recipe_id, cook_id) VALUES (27, 49);

INSERT INTO Recipe_Cook (recipe_id, cook_id) VALUES (28, 49);

INSERT INTO Recipe_Cook (recipe_id, cook_id) VALUES (29, 49);

INSERT INTO Recipe_Cook (recipe_id, cook_id) VALUES (30, 49);

INSERT INTO Recipe_Cook (recipe_id, cook_id) VALUES (81, 49);

INSERT INTO Recipe_Cook (recipe_id, cook_id) VALUES (82, 49);

INSERT INTO Recipe_Cook (recipe_id, cook_id) VALUES (83, 49);

INSERT INTO Recipe_Cook (recipe_id, cook_id) VALUES (84, 49);

INSERT INTO Recipe_Cook (recipe_id, cook_id) VALUES (85, 49);

INSERT INTO Recipe_Cook (recipe_id, cook_id) VALUES (51, 49);

INSERT INTO Recipe_Cook (recipe_id, cook_id) VALUES (52, 49);

INSERT INTO Recipe_Cook (recipe_id, cook_id) VALUES (53, 49);

INSERT INTO Recipe_Cook (recipe_id, cook_id) VALUES (54, 49);

INSERT INTO Recipe_Cook (recipe_id, cook_id) VALUES (55, 49);

INSERT INTO Recipe_Cook (recipe_id, cook_id) VALUES (76, 49);

INSERT INTO Recipe_Cook (recipe_id, cook_id) VALUES (77, 49);

INSERT INTO Recipe_Cook (recipe_id, cook_id) VALUES (78, 49);

INSERT INTO Recipe_Cook (recipe_id, cook_id) VALUES (79, 49);

INSERT INTO Recipe_Cook (recipe_id, cook_id) VALUES (80, 49);

INSERT INTO Recipe_Cook (recipe_id, cook_id) VALUES (86, 49);

INSERT INTO Recipe_Cook (recipe_id, cook_id) VALUES (87, 49);

INSERT INTO Recipe_Cook (recipe_id, cook_id) VALUES (88, 49);

INSERT INTO Recipe_Cook (recipe_id, cook_id) VALUES (89, 49);

INSERT INTO Recipe_Cook (recipe_id, cook_id) VALUES (90, 49);

INSERT INTO Cook (user_id, first_name, last_name, phone_number, date_of_birth, years_of_experience, chef_status, image_id) VALUES (50, 'Kelli','Davis', 6197008993, '1985-04-15', 19, 'chef', 378);

INSERT INTO Cook_National_Cuisine (cook_id, national_cuisine_id) VALUES (50, 11);

INSERT INTO Cook_National_Cuisine (cook_id, national_cuisine_id) VALUES (50, 20);

INSERT INTO Cook_National_Cuisine (cook_id, national_cuisine_id) VALUES (50, 9);

INSERT INTO Cook_National_Cuisine (cook_id, national_cuisine_id) VALUES (50, 5);

INSERT INTO Cook_National_Cuisine (cook_id, national_cuisine_id) VALUES (50, 2);

INSERT INTO Cook_National_Cuisine (cook_id, national_cuisine_id) VALUES (50, 15);

INSERT INTO Cook_National_Cuisine (cook_id, national_cuisine_id) VALUES (50, 18);

INSERT INTO Cook_National_Cuisine (cook_id, national_cuisine_id) VALUES (50, 4);

INSERT INTO Cook_National_Cuisine (cook_id, national_cuisine_id) VALUES (50, 6);

INSERT INTO Cook_National_Cuisine (cook_id, national_cuisine_id) VALUES (50, 17);

INSERT INTO Recipe_Cook (recipe_id, cook_id) VALUES (51, 50);

INSERT INTO Recipe_Cook (recipe_id, cook_id) VALUES (52, 50);

INSERT INTO Recipe_Cook (recipe_id, cook_id) VALUES (53, 50);

INSERT INTO Recipe_Cook (recipe_id, cook_id) VALUES (54, 50);

INSERT INTO Recipe_Cook (recipe_id, cook_id) VALUES (55, 50);

INSERT INTO Recipe_Cook (recipe_id, cook_id) VALUES (96, 50);

INSERT INTO Recipe_Cook (recipe_id, cook_id) VALUES (97, 50);

INSERT INTO Recipe_Cook (recipe_id, cook_id) VALUES (98, 50);

INSERT INTO Recipe_Cook (recipe_id, cook_id) VALUES (99, 50);

INSERT INTO Recipe_Cook (recipe_id, cook_id) VALUES (100, 50);

INSERT INTO Recipe_Cook (recipe_id, cook_id) VALUES (41, 50);

INSERT INTO Recipe_Cook (recipe_id, cook_id) VALUES (42, 50);

INSERT INTO Recipe_Cook (recipe_id, cook_id) VALUES (43, 50);

INSERT INTO Recipe_Cook (recipe_id, cook_id) VALUES (44, 50);

INSERT INTO Recipe_Cook (recipe_id, cook_id) VALUES (45, 50);

INSERT INTO Recipe_Cook (recipe_id, cook_id) VALUES (21, 50);

INSERT INTO Recipe_Cook (recipe_id, cook_id) VALUES (22, 50);

INSERT INTO Recipe_Cook (recipe_id, cook_id) VALUES (23, 50);

INSERT INTO Recipe_Cook (recipe_id, cook_id) VALUES (24, 50);

INSERT INTO Recipe_Cook (recipe_id, cook_id) VALUES (25, 50);

INSERT INTO Recipe_Cook (recipe_id, cook_id) VALUES (6, 50);

INSERT INTO Recipe_Cook (recipe_id, cook_id) VALUES (7, 50);

INSERT INTO Recipe_Cook (recipe_id, cook_id) VALUES (8, 50);

INSERT INTO Recipe_Cook (recipe_id, cook_id) VALUES (9, 50);

INSERT INTO Recipe_Cook (recipe_id, cook_id) VALUES (10, 50);

INSERT INTO Recipe_Cook (recipe_id, cook_id) VALUES (71, 50);

INSERT INTO Recipe_Cook (recipe_id, cook_id) VALUES (72, 50);

INSERT INTO Recipe_Cook (recipe_id, cook_id) VALUES (73, 50);

INSERT INTO Recipe_Cook (recipe_id, cook_id) VALUES (74, 50);

INSERT INTO Recipe_Cook (recipe_id, cook_id) VALUES (75, 50);

INSERT INTO Recipe_Cook (recipe_id, cook_id) VALUES (86, 50);

INSERT INTO Recipe_Cook (recipe_id, cook_id) VALUES (87, 50);

INSERT INTO Recipe_Cook (recipe_id, cook_id) VALUES (88, 50);

INSERT INTO Recipe_Cook (recipe_id, cook_id) VALUES (89, 50);

INSERT INTO Recipe_Cook (recipe_id, cook_id) VALUES (90, 50);

INSERT INTO Recipe_Cook (recipe_id, cook_id) VALUES (16, 50);

INSERT INTO Recipe_Cook (recipe_id, cook_id) VALUES (17, 50);

INSERT INTO Recipe_Cook (recipe_id, cook_id) VALUES (18, 50);

INSERT INTO Recipe_Cook (recipe_id, cook_id) VALUES (19, 50);

INSERT INTO Recipe_Cook (recipe_id, cook_id) VALUES (20, 50);

INSERT INTO Recipe_Cook (recipe_id, cook_id) VALUES (26, 50);

INSERT INTO Recipe_Cook (recipe_id, cook_id) VALUES (27, 50);

INSERT INTO Recipe_Cook (recipe_id, cook_id) VALUES (28, 50);

INSERT INTO Recipe_Cook (recipe_id, cook_id) VALUES (29, 50);

INSERT INTO Recipe_Cook (recipe_id, cook_id) VALUES (30, 50);

INSERT INTO Recipe_Cook (recipe_id, cook_id) VALUES (81, 50);

INSERT INTO Recipe_Cook (recipe_id, cook_id) VALUES (82, 50);

INSERT INTO Recipe_Cook (recipe_id, cook_id) VALUES (83, 50);

INSERT INTO Recipe_Cook (recipe_id, cook_id) VALUES (84, 50);

INSERT INTO Recipe_Cook (recipe_id, cook_id) VALUES (85, 50);

INSERT INTO Cook (user_id, first_name, last_name, phone_number, date_of_birth, years_of_experience, chef_status, image_id) VALUES (51, 'Derek','Stephenson', 4890866412, '1965-06-13', 8, 'sous chef', 379);

INSERT INTO Cook_National_Cuisine (cook_id, national_cuisine_id) VALUES (51, 19);

INSERT INTO Cook_National_Cuisine (cook_id, national_cuisine_id) VALUES (51, 11);

INSERT INTO Cook_National_Cuisine (cook_id, national_cuisine_id) VALUES (51, 9);

INSERT INTO Cook_National_Cuisine (cook_id, national_cuisine_id) VALUES (51, 7);

INSERT INTO Cook_National_Cuisine (cook_id, national_cuisine_id) VALUES (51, 2);

INSERT INTO Cook_National_Cuisine (cook_id, national_cuisine_id) VALUES (51, 4);

INSERT INTO Recipe_Cook (recipe_id, cook_id) VALUES (91, 51);

INSERT INTO Recipe_Cook (recipe_id, cook_id) VALUES (92, 51);

INSERT INTO Recipe_Cook (recipe_id, cook_id) VALUES (93, 51);

INSERT INTO Recipe_Cook (recipe_id, cook_id) VALUES (94, 51);

INSERT INTO Recipe_Cook (recipe_id, cook_id) VALUES (95, 51);

INSERT INTO Recipe_Cook (recipe_id, cook_id) VALUES (51, 51);

INSERT INTO Recipe_Cook (recipe_id, cook_id) VALUES (52, 51);

INSERT INTO Recipe_Cook (recipe_id, cook_id) VALUES (53, 51);

INSERT INTO Recipe_Cook (recipe_id, cook_id) VALUES (54, 51);

INSERT INTO Recipe_Cook (recipe_id, cook_id) VALUES (55, 51);

INSERT INTO Recipe_Cook (recipe_id, cook_id) VALUES (41, 51);

INSERT INTO Recipe_Cook (recipe_id, cook_id) VALUES (42, 51);

INSERT INTO Recipe_Cook (recipe_id, cook_id) VALUES (43, 51);

INSERT INTO Recipe_Cook (recipe_id, cook_id) VALUES (44, 51);

INSERT INTO Recipe_Cook (recipe_id, cook_id) VALUES (45, 51);

INSERT INTO Recipe_Cook (recipe_id, cook_id) VALUES (31, 51);

INSERT INTO Recipe_Cook (recipe_id, cook_id) VALUES (32, 51);

INSERT INTO Recipe_Cook (recipe_id, cook_id) VALUES (33, 51);

INSERT INTO Recipe_Cook (recipe_id, cook_id) VALUES (34, 51);

INSERT INTO Recipe_Cook (recipe_id, cook_id) VALUES (35, 51);

INSERT INTO Recipe_Cook (recipe_id, cook_id) VALUES (6, 51);

INSERT INTO Recipe_Cook (recipe_id, cook_id) VALUES (7, 51);

INSERT INTO Recipe_Cook (recipe_id, cook_id) VALUES (8, 51);

INSERT INTO Recipe_Cook (recipe_id, cook_id) VALUES (9, 51);

INSERT INTO Recipe_Cook (recipe_id, cook_id) VALUES (10, 51);

INSERT INTO Recipe_Cook (recipe_id, cook_id) VALUES (16, 51);

INSERT INTO Recipe_Cook (recipe_id, cook_id) VALUES (17, 51);

INSERT INTO Recipe_Cook (recipe_id, cook_id) VALUES (18, 51);

INSERT INTO Recipe_Cook (recipe_id, cook_id) VALUES (19, 51);

INSERT INTO Recipe_Cook (recipe_id, cook_id) VALUES (20, 51);

INSERT INTO Cook (user_id, first_name, last_name, phone_number, date_of_birth, years_of_experience, chef_status, image_id) VALUES (52, 'Susan','Harper', 2884570226, '1974-08-22', 1, 'sous chef', 380);

INSERT INTO Cook_National_Cuisine (cook_id, national_cuisine_id) VALUES (52, 5);

INSERT INTO Cook_National_Cuisine (cook_id, national_cuisine_id) VALUES (52, 11);

INSERT INTO Cook_National_Cuisine (cook_id, national_cuisine_id) VALUES (52, 13);

INSERT INTO Cook_National_Cuisine (cook_id, national_cuisine_id) VALUES (52, 20);

INSERT INTO Cook_National_Cuisine (cook_id, national_cuisine_id) VALUES (52, 4);

INSERT INTO Cook_National_Cuisine (cook_id, national_cuisine_id) VALUES (52, 2);

INSERT INTO Cook_National_Cuisine (cook_id, national_cuisine_id) VALUES (52, 10);

INSERT INTO Recipe_Cook (recipe_id, cook_id) VALUES (21, 52);

INSERT INTO Recipe_Cook (recipe_id, cook_id) VALUES (22, 52);

INSERT INTO Recipe_Cook (recipe_id, cook_id) VALUES (23, 52);

INSERT INTO Recipe_Cook (recipe_id, cook_id) VALUES (24, 52);

INSERT INTO Recipe_Cook (recipe_id, cook_id) VALUES (25, 52);

INSERT INTO Recipe_Cook (recipe_id, cook_id) VALUES (51, 52);

INSERT INTO Recipe_Cook (recipe_id, cook_id) VALUES (52, 52);

INSERT INTO Recipe_Cook (recipe_id, cook_id) VALUES (53, 52);

INSERT INTO Recipe_Cook (recipe_id, cook_id) VALUES (54, 52);

INSERT INTO Recipe_Cook (recipe_id, cook_id) VALUES (55, 52);

INSERT INTO Recipe_Cook (recipe_id, cook_id) VALUES (61, 52);

INSERT INTO Recipe_Cook (recipe_id, cook_id) VALUES (62, 52);

INSERT INTO Recipe_Cook (recipe_id, cook_id) VALUES (63, 52);

INSERT INTO Recipe_Cook (recipe_id, cook_id) VALUES (64, 52);

INSERT INTO Recipe_Cook (recipe_id, cook_id) VALUES (65, 52);

INSERT INTO Recipe_Cook (recipe_id, cook_id) VALUES (96, 52);

INSERT INTO Recipe_Cook (recipe_id, cook_id) VALUES (97, 52);

INSERT INTO Recipe_Cook (recipe_id, cook_id) VALUES (98, 52);

INSERT INTO Recipe_Cook (recipe_id, cook_id) VALUES (99, 52);

INSERT INTO Recipe_Cook (recipe_id, cook_id) VALUES (100, 52);

INSERT INTO Recipe_Cook (recipe_id, cook_id) VALUES (16, 52);

INSERT INTO Recipe_Cook (recipe_id, cook_id) VALUES (17, 52);

INSERT INTO Recipe_Cook (recipe_id, cook_id) VALUES (18, 52);

INSERT INTO Recipe_Cook (recipe_id, cook_id) VALUES (19, 52);

INSERT INTO Recipe_Cook (recipe_id, cook_id) VALUES (20, 52);

INSERT INTO Recipe_Cook (recipe_id, cook_id) VALUES (6, 52);

INSERT INTO Recipe_Cook (recipe_id, cook_id) VALUES (7, 52);

INSERT INTO Recipe_Cook (recipe_id, cook_id) VALUES (8, 52);

INSERT INTO Recipe_Cook (recipe_id, cook_id) VALUES (9, 52);

INSERT INTO Recipe_Cook (recipe_id, cook_id) VALUES (10, 52);

INSERT INTO Recipe_Cook (recipe_id, cook_id) VALUES (46, 52);

INSERT INTO Recipe_Cook (recipe_id, cook_id) VALUES (47, 52);

INSERT INTO Recipe_Cook (recipe_id, cook_id) VALUES (48, 52);

INSERT INTO Recipe_Cook (recipe_id, cook_id) VALUES (49, 52);

INSERT INTO Recipe_Cook (recipe_id, cook_id) VALUES (50, 52);

INSERT INTO Cook (user_id, first_name, last_name, phone_number, date_of_birth, years_of_experience, chef_status, image_id) VALUES (53, 'Douglas','Davis', 6922614601, '1986-11-13', 14, 'sous chef', 381);

INSERT INTO Cook_National_Cuisine (cook_id, national_cuisine_id) VALUES (53, 16);

INSERT INTO Cook_National_Cuisine (cook_id, national_cuisine_id) VALUES (53, 3);

INSERT INTO Cook_National_Cuisine (cook_id, national_cuisine_id) VALUES (53, 17);

INSERT INTO Cook_National_Cuisine (cook_id, national_cuisine_id) VALUES (53, 14);

INSERT INTO Cook_National_Cuisine (cook_id, national_cuisine_id) VALUES (53, 1);

INSERT INTO Cook_National_Cuisine (cook_id, national_cuisine_id) VALUES (53, 15);

INSERT INTO Cook_National_Cuisine (cook_id, national_cuisine_id) VALUES (53, 19);

INSERT INTO Cook_National_Cuisine (cook_id, national_cuisine_id) VALUES (53, 7);

INSERT INTO Cook_National_Cuisine (cook_id, national_cuisine_id) VALUES (53, 5);

INSERT INTO Recipe_Cook (recipe_id, cook_id) VALUES (76, 53);

INSERT INTO Recipe_Cook (recipe_id, cook_id) VALUES (77, 53);

INSERT INTO Recipe_Cook (recipe_id, cook_id) VALUES (78, 53);

INSERT INTO Recipe_Cook (recipe_id, cook_id) VALUES (79, 53);

INSERT INTO Recipe_Cook (recipe_id, cook_id) VALUES (80, 53);

INSERT INTO Recipe_Cook (recipe_id, cook_id) VALUES (11, 53);

INSERT INTO Recipe_Cook (recipe_id, cook_id) VALUES (12, 53);

INSERT INTO Recipe_Cook (recipe_id, cook_id) VALUES (13, 53);

INSERT INTO Recipe_Cook (recipe_id, cook_id) VALUES (14, 53);

INSERT INTO Recipe_Cook (recipe_id, cook_id) VALUES (15, 53);

INSERT INTO Recipe_Cook (recipe_id, cook_id) VALUES (81, 53);

INSERT INTO Recipe_Cook (recipe_id, cook_id) VALUES (82, 53);

INSERT INTO Recipe_Cook (recipe_id, cook_id) VALUES (83, 53);

INSERT INTO Recipe_Cook (recipe_id, cook_id) VALUES (84, 53);

INSERT INTO Recipe_Cook (recipe_id, cook_id) VALUES (85, 53);

INSERT INTO Recipe_Cook (recipe_id, cook_id) VALUES (66, 53);

INSERT INTO Recipe_Cook (recipe_id, cook_id) VALUES (67, 53);

INSERT INTO Recipe_Cook (recipe_id, cook_id) VALUES (68, 53);

INSERT INTO Recipe_Cook (recipe_id, cook_id) VALUES (69, 53);

INSERT INTO Recipe_Cook (recipe_id, cook_id) VALUES (70, 53);

INSERT INTO Recipe_Cook (recipe_id, cook_id) VALUES (1, 53);

INSERT INTO Recipe_Cook (recipe_id, cook_id) VALUES (2, 53);

INSERT INTO Recipe_Cook (recipe_id, cook_id) VALUES (3, 53);

INSERT INTO Recipe_Cook (recipe_id, cook_id) VALUES (4, 53);

INSERT INTO Recipe_Cook (recipe_id, cook_id) VALUES (5, 53);

INSERT INTO Recipe_Cook (recipe_id, cook_id) VALUES (71, 53);

INSERT INTO Recipe_Cook (recipe_id, cook_id) VALUES (72, 53);

INSERT INTO Recipe_Cook (recipe_id, cook_id) VALUES (73, 53);

INSERT INTO Recipe_Cook (recipe_id, cook_id) VALUES (74, 53);

INSERT INTO Recipe_Cook (recipe_id, cook_id) VALUES (75, 53);

INSERT INTO Recipe_Cook (recipe_id, cook_id) VALUES (91, 53);

INSERT INTO Recipe_Cook (recipe_id, cook_id) VALUES (92, 53);

INSERT INTO Recipe_Cook (recipe_id, cook_id) VALUES (93, 53);

INSERT INTO Recipe_Cook (recipe_id, cook_id) VALUES (94, 53);

INSERT INTO Recipe_Cook (recipe_id, cook_id) VALUES (95, 53);

INSERT INTO Recipe_Cook (recipe_id, cook_id) VALUES (31, 53);

INSERT INTO Recipe_Cook (recipe_id, cook_id) VALUES (32, 53);

INSERT INTO Recipe_Cook (recipe_id, cook_id) VALUES (33, 53);

INSERT INTO Recipe_Cook (recipe_id, cook_id) VALUES (34, 53);

INSERT INTO Recipe_Cook (recipe_id, cook_id) VALUES (35, 53);

INSERT INTO Recipe_Cook (recipe_id, cook_id) VALUES (21, 53);

INSERT INTO Recipe_Cook (recipe_id, cook_id) VALUES (22, 53);

INSERT INTO Recipe_Cook (recipe_id, cook_id) VALUES (23, 53);

INSERT INTO Recipe_Cook (recipe_id, cook_id) VALUES (24, 53);

INSERT INTO Recipe_Cook (recipe_id, cook_id) VALUES (25, 53);

INSERT INTO Cook (user_id, first_name, last_name, phone_number, date_of_birth, years_of_experience, chef_status, image_id) VALUES (54, 'Sarah','Harvey', 2782919180, '1964-03-26', 23, 'B', 382);

INSERT INTO Cook_National_Cuisine (cook_id, national_cuisine_id) VALUES (54, 1);

INSERT INTO Cook_National_Cuisine (cook_id, national_cuisine_id) VALUES (54, 9);

INSERT INTO Cook_National_Cuisine (cook_id, national_cuisine_id) VALUES (54, 8);

INSERT INTO Cook_National_Cuisine (cook_id, national_cuisine_id) VALUES (54, 5);

INSERT INTO Cook_National_Cuisine (cook_id, national_cuisine_id) VALUES (54, 3);

INSERT INTO Recipe_Cook (recipe_id, cook_id) VALUES (1, 54);

INSERT INTO Recipe_Cook (recipe_id, cook_id) VALUES (2, 54);

INSERT INTO Recipe_Cook (recipe_id, cook_id) VALUES (3, 54);

INSERT INTO Recipe_Cook (recipe_id, cook_id) VALUES (4, 54);

INSERT INTO Recipe_Cook (recipe_id, cook_id) VALUES (5, 54);

INSERT INTO Recipe_Cook (recipe_id, cook_id) VALUES (41, 54);

INSERT INTO Recipe_Cook (recipe_id, cook_id) VALUES (42, 54);

INSERT INTO Recipe_Cook (recipe_id, cook_id) VALUES (43, 54);

INSERT INTO Recipe_Cook (recipe_id, cook_id) VALUES (44, 54);

INSERT INTO Recipe_Cook (recipe_id, cook_id) VALUES (45, 54);

INSERT INTO Recipe_Cook (recipe_id, cook_id) VALUES (36, 54);

INSERT INTO Recipe_Cook (recipe_id, cook_id) VALUES (37, 54);

INSERT INTO Recipe_Cook (recipe_id, cook_id) VALUES (38, 54);

INSERT INTO Recipe_Cook (recipe_id, cook_id) VALUES (39, 54);

INSERT INTO Recipe_Cook (recipe_id, cook_id) VALUES (40, 54);

INSERT INTO Recipe_Cook (recipe_id, cook_id) VALUES (21, 54);

INSERT INTO Recipe_Cook (recipe_id, cook_id) VALUES (22, 54);

INSERT INTO Recipe_Cook (recipe_id, cook_id) VALUES (23, 54);

INSERT INTO Recipe_Cook (recipe_id, cook_id) VALUES (24, 54);

INSERT INTO Recipe_Cook (recipe_id, cook_id) VALUES (25, 54);

INSERT INTO Recipe_Cook (recipe_id, cook_id) VALUES (11, 54);

INSERT INTO Recipe_Cook (recipe_id, cook_id) VALUES (12, 54);

INSERT INTO Recipe_Cook (recipe_id, cook_id) VALUES (13, 54);

INSERT INTO Recipe_Cook (recipe_id, cook_id) VALUES (14, 54);

INSERT INTO Recipe_Cook (recipe_id, cook_id) VALUES (15, 54);

INSERT INTO Cook (user_id, first_name, last_name, phone_number, date_of_birth, years_of_experience, chef_status, image_id) VALUES (55, 'Whitney','Miller', 9696829815, '1980-07-25', 26, 'chef', 383);

INSERT INTO Cook_National_Cuisine (cook_id, national_cuisine_id) VALUES (55, 19);

INSERT INTO Cook_National_Cuisine (cook_id, national_cuisine_id) VALUES (55, 14);

INSERT INTO Cook_National_Cuisine (cook_id, national_cuisine_id) VALUES (55, 11);

INSERT INTO Cook_National_Cuisine (cook_id, national_cuisine_id) VALUES (55, 1);

INSERT INTO Cook_National_Cuisine (cook_id, national_cuisine_id) VALUES (55, 8);

INSERT INTO Cook_National_Cuisine (cook_id, national_cuisine_id) VALUES (55, 6);

INSERT INTO Cook_National_Cuisine (cook_id, national_cuisine_id) VALUES (55, 16);

INSERT INTO Cook_National_Cuisine (cook_id, national_cuisine_id) VALUES (55, 15);

INSERT INTO Recipe_Cook (recipe_id, cook_id) VALUES (91, 55);

INSERT INTO Recipe_Cook (recipe_id, cook_id) VALUES (92, 55);

INSERT INTO Recipe_Cook (recipe_id, cook_id) VALUES (93, 55);

INSERT INTO Recipe_Cook (recipe_id, cook_id) VALUES (94, 55);

INSERT INTO Recipe_Cook (recipe_id, cook_id) VALUES (95, 55);

INSERT INTO Recipe_Cook (recipe_id, cook_id) VALUES (66, 55);

INSERT INTO Recipe_Cook (recipe_id, cook_id) VALUES (67, 55);

INSERT INTO Recipe_Cook (recipe_id, cook_id) VALUES (68, 55);

INSERT INTO Recipe_Cook (recipe_id, cook_id) VALUES (69, 55);

INSERT INTO Recipe_Cook (recipe_id, cook_id) VALUES (70, 55);

INSERT INTO Recipe_Cook (recipe_id, cook_id) VALUES (51, 55);

INSERT INTO Recipe_Cook (recipe_id, cook_id) VALUES (52, 55);

INSERT INTO Recipe_Cook (recipe_id, cook_id) VALUES (53, 55);

INSERT INTO Recipe_Cook (recipe_id, cook_id) VALUES (54, 55);

INSERT INTO Recipe_Cook (recipe_id, cook_id) VALUES (55, 55);

INSERT INTO Recipe_Cook (recipe_id, cook_id) VALUES (1, 55);

INSERT INTO Recipe_Cook (recipe_id, cook_id) VALUES (2, 55);

INSERT INTO Recipe_Cook (recipe_id, cook_id) VALUES (3, 55);

INSERT INTO Recipe_Cook (recipe_id, cook_id) VALUES (4, 55);

INSERT INTO Recipe_Cook (recipe_id, cook_id) VALUES (5, 55);

INSERT INTO Recipe_Cook (recipe_id, cook_id) VALUES (36, 55);

INSERT INTO Recipe_Cook (recipe_id, cook_id) VALUES (37, 55);

INSERT INTO Recipe_Cook (recipe_id, cook_id) VALUES (38, 55);

INSERT INTO Recipe_Cook (recipe_id, cook_id) VALUES (39, 55);

INSERT INTO Recipe_Cook (recipe_id, cook_id) VALUES (40, 55);

INSERT INTO Recipe_Cook (recipe_id, cook_id) VALUES (26, 55);

INSERT INTO Recipe_Cook (recipe_id, cook_id) VALUES (27, 55);

INSERT INTO Recipe_Cook (recipe_id, cook_id) VALUES (28, 55);

INSERT INTO Recipe_Cook (recipe_id, cook_id) VALUES (29, 55);

INSERT INTO Recipe_Cook (recipe_id, cook_id) VALUES (30, 55);

INSERT INTO Recipe_Cook (recipe_id, cook_id) VALUES (76, 55);

INSERT INTO Recipe_Cook (recipe_id, cook_id) VALUES (77, 55);

INSERT INTO Recipe_Cook (recipe_id, cook_id) VALUES (78, 55);

INSERT INTO Recipe_Cook (recipe_id, cook_id) VALUES (79, 55);

INSERT INTO Recipe_Cook (recipe_id, cook_id) VALUES (80, 55);

INSERT INTO Recipe_Cook (recipe_id, cook_id) VALUES (71, 55);

INSERT INTO Recipe_Cook (recipe_id, cook_id) VALUES (72, 55);

INSERT INTO Recipe_Cook (recipe_id, cook_id) VALUES (73, 55);

INSERT INTO Recipe_Cook (recipe_id, cook_id) VALUES (74, 55);

INSERT INTO Recipe_Cook (recipe_id, cook_id) VALUES (75, 55);

INSERT INTO Cook (user_id, first_name, last_name, phone_number, date_of_birth, years_of_experience, chef_status, image_id) VALUES (56, 'Kristen','Baxter', 7508265571, '1962-03-16', 7, 'chef', 384);

INSERT INTO Cook_National_Cuisine (cook_id, national_cuisine_id) VALUES (56, 2);

INSERT INTO Cook_National_Cuisine (cook_id, national_cuisine_id) VALUES (56, 3);

INSERT INTO Cook_National_Cuisine (cook_id, national_cuisine_id) VALUES (56, 9);

INSERT INTO Cook_National_Cuisine (cook_id, national_cuisine_id) VALUES (56, 15);

INSERT INTO Cook_National_Cuisine (cook_id, national_cuisine_id) VALUES (56, 18);

INSERT INTO Recipe_Cook (recipe_id, cook_id) VALUES (6, 56);

INSERT INTO Recipe_Cook (recipe_id, cook_id) VALUES (7, 56);

INSERT INTO Recipe_Cook (recipe_id, cook_id) VALUES (8, 56);

INSERT INTO Recipe_Cook (recipe_id, cook_id) VALUES (9, 56);

INSERT INTO Recipe_Cook (recipe_id, cook_id) VALUES (10, 56);

INSERT INTO Recipe_Cook (recipe_id, cook_id) VALUES (11, 56);

INSERT INTO Recipe_Cook (recipe_id, cook_id) VALUES (12, 56);

INSERT INTO Recipe_Cook (recipe_id, cook_id) VALUES (13, 56);

INSERT INTO Recipe_Cook (recipe_id, cook_id) VALUES (14, 56);

INSERT INTO Recipe_Cook (recipe_id, cook_id) VALUES (15, 56);

INSERT INTO Recipe_Cook (recipe_id, cook_id) VALUES (41, 56);

INSERT INTO Recipe_Cook (recipe_id, cook_id) VALUES (42, 56);

INSERT INTO Recipe_Cook (recipe_id, cook_id) VALUES (43, 56);

INSERT INTO Recipe_Cook (recipe_id, cook_id) VALUES (44, 56);

INSERT INTO Recipe_Cook (recipe_id, cook_id) VALUES (45, 56);

INSERT INTO Recipe_Cook (recipe_id, cook_id) VALUES (71, 56);

INSERT INTO Recipe_Cook (recipe_id, cook_id) VALUES (72, 56);

INSERT INTO Recipe_Cook (recipe_id, cook_id) VALUES (73, 56);

INSERT INTO Recipe_Cook (recipe_id, cook_id) VALUES (74, 56);

INSERT INTO Recipe_Cook (recipe_id, cook_id) VALUES (75, 56);

INSERT INTO Recipe_Cook (recipe_id, cook_id) VALUES (86, 56);

INSERT INTO Recipe_Cook (recipe_id, cook_id) VALUES (87, 56);

INSERT INTO Recipe_Cook (recipe_id, cook_id) VALUES (88, 56);

INSERT INTO Recipe_Cook (recipe_id, cook_id) VALUES (89, 56);

INSERT INTO Recipe_Cook (recipe_id, cook_id) VALUES (90, 56);

INSERT INTO Cook (user_id, first_name, last_name, phone_number, date_of_birth, years_of_experience, chef_status, image_id) VALUES (57, 'Alfred','Briggs', 1174761323, '1966-12-16', 22, 'B', 385);

INSERT INTO Cook_National_Cuisine (cook_id, national_cuisine_id) VALUES (57, 18);

INSERT INTO Cook_National_Cuisine (cook_id, national_cuisine_id) VALUES (57, 12);

INSERT INTO Cook_National_Cuisine (cook_id, national_cuisine_id) VALUES (57, 8);

INSERT INTO Cook_National_Cuisine (cook_id, national_cuisine_id) VALUES (57, 3);

INSERT INTO Cook_National_Cuisine (cook_id, national_cuisine_id) VALUES (57, 16);

INSERT INTO Cook_National_Cuisine (cook_id, national_cuisine_id) VALUES (57, 10);

INSERT INTO Cook_National_Cuisine (cook_id, national_cuisine_id) VALUES (57, 9);

INSERT INTO Recipe_Cook (recipe_id, cook_id) VALUES (86, 57);

INSERT INTO Recipe_Cook (recipe_id, cook_id) VALUES (87, 57);

INSERT INTO Recipe_Cook (recipe_id, cook_id) VALUES (88, 57);

INSERT INTO Recipe_Cook (recipe_id, cook_id) VALUES (89, 57);

INSERT INTO Recipe_Cook (recipe_id, cook_id) VALUES (90, 57);

INSERT INTO Recipe_Cook (recipe_id, cook_id) VALUES (56, 57);

INSERT INTO Recipe_Cook (recipe_id, cook_id) VALUES (57, 57);

INSERT INTO Recipe_Cook (recipe_id, cook_id) VALUES (58, 57);

INSERT INTO Recipe_Cook (recipe_id, cook_id) VALUES (59, 57);

INSERT INTO Recipe_Cook (recipe_id, cook_id) VALUES (60, 57);

INSERT INTO Recipe_Cook (recipe_id, cook_id) VALUES (36, 57);

INSERT INTO Recipe_Cook (recipe_id, cook_id) VALUES (37, 57);

INSERT INTO Recipe_Cook (recipe_id, cook_id) VALUES (38, 57);

INSERT INTO Recipe_Cook (recipe_id, cook_id) VALUES (39, 57);

INSERT INTO Recipe_Cook (recipe_id, cook_id) VALUES (40, 57);

INSERT INTO Recipe_Cook (recipe_id, cook_id) VALUES (11, 57);

INSERT INTO Recipe_Cook (recipe_id, cook_id) VALUES (12, 57);

INSERT INTO Recipe_Cook (recipe_id, cook_id) VALUES (13, 57);

INSERT INTO Recipe_Cook (recipe_id, cook_id) VALUES (14, 57);

INSERT INTO Recipe_Cook (recipe_id, cook_id) VALUES (15, 57);

INSERT INTO Recipe_Cook (recipe_id, cook_id) VALUES (76, 57);

INSERT INTO Recipe_Cook (recipe_id, cook_id) VALUES (77, 57);

INSERT INTO Recipe_Cook (recipe_id, cook_id) VALUES (78, 57);

INSERT INTO Recipe_Cook (recipe_id, cook_id) VALUES (79, 57);

INSERT INTO Recipe_Cook (recipe_id, cook_id) VALUES (80, 57);

INSERT INTO Recipe_Cook (recipe_id, cook_id) VALUES (46, 57);

INSERT INTO Recipe_Cook (recipe_id, cook_id) VALUES (47, 57);

INSERT INTO Recipe_Cook (recipe_id, cook_id) VALUES (48, 57);

INSERT INTO Recipe_Cook (recipe_id, cook_id) VALUES (49, 57);

INSERT INTO Recipe_Cook (recipe_id, cook_id) VALUES (50, 57);

INSERT INTO Recipe_Cook (recipe_id, cook_id) VALUES (41, 57);

INSERT INTO Recipe_Cook (recipe_id, cook_id) VALUES (42, 57);

INSERT INTO Recipe_Cook (recipe_id, cook_id) VALUES (43, 57);

INSERT INTO Recipe_Cook (recipe_id, cook_id) VALUES (44, 57);

INSERT INTO Recipe_Cook (recipe_id, cook_id) VALUES (45, 57);

INSERT INTO Cook (user_id, first_name, last_name, phone_number, date_of_birth, years_of_experience, chef_status, image_id) VALUES (58, 'Heather','Sanders', 5233873001, '1991-08-30', 9, 'chef', 386);

INSERT INTO Cook_National_Cuisine (cook_id, national_cuisine_id) VALUES (58, 19);

INSERT INTO Cook_National_Cuisine (cook_id, national_cuisine_id) VALUES (58, 2);

INSERT INTO Cook_National_Cuisine (cook_id, national_cuisine_id) VALUES (58, 4);

INSERT INTO Cook_National_Cuisine (cook_id, national_cuisine_id) VALUES (58, 9);

INSERT INTO Cook_National_Cuisine (cook_id, national_cuisine_id) VALUES (58, 10);

INSERT INTO Cook_National_Cuisine (cook_id, national_cuisine_id) VALUES (58, 12);

INSERT INTO Cook_National_Cuisine (cook_id, national_cuisine_id) VALUES (58, 5);

INSERT INTO Cook_National_Cuisine (cook_id, national_cuisine_id) VALUES (58, 13);

INSERT INTO Cook_National_Cuisine (cook_id, national_cuisine_id) VALUES (58, 20);

INSERT INTO Recipe_Cook (recipe_id, cook_id) VALUES (91, 58);

INSERT INTO Recipe_Cook (recipe_id, cook_id) VALUES (92, 58);

INSERT INTO Recipe_Cook (recipe_id, cook_id) VALUES (93, 58);

INSERT INTO Recipe_Cook (recipe_id, cook_id) VALUES (94, 58);

INSERT INTO Recipe_Cook (recipe_id, cook_id) VALUES (95, 58);

INSERT INTO Recipe_Cook (recipe_id, cook_id) VALUES (6, 58);

INSERT INTO Recipe_Cook (recipe_id, cook_id) VALUES (7, 58);

INSERT INTO Recipe_Cook (recipe_id, cook_id) VALUES (8, 58);

INSERT INTO Recipe_Cook (recipe_id, cook_id) VALUES (9, 58);

INSERT INTO Recipe_Cook (recipe_id, cook_id) VALUES (10, 58);

INSERT INTO Recipe_Cook (recipe_id, cook_id) VALUES (16, 58);

INSERT INTO Recipe_Cook (recipe_id, cook_id) VALUES (17, 58);

INSERT INTO Recipe_Cook (recipe_id, cook_id) VALUES (18, 58);

INSERT INTO Recipe_Cook (recipe_id, cook_id) VALUES (19, 58);

INSERT INTO Recipe_Cook (recipe_id, cook_id) VALUES (20, 58);

INSERT INTO Recipe_Cook (recipe_id, cook_id) VALUES (41, 58);

INSERT INTO Recipe_Cook (recipe_id, cook_id) VALUES (42, 58);

INSERT INTO Recipe_Cook (recipe_id, cook_id) VALUES (43, 58);

INSERT INTO Recipe_Cook (recipe_id, cook_id) VALUES (44, 58);

INSERT INTO Recipe_Cook (recipe_id, cook_id) VALUES (45, 58);

INSERT INTO Recipe_Cook (recipe_id, cook_id) VALUES (46, 58);

INSERT INTO Recipe_Cook (recipe_id, cook_id) VALUES (47, 58);

INSERT INTO Recipe_Cook (recipe_id, cook_id) VALUES (48, 58);

INSERT INTO Recipe_Cook (recipe_id, cook_id) VALUES (49, 58);

INSERT INTO Recipe_Cook (recipe_id, cook_id) VALUES (50, 58);

INSERT INTO Recipe_Cook (recipe_id, cook_id) VALUES (56, 58);

INSERT INTO Recipe_Cook (recipe_id, cook_id) VALUES (57, 58);

INSERT INTO Recipe_Cook (recipe_id, cook_id) VALUES (58, 58);

INSERT INTO Recipe_Cook (recipe_id, cook_id) VALUES (59, 58);

INSERT INTO Recipe_Cook (recipe_id, cook_id) VALUES (60, 58);

INSERT INTO Recipe_Cook (recipe_id, cook_id) VALUES (21, 58);

INSERT INTO Recipe_Cook (recipe_id, cook_id) VALUES (22, 58);

INSERT INTO Recipe_Cook (recipe_id, cook_id) VALUES (23, 58);

INSERT INTO Recipe_Cook (recipe_id, cook_id) VALUES (24, 58);

INSERT INTO Recipe_Cook (recipe_id, cook_id) VALUES (25, 58);

INSERT INTO Recipe_Cook (recipe_id, cook_id) VALUES (61, 58);

INSERT INTO Recipe_Cook (recipe_id, cook_id) VALUES (62, 58);

INSERT INTO Recipe_Cook (recipe_id, cook_id) VALUES (63, 58);

INSERT INTO Recipe_Cook (recipe_id, cook_id) VALUES (64, 58);

INSERT INTO Recipe_Cook (recipe_id, cook_id) VALUES (65, 58);

INSERT INTO Recipe_Cook (recipe_id, cook_id) VALUES (96, 58);

INSERT INTO Recipe_Cook (recipe_id, cook_id) VALUES (97, 58);

INSERT INTO Recipe_Cook (recipe_id, cook_id) VALUES (98, 58);

INSERT INTO Recipe_Cook (recipe_id, cook_id) VALUES (99, 58);

INSERT INTO Recipe_Cook (recipe_id, cook_id) VALUES (100, 58);

INSERT INTO Cook (user_id, first_name, last_name, phone_number, date_of_birth, years_of_experience, chef_status, image_id) VALUES (59, 'Marcus','Jackson', 3762258805, '1977-07-20', 17, 'B', 387);

INSERT INTO Cook_National_Cuisine (cook_id, national_cuisine_id) VALUES (59, 10);

INSERT INTO Cook_National_Cuisine (cook_id, national_cuisine_id) VALUES (59, 16);

INSERT INTO Cook_National_Cuisine (cook_id, national_cuisine_id) VALUES (59, 1);

INSERT INTO Cook_National_Cuisine (cook_id, national_cuisine_id) VALUES (59, 5);

INSERT INTO Cook_National_Cuisine (cook_id, national_cuisine_id) VALUES (59, 4);

INSERT INTO Cook_National_Cuisine (cook_id, national_cuisine_id) VALUES (59, 13);

INSERT INTO Cook_National_Cuisine (cook_id, national_cuisine_id) VALUES (59, 7);

INSERT INTO Recipe_Cook (recipe_id, cook_id) VALUES (46, 59);

INSERT INTO Recipe_Cook (recipe_id, cook_id) VALUES (47, 59);

INSERT INTO Recipe_Cook (recipe_id, cook_id) VALUES (48, 59);

INSERT INTO Recipe_Cook (recipe_id, cook_id) VALUES (49, 59);

INSERT INTO Recipe_Cook (recipe_id, cook_id) VALUES (50, 59);

INSERT INTO Recipe_Cook (recipe_id, cook_id) VALUES (76, 59);

INSERT INTO Recipe_Cook (recipe_id, cook_id) VALUES (77, 59);

INSERT INTO Recipe_Cook (recipe_id, cook_id) VALUES (78, 59);

INSERT INTO Recipe_Cook (recipe_id, cook_id) VALUES (79, 59);

INSERT INTO Recipe_Cook (recipe_id, cook_id) VALUES (80, 59);

INSERT INTO Recipe_Cook (recipe_id, cook_id) VALUES (1, 59);

INSERT INTO Recipe_Cook (recipe_id, cook_id) VALUES (2, 59);

INSERT INTO Recipe_Cook (recipe_id, cook_id) VALUES (3, 59);

INSERT INTO Recipe_Cook (recipe_id, cook_id) VALUES (4, 59);

INSERT INTO Recipe_Cook (recipe_id, cook_id) VALUES (5, 59);

INSERT INTO Recipe_Cook (recipe_id, cook_id) VALUES (21, 59);

INSERT INTO Recipe_Cook (recipe_id, cook_id) VALUES (22, 59);

INSERT INTO Recipe_Cook (recipe_id, cook_id) VALUES (23, 59);

INSERT INTO Recipe_Cook (recipe_id, cook_id) VALUES (24, 59);

INSERT INTO Recipe_Cook (recipe_id, cook_id) VALUES (25, 59);

INSERT INTO Recipe_Cook (recipe_id, cook_id) VALUES (16, 59);

INSERT INTO Recipe_Cook (recipe_id, cook_id) VALUES (17, 59);

INSERT INTO Recipe_Cook (recipe_id, cook_id) VALUES (18, 59);

INSERT INTO Recipe_Cook (recipe_id, cook_id) VALUES (19, 59);

INSERT INTO Recipe_Cook (recipe_id, cook_id) VALUES (20, 59);

INSERT INTO Recipe_Cook (recipe_id, cook_id) VALUES (61, 59);

INSERT INTO Recipe_Cook (recipe_id, cook_id) VALUES (62, 59);

INSERT INTO Recipe_Cook (recipe_id, cook_id) VALUES (63, 59);

INSERT INTO Recipe_Cook (recipe_id, cook_id) VALUES (64, 59);

INSERT INTO Recipe_Cook (recipe_id, cook_id) VALUES (65, 59);

INSERT INTO Recipe_Cook (recipe_id, cook_id) VALUES (31, 59);

INSERT INTO Recipe_Cook (recipe_id, cook_id) VALUES (32, 59);

INSERT INTO Recipe_Cook (recipe_id, cook_id) VALUES (33, 59);

INSERT INTO Recipe_Cook (recipe_id, cook_id) VALUES (34, 59);

INSERT INTO Recipe_Cook (recipe_id, cook_id) VALUES (35, 59);

INSERT INTO Cook (user_id, first_name, last_name, phone_number, date_of_birth, years_of_experience, chef_status, image_id) VALUES (60, 'Jennifer','Hernandez', 3710398596, '1984-07-13', 7, 'B', 388);

INSERT INTO Cook_National_Cuisine (cook_id, national_cuisine_id) VALUES (60, 11);

INSERT INTO Cook_National_Cuisine (cook_id, national_cuisine_id) VALUES (60, 19);

INSERT INTO Cook_National_Cuisine (cook_id, national_cuisine_id) VALUES (60, 15);

INSERT INTO Cook_National_Cuisine (cook_id, national_cuisine_id) VALUES (60, 1);

INSERT INTO Cook_National_Cuisine (cook_id, national_cuisine_id) VALUES (60, 7);

INSERT INTO Recipe_Cook (recipe_id, cook_id) VALUES (51, 60);

INSERT INTO Recipe_Cook (recipe_id, cook_id) VALUES (52, 60);

INSERT INTO Recipe_Cook (recipe_id, cook_id) VALUES (53, 60);

INSERT INTO Recipe_Cook (recipe_id, cook_id) VALUES (54, 60);

INSERT INTO Recipe_Cook (recipe_id, cook_id) VALUES (55, 60);

INSERT INTO Recipe_Cook (recipe_id, cook_id) VALUES (91, 60);

INSERT INTO Recipe_Cook (recipe_id, cook_id) VALUES (92, 60);

INSERT INTO Recipe_Cook (recipe_id, cook_id) VALUES (93, 60);

INSERT INTO Recipe_Cook (recipe_id, cook_id) VALUES (94, 60);

INSERT INTO Recipe_Cook (recipe_id, cook_id) VALUES (95, 60);

INSERT INTO Recipe_Cook (recipe_id, cook_id) VALUES (71, 60);

INSERT INTO Recipe_Cook (recipe_id, cook_id) VALUES (72, 60);

INSERT INTO Recipe_Cook (recipe_id, cook_id) VALUES (73, 60);

INSERT INTO Recipe_Cook (recipe_id, cook_id) VALUES (74, 60);

INSERT INTO Recipe_Cook (recipe_id, cook_id) VALUES (75, 60);

INSERT INTO Recipe_Cook (recipe_id, cook_id) VALUES (1, 60);

INSERT INTO Recipe_Cook (recipe_id, cook_id) VALUES (2, 60);

INSERT INTO Recipe_Cook (recipe_id, cook_id) VALUES (3, 60);

INSERT INTO Recipe_Cook (recipe_id, cook_id) VALUES (4, 60);

INSERT INTO Recipe_Cook (recipe_id, cook_id) VALUES (5, 60);

INSERT INTO Recipe_Cook (recipe_id, cook_id) VALUES (31, 60);

INSERT INTO Recipe_Cook (recipe_id, cook_id) VALUES (32, 60);

INSERT INTO Recipe_Cook (recipe_id, cook_id) VALUES (33, 60);

INSERT INTO Recipe_Cook (recipe_id, cook_id) VALUES (34, 60);

INSERT INTO Recipe_Cook (recipe_id, cook_id) VALUES (35, 60);

INSERT INTO Cook (user_id, first_name, last_name, phone_number, date_of_birth, years_of_experience, chef_status, image_id) VALUES (61, 'Andrea','Robbins', 2683452550, '1976-11-24', 30, 'A', 389);

INSERT INTO Cook_National_Cuisine (cook_id, national_cuisine_id) VALUES (61, 15);

INSERT INTO Cook_National_Cuisine (cook_id, national_cuisine_id) VALUES (61, 9);

INSERT INTO Cook_National_Cuisine (cook_id, national_cuisine_id) VALUES (61, 11);

INSERT INTO Cook_National_Cuisine (cook_id, national_cuisine_id) VALUES (61, 14);

INSERT INTO Cook_National_Cuisine (cook_id, national_cuisine_id) VALUES (61, 12);

INSERT INTO Cook_National_Cuisine (cook_id, national_cuisine_id) VALUES (61, 1);

INSERT INTO Recipe_Cook (recipe_id, cook_id) VALUES (71, 61);

INSERT INTO Recipe_Cook (recipe_id, cook_id) VALUES (72, 61);

INSERT INTO Recipe_Cook (recipe_id, cook_id) VALUES (73, 61);

INSERT INTO Recipe_Cook (recipe_id, cook_id) VALUES (74, 61);

INSERT INTO Recipe_Cook (recipe_id, cook_id) VALUES (75, 61);

INSERT INTO Recipe_Cook (recipe_id, cook_id) VALUES (41, 61);

INSERT INTO Recipe_Cook (recipe_id, cook_id) VALUES (42, 61);

INSERT INTO Recipe_Cook (recipe_id, cook_id) VALUES (43, 61);

INSERT INTO Recipe_Cook (recipe_id, cook_id) VALUES (44, 61);

INSERT INTO Recipe_Cook (recipe_id, cook_id) VALUES (45, 61);

INSERT INTO Recipe_Cook (recipe_id, cook_id) VALUES (51, 61);

INSERT INTO Recipe_Cook (recipe_id, cook_id) VALUES (52, 61);

INSERT INTO Recipe_Cook (recipe_id, cook_id) VALUES (53, 61);

INSERT INTO Recipe_Cook (recipe_id, cook_id) VALUES (54, 61);

INSERT INTO Recipe_Cook (recipe_id, cook_id) VALUES (55, 61);

INSERT INTO Recipe_Cook (recipe_id, cook_id) VALUES (66, 61);

INSERT INTO Recipe_Cook (recipe_id, cook_id) VALUES (67, 61);

INSERT INTO Recipe_Cook (recipe_id, cook_id) VALUES (68, 61);

INSERT INTO Recipe_Cook (recipe_id, cook_id) VALUES (69, 61);

INSERT INTO Recipe_Cook (recipe_id, cook_id) VALUES (70, 61);

INSERT INTO Recipe_Cook (recipe_id, cook_id) VALUES (56, 61);

INSERT INTO Recipe_Cook (recipe_id, cook_id) VALUES (57, 61);

INSERT INTO Recipe_Cook (recipe_id, cook_id) VALUES (58, 61);

INSERT INTO Recipe_Cook (recipe_id, cook_id) VALUES (59, 61);

INSERT INTO Recipe_Cook (recipe_id, cook_id) VALUES (60, 61);

INSERT INTO Recipe_Cook (recipe_id, cook_id) VALUES (1, 61);

INSERT INTO Recipe_Cook (recipe_id, cook_id) VALUES (2, 61);

INSERT INTO Recipe_Cook (recipe_id, cook_id) VALUES (3, 61);

INSERT INTO Recipe_Cook (recipe_id, cook_id) VALUES (4, 61);

INSERT INTO Recipe_Cook (recipe_id, cook_id) VALUES (5, 61);

INSERT INTO Cook (user_id, first_name, last_name, phone_number, date_of_birth, years_of_experience, chef_status, image_id) VALUES (62, 'Andrew','Wallace', 2335102271, '1979-12-29', 16, 'C', 390);

INSERT INTO Cook_National_Cuisine (cook_id, national_cuisine_id) VALUES (62, 9);

INSERT INTO Cook_National_Cuisine (cook_id, national_cuisine_id) VALUES (62, 12);

INSERT INTO Cook_National_Cuisine (cook_id, national_cuisine_id) VALUES (62, 16);

INSERT INTO Cook_National_Cuisine (cook_id, national_cuisine_id) VALUES (62, 15);

INSERT INTO Cook_National_Cuisine (cook_id, national_cuisine_id) VALUES (62, 10);

INSERT INTO Cook_National_Cuisine (cook_id, national_cuisine_id) VALUES (62, 17);

INSERT INTO Cook_National_Cuisine (cook_id, national_cuisine_id) VALUES (62, 5);

INSERT INTO Cook_National_Cuisine (cook_id, national_cuisine_id) VALUES (62, 6);

INSERT INTO Cook_National_Cuisine (cook_id, national_cuisine_id) VALUES (62, 7);

INSERT INTO Cook_National_Cuisine (cook_id, national_cuisine_id) VALUES (62, 18);

INSERT INTO Recipe_Cook (recipe_id, cook_id) VALUES (41, 62);

INSERT INTO Recipe_Cook (recipe_id, cook_id) VALUES (42, 62);

INSERT INTO Recipe_Cook (recipe_id, cook_id) VALUES (43, 62);

INSERT INTO Recipe_Cook (recipe_id, cook_id) VALUES (44, 62);

INSERT INTO Recipe_Cook (recipe_id, cook_id) VALUES (45, 62);

INSERT INTO Recipe_Cook (recipe_id, cook_id) VALUES (56, 62);

INSERT INTO Recipe_Cook (recipe_id, cook_id) VALUES (57, 62);

INSERT INTO Recipe_Cook (recipe_id, cook_id) VALUES (58, 62);

INSERT INTO Recipe_Cook (recipe_id, cook_id) VALUES (59, 62);

INSERT INTO Recipe_Cook (recipe_id, cook_id) VALUES (60, 62);

INSERT INTO Recipe_Cook (recipe_id, cook_id) VALUES (76, 62);

INSERT INTO Recipe_Cook (recipe_id, cook_id) VALUES (77, 62);

INSERT INTO Recipe_Cook (recipe_id, cook_id) VALUES (78, 62);

INSERT INTO Recipe_Cook (recipe_id, cook_id) VALUES (79, 62);

INSERT INTO Recipe_Cook (recipe_id, cook_id) VALUES (80, 62);

INSERT INTO Recipe_Cook (recipe_id, cook_id) VALUES (71, 62);

INSERT INTO Recipe_Cook (recipe_id, cook_id) VALUES (72, 62);

INSERT INTO Recipe_Cook (recipe_id, cook_id) VALUES (73, 62);

INSERT INTO Recipe_Cook (recipe_id, cook_id) VALUES (74, 62);

INSERT INTO Recipe_Cook (recipe_id, cook_id) VALUES (75, 62);

INSERT INTO Recipe_Cook (recipe_id, cook_id) VALUES (46, 62);

INSERT INTO Recipe_Cook (recipe_id, cook_id) VALUES (47, 62);

INSERT INTO Recipe_Cook (recipe_id, cook_id) VALUES (48, 62);

INSERT INTO Recipe_Cook (recipe_id, cook_id) VALUES (49, 62);

INSERT INTO Recipe_Cook (recipe_id, cook_id) VALUES (50, 62);

INSERT INTO Recipe_Cook (recipe_id, cook_id) VALUES (81, 62);

INSERT INTO Recipe_Cook (recipe_id, cook_id) VALUES (82, 62);

INSERT INTO Recipe_Cook (recipe_id, cook_id) VALUES (83, 62);

INSERT INTO Recipe_Cook (recipe_id, cook_id) VALUES (84, 62);

INSERT INTO Recipe_Cook (recipe_id, cook_id) VALUES (85, 62);

INSERT INTO Recipe_Cook (recipe_id, cook_id) VALUES (21, 62);

INSERT INTO Recipe_Cook (recipe_id, cook_id) VALUES (22, 62);

INSERT INTO Recipe_Cook (recipe_id, cook_id) VALUES (23, 62);

INSERT INTO Recipe_Cook (recipe_id, cook_id) VALUES (24, 62);

INSERT INTO Recipe_Cook (recipe_id, cook_id) VALUES (25, 62);

INSERT INTO Recipe_Cook (recipe_id, cook_id) VALUES (26, 62);

INSERT INTO Recipe_Cook (recipe_id, cook_id) VALUES (27, 62);

INSERT INTO Recipe_Cook (recipe_id, cook_id) VALUES (28, 62);

INSERT INTO Recipe_Cook (recipe_id, cook_id) VALUES (29, 62);

INSERT INTO Recipe_Cook (recipe_id, cook_id) VALUES (30, 62);

INSERT INTO Recipe_Cook (recipe_id, cook_id) VALUES (31, 62);

INSERT INTO Recipe_Cook (recipe_id, cook_id) VALUES (32, 62);

INSERT INTO Recipe_Cook (recipe_id, cook_id) VALUES (33, 62);

INSERT INTO Recipe_Cook (recipe_id, cook_id) VALUES (34, 62);

INSERT INTO Recipe_Cook (recipe_id, cook_id) VALUES (35, 62);

INSERT INTO Recipe_Cook (recipe_id, cook_id) VALUES (86, 62);

INSERT INTO Recipe_Cook (recipe_id, cook_id) VALUES (87, 62);

INSERT INTO Recipe_Cook (recipe_id, cook_id) VALUES (88, 62);

INSERT INTO Recipe_Cook (recipe_id, cook_id) VALUES (89, 62);

INSERT INTO Recipe_Cook (recipe_id, cook_id) VALUES (90, 62);

INSERT INTO Cook (user_id, first_name, last_name, phone_number, date_of_birth, years_of_experience, chef_status, image_id) VALUES (63, 'Christina','Foster', 2747001190, '1991-11-04', 6, 'C', 391);

INSERT INTO Cook_National_Cuisine (cook_id, national_cuisine_id) VALUES (63, 20);

INSERT INTO Cook_National_Cuisine (cook_id, national_cuisine_id) VALUES (63, 13);

INSERT INTO Cook_National_Cuisine (cook_id, national_cuisine_id) VALUES (63, 9);

INSERT INTO Cook_National_Cuisine (cook_id, national_cuisine_id) VALUES (63, 6);

INSERT INTO Cook_National_Cuisine (cook_id, national_cuisine_id) VALUES (63, 12);

INSERT INTO Cook_National_Cuisine (cook_id, national_cuisine_id) VALUES (63, 5);

INSERT INTO Cook_National_Cuisine (cook_id, national_cuisine_id) VALUES (63, 2);

INSERT INTO Recipe_Cook (recipe_id, cook_id) VALUES (96, 63);

INSERT INTO Recipe_Cook (recipe_id, cook_id) VALUES (97, 63);

INSERT INTO Recipe_Cook (recipe_id, cook_id) VALUES (98, 63);

INSERT INTO Recipe_Cook (recipe_id, cook_id) VALUES (99, 63);

INSERT INTO Recipe_Cook (recipe_id, cook_id) VALUES (100, 63);

INSERT INTO Recipe_Cook (recipe_id, cook_id) VALUES (61, 63);

INSERT INTO Recipe_Cook (recipe_id, cook_id) VALUES (62, 63);

INSERT INTO Recipe_Cook (recipe_id, cook_id) VALUES (63, 63);

INSERT INTO Recipe_Cook (recipe_id, cook_id) VALUES (64, 63);

INSERT INTO Recipe_Cook (recipe_id, cook_id) VALUES (65, 63);

INSERT INTO Recipe_Cook (recipe_id, cook_id) VALUES (41, 63);

INSERT INTO Recipe_Cook (recipe_id, cook_id) VALUES (42, 63);

INSERT INTO Recipe_Cook (recipe_id, cook_id) VALUES (43, 63);

INSERT INTO Recipe_Cook (recipe_id, cook_id) VALUES (44, 63);

INSERT INTO Recipe_Cook (recipe_id, cook_id) VALUES (45, 63);

INSERT INTO Recipe_Cook (recipe_id, cook_id) VALUES (26, 63);

INSERT INTO Recipe_Cook (recipe_id, cook_id) VALUES (27, 63);

INSERT INTO Recipe_Cook (recipe_id, cook_id) VALUES (28, 63);

INSERT INTO Recipe_Cook (recipe_id, cook_id) VALUES (29, 63);

INSERT INTO Recipe_Cook (recipe_id, cook_id) VALUES (30, 63);

INSERT INTO Recipe_Cook (recipe_id, cook_id) VALUES (56, 63);

INSERT INTO Recipe_Cook (recipe_id, cook_id) VALUES (57, 63);

INSERT INTO Recipe_Cook (recipe_id, cook_id) VALUES (58, 63);

INSERT INTO Recipe_Cook (recipe_id, cook_id) VALUES (59, 63);

INSERT INTO Recipe_Cook (recipe_id, cook_id) VALUES (60, 63);

INSERT INTO Recipe_Cook (recipe_id, cook_id) VALUES (21, 63);

INSERT INTO Recipe_Cook (recipe_id, cook_id) VALUES (22, 63);

INSERT INTO Recipe_Cook (recipe_id, cook_id) VALUES (23, 63);

INSERT INTO Recipe_Cook (recipe_id, cook_id) VALUES (24, 63);

INSERT INTO Recipe_Cook (recipe_id, cook_id) VALUES (25, 63);

INSERT INTO Recipe_Cook (recipe_id, cook_id) VALUES (6, 63);

INSERT INTO Recipe_Cook (recipe_id, cook_id) VALUES (7, 63);

INSERT INTO Recipe_Cook (recipe_id, cook_id) VALUES (8, 63);

INSERT INTO Recipe_Cook (recipe_id, cook_id) VALUES (9, 63);

INSERT INTO Recipe_Cook (recipe_id, cook_id) VALUES (10, 63);

INSERT INTO Cook (user_id, first_name, last_name, phone_number, date_of_birth, years_of_experience, chef_status, image_id) VALUES (64, 'Robert','Gallegos', 1798574838, '1981-03-24', 21, 'B', 392);

INSERT INTO Cook_National_Cuisine (cook_id, national_cuisine_id) VALUES (64, 15);

INSERT INTO Cook_National_Cuisine (cook_id, national_cuisine_id) VALUES (64, 7);

INSERT INTO Cook_National_Cuisine (cook_id, national_cuisine_id) VALUES (64, 8);

INSERT INTO Cook_National_Cuisine (cook_id, national_cuisine_id) VALUES (64, 13);

INSERT INTO Cook_National_Cuisine (cook_id, national_cuisine_id) VALUES (64, 4);

INSERT INTO Cook_National_Cuisine (cook_id, national_cuisine_id) VALUES (64, 9);

INSERT INTO Cook_National_Cuisine (cook_id, national_cuisine_id) VALUES (64, 17);

INSERT INTO Cook_National_Cuisine (cook_id, national_cuisine_id) VALUES (64, 5);

INSERT INTO Recipe_Cook (recipe_id, cook_id) VALUES (71, 64);

INSERT INTO Recipe_Cook (recipe_id, cook_id) VALUES (72, 64);

INSERT INTO Recipe_Cook (recipe_id, cook_id) VALUES (73, 64);

INSERT INTO Recipe_Cook (recipe_id, cook_id) VALUES (74, 64);

INSERT INTO Recipe_Cook (recipe_id, cook_id) VALUES (75, 64);

INSERT INTO Recipe_Cook (recipe_id, cook_id) VALUES (31, 64);

INSERT INTO Recipe_Cook (recipe_id, cook_id) VALUES (32, 64);

INSERT INTO Recipe_Cook (recipe_id, cook_id) VALUES (33, 64);

INSERT INTO Recipe_Cook (recipe_id, cook_id) VALUES (34, 64);

INSERT INTO Recipe_Cook (recipe_id, cook_id) VALUES (35, 64);

INSERT INTO Recipe_Cook (recipe_id, cook_id) VALUES (36, 64);

INSERT INTO Recipe_Cook (recipe_id, cook_id) VALUES (37, 64);

INSERT INTO Recipe_Cook (recipe_id, cook_id) VALUES (38, 64);

INSERT INTO Recipe_Cook (recipe_id, cook_id) VALUES (39, 64);

INSERT INTO Recipe_Cook (recipe_id, cook_id) VALUES (40, 64);

INSERT INTO Recipe_Cook (recipe_id, cook_id) VALUES (61, 64);

INSERT INTO Recipe_Cook (recipe_id, cook_id) VALUES (62, 64);

INSERT INTO Recipe_Cook (recipe_id, cook_id) VALUES (63, 64);

INSERT INTO Recipe_Cook (recipe_id, cook_id) VALUES (64, 64);

INSERT INTO Recipe_Cook (recipe_id, cook_id) VALUES (65, 64);

INSERT INTO Recipe_Cook (recipe_id, cook_id) VALUES (16, 64);

INSERT INTO Recipe_Cook (recipe_id, cook_id) VALUES (17, 64);

INSERT INTO Recipe_Cook (recipe_id, cook_id) VALUES (18, 64);

INSERT INTO Recipe_Cook (recipe_id, cook_id) VALUES (19, 64);

INSERT INTO Recipe_Cook (recipe_id, cook_id) VALUES (20, 64);

INSERT INTO Recipe_Cook (recipe_id, cook_id) VALUES (41, 64);

INSERT INTO Recipe_Cook (recipe_id, cook_id) VALUES (42, 64);

INSERT INTO Recipe_Cook (recipe_id, cook_id) VALUES (43, 64);

INSERT INTO Recipe_Cook (recipe_id, cook_id) VALUES (44, 64);

INSERT INTO Recipe_Cook (recipe_id, cook_id) VALUES (45, 64);

INSERT INTO Recipe_Cook (recipe_id, cook_id) VALUES (81, 64);

INSERT INTO Recipe_Cook (recipe_id, cook_id) VALUES (82, 64);

INSERT INTO Recipe_Cook (recipe_id, cook_id) VALUES (83, 64);

INSERT INTO Recipe_Cook (recipe_id, cook_id) VALUES (84, 64);

INSERT INTO Recipe_Cook (recipe_id, cook_id) VALUES (85, 64);

INSERT INTO Recipe_Cook (recipe_id, cook_id) VALUES (21, 64);

INSERT INTO Recipe_Cook (recipe_id, cook_id) VALUES (22, 64);

INSERT INTO Recipe_Cook (recipe_id, cook_id) VALUES (23, 64);

INSERT INTO Recipe_Cook (recipe_id, cook_id) VALUES (24, 64);

INSERT INTO Recipe_Cook (recipe_id, cook_id) VALUES (25, 64);

INSERT INTO Cook (user_id, first_name, last_name, phone_number, date_of_birth, years_of_experience, chef_status, image_id) VALUES (65, 'Brendan','Erickson', 1823290197, '1963-06-26', 16, 'B', 393);

INSERT INTO Cook_National_Cuisine (cook_id, national_cuisine_id) VALUES (65, 2);

INSERT INTO Cook_National_Cuisine (cook_id, national_cuisine_id) VALUES (65, 12);

INSERT INTO Cook_National_Cuisine (cook_id, national_cuisine_id) VALUES (65, 3);

INSERT INTO Cook_National_Cuisine (cook_id, national_cuisine_id) VALUES (65, 20);

INSERT INTO Cook_National_Cuisine (cook_id, national_cuisine_id) VALUES (65, 18);

INSERT INTO Cook_National_Cuisine (cook_id, national_cuisine_id) VALUES (65, 5);

INSERT INTO Recipe_Cook (recipe_id, cook_id) VALUES (6, 65);

INSERT INTO Recipe_Cook (recipe_id, cook_id) VALUES (7, 65);

INSERT INTO Recipe_Cook (recipe_id, cook_id) VALUES (8, 65);

INSERT INTO Recipe_Cook (recipe_id, cook_id) VALUES (9, 65);

INSERT INTO Recipe_Cook (recipe_id, cook_id) VALUES (10, 65);

INSERT INTO Recipe_Cook (recipe_id, cook_id) VALUES (56, 65);

INSERT INTO Recipe_Cook (recipe_id, cook_id) VALUES (57, 65);

INSERT INTO Recipe_Cook (recipe_id, cook_id) VALUES (58, 65);

INSERT INTO Recipe_Cook (recipe_id, cook_id) VALUES (59, 65);

INSERT INTO Recipe_Cook (recipe_id, cook_id) VALUES (60, 65);

INSERT INTO Recipe_Cook (recipe_id, cook_id) VALUES (11, 65);

INSERT INTO Recipe_Cook (recipe_id, cook_id) VALUES (12, 65);

INSERT INTO Recipe_Cook (recipe_id, cook_id) VALUES (13, 65);

INSERT INTO Recipe_Cook (recipe_id, cook_id) VALUES (14, 65);

INSERT INTO Recipe_Cook (recipe_id, cook_id) VALUES (15, 65);

INSERT INTO Recipe_Cook (recipe_id, cook_id) VALUES (96, 65);

INSERT INTO Recipe_Cook (recipe_id, cook_id) VALUES (97, 65);

INSERT INTO Recipe_Cook (recipe_id, cook_id) VALUES (98, 65);

INSERT INTO Recipe_Cook (recipe_id, cook_id) VALUES (99, 65);

INSERT INTO Recipe_Cook (recipe_id, cook_id) VALUES (100, 65);

INSERT INTO Recipe_Cook (recipe_id, cook_id) VALUES (86, 65);

INSERT INTO Recipe_Cook (recipe_id, cook_id) VALUES (87, 65);

INSERT INTO Recipe_Cook (recipe_id, cook_id) VALUES (88, 65);

INSERT INTO Recipe_Cook (recipe_id, cook_id) VALUES (89, 65);

INSERT INTO Recipe_Cook (recipe_id, cook_id) VALUES (90, 65);

INSERT INTO Recipe_Cook (recipe_id, cook_id) VALUES (21, 65);

INSERT INTO Recipe_Cook (recipe_id, cook_id) VALUES (22, 65);

INSERT INTO Recipe_Cook (recipe_id, cook_id) VALUES (23, 65);

INSERT INTO Recipe_Cook (recipe_id, cook_id) VALUES (24, 65);

INSERT INTO Recipe_Cook (recipe_id, cook_id) VALUES (25, 65);

INSERT INTO Cook (user_id, first_name, last_name, phone_number, date_of_birth, years_of_experience, chef_status, image_id) VALUES (66, 'Heather','Keller', 5917730436, '1984-10-21', 16, 'sous chef', 394);

INSERT INTO Cook_National_Cuisine (cook_id, national_cuisine_id) VALUES (66, 4);

INSERT INTO Cook_National_Cuisine (cook_id, national_cuisine_id) VALUES (66, 3);

INSERT INTO Cook_National_Cuisine (cook_id, national_cuisine_id) VALUES (66, 2);

INSERT INTO Cook_National_Cuisine (cook_id, national_cuisine_id) VALUES (66, 5);

INSERT INTO Cook_National_Cuisine (cook_id, national_cuisine_id) VALUES (66, 13);

INSERT INTO Cook_National_Cuisine (cook_id, national_cuisine_id) VALUES (66, 11);

INSERT INTO Cook_National_Cuisine (cook_id, national_cuisine_id) VALUES (66, 15);

INSERT INTO Cook_National_Cuisine (cook_id, national_cuisine_id) VALUES (66, 8);

INSERT INTO Cook_National_Cuisine (cook_id, national_cuisine_id) VALUES (66, 9);

INSERT INTO Recipe_Cook (recipe_id, cook_id) VALUES (16, 66);

INSERT INTO Recipe_Cook (recipe_id, cook_id) VALUES (17, 66);

INSERT INTO Recipe_Cook (recipe_id, cook_id) VALUES (18, 66);

INSERT INTO Recipe_Cook (recipe_id, cook_id) VALUES (19, 66);

INSERT INTO Recipe_Cook (recipe_id, cook_id) VALUES (20, 66);

INSERT INTO Recipe_Cook (recipe_id, cook_id) VALUES (11, 66);

INSERT INTO Recipe_Cook (recipe_id, cook_id) VALUES (12, 66);

INSERT INTO Recipe_Cook (recipe_id, cook_id) VALUES (13, 66);

INSERT INTO Recipe_Cook (recipe_id, cook_id) VALUES (14, 66);

INSERT INTO Recipe_Cook (recipe_id, cook_id) VALUES (15, 66);

INSERT INTO Recipe_Cook (recipe_id, cook_id) VALUES (6, 66);

INSERT INTO Recipe_Cook (recipe_id, cook_id) VALUES (7, 66);

INSERT INTO Recipe_Cook (recipe_id, cook_id) VALUES (8, 66);

INSERT INTO Recipe_Cook (recipe_id, cook_id) VALUES (9, 66);

INSERT INTO Recipe_Cook (recipe_id, cook_id) VALUES (10, 66);

INSERT INTO Recipe_Cook (recipe_id, cook_id) VALUES (21, 66);

INSERT INTO Recipe_Cook (recipe_id, cook_id) VALUES (22, 66);

INSERT INTO Recipe_Cook (recipe_id, cook_id) VALUES (23, 66);

INSERT INTO Recipe_Cook (recipe_id, cook_id) VALUES (24, 66);

INSERT INTO Recipe_Cook (recipe_id, cook_id) VALUES (25, 66);

INSERT INTO Recipe_Cook (recipe_id, cook_id) VALUES (61, 66);

INSERT INTO Recipe_Cook (recipe_id, cook_id) VALUES (62, 66);

INSERT INTO Recipe_Cook (recipe_id, cook_id) VALUES (63, 66);

INSERT INTO Recipe_Cook (recipe_id, cook_id) VALUES (64, 66);

INSERT INTO Recipe_Cook (recipe_id, cook_id) VALUES (65, 66);

INSERT INTO Recipe_Cook (recipe_id, cook_id) VALUES (51, 66);

INSERT INTO Recipe_Cook (recipe_id, cook_id) VALUES (52, 66);

INSERT INTO Recipe_Cook (recipe_id, cook_id) VALUES (53, 66);

INSERT INTO Recipe_Cook (recipe_id, cook_id) VALUES (54, 66);

INSERT INTO Recipe_Cook (recipe_id, cook_id) VALUES (55, 66);

INSERT INTO Recipe_Cook (recipe_id, cook_id) VALUES (71, 66);

INSERT INTO Recipe_Cook (recipe_id, cook_id) VALUES (72, 66);

INSERT INTO Recipe_Cook (recipe_id, cook_id) VALUES (73, 66);

INSERT INTO Recipe_Cook (recipe_id, cook_id) VALUES (74, 66);

INSERT INTO Recipe_Cook (recipe_id, cook_id) VALUES (75, 66);

INSERT INTO Recipe_Cook (recipe_id, cook_id) VALUES (36, 66);

INSERT INTO Recipe_Cook (recipe_id, cook_id) VALUES (37, 66);

INSERT INTO Recipe_Cook (recipe_id, cook_id) VALUES (38, 66);

INSERT INTO Recipe_Cook (recipe_id, cook_id) VALUES (39, 66);

INSERT INTO Recipe_Cook (recipe_id, cook_id) VALUES (40, 66);

INSERT INTO Recipe_Cook (recipe_id, cook_id) VALUES (41, 66);

INSERT INTO Recipe_Cook (recipe_id, cook_id) VALUES (42, 66);

INSERT INTO Recipe_Cook (recipe_id, cook_id) VALUES (43, 66);

INSERT INTO Recipe_Cook (recipe_id, cook_id) VALUES (44, 66);

INSERT INTO Recipe_Cook (recipe_id, cook_id) VALUES (45, 66);

INSERT INTO Cook (user_id, first_name, last_name, phone_number, date_of_birth, years_of_experience, chef_status, image_id) VALUES (67, 'Crystal','Rose', 9307916595, '1967-02-24', 19, 'C', 395);

INSERT INTO Cook_National_Cuisine (cook_id, national_cuisine_id) VALUES (67, 18);

INSERT INTO Cook_National_Cuisine (cook_id, national_cuisine_id) VALUES (67, 14);

INSERT INTO Cook_National_Cuisine (cook_id, national_cuisine_id) VALUES (67, 20);

INSERT INTO Cook_National_Cuisine (cook_id, national_cuisine_id) VALUES (67, 5);

INSERT INTO Cook_National_Cuisine (cook_id, national_cuisine_id) VALUES (67, 3);

INSERT INTO Cook_National_Cuisine (cook_id, national_cuisine_id) VALUES (67, 12);

INSERT INTO Cook_National_Cuisine (cook_id, national_cuisine_id) VALUES (67, 10);

INSERT INTO Cook_National_Cuisine (cook_id, national_cuisine_id) VALUES (67, 15);

INSERT INTO Cook_National_Cuisine (cook_id, national_cuisine_id) VALUES (67, 4);

INSERT INTO Recipe_Cook (recipe_id, cook_id) VALUES (86, 67);

INSERT INTO Recipe_Cook (recipe_id, cook_id) VALUES (87, 67);

INSERT INTO Recipe_Cook (recipe_id, cook_id) VALUES (88, 67);

INSERT INTO Recipe_Cook (recipe_id, cook_id) VALUES (89, 67);

INSERT INTO Recipe_Cook (recipe_id, cook_id) VALUES (90, 67);

INSERT INTO Recipe_Cook (recipe_id, cook_id) VALUES (66, 67);

INSERT INTO Recipe_Cook (recipe_id, cook_id) VALUES (67, 67);

INSERT INTO Recipe_Cook (recipe_id, cook_id) VALUES (68, 67);

INSERT INTO Recipe_Cook (recipe_id, cook_id) VALUES (69, 67);

INSERT INTO Recipe_Cook (recipe_id, cook_id) VALUES (70, 67);

INSERT INTO Recipe_Cook (recipe_id, cook_id) VALUES (96, 67);

INSERT INTO Recipe_Cook (recipe_id, cook_id) VALUES (97, 67);

INSERT INTO Recipe_Cook (recipe_id, cook_id) VALUES (98, 67);

INSERT INTO Recipe_Cook (recipe_id, cook_id) VALUES (99, 67);

INSERT INTO Recipe_Cook (recipe_id, cook_id) VALUES (100, 67);

INSERT INTO Recipe_Cook (recipe_id, cook_id) VALUES (21, 67);

INSERT INTO Recipe_Cook (recipe_id, cook_id) VALUES (22, 67);

INSERT INTO Recipe_Cook (recipe_id, cook_id) VALUES (23, 67);

INSERT INTO Recipe_Cook (recipe_id, cook_id) VALUES (24, 67);

INSERT INTO Recipe_Cook (recipe_id, cook_id) VALUES (25, 67);

INSERT INTO Recipe_Cook (recipe_id, cook_id) VALUES (11, 67);

INSERT INTO Recipe_Cook (recipe_id, cook_id) VALUES (12, 67);

INSERT INTO Recipe_Cook (recipe_id, cook_id) VALUES (13, 67);

INSERT INTO Recipe_Cook (recipe_id, cook_id) VALUES (14, 67);

INSERT INTO Recipe_Cook (recipe_id, cook_id) VALUES (15, 67);

INSERT INTO Recipe_Cook (recipe_id, cook_id) VALUES (56, 67);

INSERT INTO Recipe_Cook (recipe_id, cook_id) VALUES (57, 67);

INSERT INTO Recipe_Cook (recipe_id, cook_id) VALUES (58, 67);

INSERT INTO Recipe_Cook (recipe_id, cook_id) VALUES (59, 67);

INSERT INTO Recipe_Cook (recipe_id, cook_id) VALUES (60, 67);

INSERT INTO Recipe_Cook (recipe_id, cook_id) VALUES (46, 67);

INSERT INTO Recipe_Cook (recipe_id, cook_id) VALUES (47, 67);

INSERT INTO Recipe_Cook (recipe_id, cook_id) VALUES (48, 67);

INSERT INTO Recipe_Cook (recipe_id, cook_id) VALUES (49, 67);

INSERT INTO Recipe_Cook (recipe_id, cook_id) VALUES (50, 67);

INSERT INTO Recipe_Cook (recipe_id, cook_id) VALUES (71, 67);

INSERT INTO Recipe_Cook (recipe_id, cook_id) VALUES (72, 67);

INSERT INTO Recipe_Cook (recipe_id, cook_id) VALUES (73, 67);

INSERT INTO Recipe_Cook (recipe_id, cook_id) VALUES (74, 67);

INSERT INTO Recipe_Cook (recipe_id, cook_id) VALUES (75, 67);

INSERT INTO Recipe_Cook (recipe_id, cook_id) VALUES (16, 67);

INSERT INTO Recipe_Cook (recipe_id, cook_id) VALUES (17, 67);

INSERT INTO Recipe_Cook (recipe_id, cook_id) VALUES (18, 67);

INSERT INTO Recipe_Cook (recipe_id, cook_id) VALUES (19, 67);

INSERT INTO Recipe_Cook (recipe_id, cook_id) VALUES (20, 67);

INSERT INTO Cook (user_id, first_name, last_name, phone_number, date_of_birth, years_of_experience, chef_status, image_id) VALUES (68, 'Kelsey','Lynch', 2252487282, '1964-12-25', 26, 'sous chef', 396);

INSERT INTO Cook_National_Cuisine (cook_id, national_cuisine_id) VALUES (68, 19);

INSERT INTO Cook_National_Cuisine (cook_id, national_cuisine_id) VALUES (68, 17);

INSERT INTO Cook_National_Cuisine (cook_id, national_cuisine_id) VALUES (68, 1);

INSERT INTO Cook_National_Cuisine (cook_id, national_cuisine_id) VALUES (68, 14);

INSERT INTO Cook_National_Cuisine (cook_id, national_cuisine_id) VALUES (68, 13);

INSERT INTO Recipe_Cook (recipe_id, cook_id) VALUES (91, 68);

INSERT INTO Recipe_Cook (recipe_id, cook_id) VALUES (92, 68);

INSERT INTO Recipe_Cook (recipe_id, cook_id) VALUES (93, 68);

INSERT INTO Recipe_Cook (recipe_id, cook_id) VALUES (94, 68);

INSERT INTO Recipe_Cook (recipe_id, cook_id) VALUES (95, 68);

INSERT INTO Recipe_Cook (recipe_id, cook_id) VALUES (81, 68);

INSERT INTO Recipe_Cook (recipe_id, cook_id) VALUES (82, 68);

INSERT INTO Recipe_Cook (recipe_id, cook_id) VALUES (83, 68);

INSERT INTO Recipe_Cook (recipe_id, cook_id) VALUES (84, 68);

INSERT INTO Recipe_Cook (recipe_id, cook_id) VALUES (85, 68);

INSERT INTO Recipe_Cook (recipe_id, cook_id) VALUES (1, 68);

INSERT INTO Recipe_Cook (recipe_id, cook_id) VALUES (2, 68);

INSERT INTO Recipe_Cook (recipe_id, cook_id) VALUES (3, 68);

INSERT INTO Recipe_Cook (recipe_id, cook_id) VALUES (4, 68);

INSERT INTO Recipe_Cook (recipe_id, cook_id) VALUES (5, 68);

INSERT INTO Recipe_Cook (recipe_id, cook_id) VALUES (66, 68);

INSERT INTO Recipe_Cook (recipe_id, cook_id) VALUES (67, 68);

INSERT INTO Recipe_Cook (recipe_id, cook_id) VALUES (68, 68);

INSERT INTO Recipe_Cook (recipe_id, cook_id) VALUES (69, 68);

INSERT INTO Recipe_Cook (recipe_id, cook_id) VALUES (70, 68);

INSERT INTO Recipe_Cook (recipe_id, cook_id) VALUES (61, 68);

INSERT INTO Recipe_Cook (recipe_id, cook_id) VALUES (62, 68);

INSERT INTO Recipe_Cook (recipe_id, cook_id) VALUES (63, 68);

INSERT INTO Recipe_Cook (recipe_id, cook_id) VALUES (64, 68);

INSERT INTO Recipe_Cook (recipe_id, cook_id) VALUES (65, 68);

INSERT INTO Cook (user_id, first_name, last_name, phone_number, date_of_birth, years_of_experience, chef_status, image_id) VALUES (69, 'Duane','Davis', 8019085390, '1988-05-21', 1, 'C', 397);

INSERT INTO Cook_National_Cuisine (cook_id, national_cuisine_id) VALUES (69, 16);

INSERT INTO Cook_National_Cuisine (cook_id, national_cuisine_id) VALUES (69, 11);

INSERT INTO Cook_National_Cuisine (cook_id, national_cuisine_id) VALUES (69, 4);

INSERT INTO Cook_National_Cuisine (cook_id, national_cuisine_id) VALUES (69, 9);

INSERT INTO Cook_National_Cuisine (cook_id, national_cuisine_id) VALUES (69, 15);

INSERT INTO Cook_National_Cuisine (cook_id, national_cuisine_id) VALUES (69, 5);

INSERT INTO Cook_National_Cuisine (cook_id, national_cuisine_id) VALUES (69, 7);

INSERT INTO Cook_National_Cuisine (cook_id, national_cuisine_id) VALUES (69, 19);

INSERT INTO Recipe_Cook (recipe_id, cook_id) VALUES (76, 69);

INSERT INTO Recipe_Cook (recipe_id, cook_id) VALUES (77, 69);

INSERT INTO Recipe_Cook (recipe_id, cook_id) VALUES (78, 69);

INSERT INTO Recipe_Cook (recipe_id, cook_id) VALUES (79, 69);

INSERT INTO Recipe_Cook (recipe_id, cook_id) VALUES (80, 69);

INSERT INTO Recipe_Cook (recipe_id, cook_id) VALUES (51, 69);

INSERT INTO Recipe_Cook (recipe_id, cook_id) VALUES (52, 69);

INSERT INTO Recipe_Cook (recipe_id, cook_id) VALUES (53, 69);

INSERT INTO Recipe_Cook (recipe_id, cook_id) VALUES (54, 69);

INSERT INTO Recipe_Cook (recipe_id, cook_id) VALUES (55, 69);

INSERT INTO Recipe_Cook (recipe_id, cook_id) VALUES (16, 69);

INSERT INTO Recipe_Cook (recipe_id, cook_id) VALUES (17, 69);

INSERT INTO Recipe_Cook (recipe_id, cook_id) VALUES (18, 69);

INSERT INTO Recipe_Cook (recipe_id, cook_id) VALUES (19, 69);

INSERT INTO Recipe_Cook (recipe_id, cook_id) VALUES (20, 69);

INSERT INTO Recipe_Cook (recipe_id, cook_id) VALUES (41, 69);

INSERT INTO Recipe_Cook (recipe_id, cook_id) VALUES (42, 69);

INSERT INTO Recipe_Cook (recipe_id, cook_id) VALUES (43, 69);

INSERT INTO Recipe_Cook (recipe_id, cook_id) VALUES (44, 69);

INSERT INTO Recipe_Cook (recipe_id, cook_id) VALUES (45, 69);

INSERT INTO Recipe_Cook (recipe_id, cook_id) VALUES (71, 69);

INSERT INTO Recipe_Cook (recipe_id, cook_id) VALUES (72, 69);

INSERT INTO Recipe_Cook (recipe_id, cook_id) VALUES (73, 69);

INSERT INTO Recipe_Cook (recipe_id, cook_id) VALUES (74, 69);

INSERT INTO Recipe_Cook (recipe_id, cook_id) VALUES (75, 69);

INSERT INTO Recipe_Cook (recipe_id, cook_id) VALUES (21, 69);

INSERT INTO Recipe_Cook (recipe_id, cook_id) VALUES (22, 69);

INSERT INTO Recipe_Cook (recipe_id, cook_id) VALUES (23, 69);

INSERT INTO Recipe_Cook (recipe_id, cook_id) VALUES (24, 69);

INSERT INTO Recipe_Cook (recipe_id, cook_id) VALUES (25, 69);

INSERT INTO Recipe_Cook (recipe_id, cook_id) VALUES (31, 69);

INSERT INTO Recipe_Cook (recipe_id, cook_id) VALUES (32, 69);

INSERT INTO Recipe_Cook (recipe_id, cook_id) VALUES (33, 69);

INSERT INTO Recipe_Cook (recipe_id, cook_id) VALUES (34, 69);

INSERT INTO Recipe_Cook (recipe_id, cook_id) VALUES (35, 69);

INSERT INTO Recipe_Cook (recipe_id, cook_id) VALUES (91, 69);

INSERT INTO Recipe_Cook (recipe_id, cook_id) VALUES (92, 69);

INSERT INTO Recipe_Cook (recipe_id, cook_id) VALUES (93, 69);

INSERT INTO Recipe_Cook (recipe_id, cook_id) VALUES (94, 69);

INSERT INTO Recipe_Cook (recipe_id, cook_id) VALUES (95, 69);

INSERT INTO Cook (user_id, first_name, last_name, phone_number, date_of_birth, years_of_experience, chef_status, image_id) VALUES (70, 'Stephanie','Proctor', 7728616244, '1975-05-14', 25, 'C', 398);

INSERT INTO Cook_National_Cuisine (cook_id, national_cuisine_id) VALUES (70, 5);

INSERT INTO Cook_National_Cuisine (cook_id, national_cuisine_id) VALUES (70, 20);

INSERT INTO Cook_National_Cuisine (cook_id, national_cuisine_id) VALUES (70, 15);

INSERT INTO Cook_National_Cuisine (cook_id, national_cuisine_id) VALUES (70, 3);

INSERT INTO Cook_National_Cuisine (cook_id, national_cuisine_id) VALUES (70, 19);

INSERT INTO Cook_National_Cuisine (cook_id, national_cuisine_id) VALUES (70, 10);

INSERT INTO Cook_National_Cuisine (cook_id, national_cuisine_id) VALUES (70, 17);

INSERT INTO Cook_National_Cuisine (cook_id, national_cuisine_id) VALUES (70, 14);

INSERT INTO Cook_National_Cuisine (cook_id, national_cuisine_id) VALUES (70, 9);

INSERT INTO Cook_National_Cuisine (cook_id, national_cuisine_id) VALUES (70, 16);

INSERT INTO Recipe_Cook (recipe_id, cook_id) VALUES (21, 70);

INSERT INTO Recipe_Cook (recipe_id, cook_id) VALUES (22, 70);

INSERT INTO Recipe_Cook (recipe_id, cook_id) VALUES (23, 70);

INSERT INTO Recipe_Cook (recipe_id, cook_id) VALUES (24, 70);

INSERT INTO Recipe_Cook (recipe_id, cook_id) VALUES (25, 70);

INSERT INTO Recipe_Cook (recipe_id, cook_id) VALUES (96, 70);

INSERT INTO Recipe_Cook (recipe_id, cook_id) VALUES (97, 70);

INSERT INTO Recipe_Cook (recipe_id, cook_id) VALUES (98, 70);

INSERT INTO Recipe_Cook (recipe_id, cook_id) VALUES (99, 70);

INSERT INTO Recipe_Cook (recipe_id, cook_id) VALUES (100, 70);

INSERT INTO Recipe_Cook (recipe_id, cook_id) VALUES (71, 70);

INSERT INTO Recipe_Cook (recipe_id, cook_id) VALUES (72, 70);

INSERT INTO Recipe_Cook (recipe_id, cook_id) VALUES (73, 70);

INSERT INTO Recipe_Cook (recipe_id, cook_id) VALUES (74, 70);

INSERT INTO Recipe_Cook (recipe_id, cook_id) VALUES (75, 70);

INSERT INTO Recipe_Cook (recipe_id, cook_id) VALUES (11, 70);

INSERT INTO Recipe_Cook (recipe_id, cook_id) VALUES (12, 70);

INSERT INTO Recipe_Cook (recipe_id, cook_id) VALUES (13, 70);

INSERT INTO Recipe_Cook (recipe_id, cook_id) VALUES (14, 70);

INSERT INTO Recipe_Cook (recipe_id, cook_id) VALUES (15, 70);

INSERT INTO Recipe_Cook (recipe_id, cook_id) VALUES (91, 70);

INSERT INTO Recipe_Cook (recipe_id, cook_id) VALUES (92, 70);

INSERT INTO Recipe_Cook (recipe_id, cook_id) VALUES (93, 70);

INSERT INTO Recipe_Cook (recipe_id, cook_id) VALUES (94, 70);

INSERT INTO Recipe_Cook (recipe_id, cook_id) VALUES (95, 70);

INSERT INTO Recipe_Cook (recipe_id, cook_id) VALUES (46, 70);

INSERT INTO Recipe_Cook (recipe_id, cook_id) VALUES (47, 70);

INSERT INTO Recipe_Cook (recipe_id, cook_id) VALUES (48, 70);

INSERT INTO Recipe_Cook (recipe_id, cook_id) VALUES (49, 70);

INSERT INTO Recipe_Cook (recipe_id, cook_id) VALUES (50, 70);

INSERT INTO Recipe_Cook (recipe_id, cook_id) VALUES (81, 70);

INSERT INTO Recipe_Cook (recipe_id, cook_id) VALUES (82, 70);

INSERT INTO Recipe_Cook (recipe_id, cook_id) VALUES (83, 70);

INSERT INTO Recipe_Cook (recipe_id, cook_id) VALUES (84, 70);

INSERT INTO Recipe_Cook (recipe_id, cook_id) VALUES (85, 70);

INSERT INTO Recipe_Cook (recipe_id, cook_id) VALUES (66, 70);

INSERT INTO Recipe_Cook (recipe_id, cook_id) VALUES (67, 70);

INSERT INTO Recipe_Cook (recipe_id, cook_id) VALUES (68, 70);

INSERT INTO Recipe_Cook (recipe_id, cook_id) VALUES (69, 70);

INSERT INTO Recipe_Cook (recipe_id, cook_id) VALUES (70, 70);

INSERT INTO Recipe_Cook (recipe_id, cook_id) VALUES (41, 70);

INSERT INTO Recipe_Cook (recipe_id, cook_id) VALUES (42, 70);

INSERT INTO Recipe_Cook (recipe_id, cook_id) VALUES (43, 70);

INSERT INTO Recipe_Cook (recipe_id, cook_id) VALUES (44, 70);

INSERT INTO Recipe_Cook (recipe_id, cook_id) VALUES (45, 70);

INSERT INTO Recipe_Cook (recipe_id, cook_id) VALUES (76, 70);

INSERT INTO Recipe_Cook (recipe_id, cook_id) VALUES (77, 70);

INSERT INTO Recipe_Cook (recipe_id, cook_id) VALUES (78, 70);

INSERT INTO Recipe_Cook (recipe_id, cook_id) VALUES (79, 70);

INSERT INTO Recipe_Cook (recipe_id, cook_id) VALUES (80, 70);

INSERT INTO Cook (user_id, first_name, last_name, phone_number, date_of_birth, years_of_experience, chef_status, image_id) VALUES (71, 'Lance','Cantrell', 8188258130, '1991-06-28', 9, 'A', 399);

INSERT INTO Cook_National_Cuisine (cook_id, national_cuisine_id) VALUES (71, 7);

INSERT INTO Cook_National_Cuisine (cook_id, national_cuisine_id) VALUES (71, 17);

INSERT INTO Cook_National_Cuisine (cook_id, national_cuisine_id) VALUES (71, 20);

INSERT INTO Cook_National_Cuisine (cook_id, national_cuisine_id) VALUES (71, 5);

INSERT INTO Cook_National_Cuisine (cook_id, national_cuisine_id) VALUES (71, 15);

INSERT INTO Cook_National_Cuisine (cook_id, national_cuisine_id) VALUES (71, 19);

INSERT INTO Cook_National_Cuisine (cook_id, national_cuisine_id) VALUES (71, 14);

INSERT INTO Cook_National_Cuisine (cook_id, national_cuisine_id) VALUES (71, 13);

INSERT INTO Cook_National_Cuisine (cook_id, national_cuisine_id) VALUES (71, 4);

INSERT INTO Recipe_Cook (recipe_id, cook_id) VALUES (31, 71);

INSERT INTO Recipe_Cook (recipe_id, cook_id) VALUES (32, 71);

INSERT INTO Recipe_Cook (recipe_id, cook_id) VALUES (33, 71);

INSERT INTO Recipe_Cook (recipe_id, cook_id) VALUES (34, 71);

INSERT INTO Recipe_Cook (recipe_id, cook_id) VALUES (35, 71);

INSERT INTO Recipe_Cook (recipe_id, cook_id) VALUES (81, 71);

INSERT INTO Recipe_Cook (recipe_id, cook_id) VALUES (82, 71);

INSERT INTO Recipe_Cook (recipe_id, cook_id) VALUES (83, 71);

INSERT INTO Recipe_Cook (recipe_id, cook_id) VALUES (84, 71);

INSERT INTO Recipe_Cook (recipe_id, cook_id) VALUES (85, 71);

INSERT INTO Recipe_Cook (recipe_id, cook_id) VALUES (96, 71);

INSERT INTO Recipe_Cook (recipe_id, cook_id) VALUES (97, 71);

INSERT INTO Recipe_Cook (recipe_id, cook_id) VALUES (98, 71);

INSERT INTO Recipe_Cook (recipe_id, cook_id) VALUES (99, 71);

INSERT INTO Recipe_Cook (recipe_id, cook_id) VALUES (100, 71);

INSERT INTO Recipe_Cook (recipe_id, cook_id) VALUES (21, 71);

INSERT INTO Recipe_Cook (recipe_id, cook_id) VALUES (22, 71);

INSERT INTO Recipe_Cook (recipe_id, cook_id) VALUES (23, 71);

INSERT INTO Recipe_Cook (recipe_id, cook_id) VALUES (24, 71);

INSERT INTO Recipe_Cook (recipe_id, cook_id) VALUES (25, 71);

INSERT INTO Recipe_Cook (recipe_id, cook_id) VALUES (71, 71);

INSERT INTO Recipe_Cook (recipe_id, cook_id) VALUES (72, 71);

INSERT INTO Recipe_Cook (recipe_id, cook_id) VALUES (73, 71);

INSERT INTO Recipe_Cook (recipe_id, cook_id) VALUES (74, 71);

INSERT INTO Recipe_Cook (recipe_id, cook_id) VALUES (75, 71);

INSERT INTO Recipe_Cook (recipe_id, cook_id) VALUES (91, 71);

INSERT INTO Recipe_Cook (recipe_id, cook_id) VALUES (92, 71);

INSERT INTO Recipe_Cook (recipe_id, cook_id) VALUES (93, 71);

INSERT INTO Recipe_Cook (recipe_id, cook_id) VALUES (94, 71);

INSERT INTO Recipe_Cook (recipe_id, cook_id) VALUES (95, 71);

INSERT INTO Recipe_Cook (recipe_id, cook_id) VALUES (66, 71);

INSERT INTO Recipe_Cook (recipe_id, cook_id) VALUES (67, 71);

INSERT INTO Recipe_Cook (recipe_id, cook_id) VALUES (68, 71);

INSERT INTO Recipe_Cook (recipe_id, cook_id) VALUES (69, 71);

INSERT INTO Recipe_Cook (recipe_id, cook_id) VALUES (70, 71);

INSERT INTO Recipe_Cook (recipe_id, cook_id) VALUES (61, 71);

INSERT INTO Recipe_Cook (recipe_id, cook_id) VALUES (62, 71);

INSERT INTO Recipe_Cook (recipe_id, cook_id) VALUES (63, 71);

INSERT INTO Recipe_Cook (recipe_id, cook_id) VALUES (64, 71);

INSERT INTO Recipe_Cook (recipe_id, cook_id) VALUES (65, 71);

INSERT INTO Recipe_Cook (recipe_id, cook_id) VALUES (16, 71);

INSERT INTO Recipe_Cook (recipe_id, cook_id) VALUES (17, 71);

INSERT INTO Recipe_Cook (recipe_id, cook_id) VALUES (18, 71);

INSERT INTO Recipe_Cook (recipe_id, cook_id) VALUES (19, 71);

INSERT INTO Recipe_Cook (recipe_id, cook_id) VALUES (20, 71);

INSERT INTO Cook (user_id, first_name, last_name, phone_number, date_of_birth, years_of_experience, chef_status, image_id) VALUES (72, 'Hannah','Dougherty', 4878487665, '1996-09-22', 10, 'C', 400);

INSERT INTO Cook_National_Cuisine (cook_id, national_cuisine_id) VALUES (72, 9);

INSERT INTO Cook_National_Cuisine (cook_id, national_cuisine_id) VALUES (72, 8);

INSERT INTO Cook_National_Cuisine (cook_id, national_cuisine_id) VALUES (72, 11);

INSERT INTO Cook_National_Cuisine (cook_id, national_cuisine_id) VALUES (72, 19);

INSERT INTO Cook_National_Cuisine (cook_id, national_cuisine_id) VALUES (72, 2);

INSERT INTO Cook_National_Cuisine (cook_id, national_cuisine_id) VALUES (72, 20);

INSERT INTO Cook_National_Cuisine (cook_id, national_cuisine_id) VALUES (72, 3);

INSERT INTO Recipe_Cook (recipe_id, cook_id) VALUES (41, 72);

INSERT INTO Recipe_Cook (recipe_id, cook_id) VALUES (42, 72);

INSERT INTO Recipe_Cook (recipe_id, cook_id) VALUES (43, 72);

INSERT INTO Recipe_Cook (recipe_id, cook_id) VALUES (44, 72);

INSERT INTO Recipe_Cook (recipe_id, cook_id) VALUES (45, 72);

INSERT INTO Recipe_Cook (recipe_id, cook_id) VALUES (36, 72);

INSERT INTO Recipe_Cook (recipe_id, cook_id) VALUES (37, 72);

INSERT INTO Recipe_Cook (recipe_id, cook_id) VALUES (38, 72);

INSERT INTO Recipe_Cook (recipe_id, cook_id) VALUES (39, 72);

INSERT INTO Recipe_Cook (recipe_id, cook_id) VALUES (40, 72);

INSERT INTO Recipe_Cook (recipe_id, cook_id) VALUES (51, 72);

INSERT INTO Recipe_Cook (recipe_id, cook_id) VALUES (52, 72);

INSERT INTO Recipe_Cook (recipe_id, cook_id) VALUES (53, 72);

INSERT INTO Recipe_Cook (recipe_id, cook_id) VALUES (54, 72);

INSERT INTO Recipe_Cook (recipe_id, cook_id) VALUES (55, 72);

INSERT INTO Recipe_Cook (recipe_id, cook_id) VALUES (91, 72);

INSERT INTO Recipe_Cook (recipe_id, cook_id) VALUES (92, 72);

INSERT INTO Recipe_Cook (recipe_id, cook_id) VALUES (93, 72);

INSERT INTO Recipe_Cook (recipe_id, cook_id) VALUES (94, 72);

INSERT INTO Recipe_Cook (recipe_id, cook_id) VALUES (95, 72);

INSERT INTO Recipe_Cook (recipe_id, cook_id) VALUES (6, 72);

INSERT INTO Recipe_Cook (recipe_id, cook_id) VALUES (7, 72);

INSERT INTO Recipe_Cook (recipe_id, cook_id) VALUES (8, 72);

INSERT INTO Recipe_Cook (recipe_id, cook_id) VALUES (9, 72);

INSERT INTO Recipe_Cook (recipe_id, cook_id) VALUES (10, 72);

INSERT INTO Recipe_Cook (recipe_id, cook_id) VALUES (96, 72);

INSERT INTO Recipe_Cook (recipe_id, cook_id) VALUES (97, 72);

INSERT INTO Recipe_Cook (recipe_id, cook_id) VALUES (98, 72);

INSERT INTO Recipe_Cook (recipe_id, cook_id) VALUES (99, 72);

INSERT INTO Recipe_Cook (recipe_id, cook_id) VALUES (100, 72);

INSERT INTO Recipe_Cook (recipe_id, cook_id) VALUES (11, 72);

INSERT INTO Recipe_Cook (recipe_id, cook_id) VALUES (12, 72);

INSERT INTO Recipe_Cook (recipe_id, cook_id) VALUES (13, 72);

INSERT INTO Recipe_Cook (recipe_id, cook_id) VALUES (14, 72);

INSERT INTO Recipe_Cook (recipe_id, cook_id) VALUES (15, 72);

INSERT INTO Cook (user_id, first_name, last_name, phone_number, date_of_birth, years_of_experience, chef_status, image_id) VALUES (73, 'Sherry','Clay', 8679931815, '1974-11-26', 19, 'A', 401);

INSERT INTO Cook_National_Cuisine (cook_id, national_cuisine_id) VALUES (73, 17);

INSERT INTO Cook_National_Cuisine (cook_id, national_cuisine_id) VALUES (73, 5);

INSERT INTO Cook_National_Cuisine (cook_id, national_cuisine_id) VALUES (73, 10);

INSERT INTO Cook_National_Cuisine (cook_id, national_cuisine_id) VALUES (73, 1);

INSERT INTO Cook_National_Cuisine (cook_id, national_cuisine_id) VALUES (73, 3);

INSERT INTO Cook_National_Cuisine (cook_id, national_cuisine_id) VALUES (73, 12);

INSERT INTO Cook_National_Cuisine (cook_id, national_cuisine_id) VALUES (73, 16);

INSERT INTO Cook_National_Cuisine (cook_id, national_cuisine_id) VALUES (73, 9);

INSERT INTO Cook_National_Cuisine (cook_id, national_cuisine_id) VALUES (73, 14);

INSERT INTO Cook_National_Cuisine (cook_id, national_cuisine_id) VALUES (73, 8);

INSERT INTO Recipe_Cook (recipe_id, cook_id) VALUES (81, 73);

INSERT INTO Recipe_Cook (recipe_id, cook_id) VALUES (82, 73);

INSERT INTO Recipe_Cook (recipe_id, cook_id) VALUES (83, 73);

INSERT INTO Recipe_Cook (recipe_id, cook_id) VALUES (84, 73);

INSERT INTO Recipe_Cook (recipe_id, cook_id) VALUES (85, 73);

INSERT INTO Recipe_Cook (recipe_id, cook_id) VALUES (21, 73);

INSERT INTO Recipe_Cook (recipe_id, cook_id) VALUES (22, 73);

INSERT INTO Recipe_Cook (recipe_id, cook_id) VALUES (23, 73);

INSERT INTO Recipe_Cook (recipe_id, cook_id) VALUES (24, 73);

INSERT INTO Recipe_Cook (recipe_id, cook_id) VALUES (25, 73);

INSERT INTO Recipe_Cook (recipe_id, cook_id) VALUES (46, 73);

INSERT INTO Recipe_Cook (recipe_id, cook_id) VALUES (47, 73);

INSERT INTO Recipe_Cook (recipe_id, cook_id) VALUES (48, 73);

INSERT INTO Recipe_Cook (recipe_id, cook_id) VALUES (49, 73);

INSERT INTO Recipe_Cook (recipe_id, cook_id) VALUES (50, 73);

INSERT INTO Recipe_Cook (recipe_id, cook_id) VALUES (1, 73);

INSERT INTO Recipe_Cook (recipe_id, cook_id) VALUES (2, 73);

INSERT INTO Recipe_Cook (recipe_id, cook_id) VALUES (3, 73);

INSERT INTO Recipe_Cook (recipe_id, cook_id) VALUES (4, 73);

INSERT INTO Recipe_Cook (recipe_id, cook_id) VALUES (5, 73);

INSERT INTO Recipe_Cook (recipe_id, cook_id) VALUES (11, 73);

INSERT INTO Recipe_Cook (recipe_id, cook_id) VALUES (12, 73);

INSERT INTO Recipe_Cook (recipe_id, cook_id) VALUES (13, 73);

INSERT INTO Recipe_Cook (recipe_id, cook_id) VALUES (14, 73);

INSERT INTO Recipe_Cook (recipe_id, cook_id) VALUES (15, 73);

INSERT INTO Recipe_Cook (recipe_id, cook_id) VALUES (56, 73);

INSERT INTO Recipe_Cook (recipe_id, cook_id) VALUES (57, 73);

INSERT INTO Recipe_Cook (recipe_id, cook_id) VALUES (58, 73);

INSERT INTO Recipe_Cook (recipe_id, cook_id) VALUES (59, 73);

INSERT INTO Recipe_Cook (recipe_id, cook_id) VALUES (60, 73);

INSERT INTO Recipe_Cook (recipe_id, cook_id) VALUES (76, 73);

INSERT INTO Recipe_Cook (recipe_id, cook_id) VALUES (77, 73);

INSERT INTO Recipe_Cook (recipe_id, cook_id) VALUES (78, 73);

INSERT INTO Recipe_Cook (recipe_id, cook_id) VALUES (79, 73);

INSERT INTO Recipe_Cook (recipe_id, cook_id) VALUES (80, 73);

INSERT INTO Recipe_Cook (recipe_id, cook_id) VALUES (41, 73);

INSERT INTO Recipe_Cook (recipe_id, cook_id) VALUES (42, 73);

INSERT INTO Recipe_Cook (recipe_id, cook_id) VALUES (43, 73);

INSERT INTO Recipe_Cook (recipe_id, cook_id) VALUES (44, 73);

INSERT INTO Recipe_Cook (recipe_id, cook_id) VALUES (45, 73);

INSERT INTO Recipe_Cook (recipe_id, cook_id) VALUES (66, 73);

INSERT INTO Recipe_Cook (recipe_id, cook_id) VALUES (67, 73);

INSERT INTO Recipe_Cook (recipe_id, cook_id) VALUES (68, 73);

INSERT INTO Recipe_Cook (recipe_id, cook_id) VALUES (69, 73);

INSERT INTO Recipe_Cook (recipe_id, cook_id) VALUES (70, 73);

INSERT INTO Recipe_Cook (recipe_id, cook_id) VALUES (36, 73);

INSERT INTO Recipe_Cook (recipe_id, cook_id) VALUES (37, 73);

INSERT INTO Recipe_Cook (recipe_id, cook_id) VALUES (38, 73);

INSERT INTO Recipe_Cook (recipe_id, cook_id) VALUES (39, 73);

INSERT INTO Recipe_Cook (recipe_id, cook_id) VALUES (40, 73);

INSERT INTO Cook (user_id, first_name, last_name, phone_number, date_of_birth, years_of_experience, chef_status, image_id) VALUES (74, 'Tiffany','Weeks', 1447887647, '1995-09-27', 1, 'sous chef', 402);

INSERT INTO Cook_National_Cuisine (cook_id, national_cuisine_id) VALUES (74, 3);

INSERT INTO Cook_National_Cuisine (cook_id, national_cuisine_id) VALUES (74, 17);

INSERT INTO Cook_National_Cuisine (cook_id, national_cuisine_id) VALUES (74, 2);

INSERT INTO Cook_National_Cuisine (cook_id, national_cuisine_id) VALUES (74, 15);

INSERT INTO Cook_National_Cuisine (cook_id, national_cuisine_id) VALUES (74, 12);

INSERT INTO Cook_National_Cuisine (cook_id, national_cuisine_id) VALUES (74, 5);

INSERT INTO Cook_National_Cuisine (cook_id, national_cuisine_id) VALUES (74, 20);

INSERT INTO Recipe_Cook (recipe_id, cook_id) VALUES (11, 74);

INSERT INTO Recipe_Cook (recipe_id, cook_id) VALUES (12, 74);

INSERT INTO Recipe_Cook (recipe_id, cook_id) VALUES (13, 74);

INSERT INTO Recipe_Cook (recipe_id, cook_id) VALUES (14, 74);

INSERT INTO Recipe_Cook (recipe_id, cook_id) VALUES (15, 74);

INSERT INTO Recipe_Cook (recipe_id, cook_id) VALUES (81, 74);

INSERT INTO Recipe_Cook (recipe_id, cook_id) VALUES (82, 74);

INSERT INTO Recipe_Cook (recipe_id, cook_id) VALUES (83, 74);

INSERT INTO Recipe_Cook (recipe_id, cook_id) VALUES (84, 74);

INSERT INTO Recipe_Cook (recipe_id, cook_id) VALUES (85, 74);

INSERT INTO Recipe_Cook (recipe_id, cook_id) VALUES (6, 74);

INSERT INTO Recipe_Cook (recipe_id, cook_id) VALUES (7, 74);

INSERT INTO Recipe_Cook (recipe_id, cook_id) VALUES (8, 74);

INSERT INTO Recipe_Cook (recipe_id, cook_id) VALUES (9, 74);

INSERT INTO Recipe_Cook (recipe_id, cook_id) VALUES (10, 74);

INSERT INTO Recipe_Cook (recipe_id, cook_id) VALUES (71, 74);

INSERT INTO Recipe_Cook (recipe_id, cook_id) VALUES (72, 74);

INSERT INTO Recipe_Cook (recipe_id, cook_id) VALUES (73, 74);

INSERT INTO Recipe_Cook (recipe_id, cook_id) VALUES (74, 74);

INSERT INTO Recipe_Cook (recipe_id, cook_id) VALUES (75, 74);

INSERT INTO Recipe_Cook (recipe_id, cook_id) VALUES (56, 74);

INSERT INTO Recipe_Cook (recipe_id, cook_id) VALUES (57, 74);

INSERT INTO Recipe_Cook (recipe_id, cook_id) VALUES (58, 74);

INSERT INTO Recipe_Cook (recipe_id, cook_id) VALUES (59, 74);

INSERT INTO Recipe_Cook (recipe_id, cook_id) VALUES (60, 74);

INSERT INTO Recipe_Cook (recipe_id, cook_id) VALUES (21, 74);

INSERT INTO Recipe_Cook (recipe_id, cook_id) VALUES (22, 74);

INSERT INTO Recipe_Cook (recipe_id, cook_id) VALUES (23, 74);

INSERT INTO Recipe_Cook (recipe_id, cook_id) VALUES (24, 74);

INSERT INTO Recipe_Cook (recipe_id, cook_id) VALUES (25, 74);

INSERT INTO Recipe_Cook (recipe_id, cook_id) VALUES (96, 74);

INSERT INTO Recipe_Cook (recipe_id, cook_id) VALUES (97, 74);

INSERT INTO Recipe_Cook (recipe_id, cook_id) VALUES (98, 74);

INSERT INTO Recipe_Cook (recipe_id, cook_id) VALUES (99, 74);

INSERT INTO Recipe_Cook (recipe_id, cook_id) VALUES (100, 74);

INSERT INTO Cook (user_id, first_name, last_name, phone_number, date_of_birth, years_of_experience, chef_status, image_id) VALUES (75, 'Darrell','White', 3655838174, '1989-05-07', 10, 'A', 403);

INSERT INTO Cook_National_Cuisine (cook_id, national_cuisine_id) VALUES (75, 14);

INSERT INTO Cook_National_Cuisine (cook_id, national_cuisine_id) VALUES (75, 8);

INSERT INTO Cook_National_Cuisine (cook_id, national_cuisine_id) VALUES (75, 4);

INSERT INTO Cook_National_Cuisine (cook_id, national_cuisine_id) VALUES (75, 3);

INSERT INTO Cook_National_Cuisine (cook_id, national_cuisine_id) VALUES (75, 5);

INSERT INTO Cook_National_Cuisine (cook_id, national_cuisine_id) VALUES (75, 18);

INSERT INTO Cook_National_Cuisine (cook_id, national_cuisine_id) VALUES (75, 16);

INSERT INTO Recipe_Cook (recipe_id, cook_id) VALUES (66, 75);

INSERT INTO Recipe_Cook (recipe_id, cook_id) VALUES (67, 75);

INSERT INTO Recipe_Cook (recipe_id, cook_id) VALUES (68, 75);

INSERT INTO Recipe_Cook (recipe_id, cook_id) VALUES (69, 75);

INSERT INTO Recipe_Cook (recipe_id, cook_id) VALUES (70, 75);

INSERT INTO Recipe_Cook (recipe_id, cook_id) VALUES (36, 75);

INSERT INTO Recipe_Cook (recipe_id, cook_id) VALUES (37, 75);

INSERT INTO Recipe_Cook (recipe_id, cook_id) VALUES (38, 75);

INSERT INTO Recipe_Cook (recipe_id, cook_id) VALUES (39, 75);

INSERT INTO Recipe_Cook (recipe_id, cook_id) VALUES (40, 75);

INSERT INTO Recipe_Cook (recipe_id, cook_id) VALUES (16, 75);

INSERT INTO Recipe_Cook (recipe_id, cook_id) VALUES (17, 75);

INSERT INTO Recipe_Cook (recipe_id, cook_id) VALUES (18, 75);

INSERT INTO Recipe_Cook (recipe_id, cook_id) VALUES (19, 75);

INSERT INTO Recipe_Cook (recipe_id, cook_id) VALUES (20, 75);

INSERT INTO Recipe_Cook (recipe_id, cook_id) VALUES (11, 75);

INSERT INTO Recipe_Cook (recipe_id, cook_id) VALUES (12, 75);

INSERT INTO Recipe_Cook (recipe_id, cook_id) VALUES (13, 75);

INSERT INTO Recipe_Cook (recipe_id, cook_id) VALUES (14, 75);

INSERT INTO Recipe_Cook (recipe_id, cook_id) VALUES (15, 75);

INSERT INTO Recipe_Cook (recipe_id, cook_id) VALUES (21, 75);

INSERT INTO Recipe_Cook (recipe_id, cook_id) VALUES (22, 75);

INSERT INTO Recipe_Cook (recipe_id, cook_id) VALUES (23, 75);

INSERT INTO Recipe_Cook (recipe_id, cook_id) VALUES (24, 75);

INSERT INTO Recipe_Cook (recipe_id, cook_id) VALUES (25, 75);

INSERT INTO Recipe_Cook (recipe_id, cook_id) VALUES (86, 75);

INSERT INTO Recipe_Cook (recipe_id, cook_id) VALUES (87, 75);

INSERT INTO Recipe_Cook (recipe_id, cook_id) VALUES (88, 75);

INSERT INTO Recipe_Cook (recipe_id, cook_id) VALUES (89, 75);

INSERT INTO Recipe_Cook (recipe_id, cook_id) VALUES (90, 75);

INSERT INTO Recipe_Cook (recipe_id, cook_id) VALUES (76, 75);

INSERT INTO Recipe_Cook (recipe_id, cook_id) VALUES (77, 75);

INSERT INTO Recipe_Cook (recipe_id, cook_id) VALUES (78, 75);

INSERT INTO Recipe_Cook (recipe_id, cook_id) VALUES (79, 75);

INSERT INTO Recipe_Cook (recipe_id, cook_id) VALUES (80, 75);

INSERT INTO Cook (user_id, first_name, last_name, phone_number, date_of_birth, years_of_experience, chef_status, image_id) VALUES (76, 'William','Edwards', 6113299726, '1961-06-05', 17, 'C', 404);

INSERT INTO Cook_National_Cuisine (cook_id, national_cuisine_id) VALUES (76, 10);

INSERT INTO Cook_National_Cuisine (cook_id, national_cuisine_id) VALUES (76, 13);

INSERT INTO Cook_National_Cuisine (cook_id, national_cuisine_id) VALUES (76, 1);

INSERT INTO Cook_National_Cuisine (cook_id, national_cuisine_id) VALUES (76, 7);

INSERT INTO Cook_National_Cuisine (cook_id, national_cuisine_id) VALUES (76, 12);

INSERT INTO Cook_National_Cuisine (cook_id, national_cuisine_id) VALUES (76, 16);

INSERT INTO Recipe_Cook (recipe_id, cook_id) VALUES (46, 76);

INSERT INTO Recipe_Cook (recipe_id, cook_id) VALUES (47, 76);

INSERT INTO Recipe_Cook (recipe_id, cook_id) VALUES (48, 76);

INSERT INTO Recipe_Cook (recipe_id, cook_id) VALUES (49, 76);

INSERT INTO Recipe_Cook (recipe_id, cook_id) VALUES (50, 76);

INSERT INTO Recipe_Cook (recipe_id, cook_id) VALUES (61, 76);

INSERT INTO Recipe_Cook (recipe_id, cook_id) VALUES (62, 76);

INSERT INTO Recipe_Cook (recipe_id, cook_id) VALUES (63, 76);

INSERT INTO Recipe_Cook (recipe_id, cook_id) VALUES (64, 76);

INSERT INTO Recipe_Cook (recipe_id, cook_id) VALUES (65, 76);

INSERT INTO Recipe_Cook (recipe_id, cook_id) VALUES (1, 76);

INSERT INTO Recipe_Cook (recipe_id, cook_id) VALUES (2, 76);

INSERT INTO Recipe_Cook (recipe_id, cook_id) VALUES (3, 76);

INSERT INTO Recipe_Cook (recipe_id, cook_id) VALUES (4, 76);

INSERT INTO Recipe_Cook (recipe_id, cook_id) VALUES (5, 76);

INSERT INTO Recipe_Cook (recipe_id, cook_id) VALUES (31, 76);

INSERT INTO Recipe_Cook (recipe_id, cook_id) VALUES (32, 76);

INSERT INTO Recipe_Cook (recipe_id, cook_id) VALUES (33, 76);

INSERT INTO Recipe_Cook (recipe_id, cook_id) VALUES (34, 76);

INSERT INTO Recipe_Cook (recipe_id, cook_id) VALUES (35, 76);

INSERT INTO Recipe_Cook (recipe_id, cook_id) VALUES (56, 76);

INSERT INTO Recipe_Cook (recipe_id, cook_id) VALUES (57, 76);

INSERT INTO Recipe_Cook (recipe_id, cook_id) VALUES (58, 76);

INSERT INTO Recipe_Cook (recipe_id, cook_id) VALUES (59, 76);

INSERT INTO Recipe_Cook (recipe_id, cook_id) VALUES (60, 76);

INSERT INTO Recipe_Cook (recipe_id, cook_id) VALUES (76, 76);

INSERT INTO Recipe_Cook (recipe_id, cook_id) VALUES (77, 76);

INSERT INTO Recipe_Cook (recipe_id, cook_id) VALUES (78, 76);

INSERT INTO Recipe_Cook (recipe_id, cook_id) VALUES (79, 76);

INSERT INTO Recipe_Cook (recipe_id, cook_id) VALUES (80, 76);

INSERT INTO Cook (user_id, first_name, last_name, phone_number, date_of_birth, years_of_experience, chef_status, image_id) VALUES (77, 'Jeffrey','Cox', 5777672549, '1993-08-28', 12, 'chef', 405);

INSERT INTO Cook_National_Cuisine (cook_id, national_cuisine_id) VALUES (77, 10);

INSERT INTO Cook_National_Cuisine (cook_id, national_cuisine_id) VALUES (77, 16);

INSERT INTO Cook_National_Cuisine (cook_id, national_cuisine_id) VALUES (77, 20);

INSERT INTO Cook_National_Cuisine (cook_id, national_cuisine_id) VALUES (77, 2);

INSERT INTO Cook_National_Cuisine (cook_id, national_cuisine_id) VALUES (77, 17);

INSERT INTO Recipe_Cook (recipe_id, cook_id) VALUES (46, 77);

INSERT INTO Recipe_Cook (recipe_id, cook_id) VALUES (47, 77);

INSERT INTO Recipe_Cook (recipe_id, cook_id) VALUES (48, 77);

INSERT INTO Recipe_Cook (recipe_id, cook_id) VALUES (49, 77);

INSERT INTO Recipe_Cook (recipe_id, cook_id) VALUES (50, 77);

INSERT INTO Recipe_Cook (recipe_id, cook_id) VALUES (76, 77);

INSERT INTO Recipe_Cook (recipe_id, cook_id) VALUES (77, 77);

INSERT INTO Recipe_Cook (recipe_id, cook_id) VALUES (78, 77);

INSERT INTO Recipe_Cook (recipe_id, cook_id) VALUES (79, 77);

INSERT INTO Recipe_Cook (recipe_id, cook_id) VALUES (80, 77);

INSERT INTO Recipe_Cook (recipe_id, cook_id) VALUES (96, 77);

INSERT INTO Recipe_Cook (recipe_id, cook_id) VALUES (97, 77);

INSERT INTO Recipe_Cook (recipe_id, cook_id) VALUES (98, 77);

INSERT INTO Recipe_Cook (recipe_id, cook_id) VALUES (99, 77);

INSERT INTO Recipe_Cook (recipe_id, cook_id) VALUES (100, 77);

INSERT INTO Recipe_Cook (recipe_id, cook_id) VALUES (6, 77);

INSERT INTO Recipe_Cook (recipe_id, cook_id) VALUES (7, 77);

INSERT INTO Recipe_Cook (recipe_id, cook_id) VALUES (8, 77);

INSERT INTO Recipe_Cook (recipe_id, cook_id) VALUES (9, 77);

INSERT INTO Recipe_Cook (recipe_id, cook_id) VALUES (10, 77);

INSERT INTO Recipe_Cook (recipe_id, cook_id) VALUES (81, 77);

INSERT INTO Recipe_Cook (recipe_id, cook_id) VALUES (82, 77);

INSERT INTO Recipe_Cook (recipe_id, cook_id) VALUES (83, 77);

INSERT INTO Recipe_Cook (recipe_id, cook_id) VALUES (84, 77);

INSERT INTO Recipe_Cook (recipe_id, cook_id) VALUES (85, 77);

INSERT INTO Cook (user_id, first_name, last_name, phone_number, date_of_birth, years_of_experience, chef_status, image_id) VALUES (78, 'Stephanie','Morton', 1024569660, '1973-08-19', 33, 'C', 406);

INSERT INTO Cook_National_Cuisine (cook_id, national_cuisine_id) VALUES (78, 5);

INSERT INTO Cook_National_Cuisine (cook_id, national_cuisine_id) VALUES (78, 15);

INSERT INTO Cook_National_Cuisine (cook_id, national_cuisine_id) VALUES (78, 1);

INSERT INTO Cook_National_Cuisine (cook_id, national_cuisine_id) VALUES (78, 14);

INSERT INTO Cook_National_Cuisine (cook_id, national_cuisine_id) VALUES (78, 17);

INSERT INTO Cook_National_Cuisine (cook_id, national_cuisine_id) VALUES (78, 2);

INSERT INTO Cook_National_Cuisine (cook_id, national_cuisine_id) VALUES (78, 20);

INSERT INTO Cook_National_Cuisine (cook_id, national_cuisine_id) VALUES (78, 3);

INSERT INTO Cook_National_Cuisine (cook_id, national_cuisine_id) VALUES (78, 7);

INSERT INTO Recipe_Cook (recipe_id, cook_id) VALUES (21, 78);

INSERT INTO Recipe_Cook (recipe_id, cook_id) VALUES (22, 78);

INSERT INTO Recipe_Cook (recipe_id, cook_id) VALUES (23, 78);

INSERT INTO Recipe_Cook (recipe_id, cook_id) VALUES (24, 78);

INSERT INTO Recipe_Cook (recipe_id, cook_id) VALUES (25, 78);

INSERT INTO Recipe_Cook (recipe_id, cook_id) VALUES (71, 78);

INSERT INTO Recipe_Cook (recipe_id, cook_id) VALUES (72, 78);

INSERT INTO Recipe_Cook (recipe_id, cook_id) VALUES (73, 78);

INSERT INTO Recipe_Cook (recipe_id, cook_id) VALUES (74, 78);

INSERT INTO Recipe_Cook (recipe_id, cook_id) VALUES (75, 78);

INSERT INTO Recipe_Cook (recipe_id, cook_id) VALUES (1, 78);

INSERT INTO Recipe_Cook (recipe_id, cook_id) VALUES (2, 78);

INSERT INTO Recipe_Cook (recipe_id, cook_id) VALUES (3, 78);

INSERT INTO Recipe_Cook (recipe_id, cook_id) VALUES (4, 78);

INSERT INTO Recipe_Cook (recipe_id, cook_id) VALUES (5, 78);

INSERT INTO Recipe_Cook (recipe_id, cook_id) VALUES (66, 78);

INSERT INTO Recipe_Cook (recipe_id, cook_id) VALUES (67, 78);

INSERT INTO Recipe_Cook (recipe_id, cook_id) VALUES (68, 78);

INSERT INTO Recipe_Cook (recipe_id, cook_id) VALUES (69, 78);

INSERT INTO Recipe_Cook (recipe_id, cook_id) VALUES (70, 78);

INSERT INTO Recipe_Cook (recipe_id, cook_id) VALUES (81, 78);

INSERT INTO Recipe_Cook (recipe_id, cook_id) VALUES (82, 78);

INSERT INTO Recipe_Cook (recipe_id, cook_id) VALUES (83, 78);

INSERT INTO Recipe_Cook (recipe_id, cook_id) VALUES (84, 78);

INSERT INTO Recipe_Cook (recipe_id, cook_id) VALUES (85, 78);

INSERT INTO Recipe_Cook (recipe_id, cook_id) VALUES (6, 78);

INSERT INTO Recipe_Cook (recipe_id, cook_id) VALUES (7, 78);

INSERT INTO Recipe_Cook (recipe_id, cook_id) VALUES (8, 78);

INSERT INTO Recipe_Cook (recipe_id, cook_id) VALUES (9, 78);

INSERT INTO Recipe_Cook (recipe_id, cook_id) VALUES (10, 78);

INSERT INTO Recipe_Cook (recipe_id, cook_id) VALUES (96, 78);

INSERT INTO Recipe_Cook (recipe_id, cook_id) VALUES (97, 78);

INSERT INTO Recipe_Cook (recipe_id, cook_id) VALUES (98, 78);

INSERT INTO Recipe_Cook (recipe_id, cook_id) VALUES (99, 78);

INSERT INTO Recipe_Cook (recipe_id, cook_id) VALUES (100, 78);

INSERT INTO Recipe_Cook (recipe_id, cook_id) VALUES (11, 78);

INSERT INTO Recipe_Cook (recipe_id, cook_id) VALUES (12, 78);

INSERT INTO Recipe_Cook (recipe_id, cook_id) VALUES (13, 78);

INSERT INTO Recipe_Cook (recipe_id, cook_id) VALUES (14, 78);

INSERT INTO Recipe_Cook (recipe_id, cook_id) VALUES (15, 78);

INSERT INTO Recipe_Cook (recipe_id, cook_id) VALUES (31, 78);

INSERT INTO Recipe_Cook (recipe_id, cook_id) VALUES (32, 78);

INSERT INTO Recipe_Cook (recipe_id, cook_id) VALUES (33, 78);

INSERT INTO Recipe_Cook (recipe_id, cook_id) VALUES (34, 78);

INSERT INTO Recipe_Cook (recipe_id, cook_id) VALUES (35, 78);

INSERT INTO Cook (user_id, first_name, last_name, phone_number, date_of_birth, years_of_experience, chef_status, image_id) VALUES (79, 'Stephanie','Lopez', 4148793270, '1991-03-04', 3, 'chef', 407);

INSERT INTO Cook_National_Cuisine (cook_id, national_cuisine_id) VALUES (79, 9);

INSERT INTO Cook_National_Cuisine (cook_id, national_cuisine_id) VALUES (79, 11);

INSERT INTO Cook_National_Cuisine (cook_id, national_cuisine_id) VALUES (79, 19);

INSERT INTO Cook_National_Cuisine (cook_id, national_cuisine_id) VALUES (79, 1);

INSERT INTO Cook_National_Cuisine (cook_id, national_cuisine_id) VALUES (79, 7);

INSERT INTO Cook_National_Cuisine (cook_id, national_cuisine_id) VALUES (79, 20);

INSERT INTO Cook_National_Cuisine (cook_id, national_cuisine_id) VALUES (79, 10);

INSERT INTO Cook_National_Cuisine (cook_id, national_cuisine_id) VALUES (79, 17);

INSERT INTO Cook_National_Cuisine (cook_id, national_cuisine_id) VALUES (79, 2);

INSERT INTO Recipe_Cook (recipe_id, cook_id) VALUES (41, 79);

INSERT INTO Recipe_Cook (recipe_id, cook_id) VALUES (42, 79);

INSERT INTO Recipe_Cook (recipe_id, cook_id) VALUES (43, 79);

INSERT INTO Recipe_Cook (recipe_id, cook_id) VALUES (44, 79);

INSERT INTO Recipe_Cook (recipe_id, cook_id) VALUES (45, 79);

INSERT INTO Recipe_Cook (recipe_id, cook_id) VALUES (51, 79);

INSERT INTO Recipe_Cook (recipe_id, cook_id) VALUES (52, 79);

INSERT INTO Recipe_Cook (recipe_id, cook_id) VALUES (53, 79);

INSERT INTO Recipe_Cook (recipe_id, cook_id) VALUES (54, 79);

INSERT INTO Recipe_Cook (recipe_id, cook_id) VALUES (55, 79);

INSERT INTO Recipe_Cook (recipe_id, cook_id) VALUES (91, 79);

INSERT INTO Recipe_Cook (recipe_id, cook_id) VALUES (92, 79);

INSERT INTO Recipe_Cook (recipe_id, cook_id) VALUES (93, 79);

INSERT INTO Recipe_Cook (recipe_id, cook_id) VALUES (94, 79);

INSERT INTO Recipe_Cook (recipe_id, cook_id) VALUES (95, 79);

INSERT INTO Recipe_Cook (recipe_id, cook_id) VALUES (1, 79);

INSERT INTO Recipe_Cook (recipe_id, cook_id) VALUES (2, 79);

INSERT INTO Recipe_Cook (recipe_id, cook_id) VALUES (3, 79);

INSERT INTO Recipe_Cook (recipe_id, cook_id) VALUES (4, 79);

INSERT INTO Recipe_Cook (recipe_id, cook_id) VALUES (5, 79);

INSERT INTO Recipe_Cook (recipe_id, cook_id) VALUES (31, 79);

INSERT INTO Recipe_Cook (recipe_id, cook_id) VALUES (32, 79);

INSERT INTO Recipe_Cook (recipe_id, cook_id) VALUES (33, 79);

INSERT INTO Recipe_Cook (recipe_id, cook_id) VALUES (34, 79);

INSERT INTO Recipe_Cook (recipe_id, cook_id) VALUES (35, 79);

INSERT INTO Recipe_Cook (recipe_id, cook_id) VALUES (96, 79);

INSERT INTO Recipe_Cook (recipe_id, cook_id) VALUES (97, 79);

INSERT INTO Recipe_Cook (recipe_id, cook_id) VALUES (98, 79);

INSERT INTO Recipe_Cook (recipe_id, cook_id) VALUES (99, 79);

INSERT INTO Recipe_Cook (recipe_id, cook_id) VALUES (100, 79);

INSERT INTO Recipe_Cook (recipe_id, cook_id) VALUES (46, 79);

INSERT INTO Recipe_Cook (recipe_id, cook_id) VALUES (47, 79);

INSERT INTO Recipe_Cook (recipe_id, cook_id) VALUES (48, 79);

INSERT INTO Recipe_Cook (recipe_id, cook_id) VALUES (49, 79);

INSERT INTO Recipe_Cook (recipe_id, cook_id) VALUES (50, 79);

INSERT INTO Recipe_Cook (recipe_id, cook_id) VALUES (81, 79);

INSERT INTO Recipe_Cook (recipe_id, cook_id) VALUES (82, 79);

INSERT INTO Recipe_Cook (recipe_id, cook_id) VALUES (83, 79);

INSERT INTO Recipe_Cook (recipe_id, cook_id) VALUES (84, 79);

INSERT INTO Recipe_Cook (recipe_id, cook_id) VALUES (85, 79);

INSERT INTO Recipe_Cook (recipe_id, cook_id) VALUES (6, 79);

INSERT INTO Recipe_Cook (recipe_id, cook_id) VALUES (7, 79);

INSERT INTO Recipe_Cook (recipe_id, cook_id) VALUES (8, 79);

INSERT INTO Recipe_Cook (recipe_id, cook_id) VALUES (9, 79);

INSERT INTO Recipe_Cook (recipe_id, cook_id) VALUES (10, 79);

INSERT INTO Cook (user_id, first_name, last_name, phone_number, date_of_birth, years_of_experience, chef_status, image_id) VALUES (80, 'Amanda','Thomas', 7352174705, '1970-04-30', 13, 'A', 408);

INSERT INTO Cook_National_Cuisine (cook_id, national_cuisine_id) VALUES (80, 19);

INSERT INTO Cook_National_Cuisine (cook_id, national_cuisine_id) VALUES (80, 9);

INSERT INTO Cook_National_Cuisine (cook_id, national_cuisine_id) VALUES (80, 18);

INSERT INTO Cook_National_Cuisine (cook_id, national_cuisine_id) VALUES (80, 6);

INSERT INTO Cook_National_Cuisine (cook_id, national_cuisine_id) VALUES (80, 4);

INSERT INTO Recipe_Cook (recipe_id, cook_id) VALUES (91, 80);

INSERT INTO Recipe_Cook (recipe_id, cook_id) VALUES (92, 80);

INSERT INTO Recipe_Cook (recipe_id, cook_id) VALUES (93, 80);

INSERT INTO Recipe_Cook (recipe_id, cook_id) VALUES (94, 80);

INSERT INTO Recipe_Cook (recipe_id, cook_id) VALUES (95, 80);

INSERT INTO Recipe_Cook (recipe_id, cook_id) VALUES (41, 80);

INSERT INTO Recipe_Cook (recipe_id, cook_id) VALUES (42, 80);

INSERT INTO Recipe_Cook (recipe_id, cook_id) VALUES (43, 80);

INSERT INTO Recipe_Cook (recipe_id, cook_id) VALUES (44, 80);

INSERT INTO Recipe_Cook (recipe_id, cook_id) VALUES (45, 80);

INSERT INTO Recipe_Cook (recipe_id, cook_id) VALUES (86, 80);

INSERT INTO Recipe_Cook (recipe_id, cook_id) VALUES (87, 80);

INSERT INTO Recipe_Cook (recipe_id, cook_id) VALUES (88, 80);

INSERT INTO Recipe_Cook (recipe_id, cook_id) VALUES (89, 80);

INSERT INTO Recipe_Cook (recipe_id, cook_id) VALUES (90, 80);

INSERT INTO Recipe_Cook (recipe_id, cook_id) VALUES (26, 80);

INSERT INTO Recipe_Cook (recipe_id, cook_id) VALUES (27, 80);

INSERT INTO Recipe_Cook (recipe_id, cook_id) VALUES (28, 80);

INSERT INTO Recipe_Cook (recipe_id, cook_id) VALUES (29, 80);

INSERT INTO Recipe_Cook (recipe_id, cook_id) VALUES (30, 80);

INSERT INTO Recipe_Cook (recipe_id, cook_id) VALUES (16, 80);

INSERT INTO Recipe_Cook (recipe_id, cook_id) VALUES (17, 80);

INSERT INTO Recipe_Cook (recipe_id, cook_id) VALUES (18, 80);

INSERT INTO Recipe_Cook (recipe_id, cook_id) VALUES (19, 80);

INSERT INTO Recipe_Cook (recipe_id, cook_id) VALUES (20, 80);

INSERT INTO Cook (user_id, first_name, last_name, phone_number, date_of_birth, years_of_experience, chef_status, image_id) VALUES (81, 'Ashley','Thomas', 5588943172, '1969-07-13', 15, 'C', 409);

INSERT INTO Cook_National_Cuisine (cook_id, national_cuisine_id) VALUES (81, 17);

INSERT INTO Cook_National_Cuisine (cook_id, national_cuisine_id) VALUES (81, 14);

INSERT INTO Cook_National_Cuisine (cook_id, national_cuisine_id) VALUES (81, 15);

INSERT INTO Cook_National_Cuisine (cook_id, national_cuisine_id) VALUES (81, 4);

INSERT INTO Cook_National_Cuisine (cook_id, national_cuisine_id) VALUES (81, 16);

INSERT INTO Cook_National_Cuisine (cook_id, national_cuisine_id) VALUES (81, 3);

INSERT INTO Cook_National_Cuisine (cook_id, national_cuisine_id) VALUES (81, 18);

INSERT INTO Cook_National_Cuisine (cook_id, national_cuisine_id) VALUES (81, 1);

INSERT INTO Recipe_Cook (recipe_id, cook_id) VALUES (81, 81);

INSERT INTO Recipe_Cook (recipe_id, cook_id) VALUES (82, 81);

INSERT INTO Recipe_Cook (recipe_id, cook_id) VALUES (83, 81);

INSERT INTO Recipe_Cook (recipe_id, cook_id) VALUES (84, 81);

INSERT INTO Recipe_Cook (recipe_id, cook_id) VALUES (85, 81);

INSERT INTO Recipe_Cook (recipe_id, cook_id) VALUES (66, 81);

INSERT INTO Recipe_Cook (recipe_id, cook_id) VALUES (67, 81);

INSERT INTO Recipe_Cook (recipe_id, cook_id) VALUES (68, 81);

INSERT INTO Recipe_Cook (recipe_id, cook_id) VALUES (69, 81);

INSERT INTO Recipe_Cook (recipe_id, cook_id) VALUES (70, 81);

INSERT INTO Recipe_Cook (recipe_id, cook_id) VALUES (71, 81);

INSERT INTO Recipe_Cook (recipe_id, cook_id) VALUES (72, 81);

INSERT INTO Recipe_Cook (recipe_id, cook_id) VALUES (73, 81);

INSERT INTO Recipe_Cook (recipe_id, cook_id) VALUES (74, 81);

INSERT INTO Recipe_Cook (recipe_id, cook_id) VALUES (75, 81);

INSERT INTO Recipe_Cook (recipe_id, cook_id) VALUES (16, 81);

INSERT INTO Recipe_Cook (recipe_id, cook_id) VALUES (17, 81);

INSERT INTO Recipe_Cook (recipe_id, cook_id) VALUES (18, 81);

INSERT INTO Recipe_Cook (recipe_id, cook_id) VALUES (19, 81);

INSERT INTO Recipe_Cook (recipe_id, cook_id) VALUES (20, 81);

INSERT INTO Recipe_Cook (recipe_id, cook_id) VALUES (76, 81);

INSERT INTO Recipe_Cook (recipe_id, cook_id) VALUES (77, 81);

INSERT INTO Recipe_Cook (recipe_id, cook_id) VALUES (78, 81);

INSERT INTO Recipe_Cook (recipe_id, cook_id) VALUES (79, 81);

INSERT INTO Recipe_Cook (recipe_id, cook_id) VALUES (80, 81);

INSERT INTO Recipe_Cook (recipe_id, cook_id) VALUES (11, 81);

INSERT INTO Recipe_Cook (recipe_id, cook_id) VALUES (12, 81);

INSERT INTO Recipe_Cook (recipe_id, cook_id) VALUES (13, 81);

INSERT INTO Recipe_Cook (recipe_id, cook_id) VALUES (14, 81);

INSERT INTO Recipe_Cook (recipe_id, cook_id) VALUES (15, 81);

INSERT INTO Recipe_Cook (recipe_id, cook_id) VALUES (86, 81);

INSERT INTO Recipe_Cook (recipe_id, cook_id) VALUES (87, 81);

INSERT INTO Recipe_Cook (recipe_id, cook_id) VALUES (88, 81);

INSERT INTO Recipe_Cook (recipe_id, cook_id) VALUES (89, 81);

INSERT INTO Recipe_Cook (recipe_id, cook_id) VALUES (90, 81);

INSERT INTO Recipe_Cook (recipe_id, cook_id) VALUES (1, 81);

INSERT INTO Recipe_Cook (recipe_id, cook_id) VALUES (2, 81);

INSERT INTO Recipe_Cook (recipe_id, cook_id) VALUES (3, 81);

INSERT INTO Recipe_Cook (recipe_id, cook_id) VALUES (4, 81);

INSERT INTO Recipe_Cook (recipe_id, cook_id) VALUES (5, 81);

INSERT INTO Cook (user_id, first_name, last_name, phone_number, date_of_birth, years_of_experience, chef_status, image_id) VALUES (82, 'Robert','Garcia', 7820197284, '1993-07-13', 8, 'C', 410);

INSERT INTO Cook_National_Cuisine (cook_id, national_cuisine_id) VALUES (82, 1);

INSERT INTO Cook_National_Cuisine (cook_id, national_cuisine_id) VALUES (82, 8);

INSERT INTO Cook_National_Cuisine (cook_id, national_cuisine_id) VALUES (82, 19);

INSERT INTO Cook_National_Cuisine (cook_id, national_cuisine_id) VALUES (82, 16);

INSERT INTO Cook_National_Cuisine (cook_id, national_cuisine_id) VALUES (82, 4);

INSERT INTO Cook_National_Cuisine (cook_id, national_cuisine_id) VALUES (82, 13);

INSERT INTO Cook_National_Cuisine (cook_id, national_cuisine_id) VALUES (82, 15);

INSERT INTO Cook_National_Cuisine (cook_id, national_cuisine_id) VALUES (82, 20);

INSERT INTO Cook_National_Cuisine (cook_id, national_cuisine_id) VALUES (82, 14);

INSERT INTO Recipe_Cook (recipe_id, cook_id) VALUES (1, 82);

INSERT INTO Recipe_Cook (recipe_id, cook_id) VALUES (2, 82);

INSERT INTO Recipe_Cook (recipe_id, cook_id) VALUES (3, 82);

INSERT INTO Recipe_Cook (recipe_id, cook_id) VALUES (4, 82);

INSERT INTO Recipe_Cook (recipe_id, cook_id) VALUES (5, 82);

INSERT INTO Recipe_Cook (recipe_id, cook_id) VALUES (36, 82);

INSERT INTO Recipe_Cook (recipe_id, cook_id) VALUES (37, 82);

INSERT INTO Recipe_Cook (recipe_id, cook_id) VALUES (38, 82);

INSERT INTO Recipe_Cook (recipe_id, cook_id) VALUES (39, 82);

INSERT INTO Recipe_Cook (recipe_id, cook_id) VALUES (40, 82);

INSERT INTO Recipe_Cook (recipe_id, cook_id) VALUES (91, 82);

INSERT INTO Recipe_Cook (recipe_id, cook_id) VALUES (92, 82);

INSERT INTO Recipe_Cook (recipe_id, cook_id) VALUES (93, 82);

INSERT INTO Recipe_Cook (recipe_id, cook_id) VALUES (94, 82);

INSERT INTO Recipe_Cook (recipe_id, cook_id) VALUES (95, 82);

INSERT INTO Recipe_Cook (recipe_id, cook_id) VALUES (76, 82);

INSERT INTO Recipe_Cook (recipe_id, cook_id) VALUES (77, 82);

INSERT INTO Recipe_Cook (recipe_id, cook_id) VALUES (78, 82);

INSERT INTO Recipe_Cook (recipe_id, cook_id) VALUES (79, 82);

INSERT INTO Recipe_Cook (recipe_id, cook_id) VALUES (80, 82);

INSERT INTO Recipe_Cook (recipe_id, cook_id) VALUES (16, 82);

INSERT INTO Recipe_Cook (recipe_id, cook_id) VALUES (17, 82);

INSERT INTO Recipe_Cook (recipe_id, cook_id) VALUES (18, 82);

INSERT INTO Recipe_Cook (recipe_id, cook_id) VALUES (19, 82);

INSERT INTO Recipe_Cook (recipe_id, cook_id) VALUES (20, 82);

INSERT INTO Recipe_Cook (recipe_id, cook_id) VALUES (61, 82);

INSERT INTO Recipe_Cook (recipe_id, cook_id) VALUES (62, 82);

INSERT INTO Recipe_Cook (recipe_id, cook_id) VALUES (63, 82);

INSERT INTO Recipe_Cook (recipe_id, cook_id) VALUES (64, 82);

INSERT INTO Recipe_Cook (recipe_id, cook_id) VALUES (65, 82);

INSERT INTO Recipe_Cook (recipe_id, cook_id) VALUES (71, 82);

INSERT INTO Recipe_Cook (recipe_id, cook_id) VALUES (72, 82);

INSERT INTO Recipe_Cook (recipe_id, cook_id) VALUES (73, 82);

INSERT INTO Recipe_Cook (recipe_id, cook_id) VALUES (74, 82);

INSERT INTO Recipe_Cook (recipe_id, cook_id) VALUES (75, 82);

INSERT INTO Recipe_Cook (recipe_id, cook_id) VALUES (96, 82);

INSERT INTO Recipe_Cook (recipe_id, cook_id) VALUES (97, 82);

INSERT INTO Recipe_Cook (recipe_id, cook_id) VALUES (98, 82);

INSERT INTO Recipe_Cook (recipe_id, cook_id) VALUES (99, 82);

INSERT INTO Recipe_Cook (recipe_id, cook_id) VALUES (100, 82);

INSERT INTO Recipe_Cook (recipe_id, cook_id) VALUES (66, 82);

INSERT INTO Recipe_Cook (recipe_id, cook_id) VALUES (67, 82);

INSERT INTO Recipe_Cook (recipe_id, cook_id) VALUES (68, 82);

INSERT INTO Recipe_Cook (recipe_id, cook_id) VALUES (69, 82);

INSERT INTO Recipe_Cook (recipe_id, cook_id) VALUES (70, 82);

INSERT INTO Cook (user_id, first_name, last_name, phone_number, date_of_birth, years_of_experience, chef_status, image_id) VALUES (83, 'Lauren','Johnson', 2195961000, '1968-07-04', 21, 'B', 411);

INSERT INTO Cook_National_Cuisine (cook_id, national_cuisine_id) VALUES (83, 6);

INSERT INTO Cook_National_Cuisine (cook_id, national_cuisine_id) VALUES (83, 19);

INSERT INTO Cook_National_Cuisine (cook_id, national_cuisine_id) VALUES (83, 11);

INSERT INTO Cook_National_Cuisine (cook_id, national_cuisine_id) VALUES (83, 3);

INSERT INTO Cook_National_Cuisine (cook_id, national_cuisine_id) VALUES (83, 1);

INSERT INTO Cook_National_Cuisine (cook_id, national_cuisine_id) VALUES (83, 20);

INSERT INTO Cook_National_Cuisine (cook_id, national_cuisine_id) VALUES (83, 12);

INSERT INTO Recipe_Cook (recipe_id, cook_id) VALUES (26, 83);

INSERT INTO Recipe_Cook (recipe_id, cook_id) VALUES (27, 83);

INSERT INTO Recipe_Cook (recipe_id, cook_id) VALUES (28, 83);

INSERT INTO Recipe_Cook (recipe_id, cook_id) VALUES (29, 83);

INSERT INTO Recipe_Cook (recipe_id, cook_id) VALUES (30, 83);

INSERT INTO Recipe_Cook (recipe_id, cook_id) VALUES (91, 83);

INSERT INTO Recipe_Cook (recipe_id, cook_id) VALUES (92, 83);

INSERT INTO Recipe_Cook (recipe_id, cook_id) VALUES (93, 83);

INSERT INTO Recipe_Cook (recipe_id, cook_id) VALUES (94, 83);

INSERT INTO Recipe_Cook (recipe_id, cook_id) VALUES (95, 83);

INSERT INTO Recipe_Cook (recipe_id, cook_id) VALUES (51, 83);

INSERT INTO Recipe_Cook (recipe_id, cook_id) VALUES (52, 83);

INSERT INTO Recipe_Cook (recipe_id, cook_id) VALUES (53, 83);

INSERT INTO Recipe_Cook (recipe_id, cook_id) VALUES (54, 83);

INSERT INTO Recipe_Cook (recipe_id, cook_id) VALUES (55, 83);

INSERT INTO Recipe_Cook (recipe_id, cook_id) VALUES (11, 83);

INSERT INTO Recipe_Cook (recipe_id, cook_id) VALUES (12, 83);

INSERT INTO Recipe_Cook (recipe_id, cook_id) VALUES (13, 83);

INSERT INTO Recipe_Cook (recipe_id, cook_id) VALUES (14, 83);

INSERT INTO Recipe_Cook (recipe_id, cook_id) VALUES (15, 83);

INSERT INTO Recipe_Cook (recipe_id, cook_id) VALUES (1, 83);

INSERT INTO Recipe_Cook (recipe_id, cook_id) VALUES (2, 83);

INSERT INTO Recipe_Cook (recipe_id, cook_id) VALUES (3, 83);

INSERT INTO Recipe_Cook (recipe_id, cook_id) VALUES (4, 83);

INSERT INTO Recipe_Cook (recipe_id, cook_id) VALUES (5, 83);

INSERT INTO Recipe_Cook (recipe_id, cook_id) VALUES (96, 83);

INSERT INTO Recipe_Cook (recipe_id, cook_id) VALUES (97, 83);

INSERT INTO Recipe_Cook (recipe_id, cook_id) VALUES (98, 83);

INSERT INTO Recipe_Cook (recipe_id, cook_id) VALUES (99, 83);

INSERT INTO Recipe_Cook (recipe_id, cook_id) VALUES (100, 83);

INSERT INTO Recipe_Cook (recipe_id, cook_id) VALUES (56, 83);

INSERT INTO Recipe_Cook (recipe_id, cook_id) VALUES (57, 83);

INSERT INTO Recipe_Cook (recipe_id, cook_id) VALUES (58, 83);

INSERT INTO Recipe_Cook (recipe_id, cook_id) VALUES (59, 83);

INSERT INTO Recipe_Cook (recipe_id, cook_id) VALUES (60, 83);

INSERT INTO Cook (user_id, first_name, last_name, phone_number, date_of_birth, years_of_experience, chef_status, image_id) VALUES (84, 'Melissa','Jackson', 4875030914, '1962-09-26', 29, 'chef', 412);

INSERT INTO Cook_National_Cuisine (cook_id, national_cuisine_id) VALUES (84, 13);

INSERT INTO Cook_National_Cuisine (cook_id, national_cuisine_id) VALUES (84, 2);

INSERT INTO Cook_National_Cuisine (cook_id, national_cuisine_id) VALUES (84, 15);

INSERT INTO Cook_National_Cuisine (cook_id, national_cuisine_id) VALUES (84, 5);

INSERT INTO Cook_National_Cuisine (cook_id, national_cuisine_id) VALUES (84, 3);

INSERT INTO Recipe_Cook (recipe_id, cook_id) VALUES (61, 84);

INSERT INTO Recipe_Cook (recipe_id, cook_id) VALUES (62, 84);

INSERT INTO Recipe_Cook (recipe_id, cook_id) VALUES (63, 84);

INSERT INTO Recipe_Cook (recipe_id, cook_id) VALUES (64, 84);

INSERT INTO Recipe_Cook (recipe_id, cook_id) VALUES (65, 84);

INSERT INTO Recipe_Cook (recipe_id, cook_id) VALUES (6, 84);

INSERT INTO Recipe_Cook (recipe_id, cook_id) VALUES (7, 84);

INSERT INTO Recipe_Cook (recipe_id, cook_id) VALUES (8, 84);

INSERT INTO Recipe_Cook (recipe_id, cook_id) VALUES (9, 84);

INSERT INTO Recipe_Cook (recipe_id, cook_id) VALUES (10, 84);

INSERT INTO Recipe_Cook (recipe_id, cook_id) VALUES (71, 84);

INSERT INTO Recipe_Cook (recipe_id, cook_id) VALUES (72, 84);

INSERT INTO Recipe_Cook (recipe_id, cook_id) VALUES (73, 84);

INSERT INTO Recipe_Cook (recipe_id, cook_id) VALUES (74, 84);

INSERT INTO Recipe_Cook (recipe_id, cook_id) VALUES (75, 84);

INSERT INTO Recipe_Cook (recipe_id, cook_id) VALUES (21, 84);

INSERT INTO Recipe_Cook (recipe_id, cook_id) VALUES (22, 84);

INSERT INTO Recipe_Cook (recipe_id, cook_id) VALUES (23, 84);

INSERT INTO Recipe_Cook (recipe_id, cook_id) VALUES (24, 84);

INSERT INTO Recipe_Cook (recipe_id, cook_id) VALUES (25, 84);

INSERT INTO Recipe_Cook (recipe_id, cook_id) VALUES (11, 84);

INSERT INTO Recipe_Cook (recipe_id, cook_id) VALUES (12, 84);

INSERT INTO Recipe_Cook (recipe_id, cook_id) VALUES (13, 84);

INSERT INTO Recipe_Cook (recipe_id, cook_id) VALUES (14, 84);

INSERT INTO Recipe_Cook (recipe_id, cook_id) VALUES (15, 84);

INSERT INTO Cook (user_id, first_name, last_name, phone_number, date_of_birth, years_of_experience, chef_status, image_id) VALUES (85, 'Michael','Pierce', 7058136104, '1984-12-29', 3, 'chef', 413);

INSERT INTO Cook_National_Cuisine (cook_id, national_cuisine_id) VALUES (85, 17);

INSERT INTO Cook_National_Cuisine (cook_id, national_cuisine_id) VALUES (85, 18);

INSERT INTO Cook_National_Cuisine (cook_id, national_cuisine_id) VALUES (85, 10);

INSERT INTO Cook_National_Cuisine (cook_id, national_cuisine_id) VALUES (85, 3);

INSERT INTO Cook_National_Cuisine (cook_id, national_cuisine_id) VALUES (85, 16);

INSERT INTO Cook_National_Cuisine (cook_id, national_cuisine_id) VALUES (85, 11);

INSERT INTO Recipe_Cook (recipe_id, cook_id) VALUES (81, 85);

INSERT INTO Recipe_Cook (recipe_id, cook_id) VALUES (82, 85);

INSERT INTO Recipe_Cook (recipe_id, cook_id) VALUES (83, 85);

INSERT INTO Recipe_Cook (recipe_id, cook_id) VALUES (84, 85);

INSERT INTO Recipe_Cook (recipe_id, cook_id) VALUES (85, 85);

INSERT INTO Recipe_Cook (recipe_id, cook_id) VALUES (86, 85);

INSERT INTO Recipe_Cook (recipe_id, cook_id) VALUES (87, 85);

INSERT INTO Recipe_Cook (recipe_id, cook_id) VALUES (88, 85);

INSERT INTO Recipe_Cook (recipe_id, cook_id) VALUES (89, 85);

INSERT INTO Recipe_Cook (recipe_id, cook_id) VALUES (90, 85);

INSERT INTO Recipe_Cook (recipe_id, cook_id) VALUES (46, 85);

INSERT INTO Recipe_Cook (recipe_id, cook_id) VALUES (47, 85);

INSERT INTO Recipe_Cook (recipe_id, cook_id) VALUES (48, 85);

INSERT INTO Recipe_Cook (recipe_id, cook_id) VALUES (49, 85);

INSERT INTO Recipe_Cook (recipe_id, cook_id) VALUES (50, 85);

INSERT INTO Recipe_Cook (recipe_id, cook_id) VALUES (11, 85);

INSERT INTO Recipe_Cook (recipe_id, cook_id) VALUES (12, 85);

INSERT INTO Recipe_Cook (recipe_id, cook_id) VALUES (13, 85);

INSERT INTO Recipe_Cook (recipe_id, cook_id) VALUES (14, 85);

INSERT INTO Recipe_Cook (recipe_id, cook_id) VALUES (15, 85);

INSERT INTO Recipe_Cook (recipe_id, cook_id) VALUES (76, 85);

INSERT INTO Recipe_Cook (recipe_id, cook_id) VALUES (77, 85);

INSERT INTO Recipe_Cook (recipe_id, cook_id) VALUES (78, 85);

INSERT INTO Recipe_Cook (recipe_id, cook_id) VALUES (79, 85);

INSERT INTO Recipe_Cook (recipe_id, cook_id) VALUES (80, 85);

INSERT INTO Recipe_Cook (recipe_id, cook_id) VALUES (51, 85);

INSERT INTO Recipe_Cook (recipe_id, cook_id) VALUES (52, 85);

INSERT INTO Recipe_Cook (recipe_id, cook_id) VALUES (53, 85);

INSERT INTO Recipe_Cook (recipe_id, cook_id) VALUES (54, 85);

INSERT INTO Recipe_Cook (recipe_id, cook_id) VALUES (55, 85);

INSERT INTO Cook (user_id, first_name, last_name, phone_number, date_of_birth, years_of_experience, chef_status, image_id) VALUES (86, 'Holly','Johnson', 9625490205, '1967-10-11', 15, 'chef', 414);

INSERT INTO Cook_National_Cuisine (cook_id, national_cuisine_id) VALUES (86, 17);

INSERT INTO Cook_National_Cuisine (cook_id, national_cuisine_id) VALUES (86, 1);

INSERT INTO Cook_National_Cuisine (cook_id, national_cuisine_id) VALUES (86, 4);

INSERT INTO Cook_National_Cuisine (cook_id, national_cuisine_id) VALUES (86, 14);

INSERT INTO Cook_National_Cuisine (cook_id, national_cuisine_id) VALUES (86, 16);

INSERT INTO Cook_National_Cuisine (cook_id, national_cuisine_id) VALUES (86, 11);

INSERT INTO Cook_National_Cuisine (cook_id, national_cuisine_id) VALUES (86, 6);

INSERT INTO Cook_National_Cuisine (cook_id, national_cuisine_id) VALUES (86, 10);

INSERT INTO Recipe_Cook (recipe_id, cook_id) VALUES (81, 86);

INSERT INTO Recipe_Cook (recipe_id, cook_id) VALUES (82, 86);

INSERT INTO Recipe_Cook (recipe_id, cook_id) VALUES (83, 86);

INSERT INTO Recipe_Cook (recipe_id, cook_id) VALUES (84, 86);

INSERT INTO Recipe_Cook (recipe_id, cook_id) VALUES (85, 86);

INSERT INTO Recipe_Cook (recipe_id, cook_id) VALUES (1, 86);

INSERT INTO Recipe_Cook (recipe_id, cook_id) VALUES (2, 86);

INSERT INTO Recipe_Cook (recipe_id, cook_id) VALUES (3, 86);

INSERT INTO Recipe_Cook (recipe_id, cook_id) VALUES (4, 86);

INSERT INTO Recipe_Cook (recipe_id, cook_id) VALUES (5, 86);

INSERT INTO Recipe_Cook (recipe_id, cook_id) VALUES (16, 86);

INSERT INTO Recipe_Cook (recipe_id, cook_id) VALUES (17, 86);

INSERT INTO Recipe_Cook (recipe_id, cook_id) VALUES (18, 86);

INSERT INTO Recipe_Cook (recipe_id, cook_id) VALUES (19, 86);

INSERT INTO Recipe_Cook (recipe_id, cook_id) VALUES (20, 86);

INSERT INTO Recipe_Cook (recipe_id, cook_id) VALUES (66, 86);

INSERT INTO Recipe_Cook (recipe_id, cook_id) VALUES (67, 86);

INSERT INTO Recipe_Cook (recipe_id, cook_id) VALUES (68, 86);

INSERT INTO Recipe_Cook (recipe_id, cook_id) VALUES (69, 86);

INSERT INTO Recipe_Cook (recipe_id, cook_id) VALUES (70, 86);

INSERT INTO Recipe_Cook (recipe_id, cook_id) VALUES (76, 86);

INSERT INTO Recipe_Cook (recipe_id, cook_id) VALUES (77, 86);

INSERT INTO Recipe_Cook (recipe_id, cook_id) VALUES (78, 86);

INSERT INTO Recipe_Cook (recipe_id, cook_id) VALUES (79, 86);

INSERT INTO Recipe_Cook (recipe_id, cook_id) VALUES (80, 86);

INSERT INTO Recipe_Cook (recipe_id, cook_id) VALUES (51, 86);

INSERT INTO Recipe_Cook (recipe_id, cook_id) VALUES (52, 86);

INSERT INTO Recipe_Cook (recipe_id, cook_id) VALUES (53, 86);

INSERT INTO Recipe_Cook (recipe_id, cook_id) VALUES (54, 86);

INSERT INTO Recipe_Cook (recipe_id, cook_id) VALUES (55, 86);

INSERT INTO Recipe_Cook (recipe_id, cook_id) VALUES (26, 86);

INSERT INTO Recipe_Cook (recipe_id, cook_id) VALUES (27, 86);

INSERT INTO Recipe_Cook (recipe_id, cook_id) VALUES (28, 86);

INSERT INTO Recipe_Cook (recipe_id, cook_id) VALUES (29, 86);

INSERT INTO Recipe_Cook (recipe_id, cook_id) VALUES (30, 86);

INSERT INTO Recipe_Cook (recipe_id, cook_id) VALUES (46, 86);

INSERT INTO Recipe_Cook (recipe_id, cook_id) VALUES (47, 86);

INSERT INTO Recipe_Cook (recipe_id, cook_id) VALUES (48, 86);

INSERT INTO Recipe_Cook (recipe_id, cook_id) VALUES (49, 86);

INSERT INTO Recipe_Cook (recipe_id, cook_id) VALUES (50, 86);

INSERT INTO Cook (user_id, first_name, last_name, phone_number, date_of_birth, years_of_experience, chef_status, image_id) VALUES (87, 'Shane','Brown', 1585571162, '1983-02-28', 8, 'A', 415);

INSERT INTO Cook_National_Cuisine (cook_id, national_cuisine_id) VALUES (87, 20);

INSERT INTO Cook_National_Cuisine (cook_id, national_cuisine_id) VALUES (87, 4);

INSERT INTO Cook_National_Cuisine (cook_id, national_cuisine_id) VALUES (87, 19);

INSERT INTO Cook_National_Cuisine (cook_id, national_cuisine_id) VALUES (87, 5);

INSERT INTO Cook_National_Cuisine (cook_id, national_cuisine_id) VALUES (87, 14);

INSERT INTO Recipe_Cook (recipe_id, cook_id) VALUES (96, 87);

INSERT INTO Recipe_Cook (recipe_id, cook_id) VALUES (97, 87);

INSERT INTO Recipe_Cook (recipe_id, cook_id) VALUES (98, 87);

INSERT INTO Recipe_Cook (recipe_id, cook_id) VALUES (99, 87);

INSERT INTO Recipe_Cook (recipe_id, cook_id) VALUES (100, 87);

INSERT INTO Recipe_Cook (recipe_id, cook_id) VALUES (16, 87);

INSERT INTO Recipe_Cook (recipe_id, cook_id) VALUES (17, 87);

INSERT INTO Recipe_Cook (recipe_id, cook_id) VALUES (18, 87);

INSERT INTO Recipe_Cook (recipe_id, cook_id) VALUES (19, 87);

INSERT INTO Recipe_Cook (recipe_id, cook_id) VALUES (20, 87);

INSERT INTO Recipe_Cook (recipe_id, cook_id) VALUES (91, 87);

INSERT INTO Recipe_Cook (recipe_id, cook_id) VALUES (92, 87);

INSERT INTO Recipe_Cook (recipe_id, cook_id) VALUES (93, 87);

INSERT INTO Recipe_Cook (recipe_id, cook_id) VALUES (94, 87);

INSERT INTO Recipe_Cook (recipe_id, cook_id) VALUES (95, 87);

INSERT INTO Recipe_Cook (recipe_id, cook_id) VALUES (21, 87);

INSERT INTO Recipe_Cook (recipe_id, cook_id) VALUES (22, 87);

INSERT INTO Recipe_Cook (recipe_id, cook_id) VALUES (23, 87);

INSERT INTO Recipe_Cook (recipe_id, cook_id) VALUES (24, 87);

INSERT INTO Recipe_Cook (recipe_id, cook_id) VALUES (25, 87);

INSERT INTO Recipe_Cook (recipe_id, cook_id) VALUES (66, 87);

INSERT INTO Recipe_Cook (recipe_id, cook_id) VALUES (67, 87);

INSERT INTO Recipe_Cook (recipe_id, cook_id) VALUES (68, 87);

INSERT INTO Recipe_Cook (recipe_id, cook_id) VALUES (69, 87);

INSERT INTO Recipe_Cook (recipe_id, cook_id) VALUES (70, 87);

INSERT INTO Cook (user_id, first_name, last_name, phone_number, date_of_birth, years_of_experience, chef_status, image_id) VALUES (88, 'Frank','Dunn', 8409137573, '1985-12-25', 12, 'B', 416);

INSERT INTO Cook_National_Cuisine (cook_id, national_cuisine_id) VALUES (88, 7);

INSERT INTO Cook_National_Cuisine (cook_id, national_cuisine_id) VALUES (88, 1);

INSERT INTO Cook_National_Cuisine (cook_id, national_cuisine_id) VALUES (88, 12);

INSERT INTO Cook_National_Cuisine (cook_id, national_cuisine_id) VALUES (88, 4);

INSERT INTO Cook_National_Cuisine (cook_id, national_cuisine_id) VALUES (88, 15);

INSERT INTO Cook_National_Cuisine (cook_id, national_cuisine_id) VALUES (88, 13);

INSERT INTO Cook_National_Cuisine (cook_id, national_cuisine_id) VALUES (88, 16);

INSERT INTO Recipe_Cook (recipe_id, cook_id) VALUES (31, 88);

INSERT INTO Recipe_Cook (recipe_id, cook_id) VALUES (32, 88);

INSERT INTO Recipe_Cook (recipe_id, cook_id) VALUES (33, 88);

INSERT INTO Recipe_Cook (recipe_id, cook_id) VALUES (34, 88);

INSERT INTO Recipe_Cook (recipe_id, cook_id) VALUES (35, 88);

INSERT INTO Recipe_Cook (recipe_id, cook_id) VALUES (1, 88);

INSERT INTO Recipe_Cook (recipe_id, cook_id) VALUES (2, 88);

INSERT INTO Recipe_Cook (recipe_id, cook_id) VALUES (3, 88);

INSERT INTO Recipe_Cook (recipe_id, cook_id) VALUES (4, 88);

INSERT INTO Recipe_Cook (recipe_id, cook_id) VALUES (5, 88);

INSERT INTO Recipe_Cook (recipe_id, cook_id) VALUES (56, 88);

INSERT INTO Recipe_Cook (recipe_id, cook_id) VALUES (57, 88);

INSERT INTO Recipe_Cook (recipe_id, cook_id) VALUES (58, 88);

INSERT INTO Recipe_Cook (recipe_id, cook_id) VALUES (59, 88);

INSERT INTO Recipe_Cook (recipe_id, cook_id) VALUES (60, 88);

INSERT INTO Recipe_Cook (recipe_id, cook_id) VALUES (16, 88);

INSERT INTO Recipe_Cook (recipe_id, cook_id) VALUES (17, 88);

INSERT INTO Recipe_Cook (recipe_id, cook_id) VALUES (18, 88);

INSERT INTO Recipe_Cook (recipe_id, cook_id) VALUES (19, 88);

INSERT INTO Recipe_Cook (recipe_id, cook_id) VALUES (20, 88);

INSERT INTO Recipe_Cook (recipe_id, cook_id) VALUES (71, 88);

INSERT INTO Recipe_Cook (recipe_id, cook_id) VALUES (72, 88);

INSERT INTO Recipe_Cook (recipe_id, cook_id) VALUES (73, 88);

INSERT INTO Recipe_Cook (recipe_id, cook_id) VALUES (74, 88);

INSERT INTO Recipe_Cook (recipe_id, cook_id) VALUES (75, 88);

INSERT INTO Recipe_Cook (recipe_id, cook_id) VALUES (61, 88);

INSERT INTO Recipe_Cook (recipe_id, cook_id) VALUES (62, 88);

INSERT INTO Recipe_Cook (recipe_id, cook_id) VALUES (63, 88);

INSERT INTO Recipe_Cook (recipe_id, cook_id) VALUES (64, 88);

INSERT INTO Recipe_Cook (recipe_id, cook_id) VALUES (65, 88);

INSERT INTO Recipe_Cook (recipe_id, cook_id) VALUES (76, 88);

INSERT INTO Recipe_Cook (recipe_id, cook_id) VALUES (77, 88);

INSERT INTO Recipe_Cook (recipe_id, cook_id) VALUES (78, 88);

INSERT INTO Recipe_Cook (recipe_id, cook_id) VALUES (79, 88);

INSERT INTO Recipe_Cook (recipe_id, cook_id) VALUES (80, 88);

INSERT INTO Cook (user_id, first_name, last_name, phone_number, date_of_birth, years_of_experience, chef_status, image_id) VALUES (89, 'Amanda','Allen', 9040017794, '1984-07-30', 16, 'A', 417);

INSERT INTO Cook_National_Cuisine (cook_id, national_cuisine_id) VALUES (89, 16);

INSERT INTO Cook_National_Cuisine (cook_id, national_cuisine_id) VALUES (89, 20);

INSERT INTO Cook_National_Cuisine (cook_id, national_cuisine_id) VALUES (89, 2);

INSERT INTO Cook_National_Cuisine (cook_id, national_cuisine_id) VALUES (89, 13);

INSERT INTO Cook_National_Cuisine (cook_id, national_cuisine_id) VALUES (89, 8);

INSERT INTO Cook_National_Cuisine (cook_id, national_cuisine_id) VALUES (89, 17);

INSERT INTO Cook_National_Cuisine (cook_id, national_cuisine_id) VALUES (89, 4);

INSERT INTO Recipe_Cook (recipe_id, cook_id) VALUES (76, 89);

INSERT INTO Recipe_Cook (recipe_id, cook_id) VALUES (77, 89);

INSERT INTO Recipe_Cook (recipe_id, cook_id) VALUES (78, 89);

INSERT INTO Recipe_Cook (recipe_id, cook_id) VALUES (79, 89);

INSERT INTO Recipe_Cook (recipe_id, cook_id) VALUES (80, 89);

INSERT INTO Recipe_Cook (recipe_id, cook_id) VALUES (96, 89);

INSERT INTO Recipe_Cook (recipe_id, cook_id) VALUES (97, 89);

INSERT INTO Recipe_Cook (recipe_id, cook_id) VALUES (98, 89);

INSERT INTO Recipe_Cook (recipe_id, cook_id) VALUES (99, 89);

INSERT INTO Recipe_Cook (recipe_id, cook_id) VALUES (100, 89);

INSERT INTO Recipe_Cook (recipe_id, cook_id) VALUES (6, 89);

INSERT INTO Recipe_Cook (recipe_id, cook_id) VALUES (7, 89);

INSERT INTO Recipe_Cook (recipe_id, cook_id) VALUES (8, 89);

INSERT INTO Recipe_Cook (recipe_id, cook_id) VALUES (9, 89);

INSERT INTO Recipe_Cook (recipe_id, cook_id) VALUES (10, 89);

INSERT INTO Recipe_Cook (recipe_id, cook_id) VALUES (61, 89);

INSERT INTO Recipe_Cook (recipe_id, cook_id) VALUES (62, 89);

INSERT INTO Recipe_Cook (recipe_id, cook_id) VALUES (63, 89);

INSERT INTO Recipe_Cook (recipe_id, cook_id) VALUES (64, 89);

INSERT INTO Recipe_Cook (recipe_id, cook_id) VALUES (65, 89);

INSERT INTO Recipe_Cook (recipe_id, cook_id) VALUES (36, 89);

INSERT INTO Recipe_Cook (recipe_id, cook_id) VALUES (37, 89);

INSERT INTO Recipe_Cook (recipe_id, cook_id) VALUES (38, 89);

INSERT INTO Recipe_Cook (recipe_id, cook_id) VALUES (39, 89);

INSERT INTO Recipe_Cook (recipe_id, cook_id) VALUES (40, 89);

INSERT INTO Recipe_Cook (recipe_id, cook_id) VALUES (81, 89);

INSERT INTO Recipe_Cook (recipe_id, cook_id) VALUES (82, 89);

INSERT INTO Recipe_Cook (recipe_id, cook_id) VALUES (83, 89);

INSERT INTO Recipe_Cook (recipe_id, cook_id) VALUES (84, 89);

INSERT INTO Recipe_Cook (recipe_id, cook_id) VALUES (85, 89);

INSERT INTO Recipe_Cook (recipe_id, cook_id) VALUES (16, 89);

INSERT INTO Recipe_Cook (recipe_id, cook_id) VALUES (17, 89);

INSERT INTO Recipe_Cook (recipe_id, cook_id) VALUES (18, 89);

INSERT INTO Recipe_Cook (recipe_id, cook_id) VALUES (19, 89);

INSERT INTO Recipe_Cook (recipe_id, cook_id) VALUES (20, 89);

INSERT INTO Cook (user_id, first_name, last_name, phone_number, date_of_birth, years_of_experience, chef_status, image_id) VALUES (90, 'Benjamin','Hansen', 4114163702, '1999-03-09', 4, 'chef', 418);

INSERT INTO Cook_National_Cuisine (cook_id, national_cuisine_id) VALUES (90, 17);

INSERT INTO Cook_National_Cuisine (cook_id, national_cuisine_id) VALUES (90, 2);

INSERT INTO Cook_National_Cuisine (cook_id, national_cuisine_id) VALUES (90, 3);

INSERT INTO Cook_National_Cuisine (cook_id, national_cuisine_id) VALUES (90, 19);

INSERT INTO Cook_National_Cuisine (cook_id, national_cuisine_id) VALUES (90, 12);

INSERT INTO Cook_National_Cuisine (cook_id, national_cuisine_id) VALUES (90, 16);

INSERT INTO Cook_National_Cuisine (cook_id, national_cuisine_id) VALUES (90, 1);

INSERT INTO Recipe_Cook (recipe_id, cook_id) VALUES (81, 90);

INSERT INTO Recipe_Cook (recipe_id, cook_id) VALUES (82, 90);

INSERT INTO Recipe_Cook (recipe_id, cook_id) VALUES (83, 90);

INSERT INTO Recipe_Cook (recipe_id, cook_id) VALUES (84, 90);

INSERT INTO Recipe_Cook (recipe_id, cook_id) VALUES (85, 90);

INSERT INTO Recipe_Cook (recipe_id, cook_id) VALUES (6, 90);

INSERT INTO Recipe_Cook (recipe_id, cook_id) VALUES (7, 90);

INSERT INTO Recipe_Cook (recipe_id, cook_id) VALUES (8, 90);

INSERT INTO Recipe_Cook (recipe_id, cook_id) VALUES (9, 90);

INSERT INTO Recipe_Cook (recipe_id, cook_id) VALUES (10, 90);

INSERT INTO Recipe_Cook (recipe_id, cook_id) VALUES (11, 90);

INSERT INTO Recipe_Cook (recipe_id, cook_id) VALUES (12, 90);

INSERT INTO Recipe_Cook (recipe_id, cook_id) VALUES (13, 90);

INSERT INTO Recipe_Cook (recipe_id, cook_id) VALUES (14, 90);

INSERT INTO Recipe_Cook (recipe_id, cook_id) VALUES (15, 90);

INSERT INTO Recipe_Cook (recipe_id, cook_id) VALUES (91, 90);

INSERT INTO Recipe_Cook (recipe_id, cook_id) VALUES (92, 90);

INSERT INTO Recipe_Cook (recipe_id, cook_id) VALUES (93, 90);

INSERT INTO Recipe_Cook (recipe_id, cook_id) VALUES (94, 90);

INSERT INTO Recipe_Cook (recipe_id, cook_id) VALUES (95, 90);

INSERT INTO Recipe_Cook (recipe_id, cook_id) VALUES (56, 90);

INSERT INTO Recipe_Cook (recipe_id, cook_id) VALUES (57, 90);

INSERT INTO Recipe_Cook (recipe_id, cook_id) VALUES (58, 90);

INSERT INTO Recipe_Cook (recipe_id, cook_id) VALUES (59, 90);

INSERT INTO Recipe_Cook (recipe_id, cook_id) VALUES (60, 90);

INSERT INTO Recipe_Cook (recipe_id, cook_id) VALUES (76, 90);

INSERT INTO Recipe_Cook (recipe_id, cook_id) VALUES (77, 90);

INSERT INTO Recipe_Cook (recipe_id, cook_id) VALUES (78, 90);

INSERT INTO Recipe_Cook (recipe_id, cook_id) VALUES (79, 90);

INSERT INTO Recipe_Cook (recipe_id, cook_id) VALUES (80, 90);

INSERT INTO Recipe_Cook (recipe_id, cook_id) VALUES (1, 90);

INSERT INTO Recipe_Cook (recipe_id, cook_id) VALUES (2, 90);

INSERT INTO Recipe_Cook (recipe_id, cook_id) VALUES (3, 90);

INSERT INTO Recipe_Cook (recipe_id, cook_id) VALUES (4, 90);

INSERT INTO Recipe_Cook (recipe_id, cook_id) VALUES (5, 90);

INSERT INTO Cook (user_id, first_name, last_name, phone_number, date_of_birth, years_of_experience, chef_status, image_id) VALUES (91, 'Johnny','Parrish', 7034788352, '1981-05-22', 22, 'chef', 419);

INSERT INTO Cook_National_Cuisine (cook_id, national_cuisine_id) VALUES (91, 15);

INSERT INTO Cook_National_Cuisine (cook_id, national_cuisine_id) VALUES (91, 7);

INSERT INTO Cook_National_Cuisine (cook_id, national_cuisine_id) VALUES (91, 19);

INSERT INTO Cook_National_Cuisine (cook_id, national_cuisine_id) VALUES (91, 18);

INSERT INTO Cook_National_Cuisine (cook_id, national_cuisine_id) VALUES (91, 8);

INSERT INTO Cook_National_Cuisine (cook_id, national_cuisine_id) VALUES (91, 3);

INSERT INTO Cook_National_Cuisine (cook_id, national_cuisine_id) VALUES (91, 14);

INSERT INTO Recipe_Cook (recipe_id, cook_id) VALUES (71, 91);

INSERT INTO Recipe_Cook (recipe_id, cook_id) VALUES (72, 91);

INSERT INTO Recipe_Cook (recipe_id, cook_id) VALUES (73, 91);

INSERT INTO Recipe_Cook (recipe_id, cook_id) VALUES (74, 91);

INSERT INTO Recipe_Cook (recipe_id, cook_id) VALUES (75, 91);

INSERT INTO Recipe_Cook (recipe_id, cook_id) VALUES (31, 91);

INSERT INTO Recipe_Cook (recipe_id, cook_id) VALUES (32, 91);

INSERT INTO Recipe_Cook (recipe_id, cook_id) VALUES (33, 91);

INSERT INTO Recipe_Cook (recipe_id, cook_id) VALUES (34, 91);

INSERT INTO Recipe_Cook (recipe_id, cook_id) VALUES (35, 91);

INSERT INTO Recipe_Cook (recipe_id, cook_id) VALUES (91, 91);

INSERT INTO Recipe_Cook (recipe_id, cook_id) VALUES (92, 91);

INSERT INTO Recipe_Cook (recipe_id, cook_id) VALUES (93, 91);

INSERT INTO Recipe_Cook (recipe_id, cook_id) VALUES (94, 91);

INSERT INTO Recipe_Cook (recipe_id, cook_id) VALUES (95, 91);

INSERT INTO Recipe_Cook (recipe_id, cook_id) VALUES (86, 91);

INSERT INTO Recipe_Cook (recipe_id, cook_id) VALUES (87, 91);

INSERT INTO Recipe_Cook (recipe_id, cook_id) VALUES (88, 91);

INSERT INTO Recipe_Cook (recipe_id, cook_id) VALUES (89, 91);

INSERT INTO Recipe_Cook (recipe_id, cook_id) VALUES (90, 91);

INSERT INTO Recipe_Cook (recipe_id, cook_id) VALUES (36, 91);

INSERT INTO Recipe_Cook (recipe_id, cook_id) VALUES (37, 91);

INSERT INTO Recipe_Cook (recipe_id, cook_id) VALUES (38, 91);

INSERT INTO Recipe_Cook (recipe_id, cook_id) VALUES (39, 91);

INSERT INTO Recipe_Cook (recipe_id, cook_id) VALUES (40, 91);

INSERT INTO Recipe_Cook (recipe_id, cook_id) VALUES (11, 91);

INSERT INTO Recipe_Cook (recipe_id, cook_id) VALUES (12, 91);

INSERT INTO Recipe_Cook (recipe_id, cook_id) VALUES (13, 91);

INSERT INTO Recipe_Cook (recipe_id, cook_id) VALUES (14, 91);

INSERT INTO Recipe_Cook (recipe_id, cook_id) VALUES (15, 91);

INSERT INTO Recipe_Cook (recipe_id, cook_id) VALUES (66, 91);

INSERT INTO Recipe_Cook (recipe_id, cook_id) VALUES (67, 91);

INSERT INTO Recipe_Cook (recipe_id, cook_id) VALUES (68, 91);

INSERT INTO Recipe_Cook (recipe_id, cook_id) VALUES (69, 91);

INSERT INTO Recipe_Cook (recipe_id, cook_id) VALUES (70, 91);

INSERT INTO Cook (user_id, first_name, last_name, phone_number, date_of_birth, years_of_experience, chef_status, image_id) VALUES (92, 'Diana','Jones', 9816770699, '1993-07-05', 2, 'A', 420);

INSERT INTO Cook_National_Cuisine (cook_id, national_cuisine_id) VALUES (92, 17);

INSERT INTO Cook_National_Cuisine (cook_id, national_cuisine_id) VALUES (92, 11);

INSERT INTO Cook_National_Cuisine (cook_id, national_cuisine_id) VALUES (92, 7);

INSERT INTO Cook_National_Cuisine (cook_id, national_cuisine_id) VALUES (92, 6);

INSERT INTO Cook_National_Cuisine (cook_id, national_cuisine_id) VALUES (92, 13);

INSERT INTO Cook_National_Cuisine (cook_id, national_cuisine_id) VALUES (92, 3);

INSERT INTO Recipe_Cook (recipe_id, cook_id) VALUES (81, 92);

INSERT INTO Recipe_Cook (recipe_id, cook_id) VALUES (82, 92);

INSERT INTO Recipe_Cook (recipe_id, cook_id) VALUES (83, 92);

INSERT INTO Recipe_Cook (recipe_id, cook_id) VALUES (84, 92);

INSERT INTO Recipe_Cook (recipe_id, cook_id) VALUES (85, 92);

INSERT INTO Recipe_Cook (recipe_id, cook_id) VALUES (51, 92);

INSERT INTO Recipe_Cook (recipe_id, cook_id) VALUES (52, 92);

INSERT INTO Recipe_Cook (recipe_id, cook_id) VALUES (53, 92);

INSERT INTO Recipe_Cook (recipe_id, cook_id) VALUES (54, 92);

INSERT INTO Recipe_Cook (recipe_id, cook_id) VALUES (55, 92);

INSERT INTO Recipe_Cook (recipe_id, cook_id) VALUES (31, 92);

INSERT INTO Recipe_Cook (recipe_id, cook_id) VALUES (32, 92);

INSERT INTO Recipe_Cook (recipe_id, cook_id) VALUES (33, 92);

INSERT INTO Recipe_Cook (recipe_id, cook_id) VALUES (34, 92);

INSERT INTO Recipe_Cook (recipe_id, cook_id) VALUES (35, 92);

INSERT INTO Recipe_Cook (recipe_id, cook_id) VALUES (26, 92);

INSERT INTO Recipe_Cook (recipe_id, cook_id) VALUES (27, 92);

INSERT INTO Recipe_Cook (recipe_id, cook_id) VALUES (28, 92);

INSERT INTO Recipe_Cook (recipe_id, cook_id) VALUES (29, 92);

INSERT INTO Recipe_Cook (recipe_id, cook_id) VALUES (30, 92);

INSERT INTO Recipe_Cook (recipe_id, cook_id) VALUES (61, 92);

INSERT INTO Recipe_Cook (recipe_id, cook_id) VALUES (62, 92);

INSERT INTO Recipe_Cook (recipe_id, cook_id) VALUES (63, 92);

INSERT INTO Recipe_Cook (recipe_id, cook_id) VALUES (64, 92);

INSERT INTO Recipe_Cook (recipe_id, cook_id) VALUES (65, 92);

INSERT INTO Recipe_Cook (recipe_id, cook_id) VALUES (11, 92);

INSERT INTO Recipe_Cook (recipe_id, cook_id) VALUES (12, 92);

INSERT INTO Recipe_Cook (recipe_id, cook_id) VALUES (13, 92);

INSERT INTO Recipe_Cook (recipe_id, cook_id) VALUES (14, 92);

INSERT INTO Recipe_Cook (recipe_id, cook_id) VALUES (15, 92);

INSERT INTO Cook (user_id, first_name, last_name, phone_number, date_of_birth, years_of_experience, chef_status, image_id) VALUES (93, 'Gregory','Wolf', 7560645767, '1999-10-13', 1, 'C', 421);

INSERT INTO Cook_National_Cuisine (cook_id, national_cuisine_id) VALUES (93, 8);

INSERT INTO Cook_National_Cuisine (cook_id, national_cuisine_id) VALUES (93, 19);

INSERT INTO Cook_National_Cuisine (cook_id, national_cuisine_id) VALUES (93, 3);

INSERT INTO Cook_National_Cuisine (cook_id, national_cuisine_id) VALUES (93, 6);

INSERT INTO Cook_National_Cuisine (cook_id, national_cuisine_id) VALUES (93, 1);

INSERT INTO Cook_National_Cuisine (cook_id, national_cuisine_id) VALUES (93, 4);

INSERT INTO Cook_National_Cuisine (cook_id, national_cuisine_id) VALUES (93, 13);

INSERT INTO Cook_National_Cuisine (cook_id, national_cuisine_id) VALUES (93, 15);

INSERT INTO Cook_National_Cuisine (cook_id, national_cuisine_id) VALUES (93, 11);

INSERT INTO Recipe_Cook (recipe_id, cook_id) VALUES (36, 93);

INSERT INTO Recipe_Cook (recipe_id, cook_id) VALUES (37, 93);

INSERT INTO Recipe_Cook (recipe_id, cook_id) VALUES (38, 93);

INSERT INTO Recipe_Cook (recipe_id, cook_id) VALUES (39, 93);

INSERT INTO Recipe_Cook (recipe_id, cook_id) VALUES (40, 93);

INSERT INTO Recipe_Cook (recipe_id, cook_id) VALUES (91, 93);

INSERT INTO Recipe_Cook (recipe_id, cook_id) VALUES (92, 93);

INSERT INTO Recipe_Cook (recipe_id, cook_id) VALUES (93, 93);

INSERT INTO Recipe_Cook (recipe_id, cook_id) VALUES (94, 93);

INSERT INTO Recipe_Cook (recipe_id, cook_id) VALUES (95, 93);

INSERT INTO Recipe_Cook (recipe_id, cook_id) VALUES (11, 93);

INSERT INTO Recipe_Cook (recipe_id, cook_id) VALUES (12, 93);

INSERT INTO Recipe_Cook (recipe_id, cook_id) VALUES (13, 93);

INSERT INTO Recipe_Cook (recipe_id, cook_id) VALUES (14, 93);

INSERT INTO Recipe_Cook (recipe_id, cook_id) VALUES (15, 93);

INSERT INTO Recipe_Cook (recipe_id, cook_id) VALUES (26, 93);

INSERT INTO Recipe_Cook (recipe_id, cook_id) VALUES (27, 93);

INSERT INTO Recipe_Cook (recipe_id, cook_id) VALUES (28, 93);

INSERT INTO Recipe_Cook (recipe_id, cook_id) VALUES (29, 93);

INSERT INTO Recipe_Cook (recipe_id, cook_id) VALUES (30, 93);

INSERT INTO Recipe_Cook (recipe_id, cook_id) VALUES (1, 93);

INSERT INTO Recipe_Cook (recipe_id, cook_id) VALUES (2, 93);

INSERT INTO Recipe_Cook (recipe_id, cook_id) VALUES (3, 93);

INSERT INTO Recipe_Cook (recipe_id, cook_id) VALUES (4, 93);

INSERT INTO Recipe_Cook (recipe_id, cook_id) VALUES (5, 93);

INSERT INTO Recipe_Cook (recipe_id, cook_id) VALUES (16, 93);

INSERT INTO Recipe_Cook (recipe_id, cook_id) VALUES (17, 93);

INSERT INTO Recipe_Cook (recipe_id, cook_id) VALUES (18, 93);

INSERT INTO Recipe_Cook (recipe_id, cook_id) VALUES (19, 93);

INSERT INTO Recipe_Cook (recipe_id, cook_id) VALUES (20, 93);

INSERT INTO Recipe_Cook (recipe_id, cook_id) VALUES (61, 93);

INSERT INTO Recipe_Cook (recipe_id, cook_id) VALUES (62, 93);

INSERT INTO Recipe_Cook (recipe_id, cook_id) VALUES (63, 93);

INSERT INTO Recipe_Cook (recipe_id, cook_id) VALUES (64, 93);

INSERT INTO Recipe_Cook (recipe_id, cook_id) VALUES (65, 93);

INSERT INTO Recipe_Cook (recipe_id, cook_id) VALUES (71, 93);

INSERT INTO Recipe_Cook (recipe_id, cook_id) VALUES (72, 93);

INSERT INTO Recipe_Cook (recipe_id, cook_id) VALUES (73, 93);

INSERT INTO Recipe_Cook (recipe_id, cook_id) VALUES (74, 93);

INSERT INTO Recipe_Cook (recipe_id, cook_id) VALUES (75, 93);

INSERT INTO Recipe_Cook (recipe_id, cook_id) VALUES (51, 93);

INSERT INTO Recipe_Cook (recipe_id, cook_id) VALUES (52, 93);

INSERT INTO Recipe_Cook (recipe_id, cook_id) VALUES (53, 93);

INSERT INTO Recipe_Cook (recipe_id, cook_id) VALUES (54, 93);

INSERT INTO Recipe_Cook (recipe_id, cook_id) VALUES (55, 93);

INSERT INTO Cook (user_id, first_name, last_name, phone_number, date_of_birth, years_of_experience, chef_status, image_id) VALUES (94, 'Devin','Doyle', 1097587257, '1995-08-30', 5, 'C', 422);

INSERT INTO Cook_National_Cuisine (cook_id, national_cuisine_id) VALUES (94, 12);

INSERT INTO Cook_National_Cuisine (cook_id, national_cuisine_id) VALUES (94, 3);

INSERT INTO Cook_National_Cuisine (cook_id, national_cuisine_id) VALUES (94, 13);

INSERT INTO Cook_National_Cuisine (cook_id, national_cuisine_id) VALUES (94, 16);

INSERT INTO Cook_National_Cuisine (cook_id, national_cuisine_id) VALUES (94, 1);

INSERT INTO Cook_National_Cuisine (cook_id, national_cuisine_id) VALUES (94, 15);

INSERT INTO Cook_National_Cuisine (cook_id, national_cuisine_id) VALUES (94, 20);

INSERT INTO Recipe_Cook (recipe_id, cook_id) VALUES (56, 94);

INSERT INTO Recipe_Cook (recipe_id, cook_id) VALUES (57, 94);

INSERT INTO Recipe_Cook (recipe_id, cook_id) VALUES (58, 94);

INSERT INTO Recipe_Cook (recipe_id, cook_id) VALUES (59, 94);

INSERT INTO Recipe_Cook (recipe_id, cook_id) VALUES (60, 94);

INSERT INTO Recipe_Cook (recipe_id, cook_id) VALUES (11, 94);

INSERT INTO Recipe_Cook (recipe_id, cook_id) VALUES (12, 94);

INSERT INTO Recipe_Cook (recipe_id, cook_id) VALUES (13, 94);

INSERT INTO Recipe_Cook (recipe_id, cook_id) VALUES (14, 94);

INSERT INTO Recipe_Cook (recipe_id, cook_id) VALUES (15, 94);

INSERT INTO Recipe_Cook (recipe_id, cook_id) VALUES (61, 94);

INSERT INTO Recipe_Cook (recipe_id, cook_id) VALUES (62, 94);

INSERT INTO Recipe_Cook (recipe_id, cook_id) VALUES (63, 94);

INSERT INTO Recipe_Cook (recipe_id, cook_id) VALUES (64, 94);

INSERT INTO Recipe_Cook (recipe_id, cook_id) VALUES (65, 94);

INSERT INTO Recipe_Cook (recipe_id, cook_id) VALUES (76, 94);

INSERT INTO Recipe_Cook (recipe_id, cook_id) VALUES (77, 94);

INSERT INTO Recipe_Cook (recipe_id, cook_id) VALUES (78, 94);

INSERT INTO Recipe_Cook (recipe_id, cook_id) VALUES (79, 94);

INSERT INTO Recipe_Cook (recipe_id, cook_id) VALUES (80, 94);

INSERT INTO Recipe_Cook (recipe_id, cook_id) VALUES (1, 94);

INSERT INTO Recipe_Cook (recipe_id, cook_id) VALUES (2, 94);

INSERT INTO Recipe_Cook (recipe_id, cook_id) VALUES (3, 94);

INSERT INTO Recipe_Cook (recipe_id, cook_id) VALUES (4, 94);

INSERT INTO Recipe_Cook (recipe_id, cook_id) VALUES (5, 94);

INSERT INTO Recipe_Cook (recipe_id, cook_id) VALUES (71, 94);

INSERT INTO Recipe_Cook (recipe_id, cook_id) VALUES (72, 94);

INSERT INTO Recipe_Cook (recipe_id, cook_id) VALUES (73, 94);

INSERT INTO Recipe_Cook (recipe_id, cook_id) VALUES (74, 94);

INSERT INTO Recipe_Cook (recipe_id, cook_id) VALUES (75, 94);

INSERT INTO Recipe_Cook (recipe_id, cook_id) VALUES (96, 94);

INSERT INTO Recipe_Cook (recipe_id, cook_id) VALUES (97, 94);

INSERT INTO Recipe_Cook (recipe_id, cook_id) VALUES (98, 94);

INSERT INTO Recipe_Cook (recipe_id, cook_id) VALUES (99, 94);

INSERT INTO Recipe_Cook (recipe_id, cook_id) VALUES (100, 94);

INSERT INTO Cook (user_id, first_name, last_name, phone_number, date_of_birth, years_of_experience, chef_status, image_id) VALUES (95, 'Andrew','Russell', 3011443575, '1982-07-26', 23, 'A', 423);

INSERT INTO Cook_National_Cuisine (cook_id, national_cuisine_id) VALUES (95, 16);

INSERT INTO Cook_National_Cuisine (cook_id, national_cuisine_id) VALUES (95, 6);

INSERT INTO Cook_National_Cuisine (cook_id, national_cuisine_id) VALUES (95, 13);

INSERT INTO Cook_National_Cuisine (cook_id, national_cuisine_id) VALUES (95, 3);

INSERT INTO Cook_National_Cuisine (cook_id, national_cuisine_id) VALUES (95, 11);

INSERT INTO Cook_National_Cuisine (cook_id, national_cuisine_id) VALUES (95, 14);

INSERT INTO Cook_National_Cuisine (cook_id, national_cuisine_id) VALUES (95, 9);

INSERT INTO Recipe_Cook (recipe_id, cook_id) VALUES (76, 95);

INSERT INTO Recipe_Cook (recipe_id, cook_id) VALUES (77, 95);

INSERT INTO Recipe_Cook (recipe_id, cook_id) VALUES (78, 95);

INSERT INTO Recipe_Cook (recipe_id, cook_id) VALUES (79, 95);

INSERT INTO Recipe_Cook (recipe_id, cook_id) VALUES (80, 95);

INSERT INTO Recipe_Cook (recipe_id, cook_id) VALUES (26, 95);

INSERT INTO Recipe_Cook (recipe_id, cook_id) VALUES (27, 95);

INSERT INTO Recipe_Cook (recipe_id, cook_id) VALUES (28, 95);

INSERT INTO Recipe_Cook (recipe_id, cook_id) VALUES (29, 95);

INSERT INTO Recipe_Cook (recipe_id, cook_id) VALUES (30, 95);

INSERT INTO Recipe_Cook (recipe_id, cook_id) VALUES (61, 95);

INSERT INTO Recipe_Cook (recipe_id, cook_id) VALUES (62, 95);

INSERT INTO Recipe_Cook (recipe_id, cook_id) VALUES (63, 95);

INSERT INTO Recipe_Cook (recipe_id, cook_id) VALUES (64, 95);

INSERT INTO Recipe_Cook (recipe_id, cook_id) VALUES (65, 95);

INSERT INTO Recipe_Cook (recipe_id, cook_id) VALUES (11, 95);

INSERT INTO Recipe_Cook (recipe_id, cook_id) VALUES (12, 95);

INSERT INTO Recipe_Cook (recipe_id, cook_id) VALUES (13, 95);

INSERT INTO Recipe_Cook (recipe_id, cook_id) VALUES (14, 95);

INSERT INTO Recipe_Cook (recipe_id, cook_id) VALUES (15, 95);

INSERT INTO Recipe_Cook (recipe_id, cook_id) VALUES (51, 95);

INSERT INTO Recipe_Cook (recipe_id, cook_id) VALUES (52, 95);

INSERT INTO Recipe_Cook (recipe_id, cook_id) VALUES (53, 95);

INSERT INTO Recipe_Cook (recipe_id, cook_id) VALUES (54, 95);

INSERT INTO Recipe_Cook (recipe_id, cook_id) VALUES (55, 95);

INSERT INTO Recipe_Cook (recipe_id, cook_id) VALUES (66, 95);

INSERT INTO Recipe_Cook (recipe_id, cook_id) VALUES (67, 95);

INSERT INTO Recipe_Cook (recipe_id, cook_id) VALUES (68, 95);

INSERT INTO Recipe_Cook (recipe_id, cook_id) VALUES (69, 95);

INSERT INTO Recipe_Cook (recipe_id, cook_id) VALUES (70, 95);

INSERT INTO Recipe_Cook (recipe_id, cook_id) VALUES (41, 95);

INSERT INTO Recipe_Cook (recipe_id, cook_id) VALUES (42, 95);

INSERT INTO Recipe_Cook (recipe_id, cook_id) VALUES (43, 95);

INSERT INTO Recipe_Cook (recipe_id, cook_id) VALUES (44, 95);

INSERT INTO Recipe_Cook (recipe_id, cook_id) VALUES (45, 95);

INSERT INTO Cook (user_id, first_name, last_name, phone_number, date_of_birth, years_of_experience, chef_status, image_id) VALUES (96, 'Zachary','Chapman', 5425528657, '1966-11-05', 10, 'A', 424);

INSERT INTO Cook_National_Cuisine (cook_id, national_cuisine_id) VALUES (96, 17);

INSERT INTO Cook_National_Cuisine (cook_id, national_cuisine_id) VALUES (96, 20);

INSERT INTO Cook_National_Cuisine (cook_id, national_cuisine_id) VALUES (96, 19);

INSERT INTO Cook_National_Cuisine (cook_id, national_cuisine_id) VALUES (96, 18);

INSERT INTO Cook_National_Cuisine (cook_id, national_cuisine_id) VALUES (96, 10);

INSERT INTO Recipe_Cook (recipe_id, cook_id) VALUES (81, 96);

INSERT INTO Recipe_Cook (recipe_id, cook_id) VALUES (82, 96);

INSERT INTO Recipe_Cook (recipe_id, cook_id) VALUES (83, 96);

INSERT INTO Recipe_Cook (recipe_id, cook_id) VALUES (84, 96);

INSERT INTO Recipe_Cook (recipe_id, cook_id) VALUES (85, 96);

INSERT INTO Recipe_Cook (recipe_id, cook_id) VALUES (96, 96);

INSERT INTO Recipe_Cook (recipe_id, cook_id) VALUES (97, 96);

INSERT INTO Recipe_Cook (recipe_id, cook_id) VALUES (98, 96);

INSERT INTO Recipe_Cook (recipe_id, cook_id) VALUES (99, 96);

INSERT INTO Recipe_Cook (recipe_id, cook_id) VALUES (100, 96);

INSERT INTO Recipe_Cook (recipe_id, cook_id) VALUES (91, 96);

INSERT INTO Recipe_Cook (recipe_id, cook_id) VALUES (92, 96);

INSERT INTO Recipe_Cook (recipe_id, cook_id) VALUES (93, 96);

INSERT INTO Recipe_Cook (recipe_id, cook_id) VALUES (94, 96);

INSERT INTO Recipe_Cook (recipe_id, cook_id) VALUES (95, 96);

INSERT INTO Recipe_Cook (recipe_id, cook_id) VALUES (86, 96);

INSERT INTO Recipe_Cook (recipe_id, cook_id) VALUES (87, 96);

INSERT INTO Recipe_Cook (recipe_id, cook_id) VALUES (88, 96);

INSERT INTO Recipe_Cook (recipe_id, cook_id) VALUES (89, 96);

INSERT INTO Recipe_Cook (recipe_id, cook_id) VALUES (90, 96);

INSERT INTO Recipe_Cook (recipe_id, cook_id) VALUES (46, 96);

INSERT INTO Recipe_Cook (recipe_id, cook_id) VALUES (47, 96);

INSERT INTO Recipe_Cook (recipe_id, cook_id) VALUES (48, 96);

INSERT INTO Recipe_Cook (recipe_id, cook_id) VALUES (49, 96);

INSERT INTO Recipe_Cook (recipe_id, cook_id) VALUES (50, 96);

INSERT INTO Cook (user_id, first_name, last_name, phone_number, date_of_birth, years_of_experience, chef_status, image_id) VALUES (97, 'Tiffany','Anderson', 3061291995, '1997-09-11', 3, 'sous chef', 425);

INSERT INTO Cook_National_Cuisine (cook_id, national_cuisine_id) VALUES (97, 11);

INSERT INTO Cook_National_Cuisine (cook_id, national_cuisine_id) VALUES (97, 13);

INSERT INTO Cook_National_Cuisine (cook_id, national_cuisine_id) VALUES (97, 20);

INSERT INTO Cook_National_Cuisine (cook_id, national_cuisine_id) VALUES (97, 2);

INSERT INTO Cook_National_Cuisine (cook_id, national_cuisine_id) VALUES (97, 15);

INSERT INTO Cook_National_Cuisine (cook_id, national_cuisine_id) VALUES (97, 6);

INSERT INTO Recipe_Cook (recipe_id, cook_id) VALUES (51, 97);

INSERT INTO Recipe_Cook (recipe_id, cook_id) VALUES (52, 97);

INSERT INTO Recipe_Cook (recipe_id, cook_id) VALUES (53, 97);

INSERT INTO Recipe_Cook (recipe_id, cook_id) VALUES (54, 97);

INSERT INTO Recipe_Cook (recipe_id, cook_id) VALUES (55, 97);

INSERT INTO Recipe_Cook (recipe_id, cook_id) VALUES (61, 97);

INSERT INTO Recipe_Cook (recipe_id, cook_id) VALUES (62, 97);

INSERT INTO Recipe_Cook (recipe_id, cook_id) VALUES (63, 97);

INSERT INTO Recipe_Cook (recipe_id, cook_id) VALUES (64, 97);

INSERT INTO Recipe_Cook (recipe_id, cook_id) VALUES (65, 97);

INSERT INTO Recipe_Cook (recipe_id, cook_id) VALUES (96, 97);

INSERT INTO Recipe_Cook (recipe_id, cook_id) VALUES (97, 97);

INSERT INTO Recipe_Cook (recipe_id, cook_id) VALUES (98, 97);

INSERT INTO Recipe_Cook (recipe_id, cook_id) VALUES (99, 97);

INSERT INTO Recipe_Cook (recipe_id, cook_id) VALUES (100, 97);

INSERT INTO Recipe_Cook (recipe_id, cook_id) VALUES (6, 97);

INSERT INTO Recipe_Cook (recipe_id, cook_id) VALUES (7, 97);

INSERT INTO Recipe_Cook (recipe_id, cook_id) VALUES (8, 97);

INSERT INTO Recipe_Cook (recipe_id, cook_id) VALUES (9, 97);

INSERT INTO Recipe_Cook (recipe_id, cook_id) VALUES (10, 97);

INSERT INTO Recipe_Cook (recipe_id, cook_id) VALUES (71, 97);

INSERT INTO Recipe_Cook (recipe_id, cook_id) VALUES (72, 97);

INSERT INTO Recipe_Cook (recipe_id, cook_id) VALUES (73, 97);

INSERT INTO Recipe_Cook (recipe_id, cook_id) VALUES (74, 97);

INSERT INTO Recipe_Cook (recipe_id, cook_id) VALUES (75, 97);

INSERT INTO Recipe_Cook (recipe_id, cook_id) VALUES (26, 97);

INSERT INTO Recipe_Cook (recipe_id, cook_id) VALUES (27, 97);

INSERT INTO Recipe_Cook (recipe_id, cook_id) VALUES (28, 97);

INSERT INTO Recipe_Cook (recipe_id, cook_id) VALUES (29, 97);

INSERT INTO Recipe_Cook (recipe_id, cook_id) VALUES (30, 97);

INSERT INTO Cook (user_id, first_name, last_name, phone_number, date_of_birth, years_of_experience, chef_status, image_id) VALUES (98, 'Barbara','Grant', 1712594081, '1975-09-03', 20, 'sous chef', 426);

INSERT INTO Cook_National_Cuisine (cook_id, national_cuisine_id) VALUES (98, 13);

INSERT INTO Cook_National_Cuisine (cook_id, national_cuisine_id) VALUES (98, 17);

INSERT INTO Cook_National_Cuisine (cook_id, national_cuisine_id) VALUES (98, 8);

INSERT INTO Cook_National_Cuisine (cook_id, national_cuisine_id) VALUES (98, 11);

INSERT INTO Cook_National_Cuisine (cook_id, national_cuisine_id) VALUES (98, 5);

INSERT INTO Cook_National_Cuisine (cook_id, national_cuisine_id) VALUES (98, 9);

INSERT INTO Cook_National_Cuisine (cook_id, national_cuisine_id) VALUES (98, 2);

INSERT INTO Cook_National_Cuisine (cook_id, national_cuisine_id) VALUES (98, 20);

INSERT INTO Cook_National_Cuisine (cook_id, national_cuisine_id) VALUES (98, 6);

INSERT INTO Recipe_Cook (recipe_id, cook_id) VALUES (61, 98);

INSERT INTO Recipe_Cook (recipe_id, cook_id) VALUES (62, 98);

INSERT INTO Recipe_Cook (recipe_id, cook_id) VALUES (63, 98);

INSERT INTO Recipe_Cook (recipe_id, cook_id) VALUES (64, 98);

INSERT INTO Recipe_Cook (recipe_id, cook_id) VALUES (65, 98);

INSERT INTO Recipe_Cook (recipe_id, cook_id) VALUES (81, 98);

INSERT INTO Recipe_Cook (recipe_id, cook_id) VALUES (82, 98);

INSERT INTO Recipe_Cook (recipe_id, cook_id) VALUES (83, 98);

INSERT INTO Recipe_Cook (recipe_id, cook_id) VALUES (84, 98);

INSERT INTO Recipe_Cook (recipe_id, cook_id) VALUES (85, 98);

INSERT INTO Recipe_Cook (recipe_id, cook_id) VALUES (36, 98);

INSERT INTO Recipe_Cook (recipe_id, cook_id) VALUES (37, 98);

INSERT INTO Recipe_Cook (recipe_id, cook_id) VALUES (38, 98);

INSERT INTO Recipe_Cook (recipe_id, cook_id) VALUES (39, 98);

INSERT INTO Recipe_Cook (recipe_id, cook_id) VALUES (40, 98);

INSERT INTO Recipe_Cook (recipe_id, cook_id) VALUES (51, 98);

INSERT INTO Recipe_Cook (recipe_id, cook_id) VALUES (52, 98);

INSERT INTO Recipe_Cook (recipe_id, cook_id) VALUES (53, 98);

INSERT INTO Recipe_Cook (recipe_id, cook_id) VALUES (54, 98);

INSERT INTO Recipe_Cook (recipe_id, cook_id) VALUES (55, 98);

INSERT INTO Recipe_Cook (recipe_id, cook_id) VALUES (21, 98);

INSERT INTO Recipe_Cook (recipe_id, cook_id) VALUES (22, 98);

INSERT INTO Recipe_Cook (recipe_id, cook_id) VALUES (23, 98);

INSERT INTO Recipe_Cook (recipe_id, cook_id) VALUES (24, 98);

INSERT INTO Recipe_Cook (recipe_id, cook_id) VALUES (25, 98);

INSERT INTO Recipe_Cook (recipe_id, cook_id) VALUES (41, 98);

INSERT INTO Recipe_Cook (recipe_id, cook_id) VALUES (42, 98);

INSERT INTO Recipe_Cook (recipe_id, cook_id) VALUES (43, 98);

INSERT INTO Recipe_Cook (recipe_id, cook_id) VALUES (44, 98);

INSERT INTO Recipe_Cook (recipe_id, cook_id) VALUES (45, 98);

INSERT INTO Recipe_Cook (recipe_id, cook_id) VALUES (6, 98);

INSERT INTO Recipe_Cook (recipe_id, cook_id) VALUES (7, 98);

INSERT INTO Recipe_Cook (recipe_id, cook_id) VALUES (8, 98);

INSERT INTO Recipe_Cook (recipe_id, cook_id) VALUES (9, 98);

INSERT INTO Recipe_Cook (recipe_id, cook_id) VALUES (10, 98);

INSERT INTO Recipe_Cook (recipe_id, cook_id) VALUES (96, 98);

INSERT INTO Recipe_Cook (recipe_id, cook_id) VALUES (97, 98);

INSERT INTO Recipe_Cook (recipe_id, cook_id) VALUES (98, 98);

INSERT INTO Recipe_Cook (recipe_id, cook_id) VALUES (99, 98);

INSERT INTO Recipe_Cook (recipe_id, cook_id) VALUES (100, 98);

INSERT INTO Recipe_Cook (recipe_id, cook_id) VALUES (26, 98);

INSERT INTO Recipe_Cook (recipe_id, cook_id) VALUES (27, 98);

INSERT INTO Recipe_Cook (recipe_id, cook_id) VALUES (28, 98);

INSERT INTO Recipe_Cook (recipe_id, cook_id) VALUES (29, 98);

INSERT INTO Recipe_Cook (recipe_id, cook_id) VALUES (30, 98);

INSERT INTO Cook (user_id, first_name, last_name, phone_number, date_of_birth, years_of_experience, chef_status, image_id) VALUES (99, 'Lisa','Armstrong', 9805995752, '1993-04-12', 11, 'sous chef', 427);

INSERT INTO Cook_National_Cuisine (cook_id, national_cuisine_id) VALUES (99, 2);

INSERT INTO Cook_National_Cuisine (cook_id, national_cuisine_id) VALUES (99, 13);

INSERT INTO Cook_National_Cuisine (cook_id, national_cuisine_id) VALUES (99, 15);

INSERT INTO Cook_National_Cuisine (cook_id, national_cuisine_id) VALUES (99, 18);

INSERT INTO Cook_National_Cuisine (cook_id, national_cuisine_id) VALUES (99, 8);

INSERT INTO Recipe_Cook (recipe_id, cook_id) VALUES (6, 99);

INSERT INTO Recipe_Cook (recipe_id, cook_id) VALUES (7, 99);

INSERT INTO Recipe_Cook (recipe_id, cook_id) VALUES (8, 99);

INSERT INTO Recipe_Cook (recipe_id, cook_id) VALUES (9, 99);

INSERT INTO Recipe_Cook (recipe_id, cook_id) VALUES (10, 99);

INSERT INTO Recipe_Cook (recipe_id, cook_id) VALUES (61, 99);

INSERT INTO Recipe_Cook (recipe_id, cook_id) VALUES (62, 99);

INSERT INTO Recipe_Cook (recipe_id, cook_id) VALUES (63, 99);

INSERT INTO Recipe_Cook (recipe_id, cook_id) VALUES (64, 99);

INSERT INTO Recipe_Cook (recipe_id, cook_id) VALUES (65, 99);

INSERT INTO Recipe_Cook (recipe_id, cook_id) VALUES (71, 99);

INSERT INTO Recipe_Cook (recipe_id, cook_id) VALUES (72, 99);

INSERT INTO Recipe_Cook (recipe_id, cook_id) VALUES (73, 99);

INSERT INTO Recipe_Cook (recipe_id, cook_id) VALUES (74, 99);

INSERT INTO Recipe_Cook (recipe_id, cook_id) VALUES (75, 99);

INSERT INTO Recipe_Cook (recipe_id, cook_id) VALUES (86, 99);

INSERT INTO Recipe_Cook (recipe_id, cook_id) VALUES (87, 99);

INSERT INTO Recipe_Cook (recipe_id, cook_id) VALUES (88, 99);

INSERT INTO Recipe_Cook (recipe_id, cook_id) VALUES (89, 99);

INSERT INTO Recipe_Cook (recipe_id, cook_id) VALUES (90, 99);

INSERT INTO Recipe_Cook (recipe_id, cook_id) VALUES (36, 99);

INSERT INTO Recipe_Cook (recipe_id, cook_id) VALUES (37, 99);

INSERT INTO Recipe_Cook (recipe_id, cook_id) VALUES (38, 99);

INSERT INTO Recipe_Cook (recipe_id, cook_id) VALUES (39, 99);

INSERT INTO Recipe_Cook (recipe_id, cook_id) VALUES (40, 99);

INSERT INTO Cook (user_id, first_name, last_name, phone_number, date_of_birth, years_of_experience, chef_status, image_id) VALUES (100, 'Linda','Griffin', 7521383128, '1966-01-16', 38, 'sous chef', 428);

INSERT INTO Cook_National_Cuisine (cook_id, national_cuisine_id) VALUES (100, 3);

INSERT INTO Cook_National_Cuisine (cook_id, national_cuisine_id) VALUES (100, 7);

INSERT INTO Cook_National_Cuisine (cook_id, national_cuisine_id) VALUES (100, 14);

INSERT INTO Cook_National_Cuisine (cook_id, national_cuisine_id) VALUES (100, 6);

INSERT INTO Cook_National_Cuisine (cook_id, national_cuisine_id) VALUES (100, 2);

INSERT INTO Cook_National_Cuisine (cook_id, national_cuisine_id) VALUES (100, 16);

INSERT INTO Recipe_Cook (recipe_id, cook_id) VALUES (11, 100);

INSERT INTO Recipe_Cook (recipe_id, cook_id) VALUES (12, 100);

INSERT INTO Recipe_Cook (recipe_id, cook_id) VALUES (13, 100);

INSERT INTO Recipe_Cook (recipe_id, cook_id) VALUES (14, 100);

INSERT INTO Recipe_Cook (recipe_id, cook_id) VALUES (15, 100);

INSERT INTO Recipe_Cook (recipe_id, cook_id) VALUES (31, 100);

INSERT INTO Recipe_Cook (recipe_id, cook_id) VALUES (32, 100);

INSERT INTO Recipe_Cook (recipe_id, cook_id) VALUES (33, 100);

INSERT INTO Recipe_Cook (recipe_id, cook_id) VALUES (34, 100);

INSERT INTO Recipe_Cook (recipe_id, cook_id) VALUES (35, 100);

INSERT INTO Recipe_Cook (recipe_id, cook_id) VALUES (66, 100);

INSERT INTO Recipe_Cook (recipe_id, cook_id) VALUES (67, 100);

INSERT INTO Recipe_Cook (recipe_id, cook_id) VALUES (68, 100);

INSERT INTO Recipe_Cook (recipe_id, cook_id) VALUES (69, 100);

INSERT INTO Recipe_Cook (recipe_id, cook_id) VALUES (70, 100);

INSERT INTO Recipe_Cook (recipe_id, cook_id) VALUES (26, 100);

INSERT INTO Recipe_Cook (recipe_id, cook_id) VALUES (27, 100);

INSERT INTO Recipe_Cook (recipe_id, cook_id) VALUES (28, 100);

INSERT INTO Recipe_Cook (recipe_id, cook_id) VALUES (29, 100);

INSERT INTO Recipe_Cook (recipe_id, cook_id) VALUES (30, 100);

INSERT INTO Recipe_Cook (recipe_id, cook_id) VALUES (6, 100);

INSERT INTO Recipe_Cook (recipe_id, cook_id) VALUES (7, 100);

INSERT INTO Recipe_Cook (recipe_id, cook_id) VALUES (8, 100);

INSERT INTO Recipe_Cook (recipe_id, cook_id) VALUES (9, 100);

INSERT INTO Recipe_Cook (recipe_id, cook_id) VALUES (10, 100);

INSERT INTO Recipe_Cook (recipe_id, cook_id) VALUES (76, 100);

INSERT INTO Recipe_Cook (recipe_id, cook_id) VALUES (77, 100);

INSERT INTO Recipe_Cook (recipe_id, cook_id) VALUES (78, 100);

INSERT INTO Recipe_Cook (recipe_id, cook_id) VALUES (79, 100);

INSERT INTO Recipe_Cook (recipe_id, cook_id) VALUES (80, 100);

INSERT INTO Episode (episode_id, year,episode_number,image_id) VALUES (1, 2019, 1, 428);
INSERT INTO Episode (episode_id, year,episode_number,image_id) VALUES (2, 2019, 2, 429);
INSERT INTO Episode (episode_id, year,episode_number,image_id) VALUES (3, 2019, 3, 430);
INSERT INTO Episode (episode_id, year,episode_number,image_id) VALUES (4, 2019, 4, 431);
INSERT INTO Episode (episode_id, year,episode_number,image_id) VALUES (5, 2019, 5, 432);
INSERT INTO Episode (episode_id, year,episode_number,image_id) VALUES (6, 2019, 6, 433);
INSERT INTO Episode (episode_id, year,episode_number,image_id) VALUES (7, 2019, 7, 434);
INSERT INTO Episode (episode_id, year,episode_number,image_id) VALUES (8, 2019, 8, 435);
INSERT INTO Episode (episode_id, year,episode_number,image_id) VALUES (9, 2019, 9, 436);
INSERT INTO Episode (episode_id, year,episode_number,image_id) VALUES (10, 2019, 10, 437);
INSERT INTO Episode (episode_id, year,episode_number,image_id) VALUES (11, 2020, 1, 438);
INSERT INTO Episode (episode_id, year,episode_number,image_id) VALUES (12, 2020, 2, 439);
INSERT INTO Episode (episode_id, year,episode_number,image_id) VALUES (13, 2020, 3, 440);
INSERT INTO Episode (episode_id, year,episode_number,image_id) VALUES (14, 2020, 4, 441);
INSERT INTO Episode (episode_id, year,episode_number,image_id) VALUES (15, 2020, 5, 442);
INSERT INTO Episode (episode_id, year,episode_number,image_id) VALUES (16, 2020, 6, 443);
INSERT INTO Episode (episode_id, year,episode_number,image_id) VALUES (17, 2020, 7, 444);
INSERT INTO Episode (episode_id, year,episode_number,image_id) VALUES (18, 2020, 8, 445);
INSERT INTO Episode (episode_id, year,episode_number,image_id) VALUES (19, 2020, 9, 446);
INSERT INTO Episode (episode_id, year,episode_number,image_id) VALUES (20, 2020, 10, 447);
INSERT INTO Episode (episode_id, year,episode_number,image_id) VALUES (21, 2021, 1, 448);
INSERT INTO Episode (episode_id, year,episode_number,image_id) VALUES (22, 2021, 2, 449);
INSERT INTO Episode (episode_id, year,episode_number,image_id) VALUES (23, 2021, 3, 450);
INSERT INTO Episode (episode_id, year,episode_number,image_id) VALUES (24, 2021, 4, 451);
INSERT INTO Episode (episode_id, year,episode_number,image_id) VALUES (25, 2021, 5, 452);
INSERT INTO Episode (episode_id, year,episode_number,image_id) VALUES (26, 2021, 6, 453);
INSERT INTO Episode (episode_id, year,episode_number,image_id) VALUES (27, 2021, 7, 454);
INSERT INTO Episode (episode_id, year,episode_number,image_id) VALUES (28, 2021, 8, 455);
INSERT INTO Episode (episode_id, year,episode_number,image_id) VALUES (29, 2021, 9, 456);
INSERT INTO Episode (episode_id, year,episode_number,image_id) VALUES (30, 2021, 10, 457);
INSERT INTO Episode (episode_id, year,episode_number,image_id) VALUES (31, 2022, 1, 458);
INSERT INTO Episode (episode_id, year,episode_number,image_id) VALUES (32, 2022, 2, 459);
INSERT INTO Episode (episode_id, year,episode_number,image_id) VALUES (33, 2022, 3, 460);
INSERT INTO Episode (episode_id, year,episode_number,image_id) VALUES (34, 2022, 4, 461);
INSERT INTO Episode (episode_id, year,episode_number,image_id) VALUES (35, 2022, 5, 462);
INSERT INTO Episode (episode_id, year,episode_number,image_id) VALUES (36, 2022, 6, 463);
INSERT INTO Episode (episode_id, year,episode_number,image_id) VALUES (37, 2022, 7, 464);
INSERT INTO Episode (episode_id, year,episode_number,image_id) VALUES (38, 2022, 8, 465);
INSERT INTO Episode (episode_id, year,episode_number,image_id) VALUES (39, 2022, 9, 466);
INSERT INTO Episode (episode_id, year,episode_number,image_id) VALUES (40, 2022, 10, 467);
INSERT INTO Episode (episode_id, year,episode_number,image_id) VALUES (41, 2023, 1, 468);
INSERT INTO Episode (episode_id, year,episode_number,image_id) VALUES (42, 2023, 2, 469);
INSERT INTO Episode (episode_id, year,episode_number,image_id) VALUES (43, 2023, 3, 470);
INSERT INTO Episode (episode_id, year,episode_number,image_id) VALUES (44, 2023, 4, 471);
INSERT INTO Episode (episode_id, year,episode_number,image_id) VALUES (45, 2023, 5, 472);
INSERT INTO Episode (episode_id, year,episode_number,image_id) VALUES (46, 2023, 6, 473);
INSERT INTO Episode (episode_id, year,episode_number,image_id) VALUES (47, 2023, 7, 474);
INSERT INTO Episode (episode_id, year,episode_number,image_id) VALUES (48, 2023, 8, 475);
INSERT INTO Episode (episode_id, year,episode_number,image_id) VALUES (49, 2023, 9, 476);
INSERT INTO Episode (episode_id, year,episode_number,image_id) VALUES (50, 2023, 10, 477);
