INSERT INTO Episode (episode_id, year,episode_number,image_id) VALUES (1, 2019, 1, 428);
INSERT INTO Episode_Judge (episode_judge_id,episode_id, judge_id) VALUES (1,1,1);
INSERT INTO Episode_Judge (episode_judge_id,episode_id, judge_id) VALUES (2,1,74);
INSERT INTO Episode_Judge (episode_judge_id,episode_id, judge_id) VALUES (3,1,70);
INSERT INTO Episode_Combo (episode_combo_id,episode_id, national_cuisine_id,cook_id,recipe_id) VALUES (1,0, 3, 84, 74);
INSERT INTO Rates (episode_comdo_id,episode_judge_id,rating) VALUES (1,1,3);
INSERT INTO Rates (episode_comdo_id,episode_judge_id,rating) VALUES (1,2,1);
INSERT INTO Rates (episode_comdo_id,episode_judge_id,rating) VALUES (1,3,3);
INSERT INTO Episode_Combo (episode_combo_id,episode_id, national_cuisine_id,cook_id,recipe_id) VALUES (2,0, 8, 7, 58);
INSERT INTO Rates (episode_comdo_id,episode_judge_id,rating) VALUES (2,1,1);
INSERT INTO Rates (episode_comdo_id,episode_judge_id,rating) VALUES (2,2,4);
INSERT INTO Rates (episode_comdo_id,episode_judge_id,rating) VALUES (2,3,1);
INSERT INTO Episode_Combo (episode_combo_id,episode_id, national_cuisine_id,cook_id,recipe_id) VALUES (3,0, 2, 82, 7);
INSERT INTO Rates (episode_comdo_id,episode_judge_id,rating) VALUES (3,1,3);
INSERT INTO Rates (episode_comdo_id,episode_judge_id,rating) VALUES (3,2,5);
INSERT INTO Rates (episode_comdo_id,episode_judge_id,rating) VALUES (3,3,2);
INSERT INTO Episode_Combo (episode_combo_id,episode_id, national_cuisine_id,cook_id,recipe_id) VALUES (4,0, 15, 72, 12);
INSERT INTO Rates (episode_comdo_id,episode_judge_id,rating) VALUES (4,1,4);
INSERT INTO Rates (episode_comdo_id,episode_judge_id,rating) VALUES (4,2,4);
INSERT INTO Rates (episode_comdo_id,episode_judge_id,rating) VALUES (4,3,2);
INSERT INTO Episode_Combo (episode_combo_id,episode_id, national_cuisine_id,cook_id,recipe_id) VALUES (5,0, 8, 62, 5);
INSERT INTO Rates (episode_comdo_id,episode_judge_id,rating) VALUES (5,1,1);
INSERT INTO Rates (episode_comdo_id,episode_judge_id,rating) VALUES (5,2,3);
INSERT INTO Rates (episode_comdo_id,episode_judge_id,rating) VALUES (5,3,3);
INSERT INTO Episode_Combo (episode_combo_id,episode_id, national_cuisine_id,cook_id,recipe_id) VALUES (6,0, 9, 29, 28);
INSERT INTO Rates (episode_comdo_id,episode_judge_id,rating) VALUES (6,1,2);
INSERT INTO Rates (episode_comdo_id,episode_judge_id,rating) VALUES (6,2,2);
INSERT INTO Rates (episode_comdo_id,episode_judge_id,rating) VALUES (6,3,1);
INSERT INTO Episode_Combo (episode_combo_id,episode_id, national_cuisine_id,cook_id,recipe_id) VALUES (7,0, 20, 40, 44);
INSERT INTO Rates (episode_comdo_id,episode_judge_id,rating) VALUES (7,1,1);
INSERT INTO Rates (episode_comdo_id,episode_judge_id,rating) VALUES (7,2,1);
INSERT INTO Rates (episode_comdo_id,episode_judge_id,rating) VALUES (7,3,1);
INSERT INTO Episode_Combo (episode_combo_id,episode_id, national_cuisine_id,cook_id,recipe_id) VALUES (8,0, 8, 28, 96);
INSERT INTO Rates (episode_comdo_id,episode_judge_id,rating) VALUES (8,1,2);
INSERT INTO Rates (episode_comdo_id,episode_judge_id,rating) VALUES (8,2,5);
INSERT INTO Rates (episode_comdo_id,episode_judge_id,rating) VALUES (8,3,1);
INSERT INTO Episode_Combo (episode_combo_id,episode_id, national_cuisine_id,cook_id,recipe_id) VALUES (9,0, 2, 16, 10);
INSERT INTO Rates (episode_comdo_id,episode_judge_id,rating) VALUES (9,1,1);
INSERT INTO Rates (episode_comdo_id,episode_judge_id,rating) VALUES (9,2,3);
INSERT INTO Rates (episode_comdo_id,episode_judge_id,rating) VALUES (9,3,4);
INSERT INTO Episode_Combo (episode_combo_id,episode_id, national_cuisine_id,cook_id,recipe_id) VALUES (10,0, 12, 51, 4);
INSERT INTO Rates (episode_comdo_id,episode_judge_id,rating) VALUES (10,1,1);
INSERT INTO Rates (episode_comdo_id,episode_judge_id,rating) VALUES (10,2,1);
INSERT INTO Rates (episode_comdo_id,episode_judge_id,rating) VALUES (10,3,5);
INSERT INTO Episode (episode_id, year,episode_number,image_id) VALUES (2, 2019, 2, 429);
INSERT INTO Episode_Judge (episode_judge_id,episode_id, judge_id) VALUES (4,2,49);
INSERT INTO Episode_Judge (episode_judge_id,episode_id, judge_id) VALUES (5,2,26);
INSERT INTO Episode_Judge (episode_judge_id,episode_id, judge_id) VALUES (6,2,55);
INSERT INTO Episode_Combo (episode_combo_id,episode_id, national_cuisine_id,cook_id,recipe_id) VALUES (11,1, 9, 66, 15);
INSERT INTO Rates (episode_comdo_id,episode_judge_id,rating) VALUES (11,4,2);
INSERT INTO Rates (episode_comdo_id,episode_judge_id,rating) VALUES (11,5,3);
INSERT INTO Rates (episode_comdo_id,episode_judge_id,rating) VALUES (11,6,2);
INSERT INTO Episode_Combo (episode_combo_id,episode_id, national_cuisine_id,cook_id,recipe_id) VALUES (12,1, 18, 87, 17);
INSERT INTO Rates (episode_comdo_id,episode_judge_id,rating) VALUES (12,4,1);
INSERT INTO Rates (episode_comdo_id,episode_judge_id,rating) VALUES (12,5,1);
INSERT INTO Rates (episode_comdo_id,episode_judge_id,rating) VALUES (12,6,1);
INSERT INTO Episode_Combo (episode_combo_id,episode_id, national_cuisine_id,cook_id,recipe_id) VALUES (13,1, 1, 87, 97);
INSERT INTO Rates (episode_comdo_id,episode_judge_id,rating) VALUES (13,4,4);
INSERT INTO Rates (episode_comdo_id,episode_judge_id,rating) VALUES (13,5,5);
INSERT INTO Rates (episode_comdo_id,episode_judge_id,rating) VALUES (13,6,1);
INSERT INTO Episode_Combo (episode_combo_id,episode_id, national_cuisine_id,cook_id,recipe_id) VALUES (14,1, 17, 96, 69);
INSERT INTO Rates (episode_comdo_id,episode_judge_id,rating) VALUES (14,4,2);
INSERT INTO Rates (episode_comdo_id,episode_judge_id,rating) VALUES (14,5,2);
INSERT INTO Rates (episode_comdo_id,episode_judge_id,rating) VALUES (14,6,2);
INSERT INTO Episode_Combo (episode_combo_id,episode_id, national_cuisine_id,cook_id,recipe_id) VALUES (15,1, 11, 17, 84);
INSERT INTO Rates (episode_comdo_id,episode_judge_id,rating) VALUES (15,4,2);
INSERT INTO Rates (episode_comdo_id,episode_judge_id,rating) VALUES (15,5,2);
INSERT INTO Rates (episode_comdo_id,episode_judge_id,rating) VALUES (15,6,3);
INSERT INTO Episode_Combo (episode_combo_id,episode_id, national_cuisine_id,cook_id,recipe_id) VALUES (16,1, 13, 83, 59);
INSERT INTO Rates (episode_comdo_id,episode_judge_id,rating) VALUES (16,4,5);
INSERT INTO Rates (episode_comdo_id,episode_judge_id,rating) VALUES (16,5,1);
INSERT INTO Rates (episode_comdo_id,episode_judge_id,rating) VALUES (16,6,4);
INSERT INTO Episode_Combo (episode_combo_id,episode_id, national_cuisine_id,cook_id,recipe_id) VALUES (17,1, 6, 79, 19);
INSERT INTO Rates (episode_comdo_id,episode_judge_id,rating) VALUES (17,4,2);
INSERT INTO Rates (episode_comdo_id,episode_judge_id,rating) VALUES (17,5,4);
INSERT INTO Rates (episode_comdo_id,episode_judge_id,rating) VALUES (17,6,4);
INSERT INTO Episode_Combo (episode_combo_id,episode_id, national_cuisine_id,cook_id,recipe_id) VALUES (18,1, 13, 73, 20);
INSERT INTO Rates (episode_comdo_id,episode_judge_id,rating) VALUES (18,4,3);
INSERT INTO Rates (episode_comdo_id,episode_judge_id,rating) VALUES (18,5,5);
INSERT INTO Rates (episode_comdo_id,episode_judge_id,rating) VALUES (18,6,1);
INSERT INTO Episode_Combo (episode_combo_id,episode_id, national_cuisine_id,cook_id,recipe_id) VALUES (19,1, 13, 79, 93);
INSERT INTO Rates (episode_comdo_id,episode_judge_id,rating) VALUES (19,4,5);
INSERT INTO Rates (episode_comdo_id,episode_judge_id,rating) VALUES (19,5,1);
INSERT INTO Rates (episode_comdo_id,episode_judge_id,rating) VALUES (19,6,5);
INSERT INTO Episode_Combo (episode_combo_id,episode_id, national_cuisine_id,cook_id,recipe_id) VALUES (20,1, 1, 69, 28);
INSERT INTO Rates (episode_comdo_id,episode_judge_id,rating) VALUES (20,4,4);
INSERT INTO Rates (episode_comdo_id,episode_judge_id,rating) VALUES (20,5,4);
INSERT INTO Rates (episode_comdo_id,episode_judge_id,rating) VALUES (20,6,3);
INSERT INTO Episode (episode_id, year,episode_number,image_id) VALUES (3, 2019, 3, 430);
INSERT INTO Episode_Judge (episode_judge_id,episode_id, judge_id) VALUES (7,3,46);
INSERT INTO Episode_Judge (episode_judge_id,episode_id, judge_id) VALUES (8,3,88);
INSERT INTO Episode_Judge (episode_judge_id,episode_id, judge_id) VALUES (9,3,32);
INSERT INTO Episode_Combo (episode_combo_id,episode_id, national_cuisine_id,cook_id,recipe_id) VALUES (21,2, 16, 15, 33);
INSERT INTO Rates (episode_comdo_id,episode_judge_id,rating) VALUES (21,7,4);
INSERT INTO Rates (episode_comdo_id,episode_judge_id,rating) VALUES (21,8,5);
INSERT INTO Rates (episode_comdo_id,episode_judge_id,rating) VALUES (21,9,1);
INSERT INTO Episode_Combo (episode_combo_id,episode_id, national_cuisine_id,cook_id,recipe_id) VALUES (22,2, 15, 15, 38);
INSERT INTO Rates (episode_comdo_id,episode_judge_id,rating) VALUES (22,7,5);
INSERT INTO Rates (episode_comdo_id,episode_judge_id,rating) VALUES (22,8,2);
INSERT INTO Rates (episode_comdo_id,episode_judge_id,rating) VALUES (22,9,1);
INSERT INTO Episode_Combo (episode_combo_id,episode_id, national_cuisine_id,cook_id,recipe_id) VALUES (23,2, 8, 8, 91);
INSERT INTO Rates (episode_comdo_id,episode_judge_id,rating) VALUES (23,7,5);
INSERT INTO Rates (episode_comdo_id,episode_judge_id,rating) VALUES (23,8,5);
INSERT INTO Rates (episode_comdo_id,episode_judge_id,rating) VALUES (23,9,4);
INSERT INTO Episode_Combo (episode_combo_id,episode_id, national_cuisine_id,cook_id,recipe_id) VALUES (24,2, 16, 70, 43);
INSERT INTO Rates (episode_comdo_id,episode_judge_id,rating) VALUES (24,7,5);
INSERT INTO Rates (episode_comdo_id,episode_judge_id,rating) VALUES (24,8,2);
INSERT INTO Rates (episode_comdo_id,episode_judge_id,rating) VALUES (24,9,2);
INSERT INTO Episode_Combo (episode_combo_id,episode_id, national_cuisine_id,cook_id,recipe_id) VALUES (25,2, 6, 17, 23);
INSERT INTO Rates (episode_comdo_id,episode_judge_id,rating) VALUES (25,7,2);
INSERT INTO Rates (episode_comdo_id,episode_judge_id,rating) VALUES (25,8,3);
INSERT INTO Rates (episode_comdo_id,episode_judge_id,rating) VALUES (25,9,2);
INSERT INTO Episode_Combo (episode_combo_id,episode_id, national_cuisine_id,cook_id,recipe_id) VALUES (26,2, 18, 11, 83);
INSERT INTO Rates (episode_comdo_id,episode_judge_id,rating) VALUES (26,7,2);
INSERT INTO Rates (episode_comdo_id,episode_judge_id,rating) VALUES (26,8,5);
INSERT INTO Rates (episode_comdo_id,episode_judge_id,rating) VALUES (26,9,4);
INSERT INTO Episode_Combo (episode_combo_id,episode_id, national_cuisine_id,cook_id,recipe_id) VALUES (27,2, 17, 16, 35);
INSERT INTO Rates (episode_comdo_id,episode_judge_id,rating) VALUES (27,7,2);
INSERT INTO Rates (episode_comdo_id,episode_judge_id,rating) VALUES (27,8,4);
INSERT INTO Rates (episode_comdo_id,episode_judge_id,rating) VALUES (27,9,4);
INSERT INTO Episode_Combo (episode_combo_id,episode_id, national_cuisine_id,cook_id,recipe_id) VALUES (28,2, 5, 48, 45);
INSERT INTO Rates (episode_comdo_id,episode_judge_id,rating) VALUES (28,7,3);
INSERT INTO Rates (episode_comdo_id,episode_judge_id,rating) VALUES (28,8,1);
INSERT INTO Rates (episode_comdo_id,episode_judge_id,rating) VALUES (28,9,1);
INSERT INTO Episode_Combo (episode_combo_id,episode_id, national_cuisine_id,cook_id,recipe_id) VALUES (29,2, 6, 32, 79);
INSERT INTO Rates (episode_comdo_id,episode_judge_id,rating) VALUES (29,7,1);
INSERT INTO Rates (episode_comdo_id,episode_judge_id,rating) VALUES (29,8,2);
INSERT INTO Rates (episode_comdo_id,episode_judge_id,rating) VALUES (29,9,2);
INSERT INTO Episode_Combo (episode_combo_id,episode_id, national_cuisine_id,cook_id,recipe_id) VALUES (30,2, 3, 46, 11);
INSERT INTO Rates (episode_comdo_id,episode_judge_id,rating) VALUES (30,7,1);
INSERT INTO Rates (episode_comdo_id,episode_judge_id,rating) VALUES (30,8,2);
INSERT INTO Rates (episode_comdo_id,episode_judge_id,rating) VALUES (30,9,1);
INSERT INTO Episode (episode_id, year,episode_number,image_id) VALUES (4, 2019, 4, 431);
INSERT INTO Episode_Judge (episode_judge_id,episode_id, judge_id) VALUES (10,4,97);
INSERT INTO Episode_Judge (episode_judge_id,episode_id, judge_id) VALUES (11,4,48);
INSERT INTO Episode_Judge (episode_judge_id,episode_id, judge_id) VALUES (12,4,82);
INSERT INTO Episode_Combo (episode_combo_id,episode_id, national_cuisine_id,cook_id,recipe_id) VALUES (31,3, 10, 23, 58);
INSERT INTO Rates (episode_comdo_id,episode_judge_id,rating) VALUES (31,10,5);
INSERT INTO Rates (episode_comdo_id,episode_judge_id,rating) VALUES (31,11,5);
INSERT INTO Rates (episode_comdo_id,episode_judge_id,rating) VALUES (31,12,3);
INSERT INTO Episode_Combo (episode_combo_id,episode_id, national_cuisine_id,cook_id,recipe_id) VALUES (32,3, 8, 95, 71);
INSERT INTO Rates (episode_comdo_id,episode_judge_id,rating) VALUES (32,10,4);
INSERT INTO Rates (episode_comdo_id,episode_judge_id,rating) VALUES (32,11,4);
INSERT INTO Rates (episode_comdo_id,episode_judge_id,rating) VALUES (32,12,3);
INSERT INTO Episode_Combo (episode_combo_id,episode_id, national_cuisine_id,cook_id,recipe_id) VALUES (33,3, 11, 5, 81);
INSERT INTO Rates (episode_comdo_id,episode_judge_id,rating) VALUES (33,10,3);
INSERT INTO Rates (episode_comdo_id,episode_judge_id,rating) VALUES (33,11,3);
INSERT INTO Rates (episode_comdo_id,episode_judge_id,rating) VALUES (33,12,1);
INSERT INTO Episode_Combo (episode_combo_id,episode_id, national_cuisine_id,cook_id,recipe_id) VALUES (34,3, 12, 47, 22);
INSERT INTO Rates (episode_comdo_id,episode_judge_id,rating) VALUES (34,10,1);
INSERT INTO Rates (episode_comdo_id,episode_judge_id,rating) VALUES (34,11,2);
INSERT INTO Rates (episode_comdo_id,episode_judge_id,rating) VALUES (34,12,2);
INSERT INTO Episode_Combo (episode_combo_id,episode_id, national_cuisine_id,cook_id,recipe_id) VALUES (35,3, 10, 76, 62);
INSERT INTO Rates (episode_comdo_id,episode_judge_id,rating) VALUES (35,10,3);
INSERT INTO Rates (episode_comdo_id,episode_judge_id,rating) VALUES (35,11,4);
INSERT INTO Rates (episode_comdo_id,episode_judge_id,rating) VALUES (35,12,5);
INSERT INTO Episode_Combo (episode_combo_id,episode_id, national_cuisine_id,cook_id,recipe_id) VALUES (36,3, 4, 57, 91);
INSERT INTO Rates (episode_comdo_id,episode_judge_id,rating) VALUES (36,10,5);
INSERT INTO Rates (episode_comdo_id,episode_judge_id,rating) VALUES (36,11,3);
INSERT INTO Rates (episode_comdo_id,episode_judge_id,rating) VALUES (36,12,4);
INSERT INTO Episode_Combo (episode_combo_id,episode_id, national_cuisine_id,cook_id,recipe_id) VALUES (37,3, 10, 80, 78);
INSERT INTO Rates (episode_comdo_id,episode_judge_id,rating) VALUES (37,10,5);
INSERT INTO Rates (episode_comdo_id,episode_judge_id,rating) VALUES (37,11,2);
INSERT INTO Rates (episode_comdo_id,episode_judge_id,rating) VALUES (37,12,4);
INSERT INTO Episode_Combo (episode_combo_id,episode_id, national_cuisine_id,cook_id,recipe_id) VALUES (38,3, 1, 62, 39);
INSERT INTO Rates (episode_comdo_id,episode_judge_id,rating) VALUES (38,10,2);
INSERT INTO Rates (episode_comdo_id,episode_judge_id,rating) VALUES (38,11,1);
INSERT INTO Rates (episode_comdo_id,episode_judge_id,rating) VALUES (38,12,3);
INSERT INTO Episode_Combo (episode_combo_id,episode_id, national_cuisine_id,cook_id,recipe_id) VALUES (39,3, 7, 38, 45);
INSERT INTO Rates (episode_comdo_id,episode_judge_id,rating) VALUES (39,10,2);
INSERT INTO Rates (episode_comdo_id,episode_judge_id,rating) VALUES (39,11,3);
INSERT INTO Rates (episode_comdo_id,episode_judge_id,rating) VALUES (39,12,3);
INSERT INTO Episode_Combo (episode_combo_id,episode_id, national_cuisine_id,cook_id,recipe_id) VALUES (40,3, 5, 92, 60);
INSERT INTO Rates (episode_comdo_id,episode_judge_id,rating) VALUES (40,10,2);
INSERT INTO Rates (episode_comdo_id,episode_judge_id,rating) VALUES (40,11,4);
INSERT INTO Rates (episode_comdo_id,episode_judge_id,rating) VALUES (40,12,1);
INSERT INTO Episode (episode_id, year,episode_number,image_id) VALUES (5, 2019, 5, 432);
INSERT INTO Episode_Judge (episode_judge_id,episode_id, judge_id) VALUES (13,5,71);
INSERT INTO Episode_Judge (episode_judge_id,episode_id, judge_id) VALUES (14,5,59);
INSERT INTO Episode_Judge (episode_judge_id,episode_id, judge_id) VALUES (15,5,39);
INSERT INTO Episode_Combo (episode_combo_id,episode_id, national_cuisine_id,cook_id,recipe_id) VALUES (41,4, 9, 33, 36);
INSERT INTO Rates (episode_comdo_id,episode_judge_id,rating) VALUES (41,13,4);
INSERT INTO Rates (episode_comdo_id,episode_judge_id,rating) VALUES (41,14,3);
INSERT INTO Rates (episode_comdo_id,episode_judge_id,rating) VALUES (41,15,3);
INSERT INTO Episode_Combo (episode_combo_id,episode_id, national_cuisine_id,cook_id,recipe_id) VALUES (42,4, 15, 61, 36);
INSERT INTO Rates (episode_comdo_id,episode_judge_id,rating) VALUES (42,13,1);
INSERT INTO Rates (episode_comdo_id,episode_judge_id,rating) VALUES (42,14,3);
INSERT INTO Rates (episode_comdo_id,episode_judge_id,rating) VALUES (42,15,1);
INSERT INTO Episode_Combo (episode_combo_id,episode_id, national_cuisine_id,cook_id,recipe_id) VALUES (43,4, 11, 33, 58);
INSERT INTO Rates (episode_comdo_id,episode_judge_id,rating) VALUES (43,13,5);
INSERT INTO Rates (episode_comdo_id,episode_judge_id,rating) VALUES (43,14,5);
INSERT INTO Rates (episode_comdo_id,episode_judge_id,rating) VALUES (43,15,4);
INSERT INTO Episode_Combo (episode_combo_id,episode_id, national_cuisine_id,cook_id,recipe_id) VALUES (44,4, 3, 17, 39);
INSERT INTO Rates (episode_comdo_id,episode_judge_id,rating) VALUES (44,13,5);
INSERT INTO Rates (episode_comdo_id,episode_judge_id,rating) VALUES (44,14,4);
INSERT INTO Rates (episode_comdo_id,episode_judge_id,rating) VALUES (44,15,3);
INSERT INTO Episode_Combo (episode_combo_id,episode_id, national_cuisine_id,cook_id,recipe_id) VALUES (45,4, 1, 58, 76);
INSERT INTO Rates (episode_comdo_id,episode_judge_id,rating) VALUES (45,13,3);
INSERT INTO Rates (episode_comdo_id,episode_judge_id,rating) VALUES (45,14,5);
INSERT INTO Rates (episode_comdo_id,episode_judge_id,rating) VALUES (45,15,4);
INSERT INTO Episode_Combo (episode_combo_id,episode_id, national_cuisine_id,cook_id,recipe_id) VALUES (46,4, 14, 20, 67);
INSERT INTO Rates (episode_comdo_id,episode_judge_id,rating) VALUES (46,13,5);
INSERT INTO Rates (episode_comdo_id,episode_judge_id,rating) VALUES (46,14,5);
INSERT INTO Rates (episode_comdo_id,episode_judge_id,rating) VALUES (46,15,5);
INSERT INTO Episode_Combo (episode_combo_id,episode_id, national_cuisine_id,cook_id,recipe_id) VALUES (47,4, 6, 39, 80);
INSERT INTO Rates (episode_comdo_id,episode_judge_id,rating) VALUES (47,13,5);
INSERT INTO Rates (episode_comdo_id,episode_judge_id,rating) VALUES (47,14,5);
INSERT INTO Rates (episode_comdo_id,episode_judge_id,rating) VALUES (47,15,1);
INSERT INTO Episode_Combo (episode_combo_id,episode_id, national_cuisine_id,cook_id,recipe_id) VALUES (48,4, 18, 52, 85);
INSERT INTO Rates (episode_comdo_id,episode_judge_id,rating) VALUES (48,13,3);
INSERT INTO Rates (episode_comdo_id,episode_judge_id,rating) VALUES (48,14,5);
INSERT INTO Rates (episode_comdo_id,episode_judge_id,rating) VALUES (48,15,1);
INSERT INTO Episode_Combo (episode_combo_id,episode_id, national_cuisine_id,cook_id,recipe_id) VALUES (49,4, 1, 83, 54);
INSERT INTO Rates (episode_comdo_id,episode_judge_id,rating) VALUES (49,13,5);
INSERT INTO Rates (episode_comdo_id,episode_judge_id,rating) VALUES (49,14,4);
INSERT INTO Rates (episode_comdo_id,episode_judge_id,rating) VALUES (49,15,3);
INSERT INTO Episode_Combo (episode_combo_id,episode_id, national_cuisine_id,cook_id,recipe_id) VALUES (50,4, 6, 52, 77);
INSERT INTO Rates (episode_comdo_id,episode_judge_id,rating) VALUES (50,13,5);
INSERT INTO Rates (episode_comdo_id,episode_judge_id,rating) VALUES (50,14,3);
INSERT INTO Rates (episode_comdo_id,episode_judge_id,rating) VALUES (50,15,5);
INSERT INTO Episode (episode_id, year,episode_number,image_id) VALUES (6, 2019, 6, 433);
INSERT INTO Episode_Judge (episode_judge_id,episode_id, judge_id) VALUES (16,6,96);
INSERT INTO Episode_Judge (episode_judge_id,episode_id, judge_id) VALUES (17,6,36);
INSERT INTO Episode_Judge (episode_judge_id,episode_id, judge_id) VALUES (18,6,27);
INSERT INTO Episode_Combo (episode_combo_id,episode_id, national_cuisine_id,cook_id,recipe_id) VALUES (51,5, 8, 34, 83);
INSERT INTO Rates (episode_comdo_id,episode_judge_id,rating) VALUES (51,16,2);
INSERT INTO Rates (episode_comdo_id,episode_judge_id,rating) VALUES (51,17,4);
INSERT INTO Rates (episode_comdo_id,episode_judge_id,rating) VALUES (51,18,5);
INSERT INTO Episode_Combo (episode_combo_id,episode_id, national_cuisine_id,cook_id,recipe_id) VALUES (52,5, 12, 42, 83);
INSERT INTO Rates (episode_comdo_id,episode_judge_id,rating) VALUES (52,16,1);
INSERT INTO Rates (episode_comdo_id,episode_judge_id,rating) VALUES (52,17,2);
INSERT INTO Rates (episode_comdo_id,episode_judge_id,rating) VALUES (52,18,2);
INSERT INTO Episode_Combo (episode_combo_id,episode_id, national_cuisine_id,cook_id,recipe_id) VALUES (53,5, 13, 47, 1);
INSERT INTO Rates (episode_comdo_id,episode_judge_id,rating) VALUES (53,16,4);
INSERT INTO Rates (episode_comdo_id,episode_judge_id,rating) VALUES (53,17,5);
INSERT INTO Rates (episode_comdo_id,episode_judge_id,rating) VALUES (53,18,3);
INSERT INTO Episode_Combo (episode_combo_id,episode_id, national_cuisine_id,cook_id,recipe_id) VALUES (54,5, 7, 15, 39);
INSERT INTO Rates (episode_comdo_id,episode_judge_id,rating) VALUES (54,16,1);
INSERT INTO Rates (episode_comdo_id,episode_judge_id,rating) VALUES (54,17,1);
INSERT INTO Rates (episode_comdo_id,episode_judge_id,rating) VALUES (54,18,4);
INSERT INTO Episode_Combo (episode_combo_id,episode_id, national_cuisine_id,cook_id,recipe_id) VALUES (55,5, 12, 20, 72);
INSERT INTO Rates (episode_comdo_id,episode_judge_id,rating) VALUES (55,16,2);
INSERT INTO Rates (episode_comdo_id,episode_judge_id,rating) VALUES (55,17,2);
INSERT INTO Rates (episode_comdo_id,episode_judge_id,rating) VALUES (55,18,3);
INSERT INTO Episode_Combo (episode_combo_id,episode_id, national_cuisine_id,cook_id,recipe_id) VALUES (56,5, 10, 15, 81);
INSERT INTO Rates (episode_comdo_id,episode_judge_id,rating) VALUES (56,16,1);
INSERT INTO Rates (episode_comdo_id,episode_judge_id,rating) VALUES (56,17,2);
INSERT INTO Rates (episode_comdo_id,episode_judge_id,rating) VALUES (56,18,4);
INSERT INTO Episode_Combo (episode_combo_id,episode_id, national_cuisine_id,cook_id,recipe_id) VALUES (57,5, 13, 6, 32);
INSERT INTO Rates (episode_comdo_id,episode_judge_id,rating) VALUES (57,16,4);
INSERT INTO Rates (episode_comdo_id,episode_judge_id,rating) VALUES (57,17,3);
INSERT INTO Rates (episode_comdo_id,episode_judge_id,rating) VALUES (57,18,3);
INSERT INTO Episode_Combo (episode_combo_id,episode_id, national_cuisine_id,cook_id,recipe_id) VALUES (58,5, 6, 46, 25);
INSERT INTO Rates (episode_comdo_id,episode_judge_id,rating) VALUES (58,16,5);
INSERT INTO Rates (episode_comdo_id,episode_judge_id,rating) VALUES (58,17,1);
INSERT INTO Rates (episode_comdo_id,episode_judge_id,rating) VALUES (58,18,2);
INSERT INTO Episode_Combo (episode_combo_id,episode_id, national_cuisine_id,cook_id,recipe_id) VALUES (59,5, 13, 89, 91);
INSERT INTO Rates (episode_comdo_id,episode_judge_id,rating) VALUES (59,16,1);
INSERT INTO Rates (episode_comdo_id,episode_judge_id,rating) VALUES (59,17,1);
INSERT INTO Rates (episode_comdo_id,episode_judge_id,rating) VALUES (59,18,2);
INSERT INTO Episode_Combo (episode_combo_id,episode_id, national_cuisine_id,cook_id,recipe_id) VALUES (60,5, 15, 7, 80);
INSERT INTO Rates (episode_comdo_id,episode_judge_id,rating) VALUES (60,16,4);
INSERT INTO Rates (episode_comdo_id,episode_judge_id,rating) VALUES (60,17,5);
INSERT INTO Rates (episode_comdo_id,episode_judge_id,rating) VALUES (60,18,5);
INSERT INTO Episode (episode_id, year,episode_number,image_id) VALUES (7, 2019, 7, 434);
INSERT INTO Episode_Judge (episode_judge_id,episode_id, judge_id) VALUES (19,7,20);
INSERT INTO Episode_Judge (episode_judge_id,episode_id, judge_id) VALUES (20,7,31);
INSERT INTO Episode_Judge (episode_judge_id,episode_id, judge_id) VALUES (21,7,95);
INSERT INTO Episode_Combo (episode_combo_id,episode_id, national_cuisine_id,cook_id,recipe_id) VALUES (61,6, 6, 52, 65);
INSERT INTO Rates (episode_comdo_id,episode_judge_id,rating) VALUES (61,19,4);
INSERT INTO Rates (episode_comdo_id,episode_judge_id,rating) VALUES (61,20,5);
INSERT INTO Rates (episode_comdo_id,episode_judge_id,rating) VALUES (61,21,3);
INSERT INTO Episode_Combo (episode_combo_id,episode_id, national_cuisine_id,cook_id,recipe_id) VALUES (62,6, 15, 53, 52);
INSERT INTO Rates (episode_comdo_id,episode_judge_id,rating) VALUES (62,19,3);
INSERT INTO Rates (episode_comdo_id,episode_judge_id,rating) VALUES (62,20,2);
INSERT INTO Rates (episode_comdo_id,episode_judge_id,rating) VALUES (62,21,2);
INSERT INTO Episode_Combo (episode_combo_id,episode_id, national_cuisine_id,cook_id,recipe_id) VALUES (63,6, 11, 1, 30);
INSERT INTO Rates (episode_comdo_id,episode_judge_id,rating) VALUES (63,19,2);
INSERT INTO Rates (episode_comdo_id,episode_judge_id,rating) VALUES (63,20,2);
INSERT INTO Rates (episode_comdo_id,episode_judge_id,rating) VALUES (63,21,4);
INSERT INTO Episode_Combo (episode_combo_id,episode_id, national_cuisine_id,cook_id,recipe_id) VALUES (64,6, 14, 10, 91);
INSERT INTO Rates (episode_comdo_id,episode_judge_id,rating) VALUES (64,19,4);
INSERT INTO Rates (episode_comdo_id,episode_judge_id,rating) VALUES (64,20,4);
INSERT INTO Rates (episode_comdo_id,episode_judge_id,rating) VALUES (64,21,5);
INSERT INTO Episode_Combo (episode_combo_id,episode_id, national_cuisine_id,cook_id,recipe_id) VALUES (65,6, 5, 76, 70);
INSERT INTO Rates (episode_comdo_id,episode_judge_id,rating) VALUES (65,19,3);
INSERT INTO Rates (episode_comdo_id,episode_judge_id,rating) VALUES (65,20,1);
INSERT INTO Rates (episode_comdo_id,episode_judge_id,rating) VALUES (65,21,2);
INSERT INTO Episode_Combo (episode_combo_id,episode_id, national_cuisine_id,cook_id,recipe_id) VALUES (66,6, 20, 22, 94);
INSERT INTO Rates (episode_comdo_id,episode_judge_id,rating) VALUES (66,19,4);
INSERT INTO Rates (episode_comdo_id,episode_judge_id,rating) VALUES (66,20,4);
INSERT INTO Rates (episode_comdo_id,episode_judge_id,rating) VALUES (66,21,5);
INSERT INTO Episode_Combo (episode_combo_id,episode_id, national_cuisine_id,cook_id,recipe_id) VALUES (67,6, 17, 89, 79);
INSERT INTO Rates (episode_comdo_id,episode_judge_id,rating) VALUES (67,19,2);
INSERT INTO Rates (episode_comdo_id,episode_judge_id,rating) VALUES (67,20,1);
INSERT INTO Rates (episode_comdo_id,episode_judge_id,rating) VALUES (67,21,5);
INSERT INTO Episode_Combo (episode_combo_id,episode_id, national_cuisine_id,cook_id,recipe_id) VALUES (68,6, 20, 91, 34);
INSERT INTO Rates (episode_comdo_id,episode_judge_id,rating) VALUES (68,19,5);
INSERT INTO Rates (episode_comdo_id,episode_judge_id,rating) VALUES (68,20,5);
INSERT INTO Rates (episode_comdo_id,episode_judge_id,rating) VALUES (68,21,3);
INSERT INTO Episode_Combo (episode_combo_id,episode_id, national_cuisine_id,cook_id,recipe_id) VALUES (69,6, 14, 69, 60);
INSERT INTO Rates (episode_comdo_id,episode_judge_id,rating) VALUES (69,19,1);
INSERT INTO Rates (episode_comdo_id,episode_judge_id,rating) VALUES (69,20,5);
INSERT INTO Rates (episode_comdo_id,episode_judge_id,rating) VALUES (69,21,4);
INSERT INTO Episode_Combo (episode_combo_id,episode_id, national_cuisine_id,cook_id,recipe_id) VALUES (70,6, 16, 85, 40);
INSERT INTO Rates (episode_comdo_id,episode_judge_id,rating) VALUES (70,19,3);
INSERT INTO Rates (episode_comdo_id,episode_judge_id,rating) VALUES (70,20,4);
INSERT INTO Rates (episode_comdo_id,episode_judge_id,rating) VALUES (70,21,3);
INSERT INTO Episode (episode_id, year,episode_number,image_id) VALUES (8, 2019, 8, 435);
INSERT INTO Episode_Judge (episode_judge_id,episode_id, judge_id) VALUES (22,8,11);
INSERT INTO Episode_Judge (episode_judge_id,episode_id, judge_id) VALUES (23,8,52);
INSERT INTO Episode_Judge (episode_judge_id,episode_id, judge_id) VALUES (24,8,44);
INSERT INTO Episode_Combo (episode_combo_id,episode_id, national_cuisine_id,cook_id,recipe_id) VALUES (71,7, 16, 64, 43);
INSERT INTO Rates (episode_comdo_id,episode_judge_id,rating) VALUES (71,22,1);
INSERT INTO Rates (episode_comdo_id,episode_judge_id,rating) VALUES (71,23,5);
INSERT INTO Rates (episode_comdo_id,episode_judge_id,rating) VALUES (71,24,3);
INSERT INTO Episode_Combo (episode_combo_id,episode_id, national_cuisine_id,cook_id,recipe_id) VALUES (72,7, 10, 59, 50);
INSERT INTO Rates (episode_comdo_id,episode_judge_id,rating) VALUES (72,22,3);
INSERT INTO Rates (episode_comdo_id,episode_judge_id,rating) VALUES (72,23,1);
INSERT INTO Rates (episode_comdo_id,episode_judge_id,rating) VALUES (72,24,3);
INSERT INTO Episode_Combo (episode_combo_id,episode_id, national_cuisine_id,cook_id,recipe_id) VALUES (73,7, 17, 8, 37);
INSERT INTO Rates (episode_comdo_id,episode_judge_id,rating) VALUES (73,22,5);
INSERT INTO Rates (episode_comdo_id,episode_judge_id,rating) VALUES (73,23,4);
INSERT INTO Rates (episode_comdo_id,episode_judge_id,rating) VALUES (73,24,4);
INSERT INTO Episode_Combo (episode_combo_id,episode_id, national_cuisine_id,cook_id,recipe_id) VALUES (74,7, 6, 17, 30);
INSERT INTO Rates (episode_comdo_id,episode_judge_id,rating) VALUES (74,22,4);
INSERT INTO Rates (episode_comdo_id,episode_judge_id,rating) VALUES (74,23,3);
INSERT INTO Rates (episode_comdo_id,episode_judge_id,rating) VALUES (74,24,1);
INSERT INTO Episode_Combo (episode_combo_id,episode_id, national_cuisine_id,cook_id,recipe_id) VALUES (75,7, 16, 92, 34);
INSERT INTO Rates (episode_comdo_id,episode_judge_id,rating) VALUES (75,22,1);
INSERT INTO Rates (episode_comdo_id,episode_judge_id,rating) VALUES (75,23,2);
INSERT INTO Rates (episode_comdo_id,episode_judge_id,rating) VALUES (75,24,2);
INSERT INTO Episode_Combo (episode_combo_id,episode_id, national_cuisine_id,cook_id,recipe_id) VALUES (76,7, 9, 99, 36);
INSERT INTO Rates (episode_comdo_id,episode_judge_id,rating) VALUES (76,22,4);
INSERT INTO Rates (episode_comdo_id,episode_judge_id,rating) VALUES (76,23,2);
INSERT INTO Rates (episode_comdo_id,episode_judge_id,rating) VALUES (76,24,4);
INSERT INTO Episode_Combo (episode_combo_id,episode_id, national_cuisine_id,cook_id,recipe_id) VALUES (77,7, 12, 13, 6);
INSERT INTO Rates (episode_comdo_id,episode_judge_id,rating) VALUES (77,22,3);
INSERT INTO Rates (episode_comdo_id,episode_judge_id,rating) VALUES (77,23,1);
INSERT INTO Rates (episode_comdo_id,episode_judge_id,rating) VALUES (77,24,1);
INSERT INTO Episode_Combo (episode_combo_id,episode_id, national_cuisine_id,cook_id,recipe_id) VALUES (78,7, 8, 24, 75);
INSERT INTO Rates (episode_comdo_id,episode_judge_id,rating) VALUES (78,22,5);
INSERT INTO Rates (episode_comdo_id,episode_judge_id,rating) VALUES (78,23,4);
INSERT INTO Rates (episode_comdo_id,episode_judge_id,rating) VALUES (78,24,5);
INSERT INTO Episode_Combo (episode_combo_id,episode_id, national_cuisine_id,cook_id,recipe_id) VALUES (79,7, 9, 91, 82);
INSERT INTO Rates (episode_comdo_id,episode_judge_id,rating) VALUES (79,22,5);
INSERT INTO Rates (episode_comdo_id,episode_judge_id,rating) VALUES (79,23,4);
INSERT INTO Rates (episode_comdo_id,episode_judge_id,rating) VALUES (79,24,1);
INSERT INTO Episode_Combo (episode_combo_id,episode_id, national_cuisine_id,cook_id,recipe_id) VALUES (80,7, 17, 29, 45);
INSERT INTO Rates (episode_comdo_id,episode_judge_id,rating) VALUES (80,22,2);
INSERT INTO Rates (episode_comdo_id,episode_judge_id,rating) VALUES (80,23,4);
INSERT INTO Rates (episode_comdo_id,episode_judge_id,rating) VALUES (80,24,2);
INSERT INTO Episode (episode_id, year,episode_number,image_id) VALUES (9, 2019, 9, 436);
INSERT INTO Episode_Judge (episode_judge_id,episode_id, judge_id) VALUES (25,9,27);
INSERT INTO Episode_Judge (episode_judge_id,episode_id, judge_id) VALUES (26,9,81);
INSERT INTO Episode_Judge (episode_judge_id,episode_id, judge_id) VALUES (27,9,31);
INSERT INTO Episode_Combo (episode_combo_id,episode_id, national_cuisine_id,cook_id,recipe_id) VALUES (81,8, 4, 44, 52);
INSERT INTO Rates (episode_comdo_id,episode_judge_id,rating) VALUES (81,25,5);
INSERT INTO Rates (episode_comdo_id,episode_judge_id,rating) VALUES (81,26,1);
INSERT INTO Rates (episode_comdo_id,episode_judge_id,rating) VALUES (81,27,4);
INSERT INTO Episode_Combo (episode_combo_id,episode_id, national_cuisine_id,cook_id,recipe_id) VALUES (82,8, 17, 7, 43);
INSERT INTO Rates (episode_comdo_id,episode_judge_id,rating) VALUES (82,25,3);
INSERT INTO Rates (episode_comdo_id,episode_judge_id,rating) VALUES (82,26,4);
INSERT INTO Rates (episode_comdo_id,episode_judge_id,rating) VALUES (82,27,3);
INSERT INTO Episode_Combo (episode_combo_id,episode_id, national_cuisine_id,cook_id,recipe_id) VALUES (83,8, 16, 62, 27);
INSERT INTO Rates (episode_comdo_id,episode_judge_id,rating) VALUES (83,25,4);
INSERT INTO Rates (episode_comdo_id,episode_judge_id,rating) VALUES (83,26,4);
INSERT INTO Rates (episode_comdo_id,episode_judge_id,rating) VALUES (83,27,5);
INSERT INTO Episode_Combo (episode_combo_id,episode_id, national_cuisine_id,cook_id,recipe_id) VALUES (84,8, 20, 23, 5);
INSERT INTO Rates (episode_comdo_id,episode_judge_id,rating) VALUES (84,25,3);
INSERT INTO Rates (episode_comdo_id,episode_judge_id,rating) VALUES (84,26,1);
INSERT INTO Rates (episode_comdo_id,episode_judge_id,rating) VALUES (84,27,3);
INSERT INTO Episode_Combo (episode_combo_id,episode_id, national_cuisine_id,cook_id,recipe_id) VALUES (85,8, 14, 37, 77);
INSERT INTO Rates (episode_comdo_id,episode_judge_id,rating) VALUES (85,25,3);
INSERT INTO Rates (episode_comdo_id,episode_judge_id,rating) VALUES (85,26,5);
INSERT INTO Rates (episode_comdo_id,episode_judge_id,rating) VALUES (85,27,1);
INSERT INTO Episode_Combo (episode_combo_id,episode_id, national_cuisine_id,cook_id,recipe_id) VALUES (86,8, 3, 55, 28);
INSERT INTO Rates (episode_comdo_id,episode_judge_id,rating) VALUES (86,25,5);
INSERT INTO Rates (episode_comdo_id,episode_judge_id,rating) VALUES (86,26,4);
INSERT INTO Rates (episode_comdo_id,episode_judge_id,rating) VALUES (86,27,3);
INSERT INTO Episode_Combo (episode_combo_id,episode_id, national_cuisine_id,cook_id,recipe_id) VALUES (87,8, 17, 65, 68);
INSERT INTO Rates (episode_comdo_id,episode_judge_id,rating) VALUES (87,25,3);
INSERT INTO Rates (episode_comdo_id,episode_judge_id,rating) VALUES (87,26,5);
INSERT INTO Rates (episode_comdo_id,episode_judge_id,rating) VALUES (87,27,5);
INSERT INTO Episode_Combo (episode_combo_id,episode_id, national_cuisine_id,cook_id,recipe_id) VALUES (88,8, 17, 81, 89);
INSERT INTO Rates (episode_comdo_id,episode_judge_id,rating) VALUES (88,25,4);
INSERT INTO Rates (episode_comdo_id,episode_judge_id,rating) VALUES (88,26,2);
INSERT INTO Rates (episode_comdo_id,episode_judge_id,rating) VALUES (88,27,3);
INSERT INTO Episode_Combo (episode_combo_id,episode_id, national_cuisine_id,cook_id,recipe_id) VALUES (89,8, 11, 92, 40);
INSERT INTO Rates (episode_comdo_id,episode_judge_id,rating) VALUES (89,25,5);
INSERT INTO Rates (episode_comdo_id,episode_judge_id,rating) VALUES (89,26,5);
INSERT INTO Rates (episode_comdo_id,episode_judge_id,rating) VALUES (89,27,5);
INSERT INTO Episode_Combo (episode_combo_id,episode_id, national_cuisine_id,cook_id,recipe_id) VALUES (90,8, 3, 36, 36);
INSERT INTO Rates (episode_comdo_id,episode_judge_id,rating) VALUES (90,25,4);
INSERT INTO Rates (episode_comdo_id,episode_judge_id,rating) VALUES (90,26,4);
INSERT INTO Rates (episode_comdo_id,episode_judge_id,rating) VALUES (90,27,2);
INSERT INTO Episode (episode_id, year,episode_number,image_id) VALUES (10, 2019, 10, 437);
INSERT INTO Episode_Judge (episode_judge_id,episode_id, judge_id) VALUES (28,10,73);
INSERT INTO Episode_Judge (episode_judge_id,episode_id, judge_id) VALUES (29,10,20);
INSERT INTO Episode_Judge (episode_judge_id,episode_id, judge_id) VALUES (30,10,5);
INSERT INTO Episode_Combo (episode_combo_id,episode_id, national_cuisine_id,cook_id,recipe_id) VALUES (91,9, 17, 88, 15);
INSERT INTO Rates (episode_comdo_id,episode_judge_id,rating) VALUES (91,28,5);
INSERT INTO Rates (episode_comdo_id,episode_judge_id,rating) VALUES (91,29,2);
INSERT INTO Rates (episode_comdo_id,episode_judge_id,rating) VALUES (91,30,5);
INSERT INTO Episode_Combo (episode_combo_id,episode_id, national_cuisine_id,cook_id,recipe_id) VALUES (92,9, 13, 63, 37);
INSERT INTO Rates (episode_comdo_id,episode_judge_id,rating) VALUES (92,28,1);
INSERT INTO Rates (episode_comdo_id,episode_judge_id,rating) VALUES (92,29,4);
INSERT INTO Rates (episode_comdo_id,episode_judge_id,rating) VALUES (92,30,3);
INSERT INTO Episode_Combo (episode_combo_id,episode_id, national_cuisine_id,cook_id,recipe_id) VALUES (93,9, 16, 40, 21);
INSERT INTO Rates (episode_comdo_id,episode_judge_id,rating) VALUES (93,28,4);
INSERT INTO Rates (episode_comdo_id,episode_judge_id,rating) VALUES (93,29,3);
INSERT INTO Rates (episode_comdo_id,episode_judge_id,rating) VALUES (93,30,5);
INSERT INTO Episode_Combo (episode_combo_id,episode_id, national_cuisine_id,cook_id,recipe_id) VALUES (94,9, 4, 48, 25);
INSERT INTO Rates (episode_comdo_id,episode_judge_id,rating) VALUES (94,28,2);
INSERT INTO Rates (episode_comdo_id,episode_judge_id,rating) VALUES (94,29,3);
INSERT INTO Rates (episode_comdo_id,episode_judge_id,rating) VALUES (94,30,4);
INSERT INTO Episode_Combo (episode_combo_id,episode_id, national_cuisine_id,cook_id,recipe_id) VALUES (95,9, 16, 75, 78);
INSERT INTO Rates (episode_comdo_id,episode_judge_id,rating) VALUES (95,28,2);
INSERT INTO Rates (episode_comdo_id,episode_judge_id,rating) VALUES (95,29,5);
INSERT INTO Rates (episode_comdo_id,episode_judge_id,rating) VALUES (95,30,2);
INSERT INTO Episode_Combo (episode_combo_id,episode_id, national_cuisine_id,cook_id,recipe_id) VALUES (96,9, 9, 10, 72);
INSERT INTO Rates (episode_comdo_id,episode_judge_id,rating) VALUES (96,28,5);
INSERT INTO Rates (episode_comdo_id,episode_judge_id,rating) VALUES (96,29,4);
INSERT INTO Rates (episode_comdo_id,episode_judge_id,rating) VALUES (96,30,2);
INSERT INTO Episode_Combo (episode_combo_id,episode_id, national_cuisine_id,cook_id,recipe_id) VALUES (97,9, 8, 90, 13);
INSERT INTO Rates (episode_comdo_id,episode_judge_id,rating) VALUES (97,28,3);
INSERT INTO Rates (episode_comdo_id,episode_judge_id,rating) VALUES (97,29,1);
INSERT INTO Rates (episode_comdo_id,episode_judge_id,rating) VALUES (97,30,2);
INSERT INTO Episode_Combo (episode_combo_id,episode_id, national_cuisine_id,cook_id,recipe_id) VALUES (98,9, 16, 64, 21);
INSERT INTO Rates (episode_comdo_id,episode_judge_id,rating) VALUES (98,28,5);
INSERT INTO Rates (episode_comdo_id,episode_judge_id,rating) VALUES (98,29,5);
INSERT INTO Rates (episode_comdo_id,episode_judge_id,rating) VALUES (98,30,2);
INSERT INTO Episode_Combo (episode_combo_id,episode_id, national_cuisine_id,cook_id,recipe_id) VALUES (99,9, 10, 51, 70);
INSERT INTO Rates (episode_comdo_id,episode_judge_id,rating) VALUES (99,28,4);
INSERT INTO Rates (episode_comdo_id,episode_judge_id,rating) VALUES (99,29,4);
INSERT INTO Rates (episode_comdo_id,episode_judge_id,rating) VALUES (99,30,3);
INSERT INTO Episode_Combo (episode_combo_id,episode_id, national_cuisine_id,cook_id,recipe_id) VALUES (100,9, 9, 2, 5);
INSERT INTO Rates (episode_comdo_id,episode_judge_id,rating) VALUES (100,28,4);
INSERT INTO Rates (episode_comdo_id,episode_judge_id,rating) VALUES (100,29,5);
INSERT INTO Rates (episode_comdo_id,episode_judge_id,rating) VALUES (100,30,2);
INSERT INTO Episode (episode_id, year,episode_number,image_id) VALUES (11, 2020, 1, 438);
INSERT INTO Episode_Judge (episode_judge_id,episode_id, judge_id) VALUES (31,11,92);
INSERT INTO Episode_Judge (episode_judge_id,episode_id, judge_id) VALUES (32,11,74);
INSERT INTO Episode_Judge (episode_judge_id,episode_id, judge_id) VALUES (33,11,83);
INSERT INTO Episode_Combo (episode_combo_id,episode_id, national_cuisine_id,cook_id,recipe_id) VALUES (101,10, 8, 83, 89);
INSERT INTO Rates (episode_comdo_id,episode_judge_id,rating) VALUES (101,31,1);
INSERT INTO Rates (episode_comdo_id,episode_judge_id,rating) VALUES (101,32,4);
INSERT INTO Rates (episode_comdo_id,episode_judge_id,rating) VALUES (101,33,5);
INSERT INTO Episode_Combo (episode_combo_id,episode_id, national_cuisine_id,cook_id,recipe_id) VALUES (102,10, 15, 83, 49);
INSERT INTO Rates (episode_comdo_id,episode_judge_id,rating) VALUES (102,31,5);
INSERT INTO Rates (episode_comdo_id,episode_judge_id,rating) VALUES (102,32,3);
INSERT INTO Rates (episode_comdo_id,episode_judge_id,rating) VALUES (102,33,5);
INSERT INTO Episode_Combo (episode_combo_id,episode_id, national_cuisine_id,cook_id,recipe_id) VALUES (103,10, 8, 2, 17);
INSERT INTO Rates (episode_comdo_id,episode_judge_id,rating) VALUES (103,31,2);
INSERT INTO Rates (episode_comdo_id,episode_judge_id,rating) VALUES (103,32,5);
INSERT INTO Rates (episode_comdo_id,episode_judge_id,rating) VALUES (103,33,3);
INSERT INTO Episode_Combo (episode_combo_id,episode_id, national_cuisine_id,cook_id,recipe_id) VALUES (104,10, 6, 29, 25);
INSERT INTO Rates (episode_comdo_id,episode_judge_id,rating) VALUES (104,31,3);
INSERT INTO Rates (episode_comdo_id,episode_judge_id,rating) VALUES (104,32,1);
INSERT INTO Rates (episode_comdo_id,episode_judge_id,rating) VALUES (104,33,2);
INSERT INTO Episode_Combo (episode_combo_id,episode_id, national_cuisine_id,cook_id,recipe_id) VALUES (105,10, 5, 99, 26);
INSERT INTO Rates (episode_comdo_id,episode_judge_id,rating) VALUES (105,31,5);
INSERT INTO Rates (episode_comdo_id,episode_judge_id,rating) VALUES (105,32,1);
INSERT INTO Rates (episode_comdo_id,episode_judge_id,rating) VALUES (105,33,1);
INSERT INTO Episode_Combo (episode_combo_id,episode_id, national_cuisine_id,cook_id,recipe_id) VALUES (106,10, 8, 96, 93);
INSERT INTO Rates (episode_comdo_id,episode_judge_id,rating) VALUES (106,31,1);
INSERT INTO Rates (episode_comdo_id,episode_judge_id,rating) VALUES (106,32,4);
INSERT INTO Rates (episode_comdo_id,episode_judge_id,rating) VALUES (106,33,5);
INSERT INTO Episode_Combo (episode_combo_id,episode_id, national_cuisine_id,cook_id,recipe_id) VALUES (107,10, 4, 58, 83);
INSERT INTO Rates (episode_comdo_id,episode_judge_id,rating) VALUES (107,31,1);
INSERT INTO Rates (episode_comdo_id,episode_judge_id,rating) VALUES (107,32,3);
INSERT INTO Rates (episode_comdo_id,episode_judge_id,rating) VALUES (107,33,1);
INSERT INTO Episode_Combo (episode_combo_id,episode_id, national_cuisine_id,cook_id,recipe_id) VALUES (108,10, 2, 56, 27);
INSERT INTO Rates (episode_comdo_id,episode_judge_id,rating) VALUES (108,31,1);
INSERT INTO Rates (episode_comdo_id,episode_judge_id,rating) VALUES (108,32,2);
INSERT INTO Rates (episode_comdo_id,episode_judge_id,rating) VALUES (108,33,4);
INSERT INTO Episode_Combo (episode_combo_id,episode_id, national_cuisine_id,cook_id,recipe_id) VALUES (109,10, 1, 66, 64);
INSERT INTO Rates (episode_comdo_id,episode_judge_id,rating) VALUES (109,31,4);
INSERT INTO Rates (episode_comdo_id,episode_judge_id,rating) VALUES (109,32,1);
INSERT INTO Rates (episode_comdo_id,episode_judge_id,rating) VALUES (109,33,3);
INSERT INTO Episode_Combo (episode_combo_id,episode_id, national_cuisine_id,cook_id,recipe_id) VALUES (110,10, 13, 79, 74);
INSERT INTO Rates (episode_comdo_id,episode_judge_id,rating) VALUES (110,31,2);
INSERT INTO Rates (episode_comdo_id,episode_judge_id,rating) VALUES (110,32,1);
INSERT INTO Rates (episode_comdo_id,episode_judge_id,rating) VALUES (110,33,5);
INSERT INTO Episode (episode_id, year,episode_number,image_id) VALUES (12, 2020, 2, 439);
INSERT INTO Episode_Judge (episode_judge_id,episode_id, judge_id) VALUES (34,12,76);
INSERT INTO Episode_Judge (episode_judge_id,episode_id, judge_id) VALUES (35,12,12);
INSERT INTO Episode_Judge (episode_judge_id,episode_id, judge_id) VALUES (36,12,74);
INSERT INTO Episode_Combo (episode_combo_id,episode_id, national_cuisine_id,cook_id,recipe_id) VALUES (111,11, 4, 98, 19);
INSERT INTO Rates (episode_comdo_id,episode_judge_id,rating) VALUES (111,34,4);
INSERT INTO Rates (episode_comdo_id,episode_judge_id,rating) VALUES (111,35,4);
INSERT INTO Rates (episode_comdo_id,episode_judge_id,rating) VALUES (111,36,1);
INSERT INTO Episode_Combo (episode_combo_id,episode_id, national_cuisine_id,cook_id,recipe_id) VALUES (112,11, 12, 40, 23);
INSERT INTO Rates (episode_comdo_id,episode_judge_id,rating) VALUES (112,34,3);
INSERT INTO Rates (episode_comdo_id,episode_judge_id,rating) VALUES (112,35,2);
INSERT INTO Rates (episode_comdo_id,episode_judge_id,rating) VALUES (112,36,1);
INSERT INTO Episode_Combo (episode_combo_id,episode_id, national_cuisine_id,cook_id,recipe_id) VALUES (113,11, 20, 100, 17);
INSERT INTO Rates (episode_comdo_id,episode_judge_id,rating) VALUES (113,34,2);
INSERT INTO Rates (episode_comdo_id,episode_judge_id,rating) VALUES (113,35,4);
INSERT INTO Rates (episode_comdo_id,episode_judge_id,rating) VALUES (113,36,3);
INSERT INTO Episode_Combo (episode_combo_id,episode_id, national_cuisine_id,cook_id,recipe_id) VALUES (114,11, 1, 30, 57);
INSERT INTO Rates (episode_comdo_id,episode_judge_id,rating) VALUES (114,34,1);
INSERT INTO Rates (episode_comdo_id,episode_judge_id,rating) VALUES (114,35,5);
INSERT INTO Rates (episode_comdo_id,episode_judge_id,rating) VALUES (114,36,2);
INSERT INTO Episode_Combo (episode_combo_id,episode_id, national_cuisine_id,cook_id,recipe_id) VALUES (115,11, 13, 6, 28);
INSERT INTO Rates (episode_comdo_id,episode_judge_id,rating) VALUES (115,34,4);
INSERT INTO Rates (episode_comdo_id,episode_judge_id,rating) VALUES (115,35,1);
INSERT INTO Rates (episode_comdo_id,episode_judge_id,rating) VALUES (115,36,4);
INSERT INTO Episode_Combo (episode_combo_id,episode_id, national_cuisine_id,cook_id,recipe_id) VALUES (116,11, 19, 67, 3);
INSERT INTO Rates (episode_comdo_id,episode_judge_id,rating) VALUES (116,34,1);
INSERT INTO Rates (episode_comdo_id,episode_judge_id,rating) VALUES (116,35,1);
INSERT INTO Rates (episode_comdo_id,episode_judge_id,rating) VALUES (116,36,2);
INSERT INTO Episode_Combo (episode_combo_id,episode_id, national_cuisine_id,cook_id,recipe_id) VALUES (117,11, 12, 98, 34);
INSERT INTO Rates (episode_comdo_id,episode_judge_id,rating) VALUES (117,34,3);
INSERT INTO Rates (episode_comdo_id,episode_judge_id,rating) VALUES (117,35,3);
INSERT INTO Rates (episode_comdo_id,episode_judge_id,rating) VALUES (117,36,3);
INSERT INTO Episode_Combo (episode_combo_id,episode_id, national_cuisine_id,cook_id,recipe_id) VALUES (118,11, 2, 26, 40);
INSERT INTO Rates (episode_comdo_id,episode_judge_id,rating) VALUES (118,34,4);
INSERT INTO Rates (episode_comdo_id,episode_judge_id,rating) VALUES (118,35,5);
INSERT INTO Rates (episode_comdo_id,episode_judge_id,rating) VALUES (118,36,4);
INSERT INTO Episode_Combo (episode_combo_id,episode_id, national_cuisine_id,cook_id,recipe_id) VALUES (119,11, 16, 5, 78);
INSERT INTO Rates (episode_comdo_id,episode_judge_id,rating) VALUES (119,34,1);
INSERT INTO Rates (episode_comdo_id,episode_judge_id,rating) VALUES (119,35,2);
INSERT INTO Rates (episode_comdo_id,episode_judge_id,rating) VALUES (119,36,5);
INSERT INTO Episode_Combo (episode_combo_id,episode_id, national_cuisine_id,cook_id,recipe_id) VALUES (120,11, 13, 59, 69);
INSERT INTO Rates (episode_comdo_id,episode_judge_id,rating) VALUES (120,34,2);
INSERT INTO Rates (episode_comdo_id,episode_judge_id,rating) VALUES (120,35,2);
INSERT INTO Rates (episode_comdo_id,episode_judge_id,rating) VALUES (120,36,5);
INSERT INTO Episode (episode_id, year,episode_number,image_id) VALUES (13, 2020, 3, 440);
INSERT INTO Episode_Judge (episode_judge_id,episode_id, judge_id) VALUES (37,13,33);
INSERT INTO Episode_Judge (episode_judge_id,episode_id, judge_id) VALUES (38,13,41);
INSERT INTO Episode_Judge (episode_judge_id,episode_id, judge_id) VALUES (39,13,68);
INSERT INTO Episode_Combo (episode_combo_id,episode_id, national_cuisine_id,cook_id,recipe_id) VALUES (121,12, 8, 4, 87);
INSERT INTO Rates (episode_comdo_id,episode_judge_id,rating) VALUES (121,37,1);
INSERT INTO Rates (episode_comdo_id,episode_judge_id,rating) VALUES (121,38,4);
INSERT INTO Rates (episode_comdo_id,episode_judge_id,rating) VALUES (121,39,3);
INSERT INTO Episode_Combo (episode_combo_id,episode_id, national_cuisine_id,cook_id,recipe_id) VALUES (122,12, 10, 97, 68);
INSERT INTO Rates (episode_comdo_id,episode_judge_id,rating) VALUES (122,37,4);
INSERT INTO Rates (episode_comdo_id,episode_judge_id,rating) VALUES (122,38,4);
INSERT INTO Rates (episode_comdo_id,episode_judge_id,rating) VALUES (122,39,2);
INSERT INTO Episode_Combo (episode_combo_id,episode_id, national_cuisine_id,cook_id,recipe_id) VALUES (123,12, 15, 75, 52);
INSERT INTO Rates (episode_comdo_id,episode_judge_id,rating) VALUES (123,37,4);
INSERT INTO Rates (episode_comdo_id,episode_judge_id,rating) VALUES (123,38,3);
INSERT INTO Rates (episode_comdo_id,episode_judge_id,rating) VALUES (123,39,1);
INSERT INTO Episode_Combo (episode_combo_id,episode_id, national_cuisine_id,cook_id,recipe_id) VALUES (124,12, 3, 38, 24);
INSERT INTO Rates (episode_comdo_id,episode_judge_id,rating) VALUES (124,37,4);
INSERT INTO Rates (episode_comdo_id,episode_judge_id,rating) VALUES (124,38,5);
INSERT INTO Rates (episode_comdo_id,episode_judge_id,rating) VALUES (124,39,2);
INSERT INTO Episode_Combo (episode_combo_id,episode_id, national_cuisine_id,cook_id,recipe_id) VALUES (125,12, 4, 46, 69);
INSERT INTO Rates (episode_comdo_id,episode_judge_id,rating) VALUES (125,37,4);
INSERT INTO Rates (episode_comdo_id,episode_judge_id,rating) VALUES (125,38,1);
INSERT INTO Rates (episode_comdo_id,episode_judge_id,rating) VALUES (125,39,3);
INSERT INTO Episode_Combo (episode_combo_id,episode_id, national_cuisine_id,cook_id,recipe_id) VALUES (126,12, 20, 92, 22);
INSERT INTO Rates (episode_comdo_id,episode_judge_id,rating) VALUES (126,37,4);
INSERT INTO Rates (episode_comdo_id,episode_judge_id,rating) VALUES (126,38,3);
INSERT INTO Rates (episode_comdo_id,episode_judge_id,rating) VALUES (126,39,5);
INSERT INTO Episode_Combo (episode_combo_id,episode_id, national_cuisine_id,cook_id,recipe_id) VALUES (127,12, 18, 20, 92);
INSERT INTO Rates (episode_comdo_id,episode_judge_id,rating) VALUES (127,37,3);
INSERT INTO Rates (episode_comdo_id,episode_judge_id,rating) VALUES (127,38,5);
INSERT INTO Rates (episode_comdo_id,episode_judge_id,rating) VALUES (127,39,2);
INSERT INTO Episode_Combo (episode_combo_id,episode_id, national_cuisine_id,cook_id,recipe_id) VALUES (128,12, 19, 14, 47);
INSERT INTO Rates (episode_comdo_id,episode_judge_id,rating) VALUES (128,37,1);
INSERT INTO Rates (episode_comdo_id,episode_judge_id,rating) VALUES (128,38,4);
INSERT INTO Rates (episode_comdo_id,episode_judge_id,rating) VALUES (128,39,3);
INSERT INTO Episode_Combo (episode_combo_id,episode_id, national_cuisine_id,cook_id,recipe_id) VALUES (129,12, 13, 3, 21);
INSERT INTO Rates (episode_comdo_id,episode_judge_id,rating) VALUES (129,37,4);
INSERT INTO Rates (episode_comdo_id,episode_judge_id,rating) VALUES (129,38,5);
INSERT INTO Rates (episode_comdo_id,episode_judge_id,rating) VALUES (129,39,4);
INSERT INTO Episode_Combo (episode_combo_id,episode_id, national_cuisine_id,cook_id,recipe_id) VALUES (130,12, 20, 64, 45);
INSERT INTO Rates (episode_comdo_id,episode_judge_id,rating) VALUES (130,37,4);
INSERT INTO Rates (episode_comdo_id,episode_judge_id,rating) VALUES (130,38,5);
INSERT INTO Rates (episode_comdo_id,episode_judge_id,rating) VALUES (130,39,2);
INSERT INTO Episode (episode_id, year,episode_number,image_id) VALUES (14, 2020, 4, 441);
INSERT INTO Episode_Judge (episode_judge_id,episode_id, judge_id) VALUES (40,14,12);
INSERT INTO Episode_Judge (episode_judge_id,episode_id, judge_id) VALUES (41,14,30);
INSERT INTO Episode_Judge (episode_judge_id,episode_id, judge_id) VALUES (42,14,26);
INSERT INTO Episode_Combo (episode_combo_id,episode_id, national_cuisine_id,cook_id,recipe_id) VALUES (131,13, 16, 70, 17);
INSERT INTO Rates (episode_comdo_id,episode_judge_id,rating) VALUES (131,40,1);
INSERT INTO Rates (episode_comdo_id,episode_judge_id,rating) VALUES (131,41,1);
INSERT INTO Rates (episode_comdo_id,episode_judge_id,rating) VALUES (131,42,5);
INSERT INTO Episode_Combo (episode_combo_id,episode_id, national_cuisine_id,cook_id,recipe_id) VALUES (132,13, 3, 48, 58);
INSERT INTO Rates (episode_comdo_id,episode_judge_id,rating) VALUES (132,40,4);
INSERT INTO Rates (episode_comdo_id,episode_judge_id,rating) VALUES (132,41,3);
INSERT INTO Rates (episode_comdo_id,episode_judge_id,rating) VALUES (132,42,1);
INSERT INTO Episode_Combo (episode_combo_id,episode_id, national_cuisine_id,cook_id,recipe_id) VALUES (133,13, 3, 31, 70);
INSERT INTO Rates (episode_comdo_id,episode_judge_id,rating) VALUES (133,40,1);
INSERT INTO Rates (episode_comdo_id,episode_judge_id,rating) VALUES (133,41,1);
INSERT INTO Rates (episode_comdo_id,episode_judge_id,rating) VALUES (133,42,5);
INSERT INTO Episode_Combo (episode_combo_id,episode_id, national_cuisine_id,cook_id,recipe_id) VALUES (134,13, 17, 74, 11);
INSERT INTO Rates (episode_comdo_id,episode_judge_id,rating) VALUES (134,40,4);
INSERT INTO Rates (episode_comdo_id,episode_judge_id,rating) VALUES (134,41,2);
INSERT INTO Rates (episode_comdo_id,episode_judge_id,rating) VALUES (134,42,4);
INSERT INTO Episode_Combo (episode_combo_id,episode_id, national_cuisine_id,cook_id,recipe_id) VALUES (135,13, 16, 8, 94);
INSERT INTO Rates (episode_comdo_id,episode_judge_id,rating) VALUES (135,40,1);
INSERT INTO Rates (episode_comdo_id,episode_judge_id,rating) VALUES (135,41,5);
INSERT INTO Rates (episode_comdo_id,episode_judge_id,rating) VALUES (135,42,5);
INSERT INTO Episode_Combo (episode_combo_id,episode_id, national_cuisine_id,cook_id,recipe_id) VALUES (136,13, 9, 23, 54);
INSERT INTO Rates (episode_comdo_id,episode_judge_id,rating) VALUES (136,40,5);
INSERT INTO Rates (episode_comdo_id,episode_judge_id,rating) VALUES (136,41,1);
INSERT INTO Rates (episode_comdo_id,episode_judge_id,rating) VALUES (136,42,5);
INSERT INTO Episode_Combo (episode_combo_id,episode_id, national_cuisine_id,cook_id,recipe_id) VALUES (137,13, 19, 51, 69);
INSERT INTO Rates (episode_comdo_id,episode_judge_id,rating) VALUES (137,40,3);
INSERT INTO Rates (episode_comdo_id,episode_judge_id,rating) VALUES (137,41,2);
INSERT INTO Rates (episode_comdo_id,episode_judge_id,rating) VALUES (137,42,3);
INSERT INTO Episode_Combo (episode_combo_id,episode_id, national_cuisine_id,cook_id,recipe_id) VALUES (138,13, 19, 65, 85);
INSERT INTO Rates (episode_comdo_id,episode_judge_id,rating) VALUES (138,40,1);
INSERT INTO Rates (episode_comdo_id,episode_judge_id,rating) VALUES (138,41,4);
INSERT INTO Rates (episode_comdo_id,episode_judge_id,rating) VALUES (138,42,1);
INSERT INTO Episode_Combo (episode_combo_id,episode_id, national_cuisine_id,cook_id,recipe_id) VALUES (139,13, 11, 30, 73);
INSERT INTO Rates (episode_comdo_id,episode_judge_id,rating) VALUES (139,40,3);
INSERT INTO Rates (episode_comdo_id,episode_judge_id,rating) VALUES (139,41,1);
INSERT INTO Rates (episode_comdo_id,episode_judge_id,rating) VALUES (139,42,1);
INSERT INTO Episode_Combo (episode_combo_id,episode_id, national_cuisine_id,cook_id,recipe_id) VALUES (140,13, 2, 19, 22);
INSERT INTO Rates (episode_comdo_id,episode_judge_id,rating) VALUES (140,40,4);
INSERT INTO Rates (episode_comdo_id,episode_judge_id,rating) VALUES (140,41,4);
INSERT INTO Rates (episode_comdo_id,episode_judge_id,rating) VALUES (140,42,5);
INSERT INTO Episode (episode_id, year,episode_number,image_id) VALUES (15, 2020, 5, 442);
INSERT INTO Episode_Judge (episode_judge_id,episode_id, judge_id) VALUES (43,15,13);
INSERT INTO Episode_Judge (episode_judge_id,episode_id, judge_id) VALUES (44,15,83);
INSERT INTO Episode_Judge (episode_judge_id,episode_id, judge_id) VALUES (45,15,37);
INSERT INTO Episode_Combo (episode_combo_id,episode_id, national_cuisine_id,cook_id,recipe_id) VALUES (141,14, 11, 25, 9);
INSERT INTO Rates (episode_comdo_id,episode_judge_id,rating) VALUES (141,43,5);
INSERT INTO Rates (episode_comdo_id,episode_judge_id,rating) VALUES (141,44,5);
INSERT INTO Rates (episode_comdo_id,episode_judge_id,rating) VALUES (141,45,4);
INSERT INTO Episode_Combo (episode_combo_id,episode_id, national_cuisine_id,cook_id,recipe_id) VALUES (142,14, 13, 94, 62);
INSERT INTO Rates (episode_comdo_id,episode_judge_id,rating) VALUES (142,43,5);
INSERT INTO Rates (episode_comdo_id,episode_judge_id,rating) VALUES (142,44,2);
INSERT INTO Rates (episode_comdo_id,episode_judge_id,rating) VALUES (142,45,5);
INSERT INTO Episode_Combo (episode_combo_id,episode_id, national_cuisine_id,cook_id,recipe_id) VALUES (143,14, 11, 77, 25);
INSERT INTO Rates (episode_comdo_id,episode_judge_id,rating) VALUES (143,43,5);
INSERT INTO Rates (episode_comdo_id,episode_judge_id,rating) VALUES (143,44,1);
INSERT INTO Rates (episode_comdo_id,episode_judge_id,rating) VALUES (143,45,2);
INSERT INTO Episode_Combo (episode_combo_id,episode_id, national_cuisine_id,cook_id,recipe_id) VALUES (144,14, 20, 23, 59);
INSERT INTO Rates (episode_comdo_id,episode_judge_id,rating) VALUES (144,43,5);
INSERT INTO Rates (episode_comdo_id,episode_judge_id,rating) VALUES (144,44,2);
INSERT INTO Rates (episode_comdo_id,episode_judge_id,rating) VALUES (144,45,1);
INSERT INTO Episode_Combo (episode_combo_id,episode_id, national_cuisine_id,cook_id,recipe_id) VALUES (145,14, 6, 48, 75);
INSERT INTO Rates (episode_comdo_id,episode_judge_id,rating) VALUES (145,43,4);
INSERT INTO Rates (episode_comdo_id,episode_judge_id,rating) VALUES (145,44,3);
INSERT INTO Rates (episode_comdo_id,episode_judge_id,rating) VALUES (145,45,4);
INSERT INTO Episode_Combo (episode_combo_id,episode_id, national_cuisine_id,cook_id,recipe_id) VALUES (146,14, 8, 9, 72);
INSERT INTO Rates (episode_comdo_id,episode_judge_id,rating) VALUES (146,43,4);
INSERT INTO Rates (episode_comdo_id,episode_judge_id,rating) VALUES (146,44,2);
INSERT INTO Rates (episode_comdo_id,episode_judge_id,rating) VALUES (146,45,3);
INSERT INTO Episode_Combo (episode_combo_id,episode_id, national_cuisine_id,cook_id,recipe_id) VALUES (147,14, 19, 99, 1);
INSERT INTO Rates (episode_comdo_id,episode_judge_id,rating) VALUES (147,43,4);
INSERT INTO Rates (episode_comdo_id,episode_judge_id,rating) VALUES (147,44,1);
INSERT INTO Rates (episode_comdo_id,episode_judge_id,rating) VALUES (147,45,3);
INSERT INTO Episode_Combo (episode_combo_id,episode_id, national_cuisine_id,cook_id,recipe_id) VALUES (148,14, 2, 87, 41);
INSERT INTO Rates (episode_comdo_id,episode_judge_id,rating) VALUES (148,43,4);
INSERT INTO Rates (episode_comdo_id,episode_judge_id,rating) VALUES (148,44,2);
INSERT INTO Rates (episode_comdo_id,episode_judge_id,rating) VALUES (148,45,2);
INSERT INTO Episode_Combo (episode_combo_id,episode_id, national_cuisine_id,cook_id,recipe_id) VALUES (149,14, 6, 28, 65);
INSERT INTO Rates (episode_comdo_id,episode_judge_id,rating) VALUES (149,43,4);
INSERT INTO Rates (episode_comdo_id,episode_judge_id,rating) VALUES (149,44,3);
INSERT INTO Rates (episode_comdo_id,episode_judge_id,rating) VALUES (149,45,1);
INSERT INTO Episode_Combo (episode_combo_id,episode_id, national_cuisine_id,cook_id,recipe_id) VALUES (150,14, 17, 49, 22);
INSERT INTO Rates (episode_comdo_id,episode_judge_id,rating) VALUES (150,43,4);
INSERT INTO Rates (episode_comdo_id,episode_judge_id,rating) VALUES (150,44,5);
INSERT INTO Rates (episode_comdo_id,episode_judge_id,rating) VALUES (150,45,2);
INSERT INTO Episode (episode_id, year,episode_number,image_id) VALUES (16, 2020, 6, 443);
INSERT INTO Episode_Judge (episode_judge_id,episode_id, judge_id) VALUES (46,16,36);
INSERT INTO Episode_Judge (episode_judge_id,episode_id, judge_id) VALUES (47,16,99);
INSERT INTO Episode_Judge (episode_judge_id,episode_id, judge_id) VALUES (48,16,13);
INSERT INTO Episode_Combo (episode_combo_id,episode_id, national_cuisine_id,cook_id,recipe_id) VALUES (151,15, 20, 47, 27);
INSERT INTO Rates (episode_comdo_id,episode_judge_id,rating) VALUES (151,46,5);
INSERT INTO Rates (episode_comdo_id,episode_judge_id,rating) VALUES (151,47,1);
INSERT INTO Rates (episode_comdo_id,episode_judge_id,rating) VALUES (151,48,2);
INSERT INTO Episode_Combo (episode_combo_id,episode_id, national_cuisine_id,cook_id,recipe_id) VALUES (152,15, 3, 48, 99);
INSERT INTO Rates (episode_comdo_id,episode_judge_id,rating) VALUES (152,46,1);
INSERT INTO Rates (episode_comdo_id,episode_judge_id,rating) VALUES (152,47,2);
INSERT INTO Rates (episode_comdo_id,episode_judge_id,rating) VALUES (152,48,4);
INSERT INTO Episode_Combo (episode_combo_id,episode_id, national_cuisine_id,cook_id,recipe_id) VALUES (153,15, 9, 22, 7);
INSERT INTO Rates (episode_comdo_id,episode_judge_id,rating) VALUES (153,46,1);
INSERT INTO Rates (episode_comdo_id,episode_judge_id,rating) VALUES (153,47,4);
INSERT INTO Rates (episode_comdo_id,episode_judge_id,rating) VALUES (153,48,5);
INSERT INTO Episode_Combo (episode_combo_id,episode_id, national_cuisine_id,cook_id,recipe_id) VALUES (154,15, 17, 70, 81);
INSERT INTO Rates (episode_comdo_id,episode_judge_id,rating) VALUES (154,46,2);
INSERT INTO Rates (episode_comdo_id,episode_judge_id,rating) VALUES (154,47,5);
INSERT INTO Rates (episode_comdo_id,episode_judge_id,rating) VALUES (154,48,5);
INSERT INTO Episode_Combo (episode_combo_id,episode_id, national_cuisine_id,cook_id,recipe_id) VALUES (155,15, 8, 50, 10);
INSERT INTO Rates (episode_comdo_id,episode_judge_id,rating) VALUES (155,46,5);
INSERT INTO Rates (episode_comdo_id,episode_judge_id,rating) VALUES (155,47,1);
INSERT INTO Rates (episode_comdo_id,episode_judge_id,rating) VALUES (155,48,4);
INSERT INTO Episode_Combo (episode_combo_id,episode_id, national_cuisine_id,cook_id,recipe_id) VALUES (156,15, 17, 80, 10);
INSERT INTO Rates (episode_comdo_id,episode_judge_id,rating) VALUES (156,46,1);
INSERT INTO Rates (episode_comdo_id,episode_judge_id,rating) VALUES (156,47,3);
INSERT INTO Rates (episode_comdo_id,episode_judge_id,rating) VALUES (156,48,3);
INSERT INTO Episode_Combo (episode_combo_id,episode_id, national_cuisine_id,cook_id,recipe_id) VALUES (157,15, 20, 3, 69);
INSERT INTO Rates (episode_comdo_id,episode_judge_id,rating) VALUES (157,46,1);
INSERT INTO Rates (episode_comdo_id,episode_judge_id,rating) VALUES (157,47,4);
INSERT INTO Rates (episode_comdo_id,episode_judge_id,rating) VALUES (157,48,3);
INSERT INTO Episode_Combo (episode_combo_id,episode_id, national_cuisine_id,cook_id,recipe_id) VALUES (158,15, 13, 8, 98);
INSERT INTO Rates (episode_comdo_id,episode_judge_id,rating) VALUES (158,46,4);
INSERT INTO Rates (episode_comdo_id,episode_judge_id,rating) VALUES (158,47,1);
INSERT INTO Rates (episode_comdo_id,episode_judge_id,rating) VALUES (158,48,3);
INSERT INTO Episode_Combo (episode_combo_id,episode_id, national_cuisine_id,cook_id,recipe_id) VALUES (159,15, 16, 6, 60);
INSERT INTO Rates (episode_comdo_id,episode_judge_id,rating) VALUES (159,46,3);
INSERT INTO Rates (episode_comdo_id,episode_judge_id,rating) VALUES (159,47,1);
INSERT INTO Rates (episode_comdo_id,episode_judge_id,rating) VALUES (159,48,5);
INSERT INTO Episode_Combo (episode_combo_id,episode_id, national_cuisine_id,cook_id,recipe_id) VALUES (160,15, 9, 36, 19);
INSERT INTO Rates (episode_comdo_id,episode_judge_id,rating) VALUES (160,46,5);
INSERT INTO Rates (episode_comdo_id,episode_judge_id,rating) VALUES (160,47,2);
INSERT INTO Rates (episode_comdo_id,episode_judge_id,rating) VALUES (160,48,4);
INSERT INTO Episode (episode_id, year,episode_number,image_id) VALUES (17, 2020, 7, 444);
INSERT INTO Episode_Judge (episode_judge_id,episode_id, judge_id) VALUES (49,17,47);
INSERT INTO Episode_Judge (episode_judge_id,episode_id, judge_id) VALUES (50,17,10);
INSERT INTO Episode_Judge (episode_judge_id,episode_id, judge_id) VALUES (51,17,43);
INSERT INTO Episode_Combo (episode_combo_id,episode_id, national_cuisine_id,cook_id,recipe_id) VALUES (161,16, 15, 25, 80);
INSERT INTO Rates (episode_comdo_id,episode_judge_id,rating) VALUES (161,49,4);
INSERT INTO Rates (episode_comdo_id,episode_judge_id,rating) VALUES (161,50,2);
INSERT INTO Rates (episode_comdo_id,episode_judge_id,rating) VALUES (161,51,4);
INSERT INTO Episode_Combo (episode_combo_id,episode_id, national_cuisine_id,cook_id,recipe_id) VALUES (162,16, 4, 99, 32);
INSERT INTO Rates (episode_comdo_id,episode_judge_id,rating) VALUES (162,49,4);
INSERT INTO Rates (episode_comdo_id,episode_judge_id,rating) VALUES (162,50,2);
INSERT INTO Rates (episode_comdo_id,episode_judge_id,rating) VALUES (162,51,2);
INSERT INTO Episode_Combo (episode_combo_id,episode_id, national_cuisine_id,cook_id,recipe_id) VALUES (163,16, 8, 61, 71);
INSERT INTO Rates (episode_comdo_id,episode_judge_id,rating) VALUES (163,49,3);
INSERT INTO Rates (episode_comdo_id,episode_judge_id,rating) VALUES (163,50,5);
INSERT INTO Rates (episode_comdo_id,episode_judge_id,rating) VALUES (163,51,2);
INSERT INTO Episode_Combo (episode_combo_id,episode_id, national_cuisine_id,cook_id,recipe_id) VALUES (164,16, 2, 3, 50);
INSERT INTO Rates (episode_comdo_id,episode_judge_id,rating) VALUES (164,49,3);
INSERT INTO Rates (episode_comdo_id,episode_judge_id,rating) VALUES (164,50,3);
INSERT INTO Rates (episode_comdo_id,episode_judge_id,rating) VALUES (164,51,4);
INSERT INTO Episode_Combo (episode_combo_id,episode_id, national_cuisine_id,cook_id,recipe_id) VALUES (165,16, 19, 69, 27);
INSERT INTO Rates (episode_comdo_id,episode_judge_id,rating) VALUES (165,49,4);
INSERT INTO Rates (episode_comdo_id,episode_judge_id,rating) VALUES (165,50,5);
INSERT INTO Rates (episode_comdo_id,episode_judge_id,rating) VALUES (165,51,5);
INSERT INTO Episode_Combo (episode_combo_id,episode_id, national_cuisine_id,cook_id,recipe_id) VALUES (166,16, 19, 86, 81);
INSERT INTO Rates (episode_comdo_id,episode_judge_id,rating) VALUES (166,49,2);
INSERT INTO Rates (episode_comdo_id,episode_judge_id,rating) VALUES (166,50,5);
INSERT INTO Rates (episode_comdo_id,episode_judge_id,rating) VALUES (166,51,1);
INSERT INTO Episode_Combo (episode_combo_id,episode_id, national_cuisine_id,cook_id,recipe_id) VALUES (167,16, 2, 31, 6);
INSERT INTO Rates (episode_comdo_id,episode_judge_id,rating) VALUES (167,49,1);
INSERT INTO Rates (episode_comdo_id,episode_judge_id,rating) VALUES (167,50,5);
INSERT INTO Rates (episode_comdo_id,episode_judge_id,rating) VALUES (167,51,1);
INSERT INTO Episode_Combo (episode_combo_id,episode_id, national_cuisine_id,cook_id,recipe_id) VALUES (168,16, 8, 16, 88);
INSERT INTO Rates (episode_comdo_id,episode_judge_id,rating) VALUES (168,49,2);
INSERT INTO Rates (episode_comdo_id,episode_judge_id,rating) VALUES (168,50,5);
INSERT INTO Rates (episode_comdo_id,episode_judge_id,rating) VALUES (168,51,3);
INSERT INTO Episode_Combo (episode_combo_id,episode_id, national_cuisine_id,cook_id,recipe_id) VALUES (169,16, 4, 53, 36);
INSERT INTO Rates (episode_comdo_id,episode_judge_id,rating) VALUES (169,49,4);
INSERT INTO Rates (episode_comdo_id,episode_judge_id,rating) VALUES (169,50,5);
INSERT INTO Rates (episode_comdo_id,episode_judge_id,rating) VALUES (169,51,1);
INSERT INTO Episode_Combo (episode_combo_id,episode_id, national_cuisine_id,cook_id,recipe_id) VALUES (170,16, 4, 28, 52);
INSERT INTO Rates (episode_comdo_id,episode_judge_id,rating) VALUES (170,49,1);
INSERT INTO Rates (episode_comdo_id,episode_judge_id,rating) VALUES (170,50,4);
INSERT INTO Rates (episode_comdo_id,episode_judge_id,rating) VALUES (170,51,1);
INSERT INTO Episode (episode_id, year,episode_number,image_id) VALUES (18, 2020, 8, 445);
INSERT INTO Episode_Judge (episode_judge_id,episode_id, judge_id) VALUES (52,18,13);
INSERT INTO Episode_Judge (episode_judge_id,episode_id, judge_id) VALUES (53,18,5);
INSERT INTO Episode_Judge (episode_judge_id,episode_id, judge_id) VALUES (54,18,13);
INSERT INTO Episode_Combo (episode_combo_id,episode_id, national_cuisine_id,cook_id,recipe_id) VALUES (171,17, 17, 53, 49);
INSERT INTO Rates (episode_comdo_id,episode_judge_id,rating) VALUES (171,52,4);
INSERT INTO Rates (episode_comdo_id,episode_judge_id,rating) VALUES (171,53,4);
INSERT INTO Rates (episode_comdo_id,episode_judge_id,rating) VALUES (171,54,3);
INSERT INTO Episode_Combo (episode_combo_id,episode_id, national_cuisine_id,cook_id,recipe_id) VALUES (172,17, 16, 70, 48);
INSERT INTO Rates (episode_comdo_id,episode_judge_id,rating) VALUES (172,52,3);
INSERT INTO Rates (episode_comdo_id,episode_judge_id,rating) VALUES (172,53,4);
INSERT INTO Rates (episode_comdo_id,episode_judge_id,rating) VALUES (172,54,3);
INSERT INTO Episode_Combo (episode_combo_id,episode_id, national_cuisine_id,cook_id,recipe_id) VALUES (173,17, 1, 22, 44);
INSERT INTO Rates (episode_comdo_id,episode_judge_id,rating) VALUES (173,52,2);
INSERT INTO Rates (episode_comdo_id,episode_judge_id,rating) VALUES (173,53,4);
INSERT INTO Rates (episode_comdo_id,episode_judge_id,rating) VALUES (173,54,1);
INSERT INTO Episode_Combo (episode_combo_id,episode_id, national_cuisine_id,cook_id,recipe_id) VALUES (174,17, 18, 68, 12);
INSERT INTO Rates (episode_comdo_id,episode_judge_id,rating) VALUES (174,52,2);
INSERT INTO Rates (episode_comdo_id,episode_judge_id,rating) VALUES (174,53,5);
INSERT INTO Rates (episode_comdo_id,episode_judge_id,rating) VALUES (174,54,5);
INSERT INTO Episode_Combo (episode_combo_id,episode_id, national_cuisine_id,cook_id,recipe_id) VALUES (175,17, 15, 46, 100);
INSERT INTO Rates (episode_comdo_id,episode_judge_id,rating) VALUES (175,52,2);
INSERT INTO Rates (episode_comdo_id,episode_judge_id,rating) VALUES (175,53,4);
INSERT INTO Rates (episode_comdo_id,episode_judge_id,rating) VALUES (175,54,4);
INSERT INTO Episode_Combo (episode_combo_id,episode_id, national_cuisine_id,cook_id,recipe_id) VALUES (176,17, 18, 77, 29);
INSERT INTO Rates (episode_comdo_id,episode_judge_id,rating) VALUES (176,52,3);
INSERT INTO Rates (episode_comdo_id,episode_judge_id,rating) VALUES (176,53,1);
INSERT INTO Rates (episode_comdo_id,episode_judge_id,rating) VALUES (176,54,1);
INSERT INTO Episode_Combo (episode_combo_id,episode_id, national_cuisine_id,cook_id,recipe_id) VALUES (177,17, 8, 33, 25);
INSERT INTO Rates (episode_comdo_id,episode_judge_id,rating) VALUES (177,52,5);
INSERT INTO Rates (episode_comdo_id,episode_judge_id,rating) VALUES (177,53,1);
INSERT INTO Rates (episode_comdo_id,episode_judge_id,rating) VALUES (177,54,4);
INSERT INTO Episode_Combo (episode_combo_id,episode_id, national_cuisine_id,cook_id,recipe_id) VALUES (178,17, 17, 8, 66);
INSERT INTO Rates (episode_comdo_id,episode_judge_id,rating) VALUES (178,52,1);
INSERT INTO Rates (episode_comdo_id,episode_judge_id,rating) VALUES (178,53,4);
INSERT INTO Rates (episode_comdo_id,episode_judge_id,rating) VALUES (178,54,1);
INSERT INTO Episode_Combo (episode_combo_id,episode_id, national_cuisine_id,cook_id,recipe_id) VALUES (179,17, 7, 10, 81);
INSERT INTO Rates (episode_comdo_id,episode_judge_id,rating) VALUES (179,52,5);
INSERT INTO Rates (episode_comdo_id,episode_judge_id,rating) VALUES (179,53,1);
INSERT INTO Rates (episode_comdo_id,episode_judge_id,rating) VALUES (179,54,2);
INSERT INTO Episode_Combo (episode_combo_id,episode_id, national_cuisine_id,cook_id,recipe_id) VALUES (180,17, 7, 39, 96);
INSERT INTO Rates (episode_comdo_id,episode_judge_id,rating) VALUES (180,52,4);
INSERT INTO Rates (episode_comdo_id,episode_judge_id,rating) VALUES (180,53,2);
INSERT INTO Rates (episode_comdo_id,episode_judge_id,rating) VALUES (180,54,4);
INSERT INTO Episode (episode_id, year,episode_number,image_id) VALUES (19, 2020, 9, 446);
INSERT INTO Episode_Judge (episode_judge_id,episode_id, judge_id) VALUES (55,19,41);
INSERT INTO Episode_Judge (episode_judge_id,episode_id, judge_id) VALUES (56,19,77);
INSERT INTO Episode_Judge (episode_judge_id,episode_id, judge_id) VALUES (57,19,58);
INSERT INTO Episode_Combo (episode_combo_id,episode_id, national_cuisine_id,cook_id,recipe_id) VALUES (181,18, 5, 72, 36);
INSERT INTO Rates (episode_comdo_id,episode_judge_id,rating) VALUES (181,55,3);
INSERT INTO Rates (episode_comdo_id,episode_judge_id,rating) VALUES (181,56,5);
INSERT INTO Rates (episode_comdo_id,episode_judge_id,rating) VALUES (181,57,5);
INSERT INTO Episode_Combo (episode_combo_id,episode_id, national_cuisine_id,cook_id,recipe_id) VALUES (182,18, 16, 14, 85);
INSERT INTO Rates (episode_comdo_id,episode_judge_id,rating) VALUES (182,55,3);
INSERT INTO Rates (episode_comdo_id,episode_judge_id,rating) VALUES (182,56,3);
INSERT INTO Rates (episode_comdo_id,episode_judge_id,rating) VALUES (182,57,5);
INSERT INTO Episode_Combo (episode_combo_id,episode_id, national_cuisine_id,cook_id,recipe_id) VALUES (183,18, 10, 37, 92);
INSERT INTO Rates (episode_comdo_id,episode_judge_id,rating) VALUES (183,55,5);
INSERT INTO Rates (episode_comdo_id,episode_judge_id,rating) VALUES (183,56,2);
INSERT INTO Rates (episode_comdo_id,episode_judge_id,rating) VALUES (183,57,2);
INSERT INTO Episode_Combo (episode_combo_id,episode_id, national_cuisine_id,cook_id,recipe_id) VALUES (184,18, 5, 5, 65);
INSERT INTO Rates (episode_comdo_id,episode_judge_id,rating) VALUES (184,55,5);
INSERT INTO Rates (episode_comdo_id,episode_judge_id,rating) VALUES (184,56,1);
INSERT INTO Rates (episode_comdo_id,episode_judge_id,rating) VALUES (184,57,4);
INSERT INTO Episode_Combo (episode_combo_id,episode_id, national_cuisine_id,cook_id,recipe_id) VALUES (185,18, 13, 6, 86);
INSERT INTO Rates (episode_comdo_id,episode_judge_id,rating) VALUES (185,55,2);
INSERT INTO Rates (episode_comdo_id,episode_judge_id,rating) VALUES (185,56,5);
INSERT INTO Rates (episode_comdo_id,episode_judge_id,rating) VALUES (185,57,1);
INSERT INTO Episode_Combo (episode_combo_id,episode_id, national_cuisine_id,cook_id,recipe_id) VALUES (186,18, 7, 7, 31);
INSERT INTO Rates (episode_comdo_id,episode_judge_id,rating) VALUES (186,55,5);
INSERT INTO Rates (episode_comdo_id,episode_judge_id,rating) VALUES (186,56,1);
INSERT INTO Rates (episode_comdo_id,episode_judge_id,rating) VALUES (186,57,3);
INSERT INTO Episode_Combo (episode_combo_id,episode_id, national_cuisine_id,cook_id,recipe_id) VALUES (187,18, 13, 76, 47);
INSERT INTO Rates (episode_comdo_id,episode_judge_id,rating) VALUES (187,55,2);
INSERT INTO Rates (episode_comdo_id,episode_judge_id,rating) VALUES (187,56,5);
INSERT INTO Rates (episode_comdo_id,episode_judge_id,rating) VALUES (187,57,2);
INSERT INTO Episode_Combo (episode_combo_id,episode_id, national_cuisine_id,cook_id,recipe_id) VALUES (188,18, 11, 92, 39);
INSERT INTO Rates (episode_comdo_id,episode_judge_id,rating) VALUES (188,55,1);
INSERT INTO Rates (episode_comdo_id,episode_judge_id,rating) VALUES (188,56,4);
INSERT INTO Rates (episode_comdo_id,episode_judge_id,rating) VALUES (188,57,5);
INSERT INTO Episode_Combo (episode_combo_id,episode_id, national_cuisine_id,cook_id,recipe_id) VALUES (189,18, 2, 73, 5);
INSERT INTO Rates (episode_comdo_id,episode_judge_id,rating) VALUES (189,55,3);
INSERT INTO Rates (episode_comdo_id,episode_judge_id,rating) VALUES (189,56,1);
INSERT INTO Rates (episode_comdo_id,episode_judge_id,rating) VALUES (189,57,4);
INSERT INTO Episode_Combo (episode_combo_id,episode_id, national_cuisine_id,cook_id,recipe_id) VALUES (190,18, 17, 16, 31);
INSERT INTO Rates (episode_comdo_id,episode_judge_id,rating) VALUES (190,55,2);
INSERT INTO Rates (episode_comdo_id,episode_judge_id,rating) VALUES (190,56,2);
INSERT INTO Rates (episode_comdo_id,episode_judge_id,rating) VALUES (190,57,5);
INSERT INTO Episode (episode_id, year,episode_number,image_id) VALUES (20, 2020, 10, 447);
INSERT INTO Episode_Judge (episode_judge_id,episode_id, judge_id) VALUES (58,20,87);
INSERT INTO Episode_Judge (episode_judge_id,episode_id, judge_id) VALUES (59,20,61);
INSERT INTO Episode_Judge (episode_judge_id,episode_id, judge_id) VALUES (60,20,57);
INSERT INTO Episode_Combo (episode_combo_id,episode_id, national_cuisine_id,cook_id,recipe_id) VALUES (191,19, 20, 67, 29);
INSERT INTO Rates (episode_comdo_id,episode_judge_id,rating) VALUES (191,58,4);
INSERT INTO Rates (episode_comdo_id,episode_judge_id,rating) VALUES (191,59,5);
INSERT INTO Rates (episode_comdo_id,episode_judge_id,rating) VALUES (191,60,2);
INSERT INTO Episode_Combo (episode_combo_id,episode_id, national_cuisine_id,cook_id,recipe_id) VALUES (192,19, 3, 81, 84);
INSERT INTO Rates (episode_comdo_id,episode_judge_id,rating) VALUES (192,58,5);
INSERT INTO Rates (episode_comdo_id,episode_judge_id,rating) VALUES (192,59,5);
INSERT INTO Rates (episode_comdo_id,episode_judge_id,rating) VALUES (192,60,2);
INSERT INTO Episode_Combo (episode_combo_id,episode_id, national_cuisine_id,cook_id,recipe_id) VALUES (193,19, 15, 59, 37);
INSERT INTO Rates (episode_comdo_id,episode_judge_id,rating) VALUES (193,58,5);
INSERT INTO Rates (episode_comdo_id,episode_judge_id,rating) VALUES (193,59,1);
INSERT INTO Rates (episode_comdo_id,episode_judge_id,rating) VALUES (193,60,4);
INSERT INTO Episode_Combo (episode_combo_id,episode_id, national_cuisine_id,cook_id,recipe_id) VALUES (194,19, 3, 86, 74);
INSERT INTO Rates (episode_comdo_id,episode_judge_id,rating) VALUES (194,58,1);
INSERT INTO Rates (episode_comdo_id,episode_judge_id,rating) VALUES (194,59,5);
INSERT INTO Rates (episode_comdo_id,episode_judge_id,rating) VALUES (194,60,3);
INSERT INTO Episode_Combo (episode_combo_id,episode_id, national_cuisine_id,cook_id,recipe_id) VALUES (195,19, 20, 76, 17);
INSERT INTO Rates (episode_comdo_id,episode_judge_id,rating) VALUES (195,58,5);
INSERT INTO Rates (episode_comdo_id,episode_judge_id,rating) VALUES (195,59,5);
INSERT INTO Rates (episode_comdo_id,episode_judge_id,rating) VALUES (195,60,5);
INSERT INTO Episode_Combo (episode_combo_id,episode_id, national_cuisine_id,cook_id,recipe_id) VALUES (196,19, 20, 4, 28);
INSERT INTO Rates (episode_comdo_id,episode_judge_id,rating) VALUES (196,58,4);
INSERT INTO Rates (episode_comdo_id,episode_judge_id,rating) VALUES (196,59,2);
INSERT INTO Rates (episode_comdo_id,episode_judge_id,rating) VALUES (196,60,4);
INSERT INTO Episode_Combo (episode_combo_id,episode_id, national_cuisine_id,cook_id,recipe_id) VALUES (197,19, 13, 10, 40);
INSERT INTO Rates (episode_comdo_id,episode_judge_id,rating) VALUES (197,58,2);
INSERT INTO Rates (episode_comdo_id,episode_judge_id,rating) VALUES (197,59,3);
INSERT INTO Rates (episode_comdo_id,episode_judge_id,rating) VALUES (197,60,5);
INSERT INTO Episode_Combo (episode_combo_id,episode_id, national_cuisine_id,cook_id,recipe_id) VALUES (198,19, 6, 80, 51);
INSERT INTO Rates (episode_comdo_id,episode_judge_id,rating) VALUES (198,58,3);
INSERT INTO Rates (episode_comdo_id,episode_judge_id,rating) VALUES (198,59,5);
INSERT INTO Rates (episode_comdo_id,episode_judge_id,rating) VALUES (198,60,2);
INSERT INTO Episode_Combo (episode_combo_id,episode_id, national_cuisine_id,cook_id,recipe_id) VALUES (199,19, 16, 53, 87);
INSERT INTO Rates (episode_comdo_id,episode_judge_id,rating) VALUES (199,58,3);
INSERT INTO Rates (episode_comdo_id,episode_judge_id,rating) VALUES (199,59,2);
INSERT INTO Rates (episode_comdo_id,episode_judge_id,rating) VALUES (199,60,5);
INSERT INTO Episode_Combo (episode_combo_id,episode_id, national_cuisine_id,cook_id,recipe_id) VALUES (200,19, 18, 40, 63);
INSERT INTO Rates (episode_comdo_id,episode_judge_id,rating) VALUES (200,58,5);
INSERT INTO Rates (episode_comdo_id,episode_judge_id,rating) VALUES (200,59,3);
INSERT INTO Rates (episode_comdo_id,episode_judge_id,rating) VALUES (200,60,5);
INSERT INTO Episode (episode_id, year,episode_number,image_id) VALUES (21, 2021, 1, 448);
INSERT INTO Episode_Judge (episode_judge_id,episode_id, judge_id) VALUES (61,21,15);
INSERT INTO Episode_Judge (episode_judge_id,episode_id, judge_id) VALUES (62,21,34);
INSERT INTO Episode_Judge (episode_judge_id,episode_id, judge_id) VALUES (63,21,43);
INSERT INTO Episode_Combo (episode_combo_id,episode_id, national_cuisine_id,cook_id,recipe_id) VALUES (201,20, 5, 75, 71);
INSERT INTO Rates (episode_comdo_id,episode_judge_id,rating) VALUES (201,61,2);
INSERT INTO Rates (episode_comdo_id,episode_judge_id,rating) VALUES (201,62,1);
INSERT INTO Rates (episode_comdo_id,episode_judge_id,rating) VALUES (201,63,4);
INSERT INTO Episode_Combo (episode_combo_id,episode_id, national_cuisine_id,cook_id,recipe_id) VALUES (202,20, 3, 87, 45);
INSERT INTO Rates (episode_comdo_id,episode_judge_id,rating) VALUES (202,61,5);
INSERT INTO Rates (episode_comdo_id,episode_judge_id,rating) VALUES (202,62,4);
INSERT INTO Rates (episode_comdo_id,episode_judge_id,rating) VALUES (202,63,4);
INSERT INTO Episode_Combo (episode_combo_id,episode_id, national_cuisine_id,cook_id,recipe_id) VALUES (203,20, 10, 8, 45);
INSERT INTO Rates (episode_comdo_id,episode_judge_id,rating) VALUES (203,61,1);
INSERT INTO Rates (episode_comdo_id,episode_judge_id,rating) VALUES (203,62,2);
INSERT INTO Rates (episode_comdo_id,episode_judge_id,rating) VALUES (203,63,5);
INSERT INTO Episode_Combo (episode_combo_id,episode_id, national_cuisine_id,cook_id,recipe_id) VALUES (204,20, 18, 50, 53);
INSERT INTO Rates (episode_comdo_id,episode_judge_id,rating) VALUES (204,61,5);
INSERT INTO Rates (episode_comdo_id,episode_judge_id,rating) VALUES (204,62,4);
INSERT INTO Rates (episode_comdo_id,episode_judge_id,rating) VALUES (204,63,5);
INSERT INTO Episode_Combo (episode_combo_id,episode_id, national_cuisine_id,cook_id,recipe_id) VALUES (205,20, 10, 30, 86);
INSERT INTO Rates (episode_comdo_id,episode_judge_id,rating) VALUES (205,61,2);
INSERT INTO Rates (episode_comdo_id,episode_judge_id,rating) VALUES (205,62,4);
INSERT INTO Rates (episode_comdo_id,episode_judge_id,rating) VALUES (205,63,2);
INSERT INTO Episode_Combo (episode_combo_id,episode_id, national_cuisine_id,cook_id,recipe_id) VALUES (206,20, 7, 95, 49);
INSERT INTO Rates (episode_comdo_id,episode_judge_id,rating) VALUES (206,61,5);
INSERT INTO Rates (episode_comdo_id,episode_judge_id,rating) VALUES (206,62,3);
INSERT INTO Rates (episode_comdo_id,episode_judge_id,rating) VALUES (206,63,2);
INSERT INTO Episode_Combo (episode_combo_id,episode_id, national_cuisine_id,cook_id,recipe_id) VALUES (207,20, 11, 69, 50);
INSERT INTO Rates (episode_comdo_id,episode_judge_id,rating) VALUES (207,61,4);
INSERT INTO Rates (episode_comdo_id,episode_judge_id,rating) VALUES (207,62,5);
INSERT INTO Rates (episode_comdo_id,episode_judge_id,rating) VALUES (207,63,1);
INSERT INTO Episode_Combo (episode_combo_id,episode_id, national_cuisine_id,cook_id,recipe_id) VALUES (208,20, 16, 67, 73);
INSERT INTO Rates (episode_comdo_id,episode_judge_id,rating) VALUES (208,61,3);
INSERT INTO Rates (episode_comdo_id,episode_judge_id,rating) VALUES (208,62,3);
INSERT INTO Rates (episode_comdo_id,episode_judge_id,rating) VALUES (208,63,1);
INSERT INTO Episode_Combo (episode_combo_id,episode_id, national_cuisine_id,cook_id,recipe_id) VALUES (209,20, 9, 16, 19);
INSERT INTO Rates (episode_comdo_id,episode_judge_id,rating) VALUES (209,61,1);
INSERT INTO Rates (episode_comdo_id,episode_judge_id,rating) VALUES (209,62,3);
INSERT INTO Rates (episode_comdo_id,episode_judge_id,rating) VALUES (209,63,4);
INSERT INTO Episode_Combo (episode_combo_id,episode_id, national_cuisine_id,cook_id,recipe_id) VALUES (210,20, 8, 17, 52);
INSERT INTO Rates (episode_comdo_id,episode_judge_id,rating) VALUES (210,61,1);
INSERT INTO Rates (episode_comdo_id,episode_judge_id,rating) VALUES (210,62,3);
INSERT INTO Rates (episode_comdo_id,episode_judge_id,rating) VALUES (210,63,1);
INSERT INTO Episode (episode_id, year,episode_number,image_id) VALUES (22, 2021, 2, 449);
INSERT INTO Episode_Judge (episode_judge_id,episode_id, judge_id) VALUES (64,22,67);
INSERT INTO Episode_Judge (episode_judge_id,episode_id, judge_id) VALUES (65,22,11);
INSERT INTO Episode_Judge (episode_judge_id,episode_id, judge_id) VALUES (66,22,39);
INSERT INTO Episode_Combo (episode_combo_id,episode_id, national_cuisine_id,cook_id,recipe_id) VALUES (211,21, 4, 78, 73);
INSERT INTO Rates (episode_comdo_id,episode_judge_id,rating) VALUES (211,64,3);
INSERT INTO Rates (episode_comdo_id,episode_judge_id,rating) VALUES (211,65,3);
INSERT INTO Rates (episode_comdo_id,episode_judge_id,rating) VALUES (211,66,4);
INSERT INTO Episode_Combo (episode_combo_id,episode_id, national_cuisine_id,cook_id,recipe_id) VALUES (212,21, 4, 99, 77);
INSERT INTO Rates (episode_comdo_id,episode_judge_id,rating) VALUES (212,64,2);
INSERT INTO Rates (episode_comdo_id,episode_judge_id,rating) VALUES (212,65,2);
INSERT INTO Rates (episode_comdo_id,episode_judge_id,rating) VALUES (212,66,2);
INSERT INTO Episode_Combo (episode_combo_id,episode_id, national_cuisine_id,cook_id,recipe_id) VALUES (213,21, 1, 81, 52);
INSERT INTO Rates (episode_comdo_id,episode_judge_id,rating) VALUES (213,64,1);
INSERT INTO Rates (episode_comdo_id,episode_judge_id,rating) VALUES (213,65,1);
INSERT INTO Rates (episode_comdo_id,episode_judge_id,rating) VALUES (213,66,2);
INSERT INTO Episode_Combo (episode_combo_id,episode_id, national_cuisine_id,cook_id,recipe_id) VALUES (214,21, 1, 23, 12);
INSERT INTO Rates (episode_comdo_id,episode_judge_id,rating) VALUES (214,64,4);
INSERT INTO Rates (episode_comdo_id,episode_judge_id,rating) VALUES (214,65,3);
INSERT INTO Rates (episode_comdo_id,episode_judge_id,rating) VALUES (214,66,1);
INSERT INTO Episode_Combo (episode_combo_id,episode_id, national_cuisine_id,cook_id,recipe_id) VALUES (215,21, 13, 31, 61);
INSERT INTO Rates (episode_comdo_id,episode_judge_id,rating) VALUES (215,64,1);
INSERT INTO Rates (episode_comdo_id,episode_judge_id,rating) VALUES (215,65,3);
INSERT INTO Rates (episode_comdo_id,episode_judge_id,rating) VALUES (215,66,5);
INSERT INTO Episode_Combo (episode_combo_id,episode_id, national_cuisine_id,cook_id,recipe_id) VALUES (216,21, 18, 94, 29);
INSERT INTO Rates (episode_comdo_id,episode_judge_id,rating) VALUES (216,64,3);
INSERT INTO Rates (episode_comdo_id,episode_judge_id,rating) VALUES (216,65,2);
INSERT INTO Rates (episode_comdo_id,episode_judge_id,rating) VALUES (216,66,1);
INSERT INTO Episode_Combo (episode_combo_id,episode_id, national_cuisine_id,cook_id,recipe_id) VALUES (217,21, 5, 86, 57);
INSERT INTO Rates (episode_comdo_id,episode_judge_id,rating) VALUES (217,64,2);
INSERT INTO Rates (episode_comdo_id,episode_judge_id,rating) VALUES (217,65,4);
INSERT INTO Rates (episode_comdo_id,episode_judge_id,rating) VALUES (217,66,2);
INSERT INTO Episode_Combo (episode_combo_id,episode_id, national_cuisine_id,cook_id,recipe_id) VALUES (218,21, 5, 85, 1);
INSERT INTO Rates (episode_comdo_id,episode_judge_id,rating) VALUES (218,64,4);
INSERT INTO Rates (episode_comdo_id,episode_judge_id,rating) VALUES (218,65,3);
INSERT INTO Rates (episode_comdo_id,episode_judge_id,rating) VALUES (218,66,3);
INSERT INTO Episode_Combo (episode_combo_id,episode_id, national_cuisine_id,cook_id,recipe_id) VALUES (219,21, 20, 31, 39);
INSERT INTO Rates (episode_comdo_id,episode_judge_id,rating) VALUES (219,64,3);
INSERT INTO Rates (episode_comdo_id,episode_judge_id,rating) VALUES (219,65,5);
INSERT INTO Rates (episode_comdo_id,episode_judge_id,rating) VALUES (219,66,5);
INSERT INTO Episode_Combo (episode_combo_id,episode_id, national_cuisine_id,cook_id,recipe_id) VALUES (220,21, 11, 81, 18);
INSERT INTO Rates (episode_comdo_id,episode_judge_id,rating) VALUES (220,64,4);
INSERT INTO Rates (episode_comdo_id,episode_judge_id,rating) VALUES (220,65,2);
INSERT INTO Rates (episode_comdo_id,episode_judge_id,rating) VALUES (220,66,1);
INSERT INTO Episode (episode_id, year,episode_number,image_id) VALUES (23, 2021, 3, 450);
INSERT INTO Episode_Judge (episode_judge_id,episode_id, judge_id) VALUES (67,23,33);
INSERT INTO Episode_Judge (episode_judge_id,episode_id, judge_id) VALUES (68,23,75);
INSERT INTO Episode_Judge (episode_judge_id,episode_id, judge_id) VALUES (69,23,9);
INSERT INTO Episode_Combo (episode_combo_id,episode_id, national_cuisine_id,cook_id,recipe_id) VALUES (221,22, 11, 66, 39);
INSERT INTO Rates (episode_comdo_id,episode_judge_id,rating) VALUES (221,67,5);
INSERT INTO Rates (episode_comdo_id,episode_judge_id,rating) VALUES (221,68,1);
INSERT INTO Rates (episode_comdo_id,episode_judge_id,rating) VALUES (221,69,2);
INSERT INTO Episode_Combo (episode_combo_id,episode_id, national_cuisine_id,cook_id,recipe_id) VALUES (222,22, 5, 74, 67);
INSERT INTO Rates (episode_comdo_id,episode_judge_id,rating) VALUES (222,67,4);
INSERT INTO Rates (episode_comdo_id,episode_judge_id,rating) VALUES (222,68,3);
INSERT INTO Rates (episode_comdo_id,episode_judge_id,rating) VALUES (222,69,5);
INSERT INTO Episode_Combo (episode_combo_id,episode_id, national_cuisine_id,cook_id,recipe_id) VALUES (223,22, 3, 24, 44);
INSERT INTO Rates (episode_comdo_id,episode_judge_id,rating) VALUES (223,67,2);
INSERT INTO Rates (episode_comdo_id,episode_judge_id,rating) VALUES (223,68,2);
INSERT INTO Rates (episode_comdo_id,episode_judge_id,rating) VALUES (223,69,5);
INSERT INTO Episode_Combo (episode_combo_id,episode_id, national_cuisine_id,cook_id,recipe_id) VALUES (224,22, 20, 86, 50);
INSERT INTO Rates (episode_comdo_id,episode_judge_id,rating) VALUES (224,67,2);
INSERT INTO Rates (episode_comdo_id,episode_judge_id,rating) VALUES (224,68,2);
INSERT INTO Rates (episode_comdo_id,episode_judge_id,rating) VALUES (224,69,4);
INSERT INTO Episode_Combo (episode_combo_id,episode_id, national_cuisine_id,cook_id,recipe_id) VALUES (225,22, 11, 66, 89);
INSERT INTO Rates (episode_comdo_id,episode_judge_id,rating) VALUES (225,67,3);
INSERT INTO Rates (episode_comdo_id,episode_judge_id,rating) VALUES (225,68,5);
INSERT INTO Rates (episode_comdo_id,episode_judge_id,rating) VALUES (225,69,5);
INSERT INTO Episode_Combo (episode_combo_id,episode_id, national_cuisine_id,cook_id,recipe_id) VALUES (226,22, 10, 27, 74);
INSERT INTO Rates (episode_comdo_id,episode_judge_id,rating) VALUES (226,67,2);
INSERT INTO Rates (episode_comdo_id,episode_judge_id,rating) VALUES (226,68,1);
INSERT INTO Rates (episode_comdo_id,episode_judge_id,rating) VALUES (226,69,4);
INSERT INTO Episode_Combo (episode_combo_id,episode_id, national_cuisine_id,cook_id,recipe_id) VALUES (227,22, 7, 93, 46);
INSERT INTO Rates (episode_comdo_id,episode_judge_id,rating) VALUES (227,67,5);
INSERT INTO Rates (episode_comdo_id,episode_judge_id,rating) VALUES (227,68,2);
INSERT INTO Rates (episode_comdo_id,episode_judge_id,rating) VALUES (227,69,2);
INSERT INTO Episode_Combo (episode_combo_id,episode_id, national_cuisine_id,cook_id,recipe_id) VALUES (228,22, 6, 88, 9);
INSERT INTO Rates (episode_comdo_id,episode_judge_id,rating) VALUES (228,67,1);
INSERT INTO Rates (episode_comdo_id,episode_judge_id,rating) VALUES (228,68,4);
INSERT INTO Rates (episode_comdo_id,episode_judge_id,rating) VALUES (228,69,3);
INSERT INTO Episode_Combo (episode_combo_id,episode_id, national_cuisine_id,cook_id,recipe_id) VALUES (229,22, 6, 14, 12);
INSERT INTO Rates (episode_comdo_id,episode_judge_id,rating) VALUES (229,67,5);
INSERT INTO Rates (episode_comdo_id,episode_judge_id,rating) VALUES (229,68,5);
INSERT INTO Rates (episode_comdo_id,episode_judge_id,rating) VALUES (229,69,3);
INSERT INTO Episode_Combo (episode_combo_id,episode_id, national_cuisine_id,cook_id,recipe_id) VALUES (230,22, 4, 96, 91);
INSERT INTO Rates (episode_comdo_id,episode_judge_id,rating) VALUES (230,67,2);
INSERT INTO Rates (episode_comdo_id,episode_judge_id,rating) VALUES (230,68,4);
INSERT INTO Rates (episode_comdo_id,episode_judge_id,rating) VALUES (230,69,1);
INSERT INTO Episode (episode_id, year,episode_number,image_id) VALUES (24, 2021, 4, 451);
INSERT INTO Episode_Judge (episode_judge_id,episode_id, judge_id) VALUES (70,24,81);
INSERT INTO Episode_Judge (episode_judge_id,episode_id, judge_id) VALUES (71,24,69);
INSERT INTO Episode_Judge (episode_judge_id,episode_id, judge_id) VALUES (72,24,13);
INSERT INTO Episode_Combo (episode_combo_id,episode_id, national_cuisine_id,cook_id,recipe_id) VALUES (231,23, 19, 15, 54);
INSERT INTO Rates (episode_comdo_id,episode_judge_id,rating) VALUES (231,70,2);
INSERT INTO Rates (episode_comdo_id,episode_judge_id,rating) VALUES (231,71,2);
INSERT INTO Rates (episode_comdo_id,episode_judge_id,rating) VALUES (231,72,2);
INSERT INTO Episode_Combo (episode_combo_id,episode_id, national_cuisine_id,cook_id,recipe_id) VALUES (232,23, 7, 67, 72);
INSERT INTO Rates (episode_comdo_id,episode_judge_id,rating) VALUES (232,70,2);
INSERT INTO Rates (episode_comdo_id,episode_judge_id,rating) VALUES (232,71,4);
INSERT INTO Rates (episode_comdo_id,episode_judge_id,rating) VALUES (232,72,3);
INSERT INTO Episode_Combo (episode_combo_id,episode_id, national_cuisine_id,cook_id,recipe_id) VALUES (233,23, 3, 56, 51);
INSERT INTO Rates (episode_comdo_id,episode_judge_id,rating) VALUES (233,70,2);
INSERT INTO Rates (episode_comdo_id,episode_judge_id,rating) VALUES (233,71,2);
INSERT INTO Rates (episode_comdo_id,episode_judge_id,rating) VALUES (233,72,5);
INSERT INTO Episode_Combo (episode_combo_id,episode_id, national_cuisine_id,cook_id,recipe_id) VALUES (234,23, 10, 63, 63);
INSERT INTO Rates (episode_comdo_id,episode_judge_id,rating) VALUES (234,70,4);
INSERT INTO Rates (episode_comdo_id,episode_judge_id,rating) VALUES (234,71,4);
INSERT INTO Rates (episode_comdo_id,episode_judge_id,rating) VALUES (234,72,1);
INSERT INTO Episode_Combo (episode_combo_id,episode_id, national_cuisine_id,cook_id,recipe_id) VALUES (235,23, 10, 77, 73);
INSERT INTO Rates (episode_comdo_id,episode_judge_id,rating) VALUES (235,70,2);
INSERT INTO Rates (episode_comdo_id,episode_judge_id,rating) VALUES (235,71,3);
INSERT INTO Rates (episode_comdo_id,episode_judge_id,rating) VALUES (235,72,3);
INSERT INTO Episode_Combo (episode_combo_id,episode_id, national_cuisine_id,cook_id,recipe_id) VALUES (236,23, 10, 7, 7);
INSERT INTO Rates (episode_comdo_id,episode_judge_id,rating) VALUES (236,70,1);
INSERT INTO Rates (episode_comdo_id,episode_judge_id,rating) VALUES (236,71,4);
INSERT INTO Rates (episode_comdo_id,episode_judge_id,rating) VALUES (236,72,5);
INSERT INTO Episode_Combo (episode_combo_id,episode_id, national_cuisine_id,cook_id,recipe_id) VALUES (237,23, 8, 71, 84);
INSERT INTO Rates (episode_comdo_id,episode_judge_id,rating) VALUES (237,70,2);
INSERT INTO Rates (episode_comdo_id,episode_judge_id,rating) VALUES (237,71,5);
INSERT INTO Rates (episode_comdo_id,episode_judge_id,rating) VALUES (237,72,1);
INSERT INTO Episode_Combo (episode_combo_id,episode_id, national_cuisine_id,cook_id,recipe_id) VALUES (238,23, 19, 22, 45);
INSERT INTO Rates (episode_comdo_id,episode_judge_id,rating) VALUES (238,70,3);
INSERT INTO Rates (episode_comdo_id,episode_judge_id,rating) VALUES (238,71,1);
INSERT INTO Rates (episode_comdo_id,episode_judge_id,rating) VALUES (238,72,2);
INSERT INTO Episode_Combo (episode_combo_id,episode_id, national_cuisine_id,cook_id,recipe_id) VALUES (239,23, 8, 36, 1);
INSERT INTO Rates (episode_comdo_id,episode_judge_id,rating) VALUES (239,70,1);
INSERT INTO Rates (episode_comdo_id,episode_judge_id,rating) VALUES (239,71,1);
INSERT INTO Rates (episode_comdo_id,episode_judge_id,rating) VALUES (239,72,5);
INSERT INTO Episode_Combo (episode_combo_id,episode_id, national_cuisine_id,cook_id,recipe_id) VALUES (240,23, 7, 70, 8);
INSERT INTO Rates (episode_comdo_id,episode_judge_id,rating) VALUES (240,70,4);
INSERT INTO Rates (episode_comdo_id,episode_judge_id,rating) VALUES (240,71,5);
INSERT INTO Rates (episode_comdo_id,episode_judge_id,rating) VALUES (240,72,2);
INSERT INTO Episode (episode_id, year,episode_number,image_id) VALUES (25, 2021, 5, 452);
INSERT INTO Episode_Judge (episode_judge_id,episode_id, judge_id) VALUES (73,25,57);
INSERT INTO Episode_Judge (episode_judge_id,episode_id, judge_id) VALUES (74,25,89);
INSERT INTO Episode_Judge (episode_judge_id,episode_id, judge_id) VALUES (75,25,22);
INSERT INTO Episode_Combo (episode_combo_id,episode_id, national_cuisine_id,cook_id,recipe_id) VALUES (241,24, 9, 98, 56);
INSERT INTO Rates (episode_comdo_id,episode_judge_id,rating) VALUES (241,73,3);
INSERT INTO Rates (episode_comdo_id,episode_judge_id,rating) VALUES (241,74,5);
INSERT INTO Rates (episode_comdo_id,episode_judge_id,rating) VALUES (241,75,3);
INSERT INTO Episode_Combo (episode_combo_id,episode_id, national_cuisine_id,cook_id,recipe_id) VALUES (242,24, 2, 76, 59);
INSERT INTO Rates (episode_comdo_id,episode_judge_id,rating) VALUES (242,73,3);
INSERT INTO Rates (episode_comdo_id,episode_judge_id,rating) VALUES (242,74,4);
INSERT INTO Rates (episode_comdo_id,episode_judge_id,rating) VALUES (242,75,3);
INSERT INTO Episode_Combo (episode_combo_id,episode_id, national_cuisine_id,cook_id,recipe_id) VALUES (243,24, 14, 10, 78);
INSERT INTO Rates (episode_comdo_id,episode_judge_id,rating) VALUES (243,73,5);
INSERT INTO Rates (episode_comdo_id,episode_judge_id,rating) VALUES (243,74,3);
INSERT INTO Rates (episode_comdo_id,episode_judge_id,rating) VALUES (243,75,1);
INSERT INTO Episode_Combo (episode_combo_id,episode_id, national_cuisine_id,cook_id,recipe_id) VALUES (244,24, 11, 40, 47);
INSERT INTO Rates (episode_comdo_id,episode_judge_id,rating) VALUES (244,73,4);
INSERT INTO Rates (episode_comdo_id,episode_judge_id,rating) VALUES (244,74,3);
INSERT INTO Rates (episode_comdo_id,episode_judge_id,rating) VALUES (244,75,4);
INSERT INTO Episode_Combo (episode_combo_id,episode_id, national_cuisine_id,cook_id,recipe_id) VALUES (245,24, 2, 61, 81);
INSERT INTO Rates (episode_comdo_id,episode_judge_id,rating) VALUES (245,73,5);
INSERT INTO Rates (episode_comdo_id,episode_judge_id,rating) VALUES (245,74,3);
INSERT INTO Rates (episode_comdo_id,episode_judge_id,rating) VALUES (245,75,2);
INSERT INTO Episode_Combo (episode_combo_id,episode_id, national_cuisine_id,cook_id,recipe_id) VALUES (246,24, 19, 69, 53);
INSERT INTO Rates (episode_comdo_id,episode_judge_id,rating) VALUES (246,73,5);
INSERT INTO Rates (episode_comdo_id,episode_judge_id,rating) VALUES (246,74,3);
INSERT INTO Rates (episode_comdo_id,episode_judge_id,rating) VALUES (246,75,5);
INSERT INTO Episode_Combo (episode_combo_id,episode_id, national_cuisine_id,cook_id,recipe_id) VALUES (247,24, 14, 70, 69);
INSERT INTO Rates (episode_comdo_id,episode_judge_id,rating) VALUES (247,73,3);
INSERT INTO Rates (episode_comdo_id,episode_judge_id,rating) VALUES (247,74,2);
INSERT INTO Rates (episode_comdo_id,episode_judge_id,rating) VALUES (247,75,4);
INSERT INTO Episode_Combo (episode_combo_id,episode_id, national_cuisine_id,cook_id,recipe_id) VALUES (248,24, 2, 21, 14);
INSERT INTO Rates (episode_comdo_id,episode_judge_id,rating) VALUES (248,73,4);
INSERT INTO Rates (episode_comdo_id,episode_judge_id,rating) VALUES (248,74,1);
INSERT INTO Rates (episode_comdo_id,episode_judge_id,rating) VALUES (248,75,3);
INSERT INTO Episode_Combo (episode_combo_id,episode_id, national_cuisine_id,cook_id,recipe_id) VALUES (249,24, 17, 96, 3);
INSERT INTO Rates (episode_comdo_id,episode_judge_id,rating) VALUES (249,73,4);
INSERT INTO Rates (episode_comdo_id,episode_judge_id,rating) VALUES (249,74,3);
INSERT INTO Rates (episode_comdo_id,episode_judge_id,rating) VALUES (249,75,3);
INSERT INTO Episode_Combo (episode_combo_id,episode_id, national_cuisine_id,cook_id,recipe_id) VALUES (250,24, 15, 37, 30);
INSERT INTO Rates (episode_comdo_id,episode_judge_id,rating) VALUES (250,73,3);
INSERT INTO Rates (episode_comdo_id,episode_judge_id,rating) VALUES (250,74,4);
INSERT INTO Rates (episode_comdo_id,episode_judge_id,rating) VALUES (250,75,4);
INSERT INTO Episode (episode_id, year,episode_number,image_id) VALUES (26, 2021, 6, 453);
INSERT INTO Episode_Judge (episode_judge_id,episode_id, judge_id) VALUES (76,26,79);
INSERT INTO Episode_Judge (episode_judge_id,episode_id, judge_id) VALUES (77,26,98);
INSERT INTO Episode_Judge (episode_judge_id,episode_id, judge_id) VALUES (78,26,44);
INSERT INTO Episode_Combo (episode_combo_id,episode_id, national_cuisine_id,cook_id,recipe_id) VALUES (251,25, 14, 5, 49);
INSERT INTO Rates (episode_comdo_id,episode_judge_id,rating) VALUES (251,76,3);
INSERT INTO Rates (episode_comdo_id,episode_judge_id,rating) VALUES (251,77,2);
INSERT INTO Rates (episode_comdo_id,episode_judge_id,rating) VALUES (251,78,5);
INSERT INTO Episode_Combo (episode_combo_id,episode_id, national_cuisine_id,cook_id,recipe_id) VALUES (252,25, 4, 9, 38);
INSERT INTO Rates (episode_comdo_id,episode_judge_id,rating) VALUES (252,76,1);
INSERT INTO Rates (episode_comdo_id,episode_judge_id,rating) VALUES (252,77,1);
INSERT INTO Rates (episode_comdo_id,episode_judge_id,rating) VALUES (252,78,1);
INSERT INTO Episode_Combo (episode_combo_id,episode_id, national_cuisine_id,cook_id,recipe_id) VALUES (253,25, 12, 59, 100);
INSERT INTO Rates (episode_comdo_id,episode_judge_id,rating) VALUES (253,76,1);
INSERT INTO Rates (episode_comdo_id,episode_judge_id,rating) VALUES (253,77,4);
INSERT INTO Rates (episode_comdo_id,episode_judge_id,rating) VALUES (253,78,1);
INSERT INTO Episode_Combo (episode_combo_id,episode_id, national_cuisine_id,cook_id,recipe_id) VALUES (254,25, 9, 67, 52);
INSERT INTO Rates (episode_comdo_id,episode_judge_id,rating) VALUES (254,76,5);
INSERT INTO Rates (episode_comdo_id,episode_judge_id,rating) VALUES (254,77,4);
INSERT INTO Rates (episode_comdo_id,episode_judge_id,rating) VALUES (254,78,2);
INSERT INTO Episode_Combo (episode_combo_id,episode_id, national_cuisine_id,cook_id,recipe_id) VALUES (255,25, 8, 17, 86);
INSERT INTO Rates (episode_comdo_id,episode_judge_id,rating) VALUES (255,76,3);
INSERT INTO Rates (episode_comdo_id,episode_judge_id,rating) VALUES (255,77,1);
INSERT INTO Rates (episode_comdo_id,episode_judge_id,rating) VALUES (255,78,2);
INSERT INTO Episode_Combo (episode_combo_id,episode_id, national_cuisine_id,cook_id,recipe_id) VALUES (256,25, 17, 36, 86);
INSERT INTO Rates (episode_comdo_id,episode_judge_id,rating) VALUES (256,76,5);
INSERT INTO Rates (episode_comdo_id,episode_judge_id,rating) VALUES (256,77,5);
INSERT INTO Rates (episode_comdo_id,episode_judge_id,rating) VALUES (256,78,3);
INSERT INTO Episode_Combo (episode_combo_id,episode_id, national_cuisine_id,cook_id,recipe_id) VALUES (257,25, 9, 91, 53);
INSERT INTO Rates (episode_comdo_id,episode_judge_id,rating) VALUES (257,76,2);
INSERT INTO Rates (episode_comdo_id,episode_judge_id,rating) VALUES (257,77,1);
INSERT INTO Rates (episode_comdo_id,episode_judge_id,rating) VALUES (257,78,1);
INSERT INTO Episode_Combo (episode_combo_id,episode_id, national_cuisine_id,cook_id,recipe_id) VALUES (258,25, 9, 71, 29);
INSERT INTO Rates (episode_comdo_id,episode_judge_id,rating) VALUES (258,76,2);
INSERT INTO Rates (episode_comdo_id,episode_judge_id,rating) VALUES (258,77,4);
INSERT INTO Rates (episode_comdo_id,episode_judge_id,rating) VALUES (258,78,5);
INSERT INTO Episode_Combo (episode_combo_id,episode_id, national_cuisine_id,cook_id,recipe_id) VALUES (259,25, 4, 52, 62);
INSERT INTO Rates (episode_comdo_id,episode_judge_id,rating) VALUES (259,76,4);
INSERT INTO Rates (episode_comdo_id,episode_judge_id,rating) VALUES (259,77,2);
INSERT INTO Rates (episode_comdo_id,episode_judge_id,rating) VALUES (259,78,2);
INSERT INTO Episode_Combo (episode_combo_id,episode_id, national_cuisine_id,cook_id,recipe_id) VALUES (260,25, 8, 68, 64);
INSERT INTO Rates (episode_comdo_id,episode_judge_id,rating) VALUES (260,76,1);
INSERT INTO Rates (episode_comdo_id,episode_judge_id,rating) VALUES (260,77,3);
INSERT INTO Rates (episode_comdo_id,episode_judge_id,rating) VALUES (260,78,5);
INSERT INTO Episode (episode_id, year,episode_number,image_id) VALUES (27, 2021, 7, 454);
INSERT INTO Episode_Judge (episode_judge_id,episode_id, judge_id) VALUES (79,27,63);
INSERT INTO Episode_Judge (episode_judge_id,episode_id, judge_id) VALUES (80,27,28);
INSERT INTO Episode_Judge (episode_judge_id,episode_id, judge_id) VALUES (81,27,95);
INSERT INTO Episode_Combo (episode_combo_id,episode_id, national_cuisine_id,cook_id,recipe_id) VALUES (261,26, 20, 7, 6);
INSERT INTO Rates (episode_comdo_id,episode_judge_id,rating) VALUES (261,79,4);
INSERT INTO Rates (episode_comdo_id,episode_judge_id,rating) VALUES (261,80,2);
INSERT INTO Rates (episode_comdo_id,episode_judge_id,rating) VALUES (261,81,2);
INSERT INTO Episode_Combo (episode_combo_id,episode_id, national_cuisine_id,cook_id,recipe_id) VALUES (262,26, 12, 33, 92);
INSERT INTO Rates (episode_comdo_id,episode_judge_id,rating) VALUES (262,79,3);
INSERT INTO Rates (episode_comdo_id,episode_judge_id,rating) VALUES (262,80,1);
INSERT INTO Rates (episode_comdo_id,episode_judge_id,rating) VALUES (262,81,2);
INSERT INTO Episode_Combo (episode_combo_id,episode_id, national_cuisine_id,cook_id,recipe_id) VALUES (263,26, 3, 7, 52);
INSERT INTO Rates (episode_comdo_id,episode_judge_id,rating) VALUES (263,79,2);
INSERT INTO Rates (episode_comdo_id,episode_judge_id,rating) VALUES (263,80,5);
INSERT INTO Rates (episode_comdo_id,episode_judge_id,rating) VALUES (263,81,2);
INSERT INTO Episode_Combo (episode_combo_id,episode_id, national_cuisine_id,cook_id,recipe_id) VALUES (264,26, 18, 80, 72);
INSERT INTO Rates (episode_comdo_id,episode_judge_id,rating) VALUES (264,79,4);
INSERT INTO Rates (episode_comdo_id,episode_judge_id,rating) VALUES (264,80,1);
INSERT INTO Rates (episode_comdo_id,episode_judge_id,rating) VALUES (264,81,2);
INSERT INTO Episode_Combo (episode_combo_id,episode_id, national_cuisine_id,cook_id,recipe_id) VALUES (265,26, 14, 89, 8);
INSERT INTO Rates (episode_comdo_id,episode_judge_id,rating) VALUES (265,79,1);
INSERT INTO Rates (episode_comdo_id,episode_judge_id,rating) VALUES (265,80,4);
INSERT INTO Rates (episode_comdo_id,episode_judge_id,rating) VALUES (265,81,5);
INSERT INTO Episode_Combo (episode_combo_id,episode_id, national_cuisine_id,cook_id,recipe_id) VALUES (266,26, 5, 73, 36);
INSERT INTO Rates (episode_comdo_id,episode_judge_id,rating) VALUES (266,79,2);
INSERT INTO Rates (episode_comdo_id,episode_judge_id,rating) VALUES (266,80,4);
INSERT INTO Rates (episode_comdo_id,episode_judge_id,rating) VALUES (266,81,1);
INSERT INTO Episode_Combo (episode_combo_id,episode_id, national_cuisine_id,cook_id,recipe_id) VALUES (267,26, 17, 13, 59);
INSERT INTO Rates (episode_comdo_id,episode_judge_id,rating) VALUES (267,79,3);
INSERT INTO Rates (episode_comdo_id,episode_judge_id,rating) VALUES (267,80,3);
INSERT INTO Rates (episode_comdo_id,episode_judge_id,rating) VALUES (267,81,3);
INSERT INTO Episode_Combo (episode_combo_id,episode_id, national_cuisine_id,cook_id,recipe_id) VALUES (268,26, 15, 35, 42);
INSERT INTO Rates (episode_comdo_id,episode_judge_id,rating) VALUES (268,79,1);
INSERT INTO Rates (episode_comdo_id,episode_judge_id,rating) VALUES (268,80,3);
INSERT INTO Rates (episode_comdo_id,episode_judge_id,rating) VALUES (268,81,5);
INSERT INTO Episode_Combo (episode_combo_id,episode_id, national_cuisine_id,cook_id,recipe_id) VALUES (269,26, 12, 17, 14);
INSERT INTO Rates (episode_comdo_id,episode_judge_id,rating) VALUES (269,79,3);
INSERT INTO Rates (episode_comdo_id,episode_judge_id,rating) VALUES (269,80,4);
INSERT INTO Rates (episode_comdo_id,episode_judge_id,rating) VALUES (269,81,3);
INSERT INTO Episode_Combo (episode_combo_id,episode_id, national_cuisine_id,cook_id,recipe_id) VALUES (270,26, 8, 44, 63);
INSERT INTO Rates (episode_comdo_id,episode_judge_id,rating) VALUES (270,79,1);
INSERT INTO Rates (episode_comdo_id,episode_judge_id,rating) VALUES (270,80,5);
INSERT INTO Rates (episode_comdo_id,episode_judge_id,rating) VALUES (270,81,4);
INSERT INTO Episode (episode_id, year,episode_number,image_id) VALUES (28, 2021, 8, 455);
INSERT INTO Episode_Judge (episode_judge_id,episode_id, judge_id) VALUES (82,28,28);
INSERT INTO Episode_Judge (episode_judge_id,episode_id, judge_id) VALUES (83,28,38);
INSERT INTO Episode_Judge (episode_judge_id,episode_id, judge_id) VALUES (84,28,89);
INSERT INTO Episode_Combo (episode_combo_id,episode_id, national_cuisine_id,cook_id,recipe_id) VALUES (271,27, 13, 95, 35);
INSERT INTO Rates (episode_comdo_id,episode_judge_id,rating) VALUES (271,82,3);
INSERT INTO Rates (episode_comdo_id,episode_judge_id,rating) VALUES (271,83,2);
INSERT INTO Rates (episode_comdo_id,episode_judge_id,rating) VALUES (271,84,5);
INSERT INTO Episode_Combo (episode_combo_id,episode_id, national_cuisine_id,cook_id,recipe_id) VALUES (272,27, 13, 47, 99);
INSERT INTO Rates (episode_comdo_id,episode_judge_id,rating) VALUES (272,82,1);
INSERT INTO Rates (episode_comdo_id,episode_judge_id,rating) VALUES (272,83,4);
INSERT INTO Rates (episode_comdo_id,episode_judge_id,rating) VALUES (272,84,4);
INSERT INTO Episode_Combo (episode_combo_id,episode_id, national_cuisine_id,cook_id,recipe_id) VALUES (273,27, 20, 83, 64);
INSERT INTO Rates (episode_comdo_id,episode_judge_id,rating) VALUES (273,82,1);
INSERT INTO Rates (episode_comdo_id,episode_judge_id,rating) VALUES (273,83,2);
INSERT INTO Rates (episode_comdo_id,episode_judge_id,rating) VALUES (273,84,2);
INSERT INTO Episode_Combo (episode_combo_id,episode_id, national_cuisine_id,cook_id,recipe_id) VALUES (274,27, 17, 10, 18);
INSERT INTO Rates (episode_comdo_id,episode_judge_id,rating) VALUES (274,82,4);
INSERT INTO Rates (episode_comdo_id,episode_judge_id,rating) VALUES (274,83,4);
INSERT INTO Rates (episode_comdo_id,episode_judge_id,rating) VALUES (274,84,2);
INSERT INTO Episode_Combo (episode_combo_id,episode_id, national_cuisine_id,cook_id,recipe_id) VALUES (275,27, 13, 27, 26);
INSERT INTO Rates (episode_comdo_id,episode_judge_id,rating) VALUES (275,82,5);
INSERT INTO Rates (episode_comdo_id,episode_judge_id,rating) VALUES (275,83,5);
INSERT INTO Rates (episode_comdo_id,episode_judge_id,rating) VALUES (275,84,2);
INSERT INTO Episode_Combo (episode_combo_id,episode_id, national_cuisine_id,cook_id,recipe_id) VALUES (276,27, 2, 48, 42);
INSERT INTO Rates (episode_comdo_id,episode_judge_id,rating) VALUES (276,82,5);
INSERT INTO Rates (episode_comdo_id,episode_judge_id,rating) VALUES (276,83,2);
INSERT INTO Rates (episode_comdo_id,episode_judge_id,rating) VALUES (276,84,1);
INSERT INTO Episode_Combo (episode_combo_id,episode_id, national_cuisine_id,cook_id,recipe_id) VALUES (277,27, 8, 58, 13);
INSERT INTO Rates (episode_comdo_id,episode_judge_id,rating) VALUES (277,82,5);
INSERT INTO Rates (episode_comdo_id,episode_judge_id,rating) VALUES (277,83,2);
INSERT INTO Rates (episode_comdo_id,episode_judge_id,rating) VALUES (277,84,3);
INSERT INTO Episode_Combo (episode_combo_id,episode_id, national_cuisine_id,cook_id,recipe_id) VALUES (278,27, 3, 75, 34);
INSERT INTO Rates (episode_comdo_id,episode_judge_id,rating) VALUES (278,82,5);
INSERT INTO Rates (episode_comdo_id,episode_judge_id,rating) VALUES (278,83,1);
INSERT INTO Rates (episode_comdo_id,episode_judge_id,rating) VALUES (278,84,1);
INSERT INTO Episode_Combo (episode_combo_id,episode_id, national_cuisine_id,cook_id,recipe_id) VALUES (279,27, 6, 53, 74);
INSERT INTO Rates (episode_comdo_id,episode_judge_id,rating) VALUES (279,82,3);
INSERT INTO Rates (episode_comdo_id,episode_judge_id,rating) VALUES (279,83,5);
INSERT INTO Rates (episode_comdo_id,episode_judge_id,rating) VALUES (279,84,2);
INSERT INTO Episode_Combo (episode_combo_id,episode_id, national_cuisine_id,cook_id,recipe_id) VALUES (280,27, 10, 26, 83);
INSERT INTO Rates (episode_comdo_id,episode_judge_id,rating) VALUES (280,82,1);
INSERT INTO Rates (episode_comdo_id,episode_judge_id,rating) VALUES (280,83,5);
INSERT INTO Rates (episode_comdo_id,episode_judge_id,rating) VALUES (280,84,3);
INSERT INTO Episode (episode_id, year,episode_number,image_id) VALUES (29, 2021, 9, 456);
INSERT INTO Episode_Judge (episode_judge_id,episode_id, judge_id) VALUES (85,29,28);
INSERT INTO Episode_Judge (episode_judge_id,episode_id, judge_id) VALUES (86,29,61);
INSERT INTO Episode_Judge (episode_judge_id,episode_id, judge_id) VALUES (87,29,100);
INSERT INTO Episode_Combo (episode_combo_id,episode_id, national_cuisine_id,cook_id,recipe_id) VALUES (281,28, 2, 76, 86);
INSERT INTO Rates (episode_comdo_id,episode_judge_id,rating) VALUES (281,85,5);
INSERT INTO Rates (episode_comdo_id,episode_judge_id,rating) VALUES (281,86,3);
INSERT INTO Rates (episode_comdo_id,episode_judge_id,rating) VALUES (281,87,3);
INSERT INTO Episode_Combo (episode_combo_id,episode_id, national_cuisine_id,cook_id,recipe_id) VALUES (282,28, 18, 68, 36);
INSERT INTO Rates (episode_comdo_id,episode_judge_id,rating) VALUES (282,85,3);
INSERT INTO Rates (episode_comdo_id,episode_judge_id,rating) VALUES (282,86,1);
INSERT INTO Rates (episode_comdo_id,episode_judge_id,rating) VALUES (282,87,2);
INSERT INTO Episode_Combo (episode_combo_id,episode_id, national_cuisine_id,cook_id,recipe_id) VALUES (283,28, 14, 8, 21);
INSERT INTO Rates (episode_comdo_id,episode_judge_id,rating) VALUES (283,85,5);
INSERT INTO Rates (episode_comdo_id,episode_judge_id,rating) VALUES (283,86,2);
INSERT INTO Rates (episode_comdo_id,episode_judge_id,rating) VALUES (283,87,5);
INSERT INTO Episode_Combo (episode_combo_id,episode_id, national_cuisine_id,cook_id,recipe_id) VALUES (284,28, 11, 48, 24);
INSERT INTO Rates (episode_comdo_id,episode_judge_id,rating) VALUES (284,85,3);
INSERT INTO Rates (episode_comdo_id,episode_judge_id,rating) VALUES (284,86,3);
INSERT INTO Rates (episode_comdo_id,episode_judge_id,rating) VALUES (284,87,1);
INSERT INTO Episode_Combo (episode_combo_id,episode_id, national_cuisine_id,cook_id,recipe_id) VALUES (285,28, 10, 81, 42);
INSERT INTO Rates (episode_comdo_id,episode_judge_id,rating) VALUES (285,85,4);
INSERT INTO Rates (episode_comdo_id,episode_judge_id,rating) VALUES (285,86,5);
INSERT INTO Rates (episode_comdo_id,episode_judge_id,rating) VALUES (285,87,4);
INSERT INTO Episode_Combo (episode_combo_id,episode_id, national_cuisine_id,cook_id,recipe_id) VALUES (286,28, 10, 65, 3);
INSERT INTO Rates (episode_comdo_id,episode_judge_id,rating) VALUES (286,85,3);
INSERT INTO Rates (episode_comdo_id,episode_judge_id,rating) VALUES (286,86,2);
INSERT INTO Rates (episode_comdo_id,episode_judge_id,rating) VALUES (286,87,1);
INSERT INTO Episode_Combo (episode_combo_id,episode_id, national_cuisine_id,cook_id,recipe_id) VALUES (287,28, 3, 52, 2);
INSERT INTO Rates (episode_comdo_id,episode_judge_id,rating) VALUES (287,85,4);
INSERT INTO Rates (episode_comdo_id,episode_judge_id,rating) VALUES (287,86,2);
INSERT INTO Rates (episode_comdo_id,episode_judge_id,rating) VALUES (287,87,1);
INSERT INTO Episode_Combo (episode_combo_id,episode_id, national_cuisine_id,cook_id,recipe_id) VALUES (288,28, 4, 92, 52);
INSERT INTO Rates (episode_comdo_id,episode_judge_id,rating) VALUES (288,85,3);
INSERT INTO Rates (episode_comdo_id,episode_judge_id,rating) VALUES (288,86,4);
INSERT INTO Rates (episode_comdo_id,episode_judge_id,rating) VALUES (288,87,4);
INSERT INTO Episode_Combo (episode_combo_id,episode_id, national_cuisine_id,cook_id,recipe_id) VALUES (289,28, 7, 97, 16);
INSERT INTO Rates (episode_comdo_id,episode_judge_id,rating) VALUES (289,85,5);
INSERT INTO Rates (episode_comdo_id,episode_judge_id,rating) VALUES (289,86,2);
INSERT INTO Rates (episode_comdo_id,episode_judge_id,rating) VALUES (289,87,1);
INSERT INTO Episode_Combo (episode_combo_id,episode_id, national_cuisine_id,cook_id,recipe_id) VALUES (290,28, 9, 79, 4);
INSERT INTO Rates (episode_comdo_id,episode_judge_id,rating) VALUES (290,85,2);
INSERT INTO Rates (episode_comdo_id,episode_judge_id,rating) VALUES (290,86,1);
INSERT INTO Rates (episode_comdo_id,episode_judge_id,rating) VALUES (290,87,4);
INSERT INTO Episode (episode_id, year,episode_number,image_id) VALUES (30, 2021, 10, 457);
INSERT INTO Episode_Judge (episode_judge_id,episode_id, judge_id) VALUES (88,30,7);
INSERT INTO Episode_Judge (episode_judge_id,episode_id, judge_id) VALUES (89,30,71);
INSERT INTO Episode_Judge (episode_judge_id,episode_id, judge_id) VALUES (90,30,9);
INSERT INTO Episode_Combo (episode_combo_id,episode_id, national_cuisine_id,cook_id,recipe_id) VALUES (291,29, 17, 23, 1);
INSERT INTO Rates (episode_comdo_id,episode_judge_id,rating) VALUES (291,88,5);
INSERT INTO Rates (episode_comdo_id,episode_judge_id,rating) VALUES (291,89,1);
INSERT INTO Rates (episode_comdo_id,episode_judge_id,rating) VALUES (291,90,3);
INSERT INTO Episode_Combo (episode_combo_id,episode_id, national_cuisine_id,cook_id,recipe_id) VALUES (292,29, 3, 88, 85);
INSERT INTO Rates (episode_comdo_id,episode_judge_id,rating) VALUES (292,88,3);
INSERT INTO Rates (episode_comdo_id,episode_judge_id,rating) VALUES (292,89,3);
INSERT INTO Rates (episode_comdo_id,episode_judge_id,rating) VALUES (292,90,3);
INSERT INTO Episode_Combo (episode_combo_id,episode_id, national_cuisine_id,cook_id,recipe_id) VALUES (293,29, 7, 79, 93);
INSERT INTO Rates (episode_comdo_id,episode_judge_id,rating) VALUES (293,88,3);
INSERT INTO Rates (episode_comdo_id,episode_judge_id,rating) VALUES (293,89,4);
INSERT INTO Rates (episode_comdo_id,episode_judge_id,rating) VALUES (293,90,4);
INSERT INTO Episode_Combo (episode_combo_id,episode_id, national_cuisine_id,cook_id,recipe_id) VALUES (294,29, 19, 65, 44);
INSERT INTO Rates (episode_comdo_id,episode_judge_id,rating) VALUES (294,88,4);
INSERT INTO Rates (episode_comdo_id,episode_judge_id,rating) VALUES (294,89,3);
INSERT INTO Rates (episode_comdo_id,episode_judge_id,rating) VALUES (294,90,3);
INSERT INTO Episode_Combo (episode_combo_id,episode_id, national_cuisine_id,cook_id,recipe_id) VALUES (295,29, 6, 62, 12);
INSERT INTO Rates (episode_comdo_id,episode_judge_id,rating) VALUES (295,88,2);
INSERT INTO Rates (episode_comdo_id,episode_judge_id,rating) VALUES (295,89,1);
INSERT INTO Rates (episode_comdo_id,episode_judge_id,rating) VALUES (295,90,4);
INSERT INTO Episode_Combo (episode_combo_id,episode_id, national_cuisine_id,cook_id,recipe_id) VALUES (296,29, 13, 55, 2);
INSERT INTO Rates (episode_comdo_id,episode_judge_id,rating) VALUES (296,88,5);
INSERT INTO Rates (episode_comdo_id,episode_judge_id,rating) VALUES (296,89,5);
INSERT INTO Rates (episode_comdo_id,episode_judge_id,rating) VALUES (296,90,1);
INSERT INTO Episode_Combo (episode_combo_id,episode_id, national_cuisine_id,cook_id,recipe_id) VALUES (297,29, 16, 10, 47);
INSERT INTO Rates (episode_comdo_id,episode_judge_id,rating) VALUES (297,88,5);
INSERT INTO Rates (episode_comdo_id,episode_judge_id,rating) VALUES (297,89,2);
INSERT INTO Rates (episode_comdo_id,episode_judge_id,rating) VALUES (297,90,1);
INSERT INTO Episode_Combo (episode_combo_id,episode_id, national_cuisine_id,cook_id,recipe_id) VALUES (298,29, 4, 62, 38);
INSERT INTO Rates (episode_comdo_id,episode_judge_id,rating) VALUES (298,88,1);
INSERT INTO Rates (episode_comdo_id,episode_judge_id,rating) VALUES (298,89,3);
INSERT INTO Rates (episode_comdo_id,episode_judge_id,rating) VALUES (298,90,3);
INSERT INTO Episode_Combo (episode_combo_id,episode_id, national_cuisine_id,cook_id,recipe_id) VALUES (299,29, 11, 49, 82);
INSERT INTO Rates (episode_comdo_id,episode_judge_id,rating) VALUES (299,88,3);
INSERT INTO Rates (episode_comdo_id,episode_judge_id,rating) VALUES (299,89,3);
INSERT INTO Rates (episode_comdo_id,episode_judge_id,rating) VALUES (299,90,2);
INSERT INTO Episode_Combo (episode_combo_id,episode_id, national_cuisine_id,cook_id,recipe_id) VALUES (300,29, 11, 62, 77);
INSERT INTO Rates (episode_comdo_id,episode_judge_id,rating) VALUES (300,88,1);
INSERT INTO Rates (episode_comdo_id,episode_judge_id,rating) VALUES (300,89,4);
INSERT INTO Rates (episode_comdo_id,episode_judge_id,rating) VALUES (300,90,4);
INSERT INTO Episode (episode_id, year,episode_number,image_id) VALUES (31, 2022, 1, 458);
INSERT INTO Episode_Judge (episode_judge_id,episode_id, judge_id) VALUES (91,31,35);
INSERT INTO Episode_Judge (episode_judge_id,episode_id, judge_id) VALUES (92,31,52);
INSERT INTO Episode_Judge (episode_judge_id,episode_id, judge_id) VALUES (93,31,10);
INSERT INTO Episode_Combo (episode_combo_id,episode_id, national_cuisine_id,cook_id,recipe_id) VALUES (301,30, 15, 45, 80);
INSERT INTO Rates (episode_comdo_id,episode_judge_id,rating) VALUES (301,91,3);
INSERT INTO Rates (episode_comdo_id,episode_judge_id,rating) VALUES (301,92,2);
INSERT INTO Rates (episode_comdo_id,episode_judge_id,rating) VALUES (301,93,3);
INSERT INTO Episode_Combo (episode_combo_id,episode_id, national_cuisine_id,cook_id,recipe_id) VALUES (302,30, 10, 77, 97);
INSERT INTO Rates (episode_comdo_id,episode_judge_id,rating) VALUES (302,91,5);
INSERT INTO Rates (episode_comdo_id,episode_judge_id,rating) VALUES (302,92,1);
INSERT INTO Rates (episode_comdo_id,episode_judge_id,rating) VALUES (302,93,5);
INSERT INTO Episode_Combo (episode_combo_id,episode_id, national_cuisine_id,cook_id,recipe_id) VALUES (303,30, 3, 87, 58);
INSERT INTO Rates (episode_comdo_id,episode_judge_id,rating) VALUES (303,91,2);
INSERT INTO Rates (episode_comdo_id,episode_judge_id,rating) VALUES (303,92,1);
INSERT INTO Rates (episode_comdo_id,episode_judge_id,rating) VALUES (303,93,5);
INSERT INTO Episode_Combo (episode_combo_id,episode_id, national_cuisine_id,cook_id,recipe_id) VALUES (304,30, 9, 33, 52);
INSERT INTO Rates (episode_comdo_id,episode_judge_id,rating) VALUES (304,91,2);
INSERT INTO Rates (episode_comdo_id,episode_judge_id,rating) VALUES (304,92,1);
INSERT INTO Rates (episode_comdo_id,episode_judge_id,rating) VALUES (304,93,2);
INSERT INTO Episode_Combo (episode_combo_id,episode_id, national_cuisine_id,cook_id,recipe_id) VALUES (305,30, 20, 15, 67);
INSERT INTO Rates (episode_comdo_id,episode_judge_id,rating) VALUES (305,91,3);
INSERT INTO Rates (episode_comdo_id,episode_judge_id,rating) VALUES (305,92,5);
INSERT INTO Rates (episode_comdo_id,episode_judge_id,rating) VALUES (305,93,4);
INSERT INTO Episode_Combo (episode_combo_id,episode_id, national_cuisine_id,cook_id,recipe_id) VALUES (306,30, 15, 31, 33);
INSERT INTO Rates (episode_comdo_id,episode_judge_id,rating) VALUES (306,91,1);
INSERT INTO Rates (episode_comdo_id,episode_judge_id,rating) VALUES (306,92,2);
INSERT INTO Rates (episode_comdo_id,episode_judge_id,rating) VALUES (306,93,4);
INSERT INTO Episode_Combo (episode_combo_id,episode_id, national_cuisine_id,cook_id,recipe_id) VALUES (307,30, 4, 45, 35);
INSERT INTO Rates (episode_comdo_id,episode_judge_id,rating) VALUES (307,91,3);
INSERT INTO Rates (episode_comdo_id,episode_judge_id,rating) VALUES (307,92,4);
INSERT INTO Rates (episode_comdo_id,episode_judge_id,rating) VALUES (307,93,4);
INSERT INTO Episode_Combo (episode_combo_id,episode_id, national_cuisine_id,cook_id,recipe_id) VALUES (308,30, 11, 95, 57);
INSERT INTO Rates (episode_comdo_id,episode_judge_id,rating) VALUES (308,91,3);
INSERT INTO Rates (episode_comdo_id,episode_judge_id,rating) VALUES (308,92,4);
INSERT INTO Rates (episode_comdo_id,episode_judge_id,rating) VALUES (308,93,1);
INSERT INTO Episode_Combo (episode_combo_id,episode_id, national_cuisine_id,cook_id,recipe_id) VALUES (309,30, 7, 34, 47);
INSERT INTO Rates (episode_comdo_id,episode_judge_id,rating) VALUES (309,91,3);
INSERT INTO Rates (episode_comdo_id,episode_judge_id,rating) VALUES (309,92,4);
INSERT INTO Rates (episode_comdo_id,episode_judge_id,rating) VALUES (309,93,1);
INSERT INTO Episode_Combo (episode_combo_id,episode_id, national_cuisine_id,cook_id,recipe_id) VALUES (310,30, 20, 21, 84);
INSERT INTO Rates (episode_comdo_id,episode_judge_id,rating) VALUES (310,91,3);
INSERT INTO Rates (episode_comdo_id,episode_judge_id,rating) VALUES (310,92,3);
INSERT INTO Rates (episode_comdo_id,episode_judge_id,rating) VALUES (310,93,3);
INSERT INTO Episode (episode_id, year,episode_number,image_id) VALUES (32, 2022, 2, 459);
INSERT INTO Episode_Judge (episode_judge_id,episode_id, judge_id) VALUES (94,32,55);
INSERT INTO Episode_Judge (episode_judge_id,episode_id, judge_id) VALUES (95,32,63);
INSERT INTO Episode_Judge (episode_judge_id,episode_id, judge_id) VALUES (96,32,67);
INSERT INTO Episode_Combo (episode_combo_id,episode_id, national_cuisine_id,cook_id,recipe_id) VALUES (311,31, 11, 29, 74);
INSERT INTO Rates (episode_comdo_id,episode_judge_id,rating) VALUES (311,94,1);
INSERT INTO Rates (episode_comdo_id,episode_judge_id,rating) VALUES (311,95,1);
INSERT INTO Rates (episode_comdo_id,episode_judge_id,rating) VALUES (311,96,5);
INSERT INTO Episode_Combo (episode_combo_id,episode_id, national_cuisine_id,cook_id,recipe_id) VALUES (312,31, 4, 9, 46);
INSERT INTO Rates (episode_comdo_id,episode_judge_id,rating) VALUES (312,94,4);
INSERT INTO Rates (episode_comdo_id,episode_judge_id,rating) VALUES (312,95,4);
INSERT INTO Rates (episode_comdo_id,episode_judge_id,rating) VALUES (312,96,4);
INSERT INTO Episode_Combo (episode_combo_id,episode_id, national_cuisine_id,cook_id,recipe_id) VALUES (313,31, 16, 63, 83);
INSERT INTO Rates (episode_comdo_id,episode_judge_id,rating) VALUES (313,94,1);
INSERT INTO Rates (episode_comdo_id,episode_judge_id,rating) VALUES (313,95,4);
INSERT INTO Rates (episode_comdo_id,episode_judge_id,rating) VALUES (313,96,1);
INSERT INTO Episode_Combo (episode_combo_id,episode_id, national_cuisine_id,cook_id,recipe_id) VALUES (314,31, 7, 70, 87);
INSERT INTO Rates (episode_comdo_id,episode_judge_id,rating) VALUES (314,94,1);
INSERT INTO Rates (episode_comdo_id,episode_judge_id,rating) VALUES (314,95,5);
INSERT INTO Rates (episode_comdo_id,episode_judge_id,rating) VALUES (314,96,1);
INSERT INTO Episode_Combo (episode_combo_id,episode_id, national_cuisine_id,cook_id,recipe_id) VALUES (315,31, 20, 49, 58);
INSERT INTO Rates (episode_comdo_id,episode_judge_id,rating) VALUES (315,94,1);
INSERT INTO Rates (episode_comdo_id,episode_judge_id,rating) VALUES (315,95,4);
INSERT INTO Rates (episode_comdo_id,episode_judge_id,rating) VALUES (315,96,2);
INSERT INTO Episode_Combo (episode_combo_id,episode_id, national_cuisine_id,cook_id,recipe_id) VALUES (316,31, 6, 9, 29);
INSERT INTO Rates (episode_comdo_id,episode_judge_id,rating) VALUES (316,94,3);
INSERT INTO Rates (episode_comdo_id,episode_judge_id,rating) VALUES (316,95,5);
INSERT INTO Rates (episode_comdo_id,episode_judge_id,rating) VALUES (316,96,4);
INSERT INTO Episode_Combo (episode_combo_id,episode_id, national_cuisine_id,cook_id,recipe_id) VALUES (317,31, 10, 87, 34);
INSERT INTO Rates (episode_comdo_id,episode_judge_id,rating) VALUES (317,94,1);
INSERT INTO Rates (episode_comdo_id,episode_judge_id,rating) VALUES (317,95,4);
INSERT INTO Rates (episode_comdo_id,episode_judge_id,rating) VALUES (317,96,4);
INSERT INTO Episode_Combo (episode_combo_id,episode_id, national_cuisine_id,cook_id,recipe_id) VALUES (318,31, 12, 49, 86);
INSERT INTO Rates (episode_comdo_id,episode_judge_id,rating) VALUES (318,94,5);
INSERT INTO Rates (episode_comdo_id,episode_judge_id,rating) VALUES (318,95,5);
INSERT INTO Rates (episode_comdo_id,episode_judge_id,rating) VALUES (318,96,3);
INSERT INTO Episode_Combo (episode_combo_id,episode_id, national_cuisine_id,cook_id,recipe_id) VALUES (319,31, 14, 18, 4);
INSERT INTO Rates (episode_comdo_id,episode_judge_id,rating) VALUES (319,94,2);
INSERT INTO Rates (episode_comdo_id,episode_judge_id,rating) VALUES (319,95,2);
INSERT INTO Rates (episode_comdo_id,episode_judge_id,rating) VALUES (319,96,2);
INSERT INTO Episode_Combo (episode_combo_id,episode_id, national_cuisine_id,cook_id,recipe_id) VALUES (320,31, 3, 3, 55);
INSERT INTO Rates (episode_comdo_id,episode_judge_id,rating) VALUES (320,94,3);
INSERT INTO Rates (episode_comdo_id,episode_judge_id,rating) VALUES (320,95,2);
INSERT INTO Rates (episode_comdo_id,episode_judge_id,rating) VALUES (320,96,1);
INSERT INTO Episode (episode_id, year,episode_number,image_id) VALUES (33, 2022, 3, 460);
INSERT INTO Episode_Judge (episode_judge_id,episode_id, judge_id) VALUES (97,33,89);
INSERT INTO Episode_Judge (episode_judge_id,episode_id, judge_id) VALUES (98,33,81);
INSERT INTO Episode_Judge (episode_judge_id,episode_id, judge_id) VALUES (99,33,30);
INSERT INTO Episode_Combo (episode_combo_id,episode_id, national_cuisine_id,cook_id,recipe_id) VALUES (321,32, 2, 4, 27);
INSERT INTO Rates (episode_comdo_id,episode_judge_id,rating) VALUES (321,97,5);
INSERT INTO Rates (episode_comdo_id,episode_judge_id,rating) VALUES (321,98,5);
INSERT INTO Rates (episode_comdo_id,episode_judge_id,rating) VALUES (321,99,4);
INSERT INTO Episode_Combo (episode_combo_id,episode_id, national_cuisine_id,cook_id,recipe_id) VALUES (322,32, 20, 98, 25);
INSERT INTO Rates (episode_comdo_id,episode_judge_id,rating) VALUES (322,97,4);
INSERT INTO Rates (episode_comdo_id,episode_judge_id,rating) VALUES (322,98,1);
INSERT INTO Rates (episode_comdo_id,episode_judge_id,rating) VALUES (322,99,5);
INSERT INTO Episode_Combo (episode_combo_id,episode_id, national_cuisine_id,cook_id,recipe_id) VALUES (323,32, 14, 40, 43);
INSERT INTO Rates (episode_comdo_id,episode_judge_id,rating) VALUES (323,97,1);
INSERT INTO Rates (episode_comdo_id,episode_judge_id,rating) VALUES (323,98,5);
INSERT INTO Rates (episode_comdo_id,episode_judge_id,rating) VALUES (323,99,1);
INSERT INTO Episode_Combo (episode_combo_id,episode_id, national_cuisine_id,cook_id,recipe_id) VALUES (324,32, 13, 47, 7);
INSERT INTO Rates (episode_comdo_id,episode_judge_id,rating) VALUES (324,97,5);
INSERT INTO Rates (episode_comdo_id,episode_judge_id,rating) VALUES (324,98,4);
INSERT INTO Rates (episode_comdo_id,episode_judge_id,rating) VALUES (324,99,1);
INSERT INTO Episode_Combo (episode_combo_id,episode_id, national_cuisine_id,cook_id,recipe_id) VALUES (325,32, 7, 42, 95);
INSERT INTO Rates (episode_comdo_id,episode_judge_id,rating) VALUES (325,97,4);
INSERT INTO Rates (episode_comdo_id,episode_judge_id,rating) VALUES (325,98,5);
INSERT INTO Rates (episode_comdo_id,episode_judge_id,rating) VALUES (325,99,5);
INSERT INTO Episode_Combo (episode_combo_id,episode_id, national_cuisine_id,cook_id,recipe_id) VALUES (326,32, 1, 1, 21);
INSERT INTO Rates (episode_comdo_id,episode_judge_id,rating) VALUES (326,97,5);
INSERT INTO Rates (episode_comdo_id,episode_judge_id,rating) VALUES (326,98,5);
INSERT INTO Rates (episode_comdo_id,episode_judge_id,rating) VALUES (326,99,5);
INSERT INTO Episode_Combo (episode_combo_id,episode_id, national_cuisine_id,cook_id,recipe_id) VALUES (327,32, 19, 50, 11);
INSERT INTO Rates (episode_comdo_id,episode_judge_id,rating) VALUES (327,97,2);
INSERT INTO Rates (episode_comdo_id,episode_judge_id,rating) VALUES (327,98,3);
INSERT INTO Rates (episode_comdo_id,episode_judge_id,rating) VALUES (327,99,3);
INSERT INTO Episode_Combo (episode_combo_id,episode_id, national_cuisine_id,cook_id,recipe_id) VALUES (328,32, 8, 41, 6);
INSERT INTO Rates (episode_comdo_id,episode_judge_id,rating) VALUES (328,97,4);
INSERT INTO Rates (episode_comdo_id,episode_judge_id,rating) VALUES (328,98,4);
INSERT INTO Rates (episode_comdo_id,episode_judge_id,rating) VALUES (328,99,1);
INSERT INTO Episode_Combo (episode_combo_id,episode_id, national_cuisine_id,cook_id,recipe_id) VALUES (329,32, 7, 31, 43);
INSERT INTO Rates (episode_comdo_id,episode_judge_id,rating) VALUES (329,97,5);
INSERT INTO Rates (episode_comdo_id,episode_judge_id,rating) VALUES (329,98,3);
INSERT INTO Rates (episode_comdo_id,episode_judge_id,rating) VALUES (329,99,2);
INSERT INTO Episode_Combo (episode_combo_id,episode_id, national_cuisine_id,cook_id,recipe_id) VALUES (330,32, 9, 30, 75);
INSERT INTO Rates (episode_comdo_id,episode_judge_id,rating) VALUES (330,97,1);
INSERT INTO Rates (episode_comdo_id,episode_judge_id,rating) VALUES (330,98,4);
INSERT INTO Rates (episode_comdo_id,episode_judge_id,rating) VALUES (330,99,1);
INSERT INTO Episode (episode_id, year,episode_number,image_id) VALUES (34, 2022, 4, 461);
INSERT INTO Episode_Judge (episode_judge_id,episode_id, judge_id) VALUES (100,34,17);
INSERT INTO Episode_Judge (episode_judge_id,episode_id, judge_id) VALUES (101,34,28);
INSERT INTO Episode_Judge (episode_judge_id,episode_id, judge_id) VALUES (102,34,89);
INSERT INTO Episode_Combo (episode_combo_id,episode_id, national_cuisine_id,cook_id,recipe_id) VALUES (331,33, 3, 15, 46);
INSERT INTO Rates (episode_comdo_id,episode_judge_id,rating) VALUES (331,100,4);
INSERT INTO Rates (episode_comdo_id,episode_judge_id,rating) VALUES (331,101,5);
INSERT INTO Rates (episode_comdo_id,episode_judge_id,rating) VALUES (331,102,3);
INSERT INTO Episode_Combo (episode_combo_id,episode_id, national_cuisine_id,cook_id,recipe_id) VALUES (332,33, 7, 52, 81);
INSERT INTO Rates (episode_comdo_id,episode_judge_id,rating) VALUES (332,100,1);
INSERT INTO Rates (episode_comdo_id,episode_judge_id,rating) VALUES (332,101,4);
INSERT INTO Rates (episode_comdo_id,episode_judge_id,rating) VALUES (332,102,3);
INSERT INTO Episode_Combo (episode_combo_id,episode_id, national_cuisine_id,cook_id,recipe_id) VALUES (333,33, 13, 42, 36);
INSERT INTO Rates (episode_comdo_id,episode_judge_id,rating) VALUES (333,100,4);
INSERT INTO Rates (episode_comdo_id,episode_judge_id,rating) VALUES (333,101,3);
INSERT INTO Rates (episode_comdo_id,episode_judge_id,rating) VALUES (333,102,2);
INSERT INTO Episode_Combo (episode_combo_id,episode_id, national_cuisine_id,cook_id,recipe_id) VALUES (334,33, 6, 13, 8);
INSERT INTO Rates (episode_comdo_id,episode_judge_id,rating) VALUES (334,100,3);
INSERT INTO Rates (episode_comdo_id,episode_judge_id,rating) VALUES (334,101,1);
INSERT INTO Rates (episode_comdo_id,episode_judge_id,rating) VALUES (334,102,4);
INSERT INTO Episode_Combo (episode_combo_id,episode_id, national_cuisine_id,cook_id,recipe_id) VALUES (335,33, 19, 25, 70);
INSERT INTO Rates (episode_comdo_id,episode_judge_id,rating) VALUES (335,100,5);
INSERT INTO Rates (episode_comdo_id,episode_judge_id,rating) VALUES (335,101,5);
INSERT INTO Rates (episode_comdo_id,episode_judge_id,rating) VALUES (335,102,1);
INSERT INTO Episode_Combo (episode_combo_id,episode_id, national_cuisine_id,cook_id,recipe_id) VALUES (336,33, 10, 43, 3);
INSERT INTO Rates (episode_comdo_id,episode_judge_id,rating) VALUES (336,100,4);
INSERT INTO Rates (episode_comdo_id,episode_judge_id,rating) VALUES (336,101,5);
INSERT INTO Rates (episode_comdo_id,episode_judge_id,rating) VALUES (336,102,3);
INSERT INTO Episode_Combo (episode_combo_id,episode_id, national_cuisine_id,cook_id,recipe_id) VALUES (337,33, 1, 65, 54);
INSERT INTO Rates (episode_comdo_id,episode_judge_id,rating) VALUES (337,100,3);
INSERT INTO Rates (episode_comdo_id,episode_judge_id,rating) VALUES (337,101,4);
INSERT INTO Rates (episode_comdo_id,episode_judge_id,rating) VALUES (337,102,4);
INSERT INTO Episode_Combo (episode_combo_id,episode_id, national_cuisine_id,cook_id,recipe_id) VALUES (338,33, 16, 43, 5);
INSERT INTO Rates (episode_comdo_id,episode_judge_id,rating) VALUES (338,100,3);
INSERT INTO Rates (episode_comdo_id,episode_judge_id,rating) VALUES (338,101,4);
INSERT INTO Rates (episode_comdo_id,episode_judge_id,rating) VALUES (338,102,5);
INSERT INTO Episode_Combo (episode_combo_id,episode_id, national_cuisine_id,cook_id,recipe_id) VALUES (339,33, 3, 38, 89);
INSERT INTO Rates (episode_comdo_id,episode_judge_id,rating) VALUES (339,100,4);
INSERT INTO Rates (episode_comdo_id,episode_judge_id,rating) VALUES (339,101,3);
INSERT INTO Rates (episode_comdo_id,episode_judge_id,rating) VALUES (339,102,3);
INSERT INTO Episode_Combo (episode_combo_id,episode_id, national_cuisine_id,cook_id,recipe_id) VALUES (340,33, 19, 2, 100);
INSERT INTO Rates (episode_comdo_id,episode_judge_id,rating) VALUES (340,100,5);
INSERT INTO Rates (episode_comdo_id,episode_judge_id,rating) VALUES (340,101,1);
INSERT INTO Rates (episode_comdo_id,episode_judge_id,rating) VALUES (340,102,3);
INSERT INTO Episode (episode_id, year,episode_number,image_id) VALUES (35, 2022, 5, 462);
INSERT INTO Episode_Judge (episode_judge_id,episode_id, judge_id) VALUES (103,35,48);
INSERT INTO Episode_Judge (episode_judge_id,episode_id, judge_id) VALUES (104,35,89);
INSERT INTO Episode_Judge (episode_judge_id,episode_id, judge_id) VALUES (105,35,69);
INSERT INTO Episode_Combo (episode_combo_id,episode_id, national_cuisine_id,cook_id,recipe_id) VALUES (341,34, 10, 85, 1);
INSERT INTO Rates (episode_comdo_id,episode_judge_id,rating) VALUES (341,103,5);
INSERT INTO Rates (episode_comdo_id,episode_judge_id,rating) VALUES (341,104,4);
INSERT INTO Rates (episode_comdo_id,episode_judge_id,rating) VALUES (341,105,2);
INSERT INTO Episode_Combo (episode_combo_id,episode_id, national_cuisine_id,cook_id,recipe_id) VALUES (342,34, 9, 62, 44);
INSERT INTO Rates (episode_comdo_id,episode_judge_id,rating) VALUES (342,103,5);
INSERT INTO Rates (episode_comdo_id,episode_judge_id,rating) VALUES (342,104,5);
INSERT INTO Rates (episode_comdo_id,episode_judge_id,rating) VALUES (342,105,3);
INSERT INTO Episode_Combo (episode_combo_id,episode_id, national_cuisine_id,cook_id,recipe_id) VALUES (343,34, 2, 38, 13);
INSERT INTO Rates (episode_comdo_id,episode_judge_id,rating) VALUES (343,103,4);
INSERT INTO Rates (episode_comdo_id,episode_judge_id,rating) VALUES (343,104,4);
INSERT INTO Rates (episode_comdo_id,episode_judge_id,rating) VALUES (343,105,1);
INSERT INTO Episode_Combo (episode_combo_id,episode_id, national_cuisine_id,cook_id,recipe_id) VALUES (344,34, 14, 17, 21);
INSERT INTO Rates (episode_comdo_id,episode_judge_id,rating) VALUES (344,103,1);
INSERT INTO Rates (episode_comdo_id,episode_judge_id,rating) VALUES (344,104,1);
INSERT INTO Rates (episode_comdo_id,episode_judge_id,rating) VALUES (344,105,4);
INSERT INTO Episode_Combo (episode_combo_id,episode_id, national_cuisine_id,cook_id,recipe_id) VALUES (345,34, 12, 7, 37);
INSERT INTO Rates (episode_comdo_id,episode_judge_id,rating) VALUES (345,103,3);
INSERT INTO Rates (episode_comdo_id,episode_judge_id,rating) VALUES (345,104,2);
INSERT INTO Rates (episode_comdo_id,episode_judge_id,rating) VALUES (345,105,1);
INSERT INTO Episode_Combo (episode_combo_id,episode_id, national_cuisine_id,cook_id,recipe_id) VALUES (346,34, 5, 8, 40);
INSERT INTO Rates (episode_comdo_id,episode_judge_id,rating) VALUES (346,103,2);
INSERT INTO Rates (episode_comdo_id,episode_judge_id,rating) VALUES (346,104,5);
INSERT INTO Rates (episode_comdo_id,episode_judge_id,rating) VALUES (346,105,2);
INSERT INTO Episode_Combo (episode_combo_id,episode_id, national_cuisine_id,cook_id,recipe_id) VALUES (347,34, 4, 36, 2);
INSERT INTO Rates (episode_comdo_id,episode_judge_id,rating) VALUES (347,103,4);
INSERT INTO Rates (episode_comdo_id,episode_judge_id,rating) VALUES (347,104,4);
INSERT INTO Rates (episode_comdo_id,episode_judge_id,rating) VALUES (347,105,1);
INSERT INTO Episode_Combo (episode_combo_id,episode_id, national_cuisine_id,cook_id,recipe_id) VALUES (348,34, 20, 57, 89);
INSERT INTO Rates (episode_comdo_id,episode_judge_id,rating) VALUES (348,103,5);
INSERT INTO Rates (episode_comdo_id,episode_judge_id,rating) VALUES (348,104,2);
INSERT INTO Rates (episode_comdo_id,episode_judge_id,rating) VALUES (348,105,2);
INSERT INTO Episode_Combo (episode_combo_id,episode_id, national_cuisine_id,cook_id,recipe_id) VALUES (349,34, 4, 21, 48);
INSERT INTO Rates (episode_comdo_id,episode_judge_id,rating) VALUES (349,103,3);
INSERT INTO Rates (episode_comdo_id,episode_judge_id,rating) VALUES (349,104,4);
INSERT INTO Rates (episode_comdo_id,episode_judge_id,rating) VALUES (349,105,1);
INSERT INTO Episode_Combo (episode_combo_id,episode_id, national_cuisine_id,cook_id,recipe_id) VALUES (350,34, 8, 11, 35);
INSERT INTO Rates (episode_comdo_id,episode_judge_id,rating) VALUES (350,103,2);
INSERT INTO Rates (episode_comdo_id,episode_judge_id,rating) VALUES (350,104,4);
INSERT INTO Rates (episode_comdo_id,episode_judge_id,rating) VALUES (350,105,1);
INSERT INTO Episode (episode_id, year,episode_number,image_id) VALUES (36, 2022, 6, 463);
INSERT INTO Episode_Judge (episode_judge_id,episode_id, judge_id) VALUES (106,36,35);
INSERT INTO Episode_Judge (episode_judge_id,episode_id, judge_id) VALUES (107,36,80);
INSERT INTO Episode_Judge (episode_judge_id,episode_id, judge_id) VALUES (108,36,40);
INSERT INTO Episode_Combo (episode_combo_id,episode_id, national_cuisine_id,cook_id,recipe_id) VALUES (351,35, 20, 58, 65);
INSERT INTO Rates (episode_comdo_id,episode_judge_id,rating) VALUES (351,106,4);
INSERT INTO Rates (episode_comdo_id,episode_judge_id,rating) VALUES (351,107,1);
INSERT INTO Rates (episode_comdo_id,episode_judge_id,rating) VALUES (351,108,2);
INSERT INTO Episode_Combo (episode_combo_id,episode_id, national_cuisine_id,cook_id,recipe_id) VALUES (352,35, 10, 65, 6);
INSERT INTO Rates (episode_comdo_id,episode_judge_id,rating) VALUES (352,106,2);
INSERT INTO Rates (episode_comdo_id,episode_judge_id,rating) VALUES (352,107,4);
INSERT INTO Rates (episode_comdo_id,episode_judge_id,rating) VALUES (352,108,3);
INSERT INTO Episode_Combo (episode_combo_id,episode_id, national_cuisine_id,cook_id,recipe_id) VALUES (353,35, 8, 79, 61);
INSERT INTO Rates (episode_comdo_id,episode_judge_id,rating) VALUES (353,106,3);
INSERT INTO Rates (episode_comdo_id,episode_judge_id,rating) VALUES (353,107,3);
INSERT INTO Rates (episode_comdo_id,episode_judge_id,rating) VALUES (353,108,4);
INSERT INTO Episode_Combo (episode_combo_id,episode_id, national_cuisine_id,cook_id,recipe_id) VALUES (354,35, 17, 41, 71);
INSERT INTO Rates (episode_comdo_id,episode_judge_id,rating) VALUES (354,106,1);
INSERT INTO Rates (episode_comdo_id,episode_judge_id,rating) VALUES (354,107,5);
INSERT INTO Rates (episode_comdo_id,episode_judge_id,rating) VALUES (354,108,4);
INSERT INTO Episode_Combo (episode_combo_id,episode_id, national_cuisine_id,cook_id,recipe_id) VALUES (355,35, 15, 98, 94);
INSERT INTO Rates (episode_comdo_id,episode_judge_id,rating) VALUES (355,106,3);
INSERT INTO Rates (episode_comdo_id,episode_judge_id,rating) VALUES (355,107,4);
INSERT INTO Rates (episode_comdo_id,episode_judge_id,rating) VALUES (355,108,5);
INSERT INTO Episode_Combo (episode_combo_id,episode_id, national_cuisine_id,cook_id,recipe_id) VALUES (356,35, 19, 52, 40);
INSERT INTO Rates (episode_comdo_id,episode_judge_id,rating) VALUES (356,106,3);
INSERT INTO Rates (episode_comdo_id,episode_judge_id,rating) VALUES (356,107,1);
INSERT INTO Rates (episode_comdo_id,episode_judge_id,rating) VALUES (356,108,2);
INSERT INTO Episode_Combo (episode_combo_id,episode_id, national_cuisine_id,cook_id,recipe_id) VALUES (357,35, 13, 85, 82);
INSERT INTO Rates (episode_comdo_id,episode_judge_id,rating) VALUES (357,106,3);
INSERT INTO Rates (episode_comdo_id,episode_judge_id,rating) VALUES (357,107,3);
INSERT INTO Rates (episode_comdo_id,episode_judge_id,rating) VALUES (357,108,2);
INSERT INTO Episode_Combo (episode_combo_id,episode_id, national_cuisine_id,cook_id,recipe_id) VALUES (358,35, 5, 5, 90);
INSERT INTO Rates (episode_comdo_id,episode_judge_id,rating) VALUES (358,106,4);
INSERT INTO Rates (episode_comdo_id,episode_judge_id,rating) VALUES (358,107,1);
INSERT INTO Rates (episode_comdo_id,episode_judge_id,rating) VALUES (358,108,3);
INSERT INTO Episode_Combo (episode_combo_id,episode_id, national_cuisine_id,cook_id,recipe_id) VALUES (359,35, 9, 96, 39);
INSERT INTO Rates (episode_comdo_id,episode_judge_id,rating) VALUES (359,106,1);
INSERT INTO Rates (episode_comdo_id,episode_judge_id,rating) VALUES (359,107,3);
INSERT INTO Rates (episode_comdo_id,episode_judge_id,rating) VALUES (359,108,4);
INSERT INTO Episode_Combo (episode_combo_id,episode_id, national_cuisine_id,cook_id,recipe_id) VALUES (360,35, 17, 73, 36);
INSERT INTO Rates (episode_comdo_id,episode_judge_id,rating) VALUES (360,106,3);
INSERT INTO Rates (episode_comdo_id,episode_judge_id,rating) VALUES (360,107,5);
INSERT INTO Rates (episode_comdo_id,episode_judge_id,rating) VALUES (360,108,4);
INSERT INTO Episode (episode_id, year,episode_number,image_id) VALUES (37, 2022, 7, 464);
INSERT INTO Episode_Judge (episode_judge_id,episode_id, judge_id) VALUES (109,37,30);
INSERT INTO Episode_Judge (episode_judge_id,episode_id, judge_id) VALUES (110,37,62);
INSERT INTO Episode_Judge (episode_judge_id,episode_id, judge_id) VALUES (111,37,68);
INSERT INTO Episode_Combo (episode_combo_id,episode_id, national_cuisine_id,cook_id,recipe_id) VALUES (361,36, 18, 68, 9);
INSERT INTO Rates (episode_comdo_id,episode_judge_id,rating) VALUES (361,109,2);
INSERT INTO Rates (episode_comdo_id,episode_judge_id,rating) VALUES (361,110,3);
INSERT INTO Rates (episode_comdo_id,episode_judge_id,rating) VALUES (361,111,2);
INSERT INTO Episode_Combo (episode_combo_id,episode_id, national_cuisine_id,cook_id,recipe_id) VALUES (362,36, 1, 63, 82);
INSERT INTO Rates (episode_comdo_id,episode_judge_id,rating) VALUES (362,109,5);
INSERT INTO Rates (episode_comdo_id,episode_judge_id,rating) VALUES (362,110,3);
INSERT INTO Rates (episode_comdo_id,episode_judge_id,rating) VALUES (362,111,4);
INSERT INTO Episode_Combo (episode_combo_id,episode_id, national_cuisine_id,cook_id,recipe_id) VALUES (363,36, 8, 25, 63);
INSERT INTO Rates (episode_comdo_id,episode_judge_id,rating) VALUES (363,109,2);
INSERT INTO Rates (episode_comdo_id,episode_judge_id,rating) VALUES (363,110,4);
INSERT INTO Rates (episode_comdo_id,episode_judge_id,rating) VALUES (363,111,1);
INSERT INTO Episode_Combo (episode_combo_id,episode_id, national_cuisine_id,cook_id,recipe_id) VALUES (364,36, 17, 17, 75);
INSERT INTO Rates (episode_comdo_id,episode_judge_id,rating) VALUES (364,109,1);
INSERT INTO Rates (episode_comdo_id,episode_judge_id,rating) VALUES (364,110,1);
INSERT INTO Rates (episode_comdo_id,episode_judge_id,rating) VALUES (364,111,2);
INSERT INTO Episode_Combo (episode_combo_id,episode_id, national_cuisine_id,cook_id,recipe_id) VALUES (365,36, 20, 8, 27);
INSERT INTO Rates (episode_comdo_id,episode_judge_id,rating) VALUES (365,109,1);
INSERT INTO Rates (episode_comdo_id,episode_judge_id,rating) VALUES (365,110,5);
INSERT INTO Rates (episode_comdo_id,episode_judge_id,rating) VALUES (365,111,1);
INSERT INTO Episode_Combo (episode_combo_id,episode_id, national_cuisine_id,cook_id,recipe_id) VALUES (366,36, 17, 52, 67);
INSERT INTO Rates (episode_comdo_id,episode_judge_id,rating) VALUES (366,109,3);
INSERT INTO Rates (episode_comdo_id,episode_judge_id,rating) VALUES (366,110,3);
INSERT INTO Rates (episode_comdo_id,episode_judge_id,rating) VALUES (366,111,4);
INSERT INTO Episode_Combo (episode_combo_id,episode_id, national_cuisine_id,cook_id,recipe_id) VALUES (367,36, 1, 18, 88);
INSERT INTO Rates (episode_comdo_id,episode_judge_id,rating) VALUES (367,109,5);
INSERT INTO Rates (episode_comdo_id,episode_judge_id,rating) VALUES (367,110,3);
INSERT INTO Rates (episode_comdo_id,episode_judge_id,rating) VALUES (367,111,4);
INSERT INTO Episode_Combo (episode_combo_id,episode_id, national_cuisine_id,cook_id,recipe_id) VALUES (368,36, 14, 74, 82);
INSERT INTO Rates (episode_comdo_id,episode_judge_id,rating) VALUES (368,109,5);
INSERT INTO Rates (episode_comdo_id,episode_judge_id,rating) VALUES (368,110,5);
INSERT INTO Rates (episode_comdo_id,episode_judge_id,rating) VALUES (368,111,1);
INSERT INTO Episode_Combo (episode_combo_id,episode_id, national_cuisine_id,cook_id,recipe_id) VALUES (369,36, 19, 42, 73);
INSERT INTO Rates (episode_comdo_id,episode_judge_id,rating) VALUES (369,109,4);
INSERT INTO Rates (episode_comdo_id,episode_judge_id,rating) VALUES (369,110,1);
INSERT INTO Rates (episode_comdo_id,episode_judge_id,rating) VALUES (369,111,4);
INSERT INTO Episode_Combo (episode_combo_id,episode_id, national_cuisine_id,cook_id,recipe_id) VALUES (370,36, 4, 38, 70);
INSERT INTO Rates (episode_comdo_id,episode_judge_id,rating) VALUES (370,109,1);
INSERT INTO Rates (episode_comdo_id,episode_judge_id,rating) VALUES (370,110,4);
INSERT INTO Rates (episode_comdo_id,episode_judge_id,rating) VALUES (370,111,2);
INSERT INTO Episode (episode_id, year,episode_number,image_id) VALUES (38, 2022, 8, 465);
INSERT INTO Episode_Judge (episode_judge_id,episode_id, judge_id) VALUES (112,38,81);
INSERT INTO Episode_Judge (episode_judge_id,episode_id, judge_id) VALUES (113,38,18);
INSERT INTO Episode_Judge (episode_judge_id,episode_id, judge_id) VALUES (114,38,5);
INSERT INTO Episode_Combo (episode_combo_id,episode_id, national_cuisine_id,cook_id,recipe_id) VALUES (371,37, 17, 34, 39);
INSERT INTO Rates (episode_comdo_id,episode_judge_id,rating) VALUES (371,112,5);
INSERT INTO Rates (episode_comdo_id,episode_judge_id,rating) VALUES (371,113,1);
INSERT INTO Rates (episode_comdo_id,episode_judge_id,rating) VALUES (371,114,5);
INSERT INTO Episode_Combo (episode_combo_id,episode_id, national_cuisine_id,cook_id,recipe_id) VALUES (372,37, 6, 45, 11);
INSERT INTO Rates (episode_comdo_id,episode_judge_id,rating) VALUES (372,112,1);
INSERT INTO Rates (episode_comdo_id,episode_judge_id,rating) VALUES (372,113,4);
INSERT INTO Rates (episode_comdo_id,episode_judge_id,rating) VALUES (372,114,2);
INSERT INTO Episode_Combo (episode_combo_id,episode_id, national_cuisine_id,cook_id,recipe_id) VALUES (373,37, 13, 30, 13);
INSERT INTO Rates (episode_comdo_id,episode_judge_id,rating) VALUES (373,112,5);
INSERT INTO Rates (episode_comdo_id,episode_judge_id,rating) VALUES (373,113,3);
INSERT INTO Rates (episode_comdo_id,episode_judge_id,rating) VALUES (373,114,4);
INSERT INTO Episode_Combo (episode_combo_id,episode_id, national_cuisine_id,cook_id,recipe_id) VALUES (374,37, 14, 41, 50);
INSERT INTO Rates (episode_comdo_id,episode_judge_id,rating) VALUES (374,112,1);
INSERT INTO Rates (episode_comdo_id,episode_judge_id,rating) VALUES (374,113,1);
INSERT INTO Rates (episode_comdo_id,episode_judge_id,rating) VALUES (374,114,3);
INSERT INTO Episode_Combo (episode_combo_id,episode_id, national_cuisine_id,cook_id,recipe_id) VALUES (375,37, 9, 57, 55);
INSERT INTO Rates (episode_comdo_id,episode_judge_id,rating) VALUES (375,112,1);
INSERT INTO Rates (episode_comdo_id,episode_judge_id,rating) VALUES (375,113,4);
INSERT INTO Rates (episode_comdo_id,episode_judge_id,rating) VALUES (375,114,1);
INSERT INTO Episode_Combo (episode_combo_id,episode_id, national_cuisine_id,cook_id,recipe_id) VALUES (376,37, 4, 86, 33);
INSERT INTO Rates (episode_comdo_id,episode_judge_id,rating) VALUES (376,112,5);
INSERT INTO Rates (episode_comdo_id,episode_judge_id,rating) VALUES (376,113,2);
INSERT INTO Rates (episode_comdo_id,episode_judge_id,rating) VALUES (376,114,5);
INSERT INTO Episode_Combo (episode_combo_id,episode_id, national_cuisine_id,cook_id,recipe_id) VALUES (377,37, 17, 51, 64);
INSERT INTO Rates (episode_comdo_id,episode_judge_id,rating) VALUES (377,112,1);
INSERT INTO Rates (episode_comdo_id,episode_judge_id,rating) VALUES (377,113,3);
INSERT INTO Rates (episode_comdo_id,episode_judge_id,rating) VALUES (377,114,5);
INSERT INTO Episode_Combo (episode_combo_id,episode_id, national_cuisine_id,cook_id,recipe_id) VALUES (378,37, 6, 86, 41);
INSERT INTO Rates (episode_comdo_id,episode_judge_id,rating) VALUES (378,112,4);
INSERT INTO Rates (episode_comdo_id,episode_judge_id,rating) VALUES (378,113,1);
INSERT INTO Rates (episode_comdo_id,episode_judge_id,rating) VALUES (378,114,4);
INSERT INTO Episode_Combo (episode_combo_id,episode_id, national_cuisine_id,cook_id,recipe_id) VALUES (379,37, 2, 29, 73);
INSERT INTO Rates (episode_comdo_id,episode_judge_id,rating) VALUES (379,112,2);
INSERT INTO Rates (episode_comdo_id,episode_judge_id,rating) VALUES (379,113,2);
INSERT INTO Rates (episode_comdo_id,episode_judge_id,rating) VALUES (379,114,2);
INSERT INTO Episode_Combo (episode_combo_id,episode_id, national_cuisine_id,cook_id,recipe_id) VALUES (380,37, 6, 82, 47);
INSERT INTO Rates (episode_comdo_id,episode_judge_id,rating) VALUES (380,112,4);
INSERT INTO Rates (episode_comdo_id,episode_judge_id,rating) VALUES (380,113,5);
INSERT INTO Rates (episode_comdo_id,episode_judge_id,rating) VALUES (380,114,3);
INSERT INTO Episode (episode_id, year,episode_number,image_id) VALUES (39, 2022, 9, 466);
INSERT INTO Episode_Judge (episode_judge_id,episode_id, judge_id) VALUES (115,39,43);
INSERT INTO Episode_Judge (episode_judge_id,episode_id, judge_id) VALUES (116,39,28);
INSERT INTO Episode_Judge (episode_judge_id,episode_id, judge_id) VALUES (117,39,100);
INSERT INTO Episode_Combo (episode_combo_id,episode_id, national_cuisine_id,cook_id,recipe_id) VALUES (381,38, 18, 43, 97);
INSERT INTO Rates (episode_comdo_id,episode_judge_id,rating) VALUES (381,115,3);
INSERT INTO Rates (episode_comdo_id,episode_judge_id,rating) VALUES (381,116,2);
INSERT INTO Rates (episode_comdo_id,episode_judge_id,rating) VALUES (381,117,4);
INSERT INTO Episode_Combo (episode_combo_id,episode_id, national_cuisine_id,cook_id,recipe_id) VALUES (382,38, 6, 24, 13);
INSERT INTO Rates (episode_comdo_id,episode_judge_id,rating) VALUES (382,115,2);
INSERT INTO Rates (episode_comdo_id,episode_judge_id,rating) VALUES (382,116,2);
INSERT INTO Rates (episode_comdo_id,episode_judge_id,rating) VALUES (382,117,1);
INSERT INTO Episode_Combo (episode_combo_id,episode_id, national_cuisine_id,cook_id,recipe_id) VALUES (383,38, 9, 81, 15);
INSERT INTO Rates (episode_comdo_id,episode_judge_id,rating) VALUES (383,115,5);
INSERT INTO Rates (episode_comdo_id,episode_judge_id,rating) VALUES (383,116,2);
INSERT INTO Rates (episode_comdo_id,episode_judge_id,rating) VALUES (383,117,1);
INSERT INTO Episode_Combo (episode_combo_id,episode_id, national_cuisine_id,cook_id,recipe_id) VALUES (384,38, 5, 74, 43);
INSERT INTO Rates (episode_comdo_id,episode_judge_id,rating) VALUES (384,115,2);
INSERT INTO Rates (episode_comdo_id,episode_judge_id,rating) VALUES (384,116,4);
INSERT INTO Rates (episode_comdo_id,episode_judge_id,rating) VALUES (384,117,3);
INSERT INTO Episode_Combo (episode_combo_id,episode_id, national_cuisine_id,cook_id,recipe_id) VALUES (385,38, 3, 79, 2);
INSERT INTO Rates (episode_comdo_id,episode_judge_id,rating) VALUES (385,115,1);
INSERT INTO Rates (episode_comdo_id,episode_judge_id,rating) VALUES (385,116,3);
INSERT INTO Rates (episode_comdo_id,episode_judge_id,rating) VALUES (385,117,5);
INSERT INTO Episode_Combo (episode_combo_id,episode_id, national_cuisine_id,cook_id,recipe_id) VALUES (386,38, 13, 69, 99);
INSERT INTO Rates (episode_comdo_id,episode_judge_id,rating) VALUES (386,115,5);
INSERT INTO Rates (episode_comdo_id,episode_judge_id,rating) VALUES (386,116,4);
INSERT INTO Rates (episode_comdo_id,episode_judge_id,rating) VALUES (386,117,1);
INSERT INTO Episode_Combo (episode_combo_id,episode_id, national_cuisine_id,cook_id,recipe_id) VALUES (387,38, 19, 3, 50);
INSERT INTO Rates (episode_comdo_id,episode_judge_id,rating) VALUES (387,115,2);
INSERT INTO Rates (episode_comdo_id,episode_judge_id,rating) VALUES (387,116,4);
INSERT INTO Rates (episode_comdo_id,episode_judge_id,rating) VALUES (387,117,4);
INSERT INTO Episode_Combo (episode_combo_id,episode_id, national_cuisine_id,cook_id,recipe_id) VALUES (388,38, 7, 87, 47);
INSERT INTO Rates (episode_comdo_id,episode_judge_id,rating) VALUES (388,115,3);
INSERT INTO Rates (episode_comdo_id,episode_judge_id,rating) VALUES (388,116,1);
INSERT INTO Rates (episode_comdo_id,episode_judge_id,rating) VALUES (388,117,5);
INSERT INTO Episode_Combo (episode_combo_id,episode_id, national_cuisine_id,cook_id,recipe_id) VALUES (389,38, 18, 32, 79);
INSERT INTO Rates (episode_comdo_id,episode_judge_id,rating) VALUES (389,115,1);
INSERT INTO Rates (episode_comdo_id,episode_judge_id,rating) VALUES (389,116,1);
INSERT INTO Rates (episode_comdo_id,episode_judge_id,rating) VALUES (389,117,3);
INSERT INTO Episode_Combo (episode_combo_id,episode_id, national_cuisine_id,cook_id,recipe_id) VALUES (390,38, 16, 45, 71);
INSERT INTO Rates (episode_comdo_id,episode_judge_id,rating) VALUES (390,115,2);
INSERT INTO Rates (episode_comdo_id,episode_judge_id,rating) VALUES (390,116,3);
INSERT INTO Rates (episode_comdo_id,episode_judge_id,rating) VALUES (390,117,2);
INSERT INTO Episode (episode_id, year,episode_number,image_id) VALUES (40, 2022, 10, 467);
INSERT INTO Episode_Judge (episode_judge_id,episode_id, judge_id) VALUES (118,40,19);
INSERT INTO Episode_Judge (episode_judge_id,episode_id, judge_id) VALUES (119,40,14);
INSERT INTO Episode_Judge (episode_judge_id,episode_id, judge_id) VALUES (120,40,75);
INSERT INTO Episode_Combo (episode_combo_id,episode_id, national_cuisine_id,cook_id,recipe_id) VALUES (391,39, 9, 22, 83);
INSERT INTO Rates (episode_comdo_id,episode_judge_id,rating) VALUES (391,118,2);
INSERT INTO Rates (episode_comdo_id,episode_judge_id,rating) VALUES (391,119,2);
INSERT INTO Rates (episode_comdo_id,episode_judge_id,rating) VALUES (391,120,3);
INSERT INTO Episode_Combo (episode_combo_id,episode_id, national_cuisine_id,cook_id,recipe_id) VALUES (392,39, 15, 27, 85);
INSERT INTO Rates (episode_comdo_id,episode_judge_id,rating) VALUES (392,118,5);
INSERT INTO Rates (episode_comdo_id,episode_judge_id,rating) VALUES (392,119,3);
INSERT INTO Rates (episode_comdo_id,episode_judge_id,rating) VALUES (392,120,5);
INSERT INTO Episode_Combo (episode_combo_id,episode_id, national_cuisine_id,cook_id,recipe_id) VALUES (393,39, 6, 100, 46);
INSERT INTO Rates (episode_comdo_id,episode_judge_id,rating) VALUES (393,118,5);
INSERT INTO Rates (episode_comdo_id,episode_judge_id,rating) VALUES (393,119,5);
INSERT INTO Rates (episode_comdo_id,episode_judge_id,rating) VALUES (393,120,5);
INSERT INTO Episode_Combo (episode_combo_id,episode_id, national_cuisine_id,cook_id,recipe_id) VALUES (394,39, 18, 85, 80);
INSERT INTO Rates (episode_comdo_id,episode_judge_id,rating) VALUES (394,118,3);
INSERT INTO Rates (episode_comdo_id,episode_judge_id,rating) VALUES (394,119,4);
INSERT INTO Rates (episode_comdo_id,episode_judge_id,rating) VALUES (394,120,5);
INSERT INTO Episode_Combo (episode_combo_id,episode_id, national_cuisine_id,cook_id,recipe_id) VALUES (395,39, 8, 66, 37);
INSERT INTO Rates (episode_comdo_id,episode_judge_id,rating) VALUES (395,118,4);
INSERT INTO Rates (episode_comdo_id,episode_judge_id,rating) VALUES (395,119,5);
INSERT INTO Rates (episode_comdo_id,episode_judge_id,rating) VALUES (395,120,1);
INSERT INTO Episode_Combo (episode_combo_id,episode_id, national_cuisine_id,cook_id,recipe_id) VALUES (396,39, 16, 37, 85);
INSERT INTO Rates (episode_comdo_id,episode_judge_id,rating) VALUES (396,118,1);
INSERT INTO Rates (episode_comdo_id,episode_judge_id,rating) VALUES (396,119,4);
INSERT INTO Rates (episode_comdo_id,episode_judge_id,rating) VALUES (396,120,5);
INSERT INTO Episode_Combo (episode_combo_id,episode_id, national_cuisine_id,cook_id,recipe_id) VALUES (397,39, 11, 1, 26);
INSERT INTO Rates (episode_comdo_id,episode_judge_id,rating) VALUES (397,118,1);
INSERT INTO Rates (episode_comdo_id,episode_judge_id,rating) VALUES (397,119,1);
INSERT INTO Rates (episode_comdo_id,episode_judge_id,rating) VALUES (397,120,2);
INSERT INTO Episode_Combo (episode_combo_id,episode_id, national_cuisine_id,cook_id,recipe_id) VALUES (398,39, 13, 10, 64);
INSERT INTO Rates (episode_comdo_id,episode_judge_id,rating) VALUES (398,118,2);
INSERT INTO Rates (episode_comdo_id,episode_judge_id,rating) VALUES (398,119,5);
INSERT INTO Rates (episode_comdo_id,episode_judge_id,rating) VALUES (398,120,5);
INSERT INTO Episode_Combo (episode_combo_id,episode_id, national_cuisine_id,cook_id,recipe_id) VALUES (399,39, 11, 36, 53);
INSERT INTO Rates (episode_comdo_id,episode_judge_id,rating) VALUES (399,118,1);
INSERT INTO Rates (episode_comdo_id,episode_judge_id,rating) VALUES (399,119,5);
INSERT INTO Rates (episode_comdo_id,episode_judge_id,rating) VALUES (399,120,2);
INSERT INTO Episode_Combo (episode_combo_id,episode_id, national_cuisine_id,cook_id,recipe_id) VALUES (400,39, 8, 75, 68);
INSERT INTO Rates (episode_comdo_id,episode_judge_id,rating) VALUES (400,118,4);
INSERT INTO Rates (episode_comdo_id,episode_judge_id,rating) VALUES (400,119,4);
INSERT INTO Rates (episode_comdo_id,episode_judge_id,rating) VALUES (400,120,2);
INSERT INTO Episode (episode_id, year,episode_number,image_id) VALUES (41, 2023, 1, 468);
INSERT INTO Episode_Judge (episode_judge_id,episode_id, judge_id) VALUES (121,41,98);
INSERT INTO Episode_Judge (episode_judge_id,episode_id, judge_id) VALUES (122,41,25);
INSERT INTO Episode_Judge (episode_judge_id,episode_id, judge_id) VALUES (123,41,61);
INSERT INTO Episode_Combo (episode_combo_id,episode_id, national_cuisine_id,cook_id,recipe_id) VALUES (401,40, 20, 99, 81);
INSERT INTO Rates (episode_comdo_id,episode_judge_id,rating) VALUES (401,121,2);
INSERT INTO Rates (episode_comdo_id,episode_judge_id,rating) VALUES (401,122,1);
INSERT INTO Rates (episode_comdo_id,episode_judge_id,rating) VALUES (401,123,3);
INSERT INTO Episode_Combo (episode_combo_id,episode_id, national_cuisine_id,cook_id,recipe_id) VALUES (402,40, 12, 41, 35);
INSERT INTO Rates (episode_comdo_id,episode_judge_id,rating) VALUES (402,121,2);
INSERT INTO Rates (episode_comdo_id,episode_judge_id,rating) VALUES (402,122,2);
INSERT INTO Rates (episode_comdo_id,episode_judge_id,rating) VALUES (402,123,4);
INSERT INTO Episode_Combo (episode_combo_id,episode_id, national_cuisine_id,cook_id,recipe_id) VALUES (403,40, 14, 45, 75);
INSERT INTO Rates (episode_comdo_id,episode_judge_id,rating) VALUES (403,121,3);
INSERT INTO Rates (episode_comdo_id,episode_judge_id,rating) VALUES (403,122,4);
INSERT INTO Rates (episode_comdo_id,episode_judge_id,rating) VALUES (403,123,3);
INSERT INTO Episode_Combo (episode_combo_id,episode_id, national_cuisine_id,cook_id,recipe_id) VALUES (404,40, 2, 86, 44);
INSERT INTO Rates (episode_comdo_id,episode_judge_id,rating) VALUES (404,121,5);
INSERT INTO Rates (episode_comdo_id,episode_judge_id,rating) VALUES (404,122,1);
INSERT INTO Rates (episode_comdo_id,episode_judge_id,rating) VALUES (404,123,5);
INSERT INTO Episode_Combo (episode_combo_id,episode_id, national_cuisine_id,cook_id,recipe_id) VALUES (405,40, 1, 19, 23);
INSERT INTO Rates (episode_comdo_id,episode_judge_id,rating) VALUES (405,121,3);
INSERT INTO Rates (episode_comdo_id,episode_judge_id,rating) VALUES (405,122,4);
INSERT INTO Rates (episode_comdo_id,episode_judge_id,rating) VALUES (405,123,3);
INSERT INTO Episode_Combo (episode_combo_id,episode_id, national_cuisine_id,cook_id,recipe_id) VALUES (406,40, 15, 47, 82);
INSERT INTO Rates (episode_comdo_id,episode_judge_id,rating) VALUES (406,121,2);
INSERT INTO Rates (episode_comdo_id,episode_judge_id,rating) VALUES (406,122,1);
INSERT INTO Rates (episode_comdo_id,episode_judge_id,rating) VALUES (406,123,2);
INSERT INTO Episode_Combo (episode_combo_id,episode_id, national_cuisine_id,cook_id,recipe_id) VALUES (407,40, 5, 76, 42);
INSERT INTO Rates (episode_comdo_id,episode_judge_id,rating) VALUES (407,121,2);
INSERT INTO Rates (episode_comdo_id,episode_judge_id,rating) VALUES (407,122,2);
INSERT INTO Rates (episode_comdo_id,episode_judge_id,rating) VALUES (407,123,2);
INSERT INTO Episode_Combo (episode_combo_id,episode_id, national_cuisine_id,cook_id,recipe_id) VALUES (408,40, 4, 94, 75);
INSERT INTO Rates (episode_comdo_id,episode_judge_id,rating) VALUES (408,121,5);
INSERT INTO Rates (episode_comdo_id,episode_judge_id,rating) VALUES (408,122,5);
INSERT INTO Rates (episode_comdo_id,episode_judge_id,rating) VALUES (408,123,5);
INSERT INTO Episode_Combo (episode_combo_id,episode_id, national_cuisine_id,cook_id,recipe_id) VALUES (409,40, 16, 73, 99);
INSERT INTO Rates (episode_comdo_id,episode_judge_id,rating) VALUES (409,121,4);
INSERT INTO Rates (episode_comdo_id,episode_judge_id,rating) VALUES (409,122,1);
INSERT INTO Rates (episode_comdo_id,episode_judge_id,rating) VALUES (409,123,3);
INSERT INTO Episode_Combo (episode_combo_id,episode_id, national_cuisine_id,cook_id,recipe_id) VALUES (410,40, 16, 50, 78);
INSERT INTO Rates (episode_comdo_id,episode_judge_id,rating) VALUES (410,121,1);
INSERT INTO Rates (episode_comdo_id,episode_judge_id,rating) VALUES (410,122,5);
INSERT INTO Rates (episode_comdo_id,episode_judge_id,rating) VALUES (410,123,2);
INSERT INTO Episode (episode_id, year,episode_number,image_id) VALUES (42, 2023, 2, 469);
INSERT INTO Episode_Judge (episode_judge_id,episode_id, judge_id) VALUES (124,42,40);
INSERT INTO Episode_Judge (episode_judge_id,episode_id, judge_id) VALUES (125,42,5);
INSERT INTO Episode_Judge (episode_judge_id,episode_id, judge_id) VALUES (126,42,21);
INSERT INTO Episode_Combo (episode_combo_id,episode_id, national_cuisine_id,cook_id,recipe_id) VALUES (411,41, 18, 18, 23);
INSERT INTO Rates (episode_comdo_id,episode_judge_id,rating) VALUES (411,124,1);
INSERT INTO Rates (episode_comdo_id,episode_judge_id,rating) VALUES (411,125,2);
INSERT INTO Rates (episode_comdo_id,episode_judge_id,rating) VALUES (411,126,3);
INSERT INTO Episode_Combo (episode_combo_id,episode_id, national_cuisine_id,cook_id,recipe_id) VALUES (412,41, 19, 77, 97);
INSERT INTO Rates (episode_comdo_id,episode_judge_id,rating) VALUES (412,124,5);
INSERT INTO Rates (episode_comdo_id,episode_judge_id,rating) VALUES (412,125,1);
INSERT INTO Rates (episode_comdo_id,episode_judge_id,rating) VALUES (412,126,3);
INSERT INTO Episode_Combo (episode_combo_id,episode_id, national_cuisine_id,cook_id,recipe_id) VALUES (413,41, 17, 99, 65);
INSERT INTO Rates (episode_comdo_id,episode_judge_id,rating) VALUES (413,124,2);
INSERT INTO Rates (episode_comdo_id,episode_judge_id,rating) VALUES (413,125,1);
INSERT INTO Rates (episode_comdo_id,episode_judge_id,rating) VALUES (413,126,1);
INSERT INTO Episode_Combo (episode_combo_id,episode_id, national_cuisine_id,cook_id,recipe_id) VALUES (414,41, 15, 52, 31);
INSERT INTO Rates (episode_comdo_id,episode_judge_id,rating) VALUES (414,124,2);
INSERT INTO Rates (episode_comdo_id,episode_judge_id,rating) VALUES (414,125,1);
INSERT INTO Rates (episode_comdo_id,episode_judge_id,rating) VALUES (414,126,2);
INSERT INTO Episode_Combo (episode_combo_id,episode_id, national_cuisine_id,cook_id,recipe_id) VALUES (415,41, 13, 55, 96);
INSERT INTO Rates (episode_comdo_id,episode_judge_id,rating) VALUES (415,124,3);
INSERT INTO Rates (episode_comdo_id,episode_judge_id,rating) VALUES (415,125,2);
INSERT INTO Rates (episode_comdo_id,episode_judge_id,rating) VALUES (415,126,5);
INSERT INTO Episode_Combo (episode_combo_id,episode_id, national_cuisine_id,cook_id,recipe_id) VALUES (416,41, 13, 30, 7);
INSERT INTO Rates (episode_comdo_id,episode_judge_id,rating) VALUES (416,124,3);
INSERT INTO Rates (episode_comdo_id,episode_judge_id,rating) VALUES (416,125,4);
INSERT INTO Rates (episode_comdo_id,episode_judge_id,rating) VALUES (416,126,5);
INSERT INTO Episode_Combo (episode_combo_id,episode_id, national_cuisine_id,cook_id,recipe_id) VALUES (417,41, 4, 58, 66);
INSERT INTO Rates (episode_comdo_id,episode_judge_id,rating) VALUES (417,124,4);
INSERT INTO Rates (episode_comdo_id,episode_judge_id,rating) VALUES (417,125,3);
INSERT INTO Rates (episode_comdo_id,episode_judge_id,rating) VALUES (417,126,3);
INSERT INTO Episode_Combo (episode_combo_id,episode_id, national_cuisine_id,cook_id,recipe_id) VALUES (418,41, 14, 42, 63);
INSERT INTO Rates (episode_comdo_id,episode_judge_id,rating) VALUES (418,124,1);
INSERT INTO Rates (episode_comdo_id,episode_judge_id,rating) VALUES (418,125,5);
INSERT INTO Rates (episode_comdo_id,episode_judge_id,rating) VALUES (418,126,2);
INSERT INTO Episode_Combo (episode_combo_id,episode_id, national_cuisine_id,cook_id,recipe_id) VALUES (419,41, 15, 50, 4);
INSERT INTO Rates (episode_comdo_id,episode_judge_id,rating) VALUES (419,124,2);
INSERT INTO Rates (episode_comdo_id,episode_judge_id,rating) VALUES (419,125,5);
INSERT INTO Rates (episode_comdo_id,episode_judge_id,rating) VALUES (419,126,5);
INSERT INTO Episode_Combo (episode_combo_id,episode_id, national_cuisine_id,cook_id,recipe_id) VALUES (420,41, 18, 9, 36);
INSERT INTO Rates (episode_comdo_id,episode_judge_id,rating) VALUES (420,124,3);
INSERT INTO Rates (episode_comdo_id,episode_judge_id,rating) VALUES (420,125,2);
INSERT INTO Rates (episode_comdo_id,episode_judge_id,rating) VALUES (420,126,5);
INSERT INTO Episode (episode_id, year,episode_number,image_id) VALUES (43, 2023, 3, 470);
INSERT INTO Episode_Judge (episode_judge_id,episode_id, judge_id) VALUES (127,43,4);
INSERT INTO Episode_Judge (episode_judge_id,episode_id, judge_id) VALUES (128,43,100);
INSERT INTO Episode_Judge (episode_judge_id,episode_id, judge_id) VALUES (129,43,68);
INSERT INTO Episode_Combo (episode_combo_id,episode_id, national_cuisine_id,cook_id,recipe_id) VALUES (421,42, 10, 54, 84);
INSERT INTO Rates (episode_comdo_id,episode_judge_id,rating) VALUES (421,127,1);
INSERT INTO Rates (episode_comdo_id,episode_judge_id,rating) VALUES (421,128,3);
INSERT INTO Rates (episode_comdo_id,episode_judge_id,rating) VALUES (421,129,2);
INSERT INTO Episode_Combo (episode_combo_id,episode_id, national_cuisine_id,cook_id,recipe_id) VALUES (422,42, 14, 10, 44);
INSERT INTO Rates (episode_comdo_id,episode_judge_id,rating) VALUES (422,127,2);
INSERT INTO Rates (episode_comdo_id,episode_judge_id,rating) VALUES (422,128,4);
INSERT INTO Rates (episode_comdo_id,episode_judge_id,rating) VALUES (422,129,1);
INSERT INTO Episode_Combo (episode_combo_id,episode_id, national_cuisine_id,cook_id,recipe_id) VALUES (423,42, 17, 41, 46);
INSERT INTO Rates (episode_comdo_id,episode_judge_id,rating) VALUES (423,127,4);
INSERT INTO Rates (episode_comdo_id,episode_judge_id,rating) VALUES (423,128,2);
INSERT INTO Rates (episode_comdo_id,episode_judge_id,rating) VALUES (423,129,3);
INSERT INTO Episode_Combo (episode_combo_id,episode_id, national_cuisine_id,cook_id,recipe_id) VALUES (424,42, 8, 23, 93);
INSERT INTO Rates (episode_comdo_id,episode_judge_id,rating) VALUES (424,127,3);
INSERT INTO Rates (episode_comdo_id,episode_judge_id,rating) VALUES (424,128,5);
INSERT INTO Rates (episode_comdo_id,episode_judge_id,rating) VALUES (424,129,4);
INSERT INTO Episode_Combo (episode_combo_id,episode_id, national_cuisine_id,cook_id,recipe_id) VALUES (425,42, 4, 46, 94);
INSERT INTO Rates (episode_comdo_id,episode_judge_id,rating) VALUES (425,127,1);
INSERT INTO Rates (episode_comdo_id,episode_judge_id,rating) VALUES (425,128,1);
INSERT INTO Rates (episode_comdo_id,episode_judge_id,rating) VALUES (425,129,4);
INSERT INTO Episode_Combo (episode_combo_id,episode_id, national_cuisine_id,cook_id,recipe_id) VALUES (426,42, 8, 30, 59);
INSERT INTO Rates (episode_comdo_id,episode_judge_id,rating) VALUES (426,127,1);
INSERT INTO Rates (episode_comdo_id,episode_judge_id,rating) VALUES (426,128,3);
INSERT INTO Rates (episode_comdo_id,episode_judge_id,rating) VALUES (426,129,1);
INSERT INTO Episode_Combo (episode_combo_id,episode_id, national_cuisine_id,cook_id,recipe_id) VALUES (427,42, 18, 26, 45);
INSERT INTO Rates (episode_comdo_id,episode_judge_id,rating) VALUES (427,127,1);
INSERT INTO Rates (episode_comdo_id,episode_judge_id,rating) VALUES (427,128,2);
INSERT INTO Rates (episode_comdo_id,episode_judge_id,rating) VALUES (427,129,5);
INSERT INTO Episode_Combo (episode_combo_id,episode_id, national_cuisine_id,cook_id,recipe_id) VALUES (428,42, 3, 74, 60);
INSERT INTO Rates (episode_comdo_id,episode_judge_id,rating) VALUES (428,127,4);
INSERT INTO Rates (episode_comdo_id,episode_judge_id,rating) VALUES (428,128,2);
INSERT INTO Rates (episode_comdo_id,episode_judge_id,rating) VALUES (428,129,4);
INSERT INTO Episode_Combo (episode_combo_id,episode_id, national_cuisine_id,cook_id,recipe_id) VALUES (429,42, 7, 44, 52);
INSERT INTO Rates (episode_comdo_id,episode_judge_id,rating) VALUES (429,127,2);
INSERT INTO Rates (episode_comdo_id,episode_judge_id,rating) VALUES (429,128,2);
INSERT INTO Rates (episode_comdo_id,episode_judge_id,rating) VALUES (429,129,5);
INSERT INTO Episode_Combo (episode_combo_id,episode_id, national_cuisine_id,cook_id,recipe_id) VALUES (430,42, 17, 55, 44);
INSERT INTO Rates (episode_comdo_id,episode_judge_id,rating) VALUES (430,127,1);
INSERT INTO Rates (episode_comdo_id,episode_judge_id,rating) VALUES (430,128,4);
INSERT INTO Rates (episode_comdo_id,episode_judge_id,rating) VALUES (430,129,5);
INSERT INTO Episode (episode_id, year,episode_number,image_id) VALUES (44, 2023, 4, 471);
INSERT INTO Episode_Judge (episode_judge_id,episode_id, judge_id) VALUES (130,44,60);
INSERT INTO Episode_Judge (episode_judge_id,episode_id, judge_id) VALUES (131,44,73);
INSERT INTO Episode_Judge (episode_judge_id,episode_id, judge_id) VALUES (132,44,37);
INSERT INTO Episode_Combo (episode_combo_id,episode_id, national_cuisine_id,cook_id,recipe_id) VALUES (431,43, 12, 38, 97);
INSERT INTO Rates (episode_comdo_id,episode_judge_id,rating) VALUES (431,130,2);
INSERT INTO Rates (episode_comdo_id,episode_judge_id,rating) VALUES (431,131,3);
INSERT INTO Rates (episode_comdo_id,episode_judge_id,rating) VALUES (431,132,3);
INSERT INTO Episode_Combo (episode_combo_id,episode_id, national_cuisine_id,cook_id,recipe_id) VALUES (432,43, 5, 60, 9);
INSERT INTO Rates (episode_comdo_id,episode_judge_id,rating) VALUES (432,130,3);
INSERT INTO Rates (episode_comdo_id,episode_judge_id,rating) VALUES (432,131,1);
INSERT INTO Rates (episode_comdo_id,episode_judge_id,rating) VALUES (432,132,4);
INSERT INTO Episode_Combo (episode_combo_id,episode_id, national_cuisine_id,cook_id,recipe_id) VALUES (433,43, 14, 95, 16);
INSERT INTO Rates (episode_comdo_id,episode_judge_id,rating) VALUES (433,130,2);
INSERT INTO Rates (episode_comdo_id,episode_judge_id,rating) VALUES (433,131,2);
INSERT INTO Rates (episode_comdo_id,episode_judge_id,rating) VALUES (433,132,4);
INSERT INTO Episode_Combo (episode_combo_id,episode_id, national_cuisine_id,cook_id,recipe_id) VALUES (434,43, 19, 73, 86);
INSERT INTO Rates (episode_comdo_id,episode_judge_id,rating) VALUES (434,130,2);
INSERT INTO Rates (episode_comdo_id,episode_judge_id,rating) VALUES (434,131,1);
INSERT INTO Rates (episode_comdo_id,episode_judge_id,rating) VALUES (434,132,5);
INSERT INTO Episode_Combo (episode_combo_id,episode_id, national_cuisine_id,cook_id,recipe_id) VALUES (435,43, 9, 31, 69);
INSERT INTO Rates (episode_comdo_id,episode_judge_id,rating) VALUES (435,130,1);
INSERT INTO Rates (episode_comdo_id,episode_judge_id,rating) VALUES (435,131,2);
INSERT INTO Rates (episode_comdo_id,episode_judge_id,rating) VALUES (435,132,4);
INSERT INTO Episode_Combo (episode_combo_id,episode_id, national_cuisine_id,cook_id,recipe_id) VALUES (436,43, 17, 79, 27);
INSERT INTO Rates (episode_comdo_id,episode_judge_id,rating) VALUES (436,130,3);
INSERT INTO Rates (episode_comdo_id,episode_judge_id,rating) VALUES (436,131,1);
INSERT INTO Rates (episode_comdo_id,episode_judge_id,rating) VALUES (436,132,1);
INSERT INTO Episode_Combo (episode_combo_id,episode_id, national_cuisine_id,cook_id,recipe_id) VALUES (437,43, 8, 1, 21);
INSERT INTO Rates (episode_comdo_id,episode_judge_id,rating) VALUES (437,130,3);
INSERT INTO Rates (episode_comdo_id,episode_judge_id,rating) VALUES (437,131,1);
INSERT INTO Rates (episode_comdo_id,episode_judge_id,rating) VALUES (437,132,4);
INSERT INTO Episode_Combo (episode_combo_id,episode_id, national_cuisine_id,cook_id,recipe_id) VALUES (438,43, 17, 87, 8);
INSERT INTO Rates (episode_comdo_id,episode_judge_id,rating) VALUES (438,130,4);
INSERT INTO Rates (episode_comdo_id,episode_judge_id,rating) VALUES (438,131,3);
INSERT INTO Rates (episode_comdo_id,episode_judge_id,rating) VALUES (438,132,4);
INSERT INTO Episode_Combo (episode_combo_id,episode_id, national_cuisine_id,cook_id,recipe_id) VALUES (439,43, 2, 97, 42);
INSERT INTO Rates (episode_comdo_id,episode_judge_id,rating) VALUES (439,130,5);
INSERT INTO Rates (episode_comdo_id,episode_judge_id,rating) VALUES (439,131,4);
INSERT INTO Rates (episode_comdo_id,episode_judge_id,rating) VALUES (439,132,5);
INSERT INTO Episode_Combo (episode_combo_id,episode_id, national_cuisine_id,cook_id,recipe_id) VALUES (440,43, 5, 18, 49);
INSERT INTO Rates (episode_comdo_id,episode_judge_id,rating) VALUES (440,130,3);
INSERT INTO Rates (episode_comdo_id,episode_judge_id,rating) VALUES (440,131,1);
INSERT INTO Rates (episode_comdo_id,episode_judge_id,rating) VALUES (440,132,3);
INSERT INTO Episode (episode_id, year,episode_number,image_id) VALUES (45, 2023, 5, 472);
INSERT INTO Episode_Judge (episode_judge_id,episode_id, judge_id) VALUES (133,45,27);
INSERT INTO Episode_Judge (episode_judge_id,episode_id, judge_id) VALUES (134,45,37);
INSERT INTO Episode_Judge (episode_judge_id,episode_id, judge_id) VALUES (135,45,68);
INSERT INTO Episode_Combo (episode_combo_id,episode_id, national_cuisine_id,cook_id,recipe_id) VALUES (441,44, 3, 32, 66);
INSERT INTO Rates (episode_comdo_id,episode_judge_id,rating) VALUES (441,133,4);
INSERT INTO Rates (episode_comdo_id,episode_judge_id,rating) VALUES (441,134,2);
INSERT INTO Rates (episode_comdo_id,episode_judge_id,rating) VALUES (441,135,3);
INSERT INTO Episode_Combo (episode_combo_id,episode_id, national_cuisine_id,cook_id,recipe_id) VALUES (442,44, 2, 38, 35);
INSERT INTO Rates (episode_comdo_id,episode_judge_id,rating) VALUES (442,133,5);
INSERT INTO Rates (episode_comdo_id,episode_judge_id,rating) VALUES (442,134,5);
INSERT INTO Rates (episode_comdo_id,episode_judge_id,rating) VALUES (442,135,4);
INSERT INTO Episode_Combo (episode_combo_id,episode_id, national_cuisine_id,cook_id,recipe_id) VALUES (443,44, 17, 54, 13);
INSERT INTO Rates (episode_comdo_id,episode_judge_id,rating) VALUES (443,133,1);
INSERT INTO Rates (episode_comdo_id,episode_judge_id,rating) VALUES (443,134,2);
INSERT INTO Rates (episode_comdo_id,episode_judge_id,rating) VALUES (443,135,5);
INSERT INTO Episode_Combo (episode_combo_id,episode_id, national_cuisine_id,cook_id,recipe_id) VALUES (444,44, 8, 21, 88);
INSERT INTO Rates (episode_comdo_id,episode_judge_id,rating) VALUES (444,133,1);
INSERT INTO Rates (episode_comdo_id,episode_judge_id,rating) VALUES (444,134,1);
INSERT INTO Rates (episode_comdo_id,episode_judge_id,rating) VALUES (444,135,1);
INSERT INTO Episode_Combo (episode_combo_id,episode_id, national_cuisine_id,cook_id,recipe_id) VALUES (445,44, 4, 95, 3);
INSERT INTO Rates (episode_comdo_id,episode_judge_id,rating) VALUES (445,133,1);
INSERT INTO Rates (episode_comdo_id,episode_judge_id,rating) VALUES (445,134,3);
INSERT INTO Rates (episode_comdo_id,episode_judge_id,rating) VALUES (445,135,2);
INSERT INTO Episode_Combo (episode_combo_id,episode_id, national_cuisine_id,cook_id,recipe_id) VALUES (446,44, 19, 88, 91);
INSERT INTO Rates (episode_comdo_id,episode_judge_id,rating) VALUES (446,133,5);
INSERT INTO Rates (episode_comdo_id,episode_judge_id,rating) VALUES (446,134,5);
INSERT INTO Rates (episode_comdo_id,episode_judge_id,rating) VALUES (446,135,3);
INSERT INTO Episode_Combo (episode_combo_id,episode_id, national_cuisine_id,cook_id,recipe_id) VALUES (447,44, 19, 3, 39);
INSERT INTO Rates (episode_comdo_id,episode_judge_id,rating) VALUES (447,133,1);
INSERT INTO Rates (episode_comdo_id,episode_judge_id,rating) VALUES (447,134,2);
INSERT INTO Rates (episode_comdo_id,episode_judge_id,rating) VALUES (447,135,4);
INSERT INTO Episode_Combo (episode_combo_id,episode_id, national_cuisine_id,cook_id,recipe_id) VALUES (448,44, 18, 43, 67);
INSERT INTO Rates (episode_comdo_id,episode_judge_id,rating) VALUES (448,133,2);
INSERT INTO Rates (episode_comdo_id,episode_judge_id,rating) VALUES (448,134,4);
INSERT INTO Rates (episode_comdo_id,episode_judge_id,rating) VALUES (448,135,1);
INSERT INTO Episode_Combo (episode_combo_id,episode_id, national_cuisine_id,cook_id,recipe_id) VALUES (449,44, 14, 73, 44);
INSERT INTO Rates (episode_comdo_id,episode_judge_id,rating) VALUES (449,133,1);
INSERT INTO Rates (episode_comdo_id,episode_judge_id,rating) VALUES (449,134,3);
INSERT INTO Rates (episode_comdo_id,episode_judge_id,rating) VALUES (449,135,2);
INSERT INTO Episode_Combo (episode_combo_id,episode_id, national_cuisine_id,cook_id,recipe_id) VALUES (450,44, 2, 69, 59);
INSERT INTO Rates (episode_comdo_id,episode_judge_id,rating) VALUES (450,133,3);
INSERT INTO Rates (episode_comdo_id,episode_judge_id,rating) VALUES (450,134,3);
INSERT INTO Rates (episode_comdo_id,episode_judge_id,rating) VALUES (450,135,3);
INSERT INTO Episode (episode_id, year,episode_number,image_id) VALUES (46, 2023, 6, 473);
INSERT INTO Episode_Judge (episode_judge_id,episode_id, judge_id) VALUES (136,46,52);
INSERT INTO Episode_Judge (episode_judge_id,episode_id, judge_id) VALUES (137,46,74);
INSERT INTO Episode_Judge (episode_judge_id,episode_id, judge_id) VALUES (138,46,35);
INSERT INTO Episode_Combo (episode_combo_id,episode_id, national_cuisine_id,cook_id,recipe_id) VALUES (451,45, 15, 59, 33);
INSERT INTO Rates (episode_comdo_id,episode_judge_id,rating) VALUES (451,136,5);
INSERT INTO Rates (episode_comdo_id,episode_judge_id,rating) VALUES (451,137,2);
INSERT INTO Rates (episode_comdo_id,episode_judge_id,rating) VALUES (451,138,5);
INSERT INTO Episode_Combo (episode_combo_id,episode_id, national_cuisine_id,cook_id,recipe_id) VALUES (452,45, 20, 89, 36);
INSERT INTO Rates (episode_comdo_id,episode_judge_id,rating) VALUES (452,136,1);
INSERT INTO Rates (episode_comdo_id,episode_judge_id,rating) VALUES (452,137,4);
INSERT INTO Rates (episode_comdo_id,episode_judge_id,rating) VALUES (452,138,5);
INSERT INTO Episode_Combo (episode_combo_id,episode_id, national_cuisine_id,cook_id,recipe_id) VALUES (453,45, 2, 19, 14);
INSERT INTO Rates (episode_comdo_id,episode_judge_id,rating) VALUES (453,136,5);
INSERT INTO Rates (episode_comdo_id,episode_judge_id,rating) VALUES (453,137,4);
INSERT INTO Rates (episode_comdo_id,episode_judge_id,rating) VALUES (453,138,5);
INSERT INTO Episode_Combo (episode_combo_id,episode_id, national_cuisine_id,cook_id,recipe_id) VALUES (454,45, 14, 87, 5);
INSERT INTO Rates (episode_comdo_id,episode_judge_id,rating) VALUES (454,136,3);
INSERT INTO Rates (episode_comdo_id,episode_judge_id,rating) VALUES (454,137,3);
INSERT INTO Rates (episode_comdo_id,episode_judge_id,rating) VALUES (454,138,4);
INSERT INTO Episode_Combo (episode_combo_id,episode_id, national_cuisine_id,cook_id,recipe_id) VALUES (455,45, 16, 39, 64);
INSERT INTO Rates (episode_comdo_id,episode_judge_id,rating) VALUES (455,136,2);
INSERT INTO Rates (episode_comdo_id,episode_judge_id,rating) VALUES (455,137,5);
INSERT INTO Rates (episode_comdo_id,episode_judge_id,rating) VALUES (455,138,3);
INSERT INTO Episode_Combo (episode_combo_id,episode_id, national_cuisine_id,cook_id,recipe_id) VALUES (456,45, 9, 54, 96);
INSERT INTO Rates (episode_comdo_id,episode_judge_id,rating) VALUES (456,136,2);
INSERT INTO Rates (episode_comdo_id,episode_judge_id,rating) VALUES (456,137,2);
INSERT INTO Rates (episode_comdo_id,episode_judge_id,rating) VALUES (456,138,2);
INSERT INTO Episode_Combo (episode_combo_id,episode_id, national_cuisine_id,cook_id,recipe_id) VALUES (457,45, 7, 27, 99);
INSERT INTO Rates (episode_comdo_id,episode_judge_id,rating) VALUES (457,136,4);
INSERT INTO Rates (episode_comdo_id,episode_judge_id,rating) VALUES (457,137,5);
INSERT INTO Rates (episode_comdo_id,episode_judge_id,rating) VALUES (457,138,4);
INSERT INTO Episode_Combo (episode_combo_id,episode_id, national_cuisine_id,cook_id,recipe_id) VALUES (458,45, 7, 79, 36);
INSERT INTO Rates (episode_comdo_id,episode_judge_id,rating) VALUES (458,136,4);
INSERT INTO Rates (episode_comdo_id,episode_judge_id,rating) VALUES (458,137,4);
INSERT INTO Rates (episode_comdo_id,episode_judge_id,rating) VALUES (458,138,3);
INSERT INTO Episode_Combo (episode_combo_id,episode_id, national_cuisine_id,cook_id,recipe_id) VALUES (459,45, 14, 58, 22);
INSERT INTO Rates (episode_comdo_id,episode_judge_id,rating) VALUES (459,136,5);
INSERT INTO Rates (episode_comdo_id,episode_judge_id,rating) VALUES (459,137,5);
INSERT INTO Rates (episode_comdo_id,episode_judge_id,rating) VALUES (459,138,3);
INSERT INTO Episode_Combo (episode_combo_id,episode_id, national_cuisine_id,cook_id,recipe_id) VALUES (460,45, 20, 29, 40);
INSERT INTO Rates (episode_comdo_id,episode_judge_id,rating) VALUES (460,136,4);
INSERT INTO Rates (episode_comdo_id,episode_judge_id,rating) VALUES (460,137,2);
INSERT INTO Rates (episode_comdo_id,episode_judge_id,rating) VALUES (460,138,1);
INSERT INTO Episode (episode_id, year,episode_number,image_id) VALUES (47, 2023, 7, 474);
INSERT INTO Episode_Judge (episode_judge_id,episode_id, judge_id) VALUES (139,47,6);
INSERT INTO Episode_Judge (episode_judge_id,episode_id, judge_id) VALUES (140,47,82);
INSERT INTO Episode_Judge (episode_judge_id,episode_id, judge_id) VALUES (141,47,42);
INSERT INTO Episode_Combo (episode_combo_id,episode_id, national_cuisine_id,cook_id,recipe_id) VALUES (461,46, 9, 92, 39);
INSERT INTO Rates (episode_comdo_id,episode_judge_id,rating) VALUES (461,139,3);
INSERT INTO Rates (episode_comdo_id,episode_judge_id,rating) VALUES (461,140,2);
INSERT INTO Rates (episode_comdo_id,episode_judge_id,rating) VALUES (461,141,1);
INSERT INTO Episode_Combo (episode_combo_id,episode_id, national_cuisine_id,cook_id,recipe_id) VALUES (462,46, 18, 44, 21);
INSERT INTO Rates (episode_comdo_id,episode_judge_id,rating) VALUES (462,139,3);
INSERT INTO Rates (episode_comdo_id,episode_judge_id,rating) VALUES (462,140,5);
INSERT INTO Rates (episode_comdo_id,episode_judge_id,rating) VALUES (462,141,2);
INSERT INTO Episode_Combo (episode_combo_id,episode_id, national_cuisine_id,cook_id,recipe_id) VALUES (463,46, 15, 6, 88);
INSERT INTO Rates (episode_comdo_id,episode_judge_id,rating) VALUES (463,139,5);
INSERT INTO Rates (episode_comdo_id,episode_judge_id,rating) VALUES (463,140,4);
INSERT INTO Rates (episode_comdo_id,episode_judge_id,rating) VALUES (463,141,5);
INSERT INTO Episode_Combo (episode_combo_id,episode_id, national_cuisine_id,cook_id,recipe_id) VALUES (464,46, 18, 38, 5);
INSERT INTO Rates (episode_comdo_id,episode_judge_id,rating) VALUES (464,139,5);
INSERT INTO Rates (episode_comdo_id,episode_judge_id,rating) VALUES (464,140,1);
INSERT INTO Rates (episode_comdo_id,episode_judge_id,rating) VALUES (464,141,4);
INSERT INTO Episode_Combo (episode_combo_id,episode_id, national_cuisine_id,cook_id,recipe_id) VALUES (465,46, 6, 71, 96);
INSERT INTO Rates (episode_comdo_id,episode_judge_id,rating) VALUES (465,139,4);
INSERT INTO Rates (episode_comdo_id,episode_judge_id,rating) VALUES (465,140,5);
INSERT INTO Rates (episode_comdo_id,episode_judge_id,rating) VALUES (465,141,2);
INSERT INTO Episode_Combo (episode_combo_id,episode_id, national_cuisine_id,cook_id,recipe_id) VALUES (466,46, 7, 68, 43);
INSERT INTO Rates (episode_comdo_id,episode_judge_id,rating) VALUES (466,139,1);
INSERT INTO Rates (episode_comdo_id,episode_judge_id,rating) VALUES (466,140,1);
