INSERT INTO Episode (episode_id, year,episode_number,image_id) VALUES (1, 2019, 1, 428);
INSERT INTO Episode_Judge (episode_judge_id,episode_id, judge_id) VALUES (1,1,65);
INSERT INTO Episode_Judge (episode_judge_id,episode_id, judge_id) VALUES (2,1,74);
INSERT INTO Episode_Judge (episode_judge_id,episode_id, judge_id) VALUES (3,1,33);
INSERT INTO Episode_Combo (episode_combo_id,episode_id, national_cuisine_id,cook_id,recipe_id) VALUES (1,1, 7, 35, 64);
INSERT INTO Rates (episode_combo_id,episode_judge_id,rating) VALUES (1,1,2);
INSERT INTO Rates (episode_combo_id,episode_judge_id,rating) VALUES (1,2,2);
INSERT INTO Rates (episode_combo_id,episode_judge_id,rating) VALUES (1,3,4);
INSERT INTO Episode_Combo (episode_combo_id,episode_id, national_cuisine_id,cook_id,recipe_id) VALUES (2,1, 7, 42, 50);
INSERT INTO Rates (episode_combo_id,episode_judge_id,rating) VALUES (2,1,5);
INSERT INTO Rates (episode_combo_id,episode_judge_id,rating) VALUES (2,2,5);
INSERT INTO Rates (episode_combo_id,episode_judge_id,rating) VALUES (2,3,5);
INSERT INTO Episode_Combo (episode_combo_id,episode_id, national_cuisine_id,cook_id,recipe_id) VALUES (3,1, 8, 98, 61);
INSERT INTO Rates (episode_combo_id,episode_judge_id,rating) VALUES (3,1,1);
INSERT INTO Rates (episode_combo_id,episode_judge_id,rating) VALUES (3,2,4);
INSERT INTO Rates (episode_combo_id,episode_judge_id,rating) VALUES (3,3,2);
INSERT INTO Episode_Combo (episode_combo_id,episode_id, national_cuisine_id,cook_id,recipe_id) VALUES (4,1, 7, 59, 54);
INSERT INTO Rates (episode_combo_id,episode_judge_id,rating) VALUES (4,1,4);
INSERT INTO Rates (episode_combo_id,episode_judge_id,rating) VALUES (4,2,5);
INSERT INTO Rates (episode_combo_id,episode_judge_id,rating) VALUES (4,3,2);
INSERT INTO Episode_Combo (episode_combo_id,episode_id, national_cuisine_id,cook_id,recipe_id) VALUES (5,1, 8, 58, 61);
INSERT INTO Rates (episode_combo_id,episode_judge_id,rating) VALUES (5,1,5);
INSERT INTO Rates (episode_combo_id,episode_judge_id,rating) VALUES (5,2,5);
INSERT INTO Rates (episode_combo_id,episode_judge_id,rating) VALUES (5,3,3);
INSERT INTO Episode_Combo (episode_combo_id,episode_id, national_cuisine_id,cook_id,recipe_id) VALUES (6,1, 18, 74, 78);
INSERT INTO Rates (episode_combo_id,episode_judge_id,rating) VALUES (6,1,3);
INSERT INTO Rates (episode_combo_id,episode_judge_id,rating) VALUES (6,2,4);
INSERT INTO Rates (episode_combo_id,episode_judge_id,rating) VALUES (6,3,2);
INSERT INTO Episode_Combo (episode_combo_id,episode_id, national_cuisine_id,cook_id,recipe_id) VALUES (7,1, 18, 8, 27);
INSERT INTO Rates (episode_combo_id,episode_judge_id,rating) VALUES (7,1,2);
INSERT INTO Rates (episode_combo_id,episode_judge_id,rating) VALUES (7,2,3);
INSERT INTO Rates (episode_combo_id,episode_judge_id,rating) VALUES (7,3,5);
INSERT INTO Episode_Combo (episode_combo_id,episode_id, national_cuisine_id,cook_id,recipe_id) VALUES (8,1, 13, 99, 92);
INSERT INTO Rates (episode_combo_id,episode_judge_id,rating) VALUES (8,1,2);
INSERT INTO Rates (episode_combo_id,episode_judge_id,rating) VALUES (8,2,3);
INSERT INTO Rates (episode_combo_id,episode_judge_id,rating) VALUES (8,3,1);
INSERT INTO Episode_Combo (episode_combo_id,episode_id, national_cuisine_id,cook_id,recipe_id) VALUES (9,1, 9, 100, 92);
INSERT INTO Rates (episode_combo_id,episode_judge_id,rating) VALUES (9,1,1);
INSERT INTO Rates (episode_combo_id,episode_judge_id,rating) VALUES (9,2,4);
INSERT INTO Rates (episode_combo_id,episode_judge_id,rating) VALUES (9,3,1);
INSERT INTO Episode_Combo (episode_combo_id,episode_id, national_cuisine_id,cook_id,recipe_id) VALUES (10,1, 20, 19, 73);
INSERT INTO Rates (episode_combo_id,episode_judge_id,rating) VALUES (10,1,1);
INSERT INTO Rates (episode_combo_id,episode_judge_id,rating) VALUES (10,2,5);
INSERT INTO Rates (episode_combo_id,episode_judge_id,rating) VALUES (10,3,3);
INSERT INTO Episode (episode_id, year,episode_number,image_id) VALUES (2, 2019, 2, 429);
INSERT INTO Episode_Judge (episode_judge_id,episode_id, judge_id) VALUES (4,2,96);
INSERT INTO Episode_Judge (episode_judge_id,episode_id, judge_id) VALUES (5,2,23);
INSERT INTO Episode_Judge (episode_judge_id,episode_id, judge_id) VALUES (6,2,78);
INSERT INTO Episode_Combo (episode_combo_id,episode_id, national_cuisine_id,cook_id,recipe_id) VALUES (11,2, 2, 93, 98);
INSERT INTO Rates (episode_combo_id,episode_judge_id,rating) VALUES (11,4,4);
INSERT INTO Rates (episode_combo_id,episode_judge_id,rating) VALUES (11,5,2);
INSERT INTO Rates (episode_combo_id,episode_judge_id,rating) VALUES (11,6,1);
INSERT INTO Episode_Combo (episode_combo_id,episode_id, national_cuisine_id,cook_id,recipe_id) VALUES (12,2, 19, 34, 44);
INSERT INTO Rates (episode_combo_id,episode_judge_id,rating) VALUES (12,4,5);
INSERT INTO Rates (episode_combo_id,episode_judge_id,rating) VALUES (12,5,1);
INSERT INTO Rates (episode_combo_id,episode_judge_id,rating) VALUES (12,6,5);
INSERT INTO Episode_Combo (episode_combo_id,episode_id, national_cuisine_id,cook_id,recipe_id) VALUES (13,2, 11, 27, 89);
INSERT INTO Rates (episode_combo_id,episode_judge_id,rating) VALUES (13,4,5);
INSERT INTO Rates (episode_combo_id,episode_judge_id,rating) VALUES (13,5,3);
INSERT INTO Rates (episode_combo_id,episode_judge_id,rating) VALUES (13,6,5);
INSERT INTO Episode_Combo (episode_combo_id,episode_id, national_cuisine_id,cook_id,recipe_id) VALUES (14,2, 12, 89, 48);
INSERT INTO Rates (episode_combo_id,episode_judge_id,rating) VALUES (14,4,4);
INSERT INTO Rates (episode_combo_id,episode_judge_id,rating) VALUES (14,5,1);
INSERT INTO Rates (episode_combo_id,episode_judge_id,rating) VALUES (14,6,1);
INSERT INTO Episode_Combo (episode_combo_id,episode_id, national_cuisine_id,cook_id,recipe_id) VALUES (15,2, 20, 49, 36);
INSERT INTO Rates (episode_combo_id,episode_judge_id,rating) VALUES (15,4,4);
INSERT INTO Rates (episode_combo_id,episode_judge_id,rating) VALUES (15,5,5);
INSERT INTO Rates (episode_combo_id,episode_judge_id,rating) VALUES (15,6,5);
INSERT INTO Episode_Combo (episode_combo_id,episode_id, national_cuisine_id,cook_id,recipe_id) VALUES (16,2, 20, 65, 29);
INSERT INTO Rates (episode_combo_id,episode_judge_id,rating) VALUES (16,4,5);
INSERT INTO Rates (episode_combo_id,episode_judge_id,rating) VALUES (16,5,3);
INSERT INTO Rates (episode_combo_id,episode_judge_id,rating) VALUES (16,6,2);
INSERT INTO Episode_Combo (episode_combo_id,episode_id, national_cuisine_id,cook_id,recipe_id) VALUES (17,2, 12, 78, 45);
INSERT INTO Rates (episode_combo_id,episode_judge_id,rating) VALUES (17,4,4);
INSERT INTO Rates (episode_combo_id,episode_judge_id,rating) VALUES (17,5,3);
INSERT INTO Rates (episode_combo_id,episode_judge_id,rating) VALUES (17,6,5);
INSERT INTO Episode_Combo (episode_combo_id,episode_id, national_cuisine_id,cook_id,recipe_id) VALUES (18,2, 1, 95, 4);
INSERT INTO Rates (episode_combo_id,episode_judge_id,rating) VALUES (18,4,1);
INSERT INTO Rates (episode_combo_id,episode_judge_id,rating) VALUES (18,5,3);
INSERT INTO Rates (episode_combo_id,episode_judge_id,rating) VALUES (18,6,3);
INSERT INTO Episode_Combo (episode_combo_id,episode_id, national_cuisine_id,cook_id,recipe_id) VALUES (19,2, 6, 22, 18);
INSERT INTO Rates (episode_combo_id,episode_judge_id,rating) VALUES (19,4,3);
INSERT INTO Rates (episode_combo_id,episode_judge_id,rating) VALUES (19,5,3);
INSERT INTO Rates (episode_combo_id,episode_judge_id,rating) VALUES (19,6,5);
INSERT INTO Episode_Combo (episode_combo_id,episode_id, national_cuisine_id,cook_id,recipe_id) VALUES (20,2, 3, 6, 53);
INSERT INTO Rates (episode_combo_id,episode_judge_id,rating) VALUES (20,4,5);
INSERT INTO Rates (episode_combo_id,episode_judge_id,rating) VALUES (20,5,1);
INSERT INTO Rates (episode_combo_id,episode_judge_id,rating) VALUES (20,6,1);
INSERT INTO Episode (episode_id, year,episode_number,image_id) VALUES (3, 2019, 3, 430);
INSERT INTO Episode_Judge (episode_judge_id,episode_id, judge_id) VALUES (7,3,10);
INSERT INTO Episode_Judge (episode_judge_id,episode_id, judge_id) VALUES (8,3,70);
INSERT INTO Episode_Judge (episode_judge_id,episode_id, judge_id) VALUES (9,3,42);
INSERT INTO Episode_Combo (episode_combo_id,episode_id, national_cuisine_id,cook_id,recipe_id) VALUES (21,3, 5, 74, 67);
INSERT INTO Rates (episode_combo_id,episode_judge_id,rating) VALUES (21,7,3);
INSERT INTO Rates (episode_combo_id,episode_judge_id,rating) VALUES (21,8,1);
INSERT INTO Rates (episode_combo_id,episode_judge_id,rating) VALUES (21,9,2);
INSERT INTO Episode_Combo (episode_combo_id,episode_id, national_cuisine_id,cook_id,recipe_id) VALUES (22,3, 15, 68, 62);
INSERT INTO Rates (episode_combo_id,episode_judge_id,rating) VALUES (22,7,4);
INSERT INTO Rates (episode_combo_id,episode_judge_id,rating) VALUES (22,8,1);
INSERT INTO Rates (episode_combo_id,episode_judge_id,rating) VALUES (22,9,2);
INSERT INTO Episode_Combo (episode_combo_id,episode_id, national_cuisine_id,cook_id,recipe_id) VALUES (23,3, 13, 55, 97);
INSERT INTO Rates (episode_combo_id,episode_judge_id,rating) VALUES (23,7,4);
INSERT INTO Rates (episode_combo_id,episode_judge_id,rating) VALUES (23,8,1);
INSERT INTO Rates (episode_combo_id,episode_judge_id,rating) VALUES (23,9,2);
INSERT INTO Episode_Combo (episode_combo_id,episode_id, national_cuisine_id,cook_id,recipe_id) VALUES (24,3, 8, 94, 76);
INSERT INTO Rates (episode_combo_id,episode_judge_id,rating) VALUES (24,7,1);
INSERT INTO Rates (episode_combo_id,episode_judge_id,rating) VALUES (24,8,4);
INSERT INTO Rates (episode_combo_id,episode_judge_id,rating) VALUES (24,9,4);
INSERT INTO Episode_Combo (episode_combo_id,episode_id, national_cuisine_id,cook_id,recipe_id) VALUES (25,3, 12, 33, 33);
INSERT INTO Rates (episode_combo_id,episode_judge_id,rating) VALUES (25,7,3);
INSERT INTO Rates (episode_combo_id,episode_judge_id,rating) VALUES (25,8,3);
INSERT INTO Rates (episode_combo_id,episode_judge_id,rating) VALUES (25,9,5);
INSERT INTO Episode_Combo (episode_combo_id,episode_id, national_cuisine_id,cook_id,recipe_id) VALUES (26,3, 16, 44, 42);
INSERT INTO Rates (episode_combo_id,episode_judge_id,rating) VALUES (26,7,2);
INSERT INTO Rates (episode_combo_id,episode_judge_id,rating) VALUES (26,8,2);
INSERT INTO Rates (episode_combo_id,episode_judge_id,rating) VALUES (26,9,5);
INSERT INTO Episode_Combo (episode_combo_id,episode_id, national_cuisine_id,cook_id,recipe_id) VALUES (27,3, 20, 59, 27);
INSERT INTO Rates (episode_combo_id,episode_judge_id,rating) VALUES (27,7,3);
INSERT INTO Rates (episode_combo_id,episode_judge_id,rating) VALUES (27,8,5);
INSERT INTO Rates (episode_combo_id,episode_judge_id,rating) VALUES (27,9,2);
INSERT INTO Episode_Combo (episode_combo_id,episode_id, national_cuisine_id,cook_id,recipe_id) VALUES (28,3, 10, 75, 38);
INSERT INTO Rates (episode_combo_id,episode_judge_id,rating) VALUES (28,7,1);
INSERT INTO Rates (episode_combo_id,episode_judge_id,rating) VALUES (28,8,1);
INSERT INTO Rates (episode_combo_id,episode_judge_id,rating) VALUES (28,9,3);
INSERT INTO Episode_Combo (episode_combo_id,episode_id, national_cuisine_id,cook_id,recipe_id) VALUES (29,3, 16, 52, 78);
INSERT INTO Rates (episode_combo_id,episode_judge_id,rating) VALUES (29,7,3);
INSERT INTO Rates (episode_combo_id,episode_judge_id,rating) VALUES (29,8,4);
INSERT INTO Rates (episode_combo_id,episode_judge_id,rating) VALUES (29,9,4);
INSERT INTO Episode_Combo (episode_combo_id,episode_id, national_cuisine_id,cook_id,recipe_id) VALUES (30,3, 15, 34, 69);
INSERT INTO Rates (episode_combo_id,episode_judge_id,rating) VALUES (30,7,1);
INSERT INTO Rates (episode_combo_id,episode_judge_id,rating) VALUES (30,8,3);
INSERT INTO Rates (episode_combo_id,episode_judge_id,rating) VALUES (30,9,5);
INSERT INTO Episode (episode_id, year,episode_number,image_id) VALUES (4, 2019, 4, 431);
INSERT INTO Episode_Judge (episode_judge_id,episode_id, judge_id) VALUES (10,4,35);
INSERT INTO Episode_Judge (episode_judge_id,episode_id, judge_id) VALUES (11,4,99);
INSERT INTO Episode_Judge (episode_judge_id,episode_id, judge_id) VALUES (12,4,56);
INSERT INTO Episode_Combo (episode_combo_id,episode_id, national_cuisine_id,cook_id,recipe_id) VALUES (31,4, 5, 41, 10);
INSERT INTO Rates (episode_combo_id,episode_judge_id,rating) VALUES (31,10,5);
INSERT INTO Rates (episode_combo_id,episode_judge_id,rating) VALUES (31,11,3);
INSERT INTO Rates (episode_combo_id,episode_judge_id,rating) VALUES (31,12,2);
INSERT INTO Episode_Combo (episode_combo_id,episode_id, national_cuisine_id,cook_id,recipe_id) VALUES (32,4, 20, 84, 24);
INSERT INTO Rates (episode_combo_id,episode_judge_id,rating) VALUES (32,10,4);
INSERT INTO Rates (episode_combo_id,episode_judge_id,rating) VALUES (32,11,5);
INSERT INTO Rates (episode_combo_id,episode_judge_id,rating) VALUES (32,12,5);
INSERT INTO Episode_Combo (episode_combo_id,episode_id, national_cuisine_id,cook_id,recipe_id) VALUES (33,4, 15, 28, 64);
INSERT INTO Rates (episode_combo_id,episode_judge_id,rating) VALUES (33,10,3);
INSERT INTO Rates (episode_combo_id,episode_judge_id,rating) VALUES (33,11,2);
INSERT INTO Rates (episode_combo_id,episode_judge_id,rating) VALUES (33,12,5);
INSERT INTO Episode_Combo (episode_combo_id,episode_id, national_cuisine_id,cook_id,recipe_id) VALUES (34,4, 16, 15, 82);
INSERT INTO Rates (episode_combo_id,episode_judge_id,rating) VALUES (34,10,3);
INSERT INTO Rates (episode_combo_id,episode_judge_id,rating) VALUES (34,11,1);
INSERT INTO Rates (episode_combo_id,episode_judge_id,rating) VALUES (34,12,1);
INSERT INTO Episode_Combo (episode_combo_id,episode_id, national_cuisine_id,cook_id,recipe_id) VALUES (35,4, 5, 70, 82);
INSERT INTO Rates (episode_combo_id,episode_judge_id,rating) VALUES (35,10,4);
INSERT INTO Rates (episode_combo_id,episode_judge_id,rating) VALUES (35,11,2);
INSERT INTO Rates (episode_combo_id,episode_judge_id,rating) VALUES (35,12,2);
INSERT INTO Episode_Combo (episode_combo_id,episode_id, national_cuisine_id,cook_id,recipe_id) VALUES (36,4, 20, 53, 51);
INSERT INTO Rates (episode_combo_id,episode_judge_id,rating) VALUES (36,10,1);
INSERT INTO Rates (episode_combo_id,episode_judge_id,rating) VALUES (36,11,5);
INSERT INTO Rates (episode_combo_id,episode_judge_id,rating) VALUES (36,12,5);
INSERT INTO Episode_Combo (episode_combo_id,episode_id, national_cuisine_id,cook_id,recipe_id) VALUES (37,4, 12, 99, 39);
INSERT INTO Rates (episode_combo_id,episode_judge_id,rating) VALUES (37,10,2);
INSERT INTO Rates (episode_combo_id,episode_judge_id,rating) VALUES (37,11,5);
INSERT INTO Rates (episode_combo_id,episode_judge_id,rating) VALUES (37,12,3);
INSERT INTO Episode_Combo (episode_combo_id,episode_id, national_cuisine_id,cook_id,recipe_id) VALUES (38,4, 8, 18, 67);
INSERT INTO Rates (episode_combo_id,episode_judge_id,rating) VALUES (38,10,5);
INSERT INTO Rates (episode_combo_id,episode_judge_id,rating) VALUES (38,11,1);
INSERT INTO Rates (episode_combo_id,episode_judge_id,rating) VALUES (38,12,4);
INSERT INTO Episode_Combo (episode_combo_id,episode_id, national_cuisine_id,cook_id,recipe_id) VALUES (39,4, 2, 45, 30);
INSERT INTO Rates (episode_combo_id,episode_judge_id,rating) VALUES (39,10,5);
INSERT INTO Rates (episode_combo_id,episode_judge_id,rating) VALUES (39,11,2);
INSERT INTO Rates (episode_combo_id,episode_judge_id,rating) VALUES (39,12,4);
INSERT INTO Episode_Combo (episode_combo_id,episode_id, national_cuisine_id,cook_id,recipe_id) VALUES (40,4, 5, 11, 9);
INSERT INTO Rates (episode_combo_id,episode_judge_id,rating) VALUES (40,10,1);
INSERT INTO Rates (episode_combo_id,episode_judge_id,rating) VALUES (40,11,1);
INSERT INTO Rates (episode_combo_id,episode_judge_id,rating) VALUES (40,12,2);
INSERT INTO Episode (episode_id, year,episode_number,image_id) VALUES (5, 2019, 5, 432);
INSERT INTO Episode_Judge (episode_judge_id,episode_id, judge_id) VALUES (13,5,51);
INSERT INTO Episode_Judge (episode_judge_id,episode_id, judge_id) VALUES (14,5,34);
INSERT INTO Episode_Judge (episode_judge_id,episode_id, judge_id) VALUES (15,5,24);
INSERT INTO Episode_Combo (episode_combo_id,episode_id, national_cuisine_id,cook_id,recipe_id) VALUES (41,5, 2, 30, 87);
INSERT INTO Rates (episode_combo_id,episode_judge_id,rating) VALUES (41,13,5);
INSERT INTO Rates (episode_combo_id,episode_judge_id,rating) VALUES (41,14,3);
INSERT INTO Rates (episode_combo_id,episode_judge_id,rating) VALUES (41,15,1);
INSERT INTO Episode_Combo (episode_combo_id,episode_id, national_cuisine_id,cook_id,recipe_id) VALUES (42,5, 12, 50, 53);
INSERT INTO Rates (episode_combo_id,episode_judge_id,rating) VALUES (42,13,3);
INSERT INTO Rates (episode_combo_id,episode_judge_id,rating) VALUES (42,14,2);
INSERT INTO Rates (episode_combo_id,episode_judge_id,rating) VALUES (42,15,4);
INSERT INTO Episode_Combo (episode_combo_id,episode_id, national_cuisine_id,cook_id,recipe_id) VALUES (43,5, 10, 10, 41);
INSERT INTO Rates (episode_combo_id,episode_judge_id,rating) VALUES (43,13,2);
INSERT INTO Rates (episode_combo_id,episode_judge_id,rating) VALUES (43,14,5);
INSERT INTO Rates (episode_combo_id,episode_judge_id,rating) VALUES (43,15,1);
INSERT INTO Episode_Combo (episode_combo_id,episode_id, national_cuisine_id,cook_id,recipe_id) VALUES (44,5, 3, 58, 19);
INSERT INTO Rates (episode_combo_id,episode_judge_id,rating) VALUES (44,13,3);
INSERT INTO Rates (episode_combo_id,episode_judge_id,rating) VALUES (44,14,5);
INSERT INTO Rates (episode_combo_id,episode_judge_id,rating) VALUES (44,15,4);
INSERT INTO Episode_Combo (episode_combo_id,episode_id, national_cuisine_id,cook_id,recipe_id) VALUES (45,5, 9, 16, 29);
INSERT INTO Rates (episode_combo_id,episode_judge_id,rating) VALUES (45,13,2);
INSERT INTO Rates (episode_combo_id,episode_judge_id,rating) VALUES (45,14,4);
INSERT INTO Rates (episode_combo_id,episode_judge_id,rating) VALUES (45,15,4);
INSERT INTO Episode_Combo (episode_combo_id,episode_id, national_cuisine_id,cook_id,recipe_id) VALUES (46,5, 13, 49, 17);
INSERT INTO Rates (episode_combo_id,episode_judge_id,rating) VALUES (46,13,2);
INSERT INTO Rates (episode_combo_id,episode_judge_id,rating) VALUES (46,14,4);
INSERT INTO Rates (episode_combo_id,episode_judge_id,rating) VALUES (46,15,1);
INSERT INTO Episode_Combo (episode_combo_id,episode_id, national_cuisine_id,cook_id,recipe_id) VALUES (47,5, 15, 5, 12);
INSERT INTO Rates (episode_combo_id,episode_judge_id,rating) VALUES (47,13,4);
INSERT INTO Rates (episode_combo_id,episode_judge_id,rating) VALUES (47,14,3);
INSERT INTO Rates (episode_combo_id,episode_judge_id,rating) VALUES (47,15,4);
INSERT INTO Episode_Combo (episode_combo_id,episode_id, national_cuisine_id,cook_id,recipe_id) VALUES (48,5, 9, 79, 71);
INSERT INTO Rates (episode_combo_id,episode_judge_id,rating) VALUES (48,13,1);
INSERT INTO Rates (episode_combo_id,episode_judge_id,rating) VALUES (48,14,5);
INSERT INTO Rates (episode_combo_id,episode_judge_id,rating) VALUES (48,15,4);
INSERT INTO Episode_Combo (episode_combo_id,episode_id, national_cuisine_id,cook_id,recipe_id) VALUES (49,5, 14, 25, 37);
INSERT INTO Rates (episode_combo_id,episode_judge_id,rating) VALUES (49,13,5);
INSERT INTO Rates (episode_combo_id,episode_judge_id,rating) VALUES (49,14,3);
INSERT INTO Rates (episode_combo_id,episode_judge_id,rating) VALUES (49,15,3);
INSERT INTO Episode_Combo (episode_combo_id,episode_id, national_cuisine_id,cook_id,recipe_id) VALUES (50,5, 16, 23, 30);
INSERT INTO Rates (episode_combo_id,episode_judge_id,rating) VALUES (50,13,4);
INSERT INTO Rates (episode_combo_id,episode_judge_id,rating) VALUES (50,14,5);
INSERT INTO Rates (episode_combo_id,episode_judge_id,rating) VALUES (50,15,2);
INSERT INTO Episode (episode_id, year,episode_number,image_id) VALUES (6, 2019, 6, 433);
INSERT INTO Episode_Judge (episode_judge_id,episode_id, judge_id) VALUES (16,6,35);
INSERT INTO Episode_Judge (episode_judge_id,episode_id, judge_id) VALUES (17,6,13);
INSERT INTO Episode_Judge (episode_judge_id,episode_id, judge_id) VALUES (18,6,51);
INSERT INTO Episode_Combo (episode_combo_id,episode_id, national_cuisine_id,cook_id,recipe_id) VALUES (51,6, 19, 35, 6);
INSERT INTO Rates (episode_combo_id,episode_judge_id,rating) VALUES (51,16,4);
INSERT INTO Rates (episode_combo_id,episode_judge_id,rating) VALUES (51,17,4);
INSERT INTO Rates (episode_combo_id,episode_judge_id,rating) VALUES (51,18,2);
INSERT INTO Episode_Combo (episode_combo_id,episode_id, national_cuisine_id,cook_id,recipe_id) VALUES (52,6, 19, 14, 96);
INSERT INTO Rates (episode_combo_id,episode_judge_id,rating) VALUES (52,16,2);
INSERT INTO Rates (episode_combo_id,episode_judge_id,rating) VALUES (52,17,2);
INSERT INTO Rates (episode_combo_id,episode_judge_id,rating) VALUES (52,18,1);
INSERT INTO Episode_Combo (episode_combo_id,episode_id, national_cuisine_id,cook_id,recipe_id) VALUES (53,6, 3, 37, 74);
INSERT INTO Rates (episode_combo_id,episode_judge_id,rating) VALUES (53,16,3);
INSERT INTO Rates (episode_combo_id,episode_judge_id,rating) VALUES (53,17,2);
INSERT INTO Rates (episode_combo_id,episode_judge_id,rating) VALUES (53,18,3);
INSERT INTO Episode_Combo (episode_combo_id,episode_id, national_cuisine_id,cook_id,recipe_id) VALUES (54,6, 7, 55, 17);
INSERT INTO Rates (episode_combo_id,episode_judge_id,rating) VALUES (54,16,4);
INSERT INTO Rates (episode_combo_id,episode_judge_id,rating) VALUES (54,17,5);
INSERT INTO Rates (episode_combo_id,episode_judge_id,rating) VALUES (54,18,4);
INSERT INTO Episode_Combo (episode_combo_id,episode_id, national_cuisine_id,cook_id,recipe_id) VALUES (55,6, 1, 15, 62);
INSERT INTO Rates (episode_combo_id,episode_judge_id,rating) VALUES (55,16,2);
INSERT INTO Rates (episode_combo_id,episode_judge_id,rating) VALUES (55,17,2);
INSERT INTO Rates (episode_combo_id,episode_judge_id,rating) VALUES (55,18,4);
INSERT INTO Episode_Combo (episode_combo_id,episode_id, national_cuisine_id,cook_id,recipe_id) VALUES (56,6, 1, 26, 5);
INSERT INTO Rates (episode_combo_id,episode_judge_id,rating) VALUES (56,16,5);
INSERT INTO Rates (episode_combo_id,episode_judge_id,rating) VALUES (56,17,5);
INSERT INTO Rates (episode_combo_id,episode_judge_id,rating) VALUES (56,18,5);
INSERT INTO Episode_Combo (episode_combo_id,episode_id, national_cuisine_id,cook_id,recipe_id) VALUES (57,6, 8, 17, 45);
INSERT INTO Rates (episode_combo_id,episode_judge_id,rating) VALUES (57,16,5);
INSERT INTO Rates (episode_combo_id,episode_judge_id,rating) VALUES (57,17,2);
INSERT INTO Rates (episode_combo_id,episode_judge_id,rating) VALUES (57,18,2);
INSERT INTO Episode_Combo (episode_combo_id,episode_id, national_cuisine_id,cook_id,recipe_id) VALUES (58,6, 12, 85, 82);
INSERT INTO Rates (episode_combo_id,episode_judge_id,rating) VALUES (58,16,1);
INSERT INTO Rates (episode_combo_id,episode_judge_id,rating) VALUES (58,17,2);
INSERT INTO Rates (episode_combo_id,episode_judge_id,rating) VALUES (58,18,2);
INSERT INTO Episode_Combo (episode_combo_id,episode_id, national_cuisine_id,cook_id,recipe_id) VALUES (59,6, 18, 38, 77);
INSERT INTO Rates (episode_combo_id,episode_judge_id,rating) VALUES (59,16,2);
INSERT INTO Rates (episode_combo_id,episode_judge_id,rating) VALUES (59,17,2);
INSERT INTO Rates (episode_combo_id,episode_judge_id,rating) VALUES (59,18,2);
INSERT INTO Episode_Combo (episode_combo_id,episode_id, national_cuisine_id,cook_id,recipe_id) VALUES (60,6, 5, 58, 16);
INSERT INTO Rates (episode_combo_id,episode_judge_id,rating) VALUES (60,16,3);
INSERT INTO Rates (episode_combo_id,episode_judge_id,rating) VALUES (60,17,3);
INSERT INTO Rates (episode_combo_id,episode_judge_id,rating) VALUES (60,18,3);
INSERT INTO Episode (episode_id, year,episode_number,image_id) VALUES (7, 2019, 7, 434);
INSERT INTO Episode_Judge (episode_judge_id,episode_id, judge_id) VALUES (19,7,98);
INSERT INTO Episode_Judge (episode_judge_id,episode_id, judge_id) VALUES (20,7,22);
INSERT INTO Episode_Judge (episode_judge_id,episode_id, judge_id) VALUES (21,7,96);
INSERT INTO Episode_Combo (episode_combo_id,episode_id, national_cuisine_id,cook_id,recipe_id) VALUES (61,7, 11, 12, 93);
INSERT INTO Rates (episode_combo_id,episode_judge_id,rating) VALUES (61,19,3);
INSERT INTO Rates (episode_combo_id,episode_judge_id,rating) VALUES (61,20,3);
INSERT INTO Rates (episode_combo_id,episode_judge_id,rating) VALUES (61,21,2);
INSERT INTO Episode_Combo (episode_combo_id,episode_id, national_cuisine_id,cook_id,recipe_id) VALUES (62,7, 7, 89, 98);
INSERT INTO Rates (episode_combo_id,episode_judge_id,rating) VALUES (62,19,1);
INSERT INTO Rates (episode_combo_id,episode_judge_id,rating) VALUES (62,20,2);
INSERT INTO Rates (episode_combo_id,episode_judge_id,rating) VALUES (62,21,4);
INSERT INTO Episode_Combo (episode_combo_id,episode_id, national_cuisine_id,cook_id,recipe_id) VALUES (63,7, 9, 7, 78);
INSERT INTO Rates (episode_combo_id,episode_judge_id,rating) VALUES (63,19,1);
INSERT INTO Rates (episode_combo_id,episode_judge_id,rating) VALUES (63,20,3);
INSERT INTO Rates (episode_combo_id,episode_judge_id,rating) VALUES (63,21,4);
INSERT INTO Episode_Combo (episode_combo_id,episode_id, national_cuisine_id,cook_id,recipe_id) VALUES (64,7, 8, 100, 3);
INSERT INTO Rates (episode_combo_id,episode_judge_id,rating) VALUES (64,19,5);
INSERT INTO Rates (episode_combo_id,episode_judge_id,rating) VALUES (64,20,5);
INSERT INTO Rates (episode_combo_id,episode_judge_id,rating) VALUES (64,21,4);
INSERT INTO Episode_Combo (episode_combo_id,episode_id, national_cuisine_id,cook_id,recipe_id) VALUES (65,7, 5, 49, 84);
INSERT INTO Rates (episode_combo_id,episode_judge_id,rating) VALUES (65,19,4);
INSERT INTO Rates (episode_combo_id,episode_judge_id,rating) VALUES (65,20,4);
INSERT INTO Rates (episode_combo_id,episode_judge_id,rating) VALUES (65,21,2);
INSERT INTO Episode_Combo (episode_combo_id,episode_id, national_cuisine_id,cook_id,recipe_id) VALUES (66,7, 9, 42, 71);
INSERT INTO Rates (episode_combo_id,episode_judge_id,rating) VALUES (66,19,5);
INSERT INTO Rates (episode_combo_id,episode_judge_id,rating) VALUES (66,20,4);
INSERT INTO Rates (episode_combo_id,episode_judge_id,rating) VALUES (66,21,5);
INSERT INTO Episode_Combo (episode_combo_id,episode_id, national_cuisine_id,cook_id,recipe_id) VALUES (67,7, 19, 75, 19);
INSERT INTO Rates (episode_combo_id,episode_judge_id,rating) VALUES (67,19,2);
INSERT INTO Rates (episode_combo_id,episode_judge_id,rating) VALUES (67,20,1);
INSERT INTO Rates (episode_combo_id,episode_judge_id,rating) VALUES (67,21,2);
INSERT INTO Episode_Combo (episode_combo_id,episode_id, national_cuisine_id,cook_id,recipe_id) VALUES (68,7, 12, 66, 55);
INSERT INTO Rates (episode_combo_id,episode_judge_id,rating) VALUES (68,19,3);
INSERT INTO Rates (episode_combo_id,episode_judge_id,rating) VALUES (68,20,5);
INSERT INTO Rates (episode_combo_id,episode_judge_id,rating) VALUES (68,21,2);
INSERT INTO Episode_Combo (episode_combo_id,episode_id, national_cuisine_id,cook_id,recipe_id) VALUES (69,7, 14, 70, 73);
INSERT INTO Rates (episode_combo_id,episode_judge_id,rating) VALUES (69,19,1);
INSERT INTO Rates (episode_combo_id,episode_judge_id,rating) VALUES (69,20,5);
INSERT INTO Rates (episode_combo_id,episode_judge_id,rating) VALUES (69,21,4);
INSERT INTO Episode_Combo (episode_combo_id,episode_id, national_cuisine_id,cook_id,recipe_id) VALUES (70,7, 1, 3, 27);
INSERT INTO Rates (episode_combo_id,episode_judge_id,rating) VALUES (70,19,1);
INSERT INTO Rates (episode_combo_id,episode_judge_id,rating) VALUES (70,20,3);
INSERT INTO Rates (episode_combo_id,episode_judge_id,rating) VALUES (70,21,1);
INSERT INTO Episode (episode_id, year,episode_number,image_id) VALUES (8, 2019, 8, 435);
INSERT INTO Episode_Judge (episode_judge_id,episode_id, judge_id) VALUES (22,8,64);
INSERT INTO Episode_Judge (episode_judge_id,episode_id, judge_id) VALUES (23,8,60);
INSERT INTO Episode_Judge (episode_judge_id,episode_id, judge_id) VALUES (24,8,3);
INSERT INTO Episode_Combo (episode_combo_id,episode_id, national_cuisine_id,cook_id,recipe_id) VALUES (71,8, 20, 65, 43);
INSERT INTO Rates (episode_combo_id,episode_judge_id,rating) VALUES (71,22,4);
INSERT INTO Rates (episode_combo_id,episode_judge_id,rating) VALUES (71,23,2);
INSERT INTO Rates (episode_combo_id,episode_judge_id,rating) VALUES (71,24,2);
INSERT INTO Episode_Combo (episode_combo_id,episode_id, national_cuisine_id,cook_id,recipe_id) VALUES (72,8, 20, 43, 5);
INSERT INTO Rates (episode_combo_id,episode_judge_id,rating) VALUES (72,22,4);
INSERT INTO Rates (episode_combo_id,episode_judge_id,rating) VALUES (72,23,5);
INSERT INTO Rates (episode_combo_id,episode_judge_id,rating) VALUES (72,24,3);
INSERT INTO Episode_Combo (episode_combo_id,episode_id, national_cuisine_id,cook_id,recipe_id) VALUES (73,8, 5, 91, 27);
INSERT INTO Rates (episode_combo_id,episode_judge_id,rating) VALUES (73,22,2);
INSERT INTO Rates (episode_combo_id,episode_judge_id,rating) VALUES (73,23,2);
INSERT INTO Rates (episode_combo_id,episode_judge_id,rating) VALUES (73,24,5);
INSERT INTO Episode_Combo (episode_combo_id,episode_id, national_cuisine_id,cook_id,recipe_id) VALUES (74,8, 15, 90, 24);
INSERT INTO Rates (episode_combo_id,episode_judge_id,rating) VALUES (74,22,4);
INSERT INTO Rates (episode_combo_id,episode_judge_id,rating) VALUES (74,23,3);
INSERT INTO Rates (episode_combo_id,episode_judge_id,rating) VALUES (74,24,2);
INSERT INTO Episode_Combo (episode_combo_id,episode_id, national_cuisine_id,cook_id,recipe_id) VALUES (75,8, 11, 27, 58);
INSERT INTO Rates (episode_combo_id,episode_judge_id,rating) VALUES (75,22,4);
INSERT INTO Rates (episode_combo_id,episode_judge_id,rating) VALUES (75,23,3);
INSERT INTO Rates (episode_combo_id,episode_judge_id,rating) VALUES (75,24,3);
INSERT INTO Episode_Combo (episode_combo_id,episode_id, national_cuisine_id,cook_id,recipe_id) VALUES (76,8, 14, 51, 94);
INSERT INTO Rates (episode_combo_id,episode_judge_id,rating) VALUES (76,22,2);
INSERT INTO Rates (episode_combo_id,episode_judge_id,rating) VALUES (76,23,3);
INSERT INTO Rates (episode_combo_id,episode_judge_id,rating) VALUES (76,24,2);
INSERT INTO Episode_Combo (episode_combo_id,episode_id, national_cuisine_id,cook_id,recipe_id) VALUES (77,8, 5, 36, 73);
INSERT INTO Rates (episode_combo_id,episode_judge_id,rating) VALUES (77,22,3);
INSERT INTO Rates (episode_combo_id,episode_judge_id,rating) VALUES (77,23,3);
INSERT INTO Rates (episode_combo_id,episode_judge_id,rating) VALUES (77,24,5);
INSERT INTO Episode_Combo (episode_combo_id,episode_id, national_cuisine_id,cook_id,recipe_id) VALUES (78,8, 5, 55, 11);
INSERT INTO Rates (episode_combo_id,episode_judge_id,rating) VALUES (78,22,2);
INSERT INTO Rates (episode_combo_id,episode_judge_id,rating) VALUES (78,23,3);
INSERT INTO Rates (episode_combo_id,episode_judge_id,rating) VALUES (78,24,2);
INSERT INTO Episode_Combo (episode_combo_id,episode_id, national_cuisine_id,cook_id,recipe_id) VALUES (79,8, 9, 90, 14);
INSERT INTO Rates (episode_combo_id,episode_judge_id,rating) VALUES (79,22,5);
INSERT INTO Rates (episode_combo_id,episode_judge_id,rating) VALUES (79,23,2);
INSERT INTO Rates (episode_combo_id,episode_judge_id,rating) VALUES (79,24,5);
INSERT INTO Episode_Combo (episode_combo_id,episode_id, national_cuisine_id,cook_id,recipe_id) VALUES (80,8, 7, 73, 19);
INSERT INTO Rates (episode_combo_id,episode_judge_id,rating) VALUES (80,22,3);
INSERT INTO Rates (episode_combo_id,episode_judge_id,rating) VALUES (80,23,3);
INSERT INTO Rates (episode_combo_id,episode_judge_id,rating) VALUES (80,24,5);
INSERT INTO Episode (episode_id, year,episode_number,image_id) VALUES (9, 2019, 9, 436);
INSERT INTO Episode_Judge (episode_judge_id,episode_id, judge_id) VALUES (25,9,31);
INSERT INTO Episode_Judge (episode_judge_id,episode_id, judge_id) VALUES (26,9,42);
INSERT INTO Episode_Judge (episode_judge_id,episode_id, judge_id) VALUES (27,9,84);
INSERT INTO Episode_Combo (episode_combo_id,episode_id, national_cuisine_id,cook_id,recipe_id) VALUES (81,9, 4, 91, 65);
INSERT INTO Rates (episode_combo_id,episode_judge_id,rating) VALUES (81,25,4);
INSERT INTO Rates (episode_combo_id,episode_judge_id,rating) VALUES (81,26,3);
INSERT INTO Rates (episode_combo_id,episode_judge_id,rating) VALUES (81,27,4);
INSERT INTO Episode_Combo (episode_combo_id,episode_id, national_cuisine_id,cook_id,recipe_id) VALUES (82,9, 2, 50, 97);
INSERT INTO Rates (episode_combo_id,episode_judge_id,rating) VALUES (82,25,5);
INSERT INTO Rates (episode_combo_id,episode_judge_id,rating) VALUES (82,26,2);
INSERT INTO Rates (episode_combo_id,episode_judge_id,rating) VALUES (82,27,5);
INSERT INTO Episode_Combo (episode_combo_id,episode_id, national_cuisine_id,cook_id,recipe_id) VALUES (83,9, 12, 42, 14);
INSERT INTO Rates (episode_combo_id,episode_judge_id,rating) VALUES (83,25,5);
INSERT INTO Rates (episode_combo_id,episode_judge_id,rating) VALUES (83,26,5);
INSERT INTO Rates (episode_combo_id,episode_judge_id,rating) VALUES (83,27,2);
INSERT INTO Episode_Combo (episode_combo_id,episode_id, national_cuisine_id,cook_id,recipe_id) VALUES (84,9, 5, 21, 50);
INSERT INTO Rates (episode_combo_id,episode_judge_id,rating) VALUES (84,25,2);
INSERT INTO Rates (episode_combo_id,episode_judge_id,rating) VALUES (84,26,2);
INSERT INTO Rates (episode_combo_id,episode_judge_id,rating) VALUES (84,27,4);
INSERT INTO Episode_Combo (episode_combo_id,episode_id, national_cuisine_id,cook_id,recipe_id) VALUES (85,9, 12, 98, 93);
INSERT INTO Rates (episode_combo_id,episode_judge_id,rating) VALUES (85,25,5);
INSERT INTO Rates (episode_combo_id,episode_judge_id,rating) VALUES (85,26,5);
INSERT INTO Rates (episode_combo_id,episode_judge_id,rating) VALUES (85,27,3);
INSERT INTO Episode_Combo (episode_combo_id,episode_id, national_cuisine_id,cook_id,recipe_id) VALUES (86,9, 2, 44, 37);
INSERT INTO Rates (episode_combo_id,episode_judge_id,rating) VALUES (86,25,5);
INSERT INTO Rates (episode_combo_id,episode_judge_id,rating) VALUES (86,26,5);
INSERT INTO Rates (episode_combo_id,episode_judge_id,rating) VALUES (86,27,2);
INSERT INTO Episode_Combo (episode_combo_id,episode_id, national_cuisine_id,cook_id,recipe_id) VALUES (87,9, 7, 99, 99);
INSERT INTO Rates (episode_combo_id,episode_judge_id,rating) VALUES (87,25,5);
INSERT INTO Rates (episode_combo_id,episode_judge_id,rating) VALUES (87,26,2);
INSERT INTO Rates (episode_combo_id,episode_judge_id,rating) VALUES (87,27,4);
INSERT INTO Episode_Combo (episode_combo_id,episode_id, national_cuisine_id,cook_id,recipe_id) VALUES (88,9, 13, 45, 35);
INSERT INTO Rates (episode_combo_id,episode_judge_id,rating) VALUES (88,25,3);
INSERT INTO Rates (episode_combo_id,episode_judge_id,rating) VALUES (88,26,4);
INSERT INTO Rates (episode_combo_id,episode_judge_id,rating) VALUES (88,27,3);
INSERT INTO Episode_Combo (episode_combo_id,episode_id, national_cuisine_id,cook_id,recipe_id) VALUES (89,9, 19, 38, 83);
INSERT INTO Rates (episode_combo_id,episode_judge_id,rating) VALUES (89,25,4);
INSERT INTO Rates (episode_combo_id,episode_judge_id,rating) VALUES (89,26,5);
INSERT INTO Rates (episode_combo_id,episode_judge_id,rating) VALUES (89,27,2);
INSERT INTO Episode_Combo (episode_combo_id,episode_id, national_cuisine_id,cook_id,recipe_id) VALUES (90,9, 10, 84, 19);
INSERT INTO Rates (episode_combo_id,episode_judge_id,rating) VALUES (90,25,4);
INSERT INTO Rates (episode_combo_id,episode_judge_id,rating) VALUES (90,26,4);
INSERT INTO Rates (episode_combo_id,episode_judge_id,rating) VALUES (90,27,4);
INSERT INTO Episode (episode_id, year,episode_number,image_id) VALUES (10, 2019, 10, 437);
INSERT INTO Episode_Judge (episode_judge_id,episode_id, judge_id) VALUES (28,10,4);
INSERT INTO Episode_Judge (episode_judge_id,episode_id, judge_id) VALUES (29,10,34);
INSERT INTO Episode_Judge (episode_judge_id,episode_id, judge_id) VALUES (30,10,98);
INSERT INTO Episode_Combo (episode_combo_id,episode_id, national_cuisine_id,cook_id,recipe_id) VALUES (91,10, 13, 82, 21);
INSERT INTO Rates (episode_combo_id,episode_judge_id,rating) VALUES (91,28,2);
INSERT INTO Rates (episode_combo_id,episode_judge_id,rating) VALUES (91,29,5);
INSERT INTO Rates (episode_combo_id,episode_judge_id,rating) VALUES (91,30,1);
INSERT INTO Episode_Combo (episode_combo_id,episode_id, national_cuisine_id,cook_id,recipe_id) VALUES (92,10, 15, 75, 5);
INSERT INTO Rates (episode_combo_id,episode_judge_id,rating) VALUES (92,28,2);
INSERT INTO Rates (episode_combo_id,episode_judge_id,rating) VALUES (92,29,4);
INSERT INTO Rates (episode_combo_id,episode_judge_id,rating) VALUES (92,30,1);
INSERT INTO Episode_Combo (episode_combo_id,episode_id, national_cuisine_id,cook_id,recipe_id) VALUES (93,10, 15, 41, 54);
INSERT INTO Rates (episode_combo_id,episode_judge_id,rating) VALUES (93,28,1);
INSERT INTO Rates (episode_combo_id,episode_judge_id,rating) VALUES (93,29,3);
INSERT INTO Rates (episode_combo_id,episode_judge_id,rating) VALUES (93,30,2);
INSERT INTO Episode_Combo (episode_combo_id,episode_id, national_cuisine_id,cook_id,recipe_id) VALUES (94,10, 16, 52, 5);
INSERT INTO Rates (episode_combo_id,episode_judge_id,rating) VALUES (94,28,2);
INSERT INTO Rates (episode_combo_id,episode_judge_id,rating) VALUES (94,29,1);
INSERT INTO Rates (episode_combo_id,episode_judge_id,rating) VALUES (94,30,2);
INSERT INTO Episode_Combo (episode_combo_id,episode_id, national_cuisine_id,cook_id,recipe_id) VALUES (95,10, 15, 97, 71);
INSERT INTO Rates (episode_combo_id,episode_judge_id,rating) VALUES (95,28,3);
INSERT INTO Rates (episode_combo_id,episode_judge_id,rating) VALUES (95,29,4);
INSERT INTO Rates (episode_combo_id,episode_judge_id,rating) VALUES (95,30,2);
INSERT INTO Episode_Combo (episode_combo_id,episode_id, national_cuisine_id,cook_id,recipe_id) VALUES (96,10, 1, 71, 32);
INSERT INTO Rates (episode_combo_id,episode_judge_id,rating) VALUES (96,28,1);
INSERT INTO Rates (episode_combo_id,episode_judge_id,rating) VALUES (96,29,2);
INSERT INTO Rates (episode_combo_id,episode_judge_id,rating) VALUES (96,30,3);
INSERT INTO Episode_Combo (episode_combo_id,episode_id, national_cuisine_id,cook_id,recipe_id) VALUES (97,10, 5, 58, 84);
INSERT INTO Rates (episode_combo_id,episode_judge_id,rating) VALUES (97,28,2);
INSERT INTO Rates (episode_combo_id,episode_judge_id,rating) VALUES (97,29,3);
INSERT INTO Rates (episode_combo_id,episode_judge_id,rating) VALUES (97,30,1);
INSERT INTO Episode_Combo (episode_combo_id,episode_id, national_cuisine_id,cook_id,recipe_id) VALUES (98,10, 3, 18, 32);
INSERT INTO Rates (episode_combo_id,episode_judge_id,rating) VALUES (98,28,5);
INSERT INTO Rates (episode_combo_id,episode_judge_id,rating) VALUES (98,29,4);
INSERT INTO Rates (episode_combo_id,episode_judge_id,rating) VALUES (98,30,2);
INSERT INTO Episode_Combo (episode_combo_id,episode_id, national_cuisine_id,cook_id,recipe_id) VALUES (99,10, 9, 46, 84);
INSERT INTO Rates (episode_combo_id,episode_judge_id,rating) VALUES (99,28,4);
INSERT INTO Rates (episode_combo_id,episode_judge_id,rating) VALUES (99,29,4);
INSERT INTO Rates (episode_combo_id,episode_judge_id,rating) VALUES (99,30,3);
INSERT INTO Episode_Combo (episode_combo_id,episode_id, national_cuisine_id,cook_id,recipe_id) VALUES (100,10, 19, 10, 10);
INSERT INTO Rates (episode_combo_id,episode_judge_id,rating) VALUES (100,28,1);
INSERT INTO Rates (episode_combo_id,episode_judge_id,rating) VALUES (100,29,3);
INSERT INTO Rates (episode_combo_id,episode_judge_id,rating) VALUES (100,30,2);
INSERT INTO Episode (episode_id, year,episode_number,image_id) VALUES (11, 2020, 1, 438);
INSERT INTO Episode_Judge (episode_judge_id,episode_id, judge_id) VALUES (31,11,17);
INSERT INTO Episode_Judge (episode_judge_id,episode_id, judge_id) VALUES (32,11,100);
INSERT INTO Episode_Judge (episode_judge_id,episode_id, judge_id) VALUES (33,11,83);
INSERT INTO Episode_Combo (episode_combo_id,episode_id, national_cuisine_id,cook_id,recipe_id) VALUES (101,11, 18, 23, 86);
INSERT INTO Rates (episode_combo_id,episode_judge_id,rating) VALUES (101,31,5);
INSERT INTO Rates (episode_combo_id,episode_judge_id,rating) VALUES (101,32,2);
INSERT INTO Rates (episode_combo_id,episode_judge_id,rating) VALUES (101,33,1);
INSERT INTO Episode_Combo (episode_combo_id,episode_id, national_cuisine_id,cook_id,recipe_id) VALUES (102,11, 2, 54, 91);
INSERT INTO Rates (episode_combo_id,episode_judge_id,rating) VALUES (102,31,4);
INSERT INTO Rates (episode_combo_id,episode_judge_id,rating) VALUES (102,32,1);
INSERT INTO Rates (episode_combo_id,episode_judge_id,rating) VALUES (102,33,1);
INSERT INTO Episode_Combo (episode_combo_id,episode_id, national_cuisine_id,cook_id,recipe_id) VALUES (103,11, 15, 76, 2);
INSERT INTO Rates (episode_combo_id,episode_judge_id,rating) VALUES (103,31,1);
INSERT INTO Rates (episode_combo_id,episode_judge_id,rating) VALUES (103,32,3);
INSERT INTO Rates (episode_combo_id,episode_judge_id,rating) VALUES (103,33,3);
INSERT INTO Episode_Combo (episode_combo_id,episode_id, national_cuisine_id,cook_id,recipe_id) VALUES (104,11, 7, 27, 31);
INSERT INTO Rates (episode_combo_id,episode_judge_id,rating) VALUES (104,31,4);
INSERT INTO Rates (episode_combo_id,episode_judge_id,rating) VALUES (104,32,1);
INSERT INTO Rates (episode_combo_id,episode_judge_id,rating) VALUES (104,33,4);
INSERT INTO Episode_Combo (episode_combo_id,episode_id, national_cuisine_id,cook_id,recipe_id) VALUES (105,11, 1, 62, 77);
INSERT INTO Rates (episode_combo_id,episode_judge_id,rating) VALUES (105,31,3);
INSERT INTO Rates (episode_combo_id,episode_judge_id,rating) VALUES (105,32,2);
INSERT INTO Rates (episode_combo_id,episode_judge_id,rating) VALUES (105,33,5);
INSERT INTO Episode_Combo (episode_combo_id,episode_id, national_cuisine_id,cook_id,recipe_id) VALUES (106,11, 18, 45, 67);
INSERT INTO Rates (episode_combo_id,episode_judge_id,rating) VALUES (106,31,1);
INSERT INTO Rates (episode_combo_id,episode_judge_id,rating) VALUES (106,32,5);
INSERT INTO Rates (episode_combo_id,episode_judge_id,rating) VALUES (106,33,5);
INSERT INTO Episode_Combo (episode_combo_id,episode_id, national_cuisine_id,cook_id,recipe_id) VALUES (107,11, 5, 50, 5);
INSERT INTO Rates (episode_combo_id,episode_judge_id,rating) VALUES (107,31,4);
INSERT INTO Rates (episode_combo_id,episode_judge_id,rating) VALUES (107,32,2);
INSERT INTO Rates (episode_combo_id,episode_judge_id,rating) VALUES (107,33,1);
INSERT INTO Episode_Combo (episode_combo_id,episode_id, national_cuisine_id,cook_id,recipe_id) VALUES (108,11, 12, 29, 10);
INSERT INTO Rates (episode_combo_id,episode_judge_id,rating) VALUES (108,31,5);
INSERT INTO Rates (episode_combo_id,episode_judge_id,rating) VALUES (108,32,1);
INSERT INTO Rates (episode_combo_id,episode_judge_id,rating) VALUES (108,33,2);
INSERT INTO Episode_Combo (episode_combo_id,episode_id, national_cuisine_id,cook_id,recipe_id) VALUES (109,11, 3, 64, 22);
INSERT INTO Rates (episode_combo_id,episode_judge_id,rating) VALUES (109,31,1);
INSERT INTO Rates (episode_combo_id,episode_judge_id,rating) VALUES (109,32,4);
INSERT INTO Rates (episode_combo_id,episode_judge_id,rating) VALUES (109,33,3);
INSERT INTO Episode_Combo (episode_combo_id,episode_id, national_cuisine_id,cook_id,recipe_id) VALUES (110,11, 2, 97, 29);
INSERT INTO Rates (episode_combo_id,episode_judge_id,rating) VALUES (110,31,2);
INSERT INTO Rates (episode_combo_id,episode_judge_id,rating) VALUES (110,32,2);
INSERT INTO Rates (episode_combo_id,episode_judge_id,rating) VALUES (110,33,3);
INSERT INTO Episode (episode_id, year,episode_number,image_id) VALUES (12, 2020, 2, 439);
INSERT INTO Episode_Judge (episode_judge_id,episode_id, judge_id) VALUES (34,12,93);
INSERT INTO Episode_Judge (episode_judge_id,episode_id, judge_id) VALUES (35,12,46);
INSERT INTO Episode_Judge (episode_judge_id,episode_id, judge_id) VALUES (36,12,80);
INSERT INTO Episode_Combo (episode_combo_id,episode_id, national_cuisine_id,cook_id,recipe_id) VALUES (111,12, 12, 97, 81);
INSERT INTO Rates (episode_combo_id,episode_judge_id,rating) VALUES (111,34,5);
INSERT INTO Rates (episode_combo_id,episode_judge_id,rating) VALUES (111,35,2);
INSERT INTO Rates (episode_combo_id,episode_judge_id,rating) VALUES (111,36,2);
INSERT INTO Episode_Combo (episode_combo_id,episode_id, national_cuisine_id,cook_id,recipe_id) VALUES (112,12, 5, 57, 84);
INSERT INTO Rates (episode_combo_id,episode_judge_id,rating) VALUES (112,34,4);
INSERT INTO Rates (episode_combo_id,episode_judge_id,rating) VALUES (112,35,3);
INSERT INTO Rates (episode_combo_id,episode_judge_id,rating) VALUES (112,36,3);
INSERT INTO Episode_Combo (episode_combo_id,episode_id, national_cuisine_id,cook_id,recipe_id) VALUES (113,12, 17, 10, 2);
INSERT INTO Rates (episode_combo_id,episode_judge_id,rating) VALUES (113,34,1);
INSERT INTO Rates (episode_combo_id,episode_judge_id,rating) VALUES (113,35,2);
INSERT INTO Rates (episode_combo_id,episode_judge_id,rating) VALUES (113,36,1);
INSERT INTO Episode_Combo (episode_combo_id,episode_id, national_cuisine_id,cook_id,recipe_id) VALUES (114,12, 6, 4, 52);
INSERT INTO Rates (episode_combo_id,episode_judge_id,rating) VALUES (114,34,4);
INSERT INTO Rates (episode_combo_id,episode_judge_id,rating) VALUES (114,35,3);
INSERT INTO Rates (episode_combo_id,episode_judge_id,rating) VALUES (114,36,5);
INSERT INTO Episode_Combo (episode_combo_id,episode_id, national_cuisine_id,cook_id,recipe_id) VALUES (115,12, 6, 58, 61);
INSERT INTO Rates (episode_combo_id,episode_judge_id,rating) VALUES (115,34,4);
INSERT INTO Rates (episode_combo_id,episode_judge_id,rating) VALUES (115,35,1);
INSERT INTO Rates (episode_combo_id,episode_judge_id,rating) VALUES (115,36,5);
INSERT INTO Episode_Combo (episode_combo_id,episode_id, national_cuisine_id,cook_id,recipe_id) VALUES (116,12, 17, 14, 28);
INSERT INTO Rates (episode_combo_id,episode_judge_id,rating) VALUES (116,34,3);
INSERT INTO Rates (episode_combo_id,episode_judge_id,rating) VALUES (116,35,2);
INSERT INTO Rates (episode_combo_id,episode_judge_id,rating) VALUES (116,36,2);
INSERT INTO Episode_Combo (episode_combo_id,episode_id, national_cuisine_id,cook_id,recipe_id) VALUES (117,12, 17, 62, 60);
INSERT INTO Rates (episode_combo_id,episode_judge_id,rating) VALUES (117,34,5);
INSERT INTO Rates (episode_combo_id,episode_judge_id,rating) VALUES (117,35,1);
INSERT INTO Rates (episode_combo_id,episode_judge_id,rating) VALUES (117,36,5);
INSERT INTO Episode_Combo (episode_combo_id,episode_id, national_cuisine_id,cook_id,recipe_id) VALUES (118,12, 14, 42, 33);
INSERT INTO Rates (episode_combo_id,episode_judge_id,rating) VALUES (118,34,1);
INSERT INTO Rates (episode_combo_id,episode_judge_id,rating) VALUES (118,35,1);
INSERT INTO Rates (episode_combo_id,episode_judge_id,rating) VALUES (118,36,5);
INSERT INTO Episode_Combo (episode_combo_id,episode_id, national_cuisine_id,cook_id,recipe_id) VALUES (119,12, 10, 4, 79);
INSERT INTO Rates (episode_combo_id,episode_judge_id,rating) VALUES (119,34,4);
INSERT INTO Rates (episode_combo_id,episode_judge_id,rating) VALUES (119,35,5);
INSERT INTO Rates (episode_combo_id,episode_judge_id,rating) VALUES (119,36,3);
INSERT INTO Episode_Combo (episode_combo_id,episode_id, national_cuisine_id,cook_id,recipe_id) VALUES (120,12, 10, 31, 26);
INSERT INTO Rates (episode_combo_id,episode_judge_id,rating) VALUES (120,34,3);
INSERT INTO Rates (episode_combo_id,episode_judge_id,rating) VALUES (120,35,3);
INSERT INTO Rates (episode_combo_id,episode_judge_id,rating) VALUES (120,36,3);
INSERT INTO Episode (episode_id, year,episode_number,image_id) VALUES (13, 2020, 3, 440);
INSERT INTO Episode_Judge (episode_judge_id,episode_id, judge_id) VALUES (37,13,13);
INSERT INTO Episode_Judge (episode_judge_id,episode_id, judge_id) VALUES (38,13,64);
INSERT INTO Episode_Judge (episode_judge_id,episode_id, judge_id) VALUES (39,13,18);
INSERT INTO Episode_Combo (episode_combo_id,episode_id, national_cuisine_id,cook_id,recipe_id) VALUES (121,13, 1, 11, 27);
INSERT INTO Rates (episode_combo_id,episode_judge_id,rating) VALUES (121,37,2);
INSERT INTO Rates (episode_combo_id,episode_judge_id,rating) VALUES (121,38,1);
INSERT INTO Rates (episode_combo_id,episode_judge_id,rating) VALUES (121,39,3);
INSERT INTO Episode_Combo (episode_combo_id,episode_id, national_cuisine_id,cook_id,recipe_id) VALUES (122,13, 6, 42, 48);
INSERT INTO Rates (episode_combo_id,episode_judge_id,rating) VALUES (122,37,2);
INSERT INTO Rates (episode_combo_id,episode_judge_id,rating) VALUES (122,38,5);
INSERT INTO Rates (episode_combo_id,episode_judge_id,rating) VALUES (122,39,4);
INSERT INTO Episode_Combo (episode_combo_id,episode_id, national_cuisine_id,cook_id,recipe_id) VALUES (123,13, 20, 55, 80);
INSERT INTO Rates (episode_combo_id,episode_judge_id,rating) VALUES (123,37,4);
INSERT INTO Rates (episode_combo_id,episode_judge_id,rating) VALUES (123,38,5);
INSERT INTO Rates (episode_combo_id,episode_judge_id,rating) VALUES (123,39,4);
INSERT INTO Episode_Combo (episode_combo_id,episode_id, national_cuisine_id,cook_id,recipe_id) VALUES (124,13, 19, 60, 89);
INSERT INTO Rates (episode_combo_id,episode_judge_id,rating) VALUES (124,37,4);
INSERT INTO Rates (episode_combo_id,episode_judge_id,rating) VALUES (124,38,1);
INSERT INTO Rates (episode_combo_id,episode_judge_id,rating) VALUES (124,39,1);
INSERT INTO Episode_Combo (episode_combo_id,episode_id, national_cuisine_id,cook_id,recipe_id) VALUES (125,13, 15, 6, 2);
INSERT INTO Rates (episode_combo_id,episode_judge_id,rating) VALUES (125,37,3);
INSERT INTO Rates (episode_combo_id,episode_judge_id,rating) VALUES (125,38,4);
INSERT INTO Rates (episode_combo_id,episode_judge_id,rating) VALUES (125,39,2);
INSERT INTO Episode_Combo (episode_combo_id,episode_id, national_cuisine_id,cook_id,recipe_id) VALUES (126,13, 2, 49, 14);
INSERT INTO Rates (episode_combo_id,episode_judge_id,rating) VALUES (126,37,5);
INSERT INTO Rates (episode_combo_id,episode_judge_id,rating) VALUES (126,38,3);
INSERT INTO Rates (episode_combo_id,episode_judge_id,rating) VALUES (126,39,3);
INSERT INTO Episode_Combo (episode_combo_id,episode_id, national_cuisine_id,cook_id,recipe_id) VALUES (127,13, 4, 84, 18);
INSERT INTO Rates (episode_combo_id,episode_judge_id,rating) VALUES (127,37,1);
INSERT INTO Rates (episode_combo_id,episode_judge_id,rating) VALUES (127,38,4);
INSERT INTO Rates (episode_combo_id,episode_judge_id,rating) VALUES (127,39,5);
INSERT INTO Episode_Combo (episode_combo_id,episode_id, national_cuisine_id,cook_id,recipe_id) VALUES (128,13, 19, 40, 30);
INSERT INTO Rates (episode_combo_id,episode_judge_id,rating) VALUES (128,37,4);
INSERT INTO Rates (episode_combo_id,episode_judge_id,rating) VALUES (128,38,1);
INSERT INTO Rates (episode_combo_id,episode_judge_id,rating) VALUES (128,39,3);
INSERT INTO Episode_Combo (episode_combo_id,episode_id, national_cuisine_id,cook_id,recipe_id) VALUES (129,13, 12, 12, 66);
INSERT INTO Rates (episode_combo_id,episode_judge_id,rating) VALUES (129,37,5);
INSERT INTO Rates (episode_combo_id,episode_judge_id,rating) VALUES (129,38,2);
INSERT INTO Rates (episode_combo_id,episode_judge_id,rating) VALUES (129,39,1);
INSERT INTO Episode_Combo (episode_combo_id,episode_id, national_cuisine_id,cook_id,recipe_id) VALUES (130,13, 20, 18, 95);
INSERT INTO Rates (episode_combo_id,episode_judge_id,rating) VALUES (130,37,2);
INSERT INTO Rates (episode_combo_id,episode_judge_id,rating) VALUES (130,38,1);
INSERT INTO Rates (episode_combo_id,episode_judge_id,rating) VALUES (130,39,3);
INSERT INTO Episode (episode_id, year,episode_number,image_id) VALUES (14, 2020, 4, 441);
INSERT INTO Episode_Judge (episode_judge_id,episode_id, judge_id) VALUES (40,14,100);
INSERT INTO Episode_Judge (episode_judge_id,episode_id, judge_id) VALUES (41,14,25);
INSERT INTO Episode_Judge (episode_judge_id,episode_id, judge_id) VALUES (42,14,96);
INSERT INTO Episode_Combo (episode_combo_id,episode_id, national_cuisine_id,cook_id,recipe_id) VALUES (131,14, 7, 77, 72);
INSERT INTO Rates (episode_combo_id,episode_judge_id,rating) VALUES (131,40,5);
INSERT INTO Rates (episode_combo_id,episode_judge_id,rating) VALUES (131,41,4);
INSERT INTO Rates (episode_combo_id,episode_judge_id,rating) VALUES (131,42,3);
INSERT INTO Episode_Combo (episode_combo_id,episode_id, national_cuisine_id,cook_id,recipe_id) VALUES (132,14, 14, 55, 14);
INSERT INTO Rates (episode_combo_id,episode_judge_id,rating) VALUES (132,40,2);
INSERT INTO Rates (episode_combo_id,episode_judge_id,rating) VALUES (132,41,5);
INSERT INTO Rates (episode_combo_id,episode_judge_id,rating) VALUES (132,42,3);
INSERT INTO Episode_Combo (episode_combo_id,episode_id, national_cuisine_id,cook_id,recipe_id) VALUES (133,14, 17, 67, 53);
INSERT INTO Rates (episode_combo_id,episode_judge_id,rating) VALUES (133,40,5);
INSERT INTO Rates (episode_combo_id,episode_judge_id,rating) VALUES (133,41,5);
INSERT INTO Rates (episode_combo_id,episode_judge_id,rating) VALUES (133,42,3);
INSERT INTO Episode_Combo (episode_combo_id,episode_id, national_cuisine_id,cook_id,recipe_id) VALUES (134,14, 8, 18, 4);
INSERT INTO Rates (episode_combo_id,episode_judge_id,rating) VALUES (134,40,3);
INSERT INTO Rates (episode_combo_id,episode_judge_id,rating) VALUES (134,41,1);
INSERT INTO Rates (episode_combo_id,episode_judge_id,rating) VALUES (134,42,3);
INSERT INTO Episode_Combo (episode_combo_id,episode_id, national_cuisine_id,cook_id,recipe_id) VALUES (135,14, 17, 95, 71);
INSERT INTO Rates (episode_combo_id,episode_judge_id,rating) VALUES (135,40,5);
INSERT INTO Rates (episode_combo_id,episode_judge_id,rating) VALUES (135,41,2);
INSERT INTO Rates (episode_combo_id,episode_judge_id,rating) VALUES (135,42,5);
INSERT INTO Episode_Combo (episode_combo_id,episode_id, national_cuisine_id,cook_id,recipe_id) VALUES (136,14, 1, 78, 26);
INSERT INTO Rates (episode_combo_id,episode_judge_id,rating) VALUES (136,40,2);
INSERT INTO Rates (episode_combo_id,episode_judge_id,rating) VALUES (136,41,4);
INSERT INTO Rates (episode_combo_id,episode_judge_id,rating) VALUES (136,42,5);
INSERT INTO Episode_Combo (episode_combo_id,episode_id, national_cuisine_id,cook_id,recipe_id) VALUES (137,14, 16, 4, 33);
INSERT INTO Rates (episode_combo_id,episode_judge_id,rating) VALUES (137,40,3);
INSERT INTO Rates (episode_combo_id,episode_judge_id,rating) VALUES (137,41,4);
INSERT INTO Rates (episode_combo_id,episode_judge_id,rating) VALUES (137,42,5);
INSERT INTO Episode_Combo (episode_combo_id,episode_id, national_cuisine_id,cook_id,recipe_id) VALUES (138,14, 20, 65, 50);
INSERT INTO Rates (episode_combo_id,episode_judge_id,rating) VALUES (138,40,5);
INSERT INTO Rates (episode_combo_id,episode_judge_id,rating) VALUES (138,41,5);
INSERT INTO Rates (episode_combo_id,episode_judge_id,rating) VALUES (138,42,1);
INSERT INTO Episode_Combo (episode_combo_id,episode_id, national_cuisine_id,cook_id,recipe_id) VALUES (139,14, 18, 6, 24);
INSERT INTO Rates (episode_combo_id,episode_judge_id,rating) VALUES (139,40,3);
INSERT INTO Rates (episode_combo_id,episode_judge_id,rating) VALUES (139,41,5);
INSERT INTO Rates (episode_combo_id,episode_judge_id,rating) VALUES (139,42,2);
INSERT INTO Episode_Combo (episode_combo_id,episode_id, national_cuisine_id,cook_id,recipe_id) VALUES (140,14, 19, 77, 65);
INSERT INTO Rates (episode_combo_id,episode_judge_id,rating) VALUES (140,40,4);
INSERT INTO Rates (episode_combo_id,episode_judge_id,rating) VALUES (140,41,1);
INSERT INTO Rates (episode_combo_id,episode_judge_id,rating) VALUES (140,42,1);
INSERT INTO Episode (episode_id, year,episode_number,image_id) VALUES (15, 2020, 5, 442);
INSERT INTO Episode_Judge (episode_judge_id,episode_id, judge_id) VALUES (43,15,41);
INSERT INTO Episode_Judge (episode_judge_id,episode_id, judge_id) VALUES (44,15,12);
INSERT INTO Episode_Judge (episode_judge_id,episode_id, judge_id) VALUES (45,15,34);
INSERT INTO Episode_Combo (episode_combo_id,episode_id, national_cuisine_id,cook_id,recipe_id) VALUES (141,15, 18, 11, 55);
INSERT INTO Rates (episode_combo_id,episode_judge_id,rating) VALUES (141,43,5);
INSERT INTO Rates (episode_combo_id,episode_judge_id,rating) VALUES (141,44,4);
INSERT INTO Rates (episode_combo_id,episode_judge_id,rating) VALUES (141,45,3);
INSERT INTO Episode_Combo (episode_combo_id,episode_id, national_cuisine_id,cook_id,recipe_id) VALUES (142,15, 2, 80, 32);
INSERT INTO Rates (episode_combo_id,episode_judge_id,rating) VALUES (142,43,1);
INSERT INTO Rates (episode_combo_id,episode_judge_id,rating) VALUES (142,44,4);
INSERT INTO Rates (episode_combo_id,episode_judge_id,rating) VALUES (142,45,3);
INSERT INTO Episode_Combo (episode_combo_id,episode_id, national_cuisine_id,cook_id,recipe_id) VALUES (143,15, 18, 74, 55);
INSERT INTO Rates (episode_combo_id,episode_judge_id,rating) VALUES (143,43,5);
INSERT INTO Rates (episode_combo_id,episode_judge_id,rating) VALUES (143,44,2);
INSERT INTO Rates (episode_combo_id,episode_judge_id,rating) VALUES (143,45,5);
INSERT INTO Episode_Combo (episode_combo_id,episode_id, national_cuisine_id,cook_id,recipe_id) VALUES (144,15, 1, 8, 82);
INSERT INTO Rates (episode_combo_id,episode_judge_id,rating) VALUES (144,43,1);
INSERT INTO Rates (episode_combo_id,episode_judge_id,rating) VALUES (144,44,4);
INSERT INTO Rates (episode_combo_id,episode_judge_id,rating) VALUES (144,45,4);
INSERT INTO Episode_Combo (episode_combo_id,episode_id, national_cuisine_id,cook_id,recipe_id) VALUES (145,15, 18, 17, 73);
INSERT INTO Rates (episode_combo_id,episode_judge_id,rating) VALUES (145,43,2);
INSERT INTO Rates (episode_combo_id,episode_judge_id,rating) VALUES (145,44,2);
INSERT INTO Rates (episode_combo_id,episode_judge_id,rating) VALUES (145,45,4);
INSERT INTO Episode_Combo (episode_combo_id,episode_id, national_cuisine_id,cook_id,recipe_id) VALUES (146,15, 3, 71, 74);
INSERT INTO Rates (episode_combo_id,episode_judge_id,rating) VALUES (146,43,3);
INSERT INTO Rates (episode_combo_id,episode_judge_id,rating) VALUES (146,44,1);
INSERT INTO Rates (episode_combo_id,episode_judge_id,rating) VALUES (146,45,1);
INSERT INTO Episode_Combo (episode_combo_id,episode_id, national_cuisine_id,cook_id,recipe_id) VALUES (147,15, 11, 16, 95);
INSERT INTO Rates (episode_combo_id,episode_judge_id,rating) VALUES (147,43,3);
INSERT INTO Rates (episode_combo_id,episode_judge_id,rating) VALUES (147,44,4);
INSERT INTO Rates (episode_combo_id,episode_judge_id,rating) VALUES (147,45,2);
INSERT INTO Episode_Combo (episode_combo_id,episode_id, national_cuisine_id,cook_id,recipe_id) VALUES (148,15, 17, 15, 34);
INSERT INTO Rates (episode_combo_id,episode_judge_id,rating) VALUES (148,43,4);
INSERT INTO Rates (episode_combo_id,episode_judge_id,rating) VALUES (148,44,4);
INSERT INTO Rates (episode_combo_id,episode_judge_id,rating) VALUES (148,45,4);
INSERT INTO Episode_Combo (episode_combo_id,episode_id, national_cuisine_id,cook_id,recipe_id) VALUES (149,15, 8, 51, 18);
INSERT INTO Rates (episode_combo_id,episode_judge_id,rating) VALUES (149,43,5);
INSERT INTO Rates (episode_combo_id,episode_judge_id,rating) VALUES (149,44,4);
INSERT INTO Rates (episode_combo_id,episode_judge_id,rating) VALUES (149,45,4);
INSERT INTO Episode_Combo (episode_combo_id,episode_id, national_cuisine_id,cook_id,recipe_id) VALUES (150,15, 18, 16, 14);
INSERT INTO Rates (episode_combo_id,episode_judge_id,rating) VALUES (150,43,3);
INSERT INTO Rates (episode_combo_id,episode_judge_id,rating) VALUES (150,44,4);
INSERT INTO Rates (episode_combo_id,episode_judge_id,rating) VALUES (150,45,1);
INSERT INTO Episode (episode_id, year,episode_number,image_id) VALUES (16, 2020, 6, 443);
INSERT INTO Episode_Judge (episode_judge_id,episode_id, judge_id) VALUES (46,16,6);
INSERT INTO Episode_Judge (episode_judge_id,episode_id, judge_id) VALUES (47,16,19);
INSERT INTO Episode_Judge (episode_judge_id,episode_id, judge_id) VALUES (48,16,52);
INSERT INTO Episode_Combo (episode_combo_id,episode_id, national_cuisine_id,cook_id,recipe_id) VALUES (151,16, 16, 65, 100);
INSERT INTO Rates (episode_combo_id,episode_judge_id,rating) VALUES (151,46,3);
INSERT INTO Rates (episode_combo_id,episode_judge_id,rating) VALUES (151,47,4);
INSERT INTO Rates (episode_combo_id,episode_judge_id,rating) VALUES (151,48,3);
INSERT INTO Episode_Combo (episode_combo_id,episode_id, national_cuisine_id,cook_id,recipe_id) VALUES (152,16, 11, 17, 77);
INSERT INTO Rates (episode_combo_id,episode_judge_id,rating) VALUES (152,46,5);
INSERT INTO Rates (episode_combo_id,episode_judge_id,rating) VALUES (152,47,3);
INSERT INTO Rates (episode_combo_id,episode_judge_id,rating) VALUES (152,48,4);
INSERT INTO Episode_Combo (episode_combo_id,episode_id, national_cuisine_id,cook_id,recipe_id) VALUES (153,16, 1, 40, 80);
INSERT INTO Rates (episode_combo_id,episode_judge_id,rating) VALUES (153,46,1);
INSERT INTO Rates (episode_combo_id,episode_judge_id,rating) VALUES (153,47,2);
INSERT INTO Rates (episode_combo_id,episode_judge_id,rating) VALUES (153,48,2);
INSERT INTO Episode_Combo (episode_combo_id,episode_id, national_cuisine_id,cook_id,recipe_id) VALUES (154,16, 1, 28, 53);
INSERT INTO Rates (episode_combo_id,episode_judge_id,rating) VALUES (154,46,5);
INSERT INTO Rates (episode_combo_id,episode_judge_id,rating) VALUES (154,47,1);
INSERT INTO Rates (episode_combo_id,episode_judge_id,rating) VALUES (154,48,2);
INSERT INTO Episode_Combo (episode_combo_id,episode_id, national_cuisine_id,cook_id,recipe_id) VALUES (155,16, 14, 82, 95);
INSERT INTO Rates (episode_combo_id,episode_judge_id,rating) VALUES (155,46,3);
INSERT INTO Rates (episode_combo_id,episode_judge_id,rating) VALUES (155,47,2);
INSERT INTO Rates (episode_combo_id,episode_judge_id,rating) VALUES (155,48,4);
INSERT INTO Episode_Combo (episode_combo_id,episode_id, national_cuisine_id,cook_id,recipe_id) VALUES (156,16, 9, 28, 15);
INSERT INTO Rates (episode_combo_id,episode_judge_id,rating) VALUES (156,46,3);
INSERT INTO Rates (episode_combo_id,episode_judge_id,rating) VALUES (156,47,3);
INSERT INTO Rates (episode_combo_id,episode_judge_id,rating) VALUES (156,48,5);
INSERT INTO Episode_Combo (episode_combo_id,episode_id, national_cuisine_id,cook_id,recipe_id) VALUES (157,16, 19, 77, 16);
INSERT INTO Rates (episode_combo_id,episode_judge_id,rating) VALUES (157,46,4);
INSERT INTO Rates (episode_combo_id,episode_judge_id,rating) VALUES (157,47,4);
INSERT INTO Rates (episode_combo_id,episode_judge_id,rating) VALUES (157,48,1);
INSERT INTO Episode_Combo (episode_combo_id,episode_id, national_cuisine_id,cook_id,recipe_id) VALUES (158,16, 4, 21, 98);
INSERT INTO Rates (episode_combo_id,episode_judge_id,rating) VALUES (158,46,1);
INSERT INTO Rates (episode_combo_id,episode_judge_id,rating) VALUES (158,47,5);
INSERT INTO Rates (episode_combo_id,episode_judge_id,rating) VALUES (158,48,5);
INSERT INTO Episode_Combo (episode_combo_id,episode_id, national_cuisine_id,cook_id,recipe_id) VALUES (159,16, 9, 25, 87);
INSERT INTO Rates (episode_combo_id,episode_judge_id,rating) VALUES (159,46,5);
INSERT INTO Rates (episode_combo_id,episode_judge_id,rating) VALUES (159,47,2);
INSERT INTO Rates (episode_combo_id,episode_judge_id,rating) VALUES (159,48,2);
INSERT INTO Episode_Combo (episode_combo_id,episode_id, national_cuisine_id,cook_id,recipe_id) VALUES (160,16, 14, 45, 16);
INSERT INTO Rates (episode_combo_id,episode_judge_id,rating) VALUES (160,46,3);
INSERT INTO Rates (episode_combo_id,episode_judge_id,rating) VALUES (160,47,4);
INSERT INTO Rates (episode_combo_id,episode_judge_id,rating) VALUES (160,48,5);
INSERT INTO Episode (episode_id, year,episode_number,image_id) VALUES (17, 2020, 7, 444);
INSERT INTO Episode_Judge (episode_judge_id,episode_id, judge_id) VALUES (49,17,17);
INSERT INTO Episode_Judge (episode_judge_id,episode_id, judge_id) VALUES (50,17,78);
INSERT INTO Episode_Judge (episode_judge_id,episode_id, judge_id) VALUES (51,17,11);
INSERT INTO Episode_Combo (episode_combo_id,episode_id, national_cuisine_id,cook_id,recipe_id) VALUES (161,17, 6, 94, 63);
INSERT INTO Rates (episode_combo_id,episode_judge_id,rating) VALUES (161,49,2);
INSERT INTO Rates (episode_combo_id,episode_judge_id,rating) VALUES (161,50,2);
INSERT INTO Rates (episode_combo_id,episode_judge_id,rating) VALUES (161,51,3);
INSERT INTO Episode_Combo (episode_combo_id,episode_id, national_cuisine_id,cook_id,recipe_id) VALUES (162,17, 14, 49, 55);
INSERT INTO Rates (episode_combo_id,episode_judge_id,rating) VALUES (162,49,1);
INSERT INTO Rates (episode_combo_id,episode_judge_id,rating) VALUES (162,50,3);
INSERT INTO Rates (episode_combo_id,episode_judge_id,rating) VALUES (162,51,3);
INSERT INTO Episode_Combo (episode_combo_id,episode_id, national_cuisine_id,cook_id,recipe_id) VALUES (163,17, 1, 17, 27);
INSERT INTO Rates (episode_combo_id,episode_judge_id,rating) VALUES (163,49,5);
INSERT INTO Rates (episode_combo_id,episode_judge_id,rating) VALUES (163,50,3);
INSERT INTO Rates (episode_combo_id,episode_judge_id,rating) VALUES (163,51,3);
INSERT INTO Episode_Combo (episode_combo_id,episode_id, national_cuisine_id,cook_id,recipe_id) VALUES (164,17, 2, 93, 32);
INSERT INTO Rates (episode_combo_id,episode_judge_id,rating) VALUES (164,49,4);
INSERT INTO Rates (episode_combo_id,episode_judge_id,rating) VALUES (164,50,1);
INSERT INTO Rates (episode_combo_id,episode_judge_id,rating) VALUES (164,51,2);
INSERT INTO Episode_Combo (episode_combo_id,episode_id, national_cuisine_id,cook_id,recipe_id) VALUES (165,17, 19, 4, 50);
INSERT INTO Rates (episode_combo_id,episode_judge_id,rating) VALUES (165,49,4);
INSERT INTO Rates (episode_combo_id,episode_judge_id,rating) VALUES (165,50,2);
INSERT INTO Rates (episode_combo_id,episode_judge_id,rating) VALUES (165,51,5);
INSERT INTO Episode_Combo (episode_combo_id,episode_id, national_cuisine_id,cook_id,recipe_id) VALUES (166,17, 16, 50, 82);
INSERT INTO Rates (episode_combo_id,episode_judge_id,rating) VALUES (166,49,4);
INSERT INTO Rates (episode_combo_id,episode_judge_id,rating) VALUES (166,50,4);
INSERT INTO Rates (episode_combo_id,episode_judge_id,rating) VALUES (166,51,2);
INSERT INTO Episode_Combo (episode_combo_id,episode_id, national_cuisine_id,cook_id,recipe_id) VALUES (167,17, 14, 74, 22);
INSERT INTO Rates (episode_combo_id,episode_judge_id,rating) VALUES (167,49,1);
INSERT INTO Rates (episode_combo_id,episode_judge_id,rating) VALUES (167,50,2);
INSERT INTO Rates (episode_combo_id,episode_judge_id,rating) VALUES (167,51,1);
INSERT INTO Episode_Combo (episode_combo_id,episode_id, national_cuisine_id,cook_id,recipe_id) VALUES (168,17, 14, 15, 84);
INSERT INTO Rates (episode_combo_id,episode_judge_id,rating) VALUES (168,49,4);
INSERT INTO Rates (episode_combo_id,episode_judge_id,rating) VALUES (168,50,4);
INSERT INTO Rates (episode_combo_id,episode_judge_id,rating) VALUES (168,51,2);
INSERT INTO Episode_Combo (episode_combo_id,episode_id, national_cuisine_id,cook_id,recipe_id) VALUES (169,17, 2, 65, 64);
INSERT INTO Rates (episode_combo_id,episode_judge_id,rating) VALUES (169,49,3);
INSERT INTO Rates (episode_combo_id,episode_judge_id,rating) VALUES (169,50,4);
INSERT INTO Rates (episode_combo_id,episode_judge_id,rating) VALUES (169,51,2);
INSERT INTO Episode_Combo (episode_combo_id,episode_id, national_cuisine_id,cook_id,recipe_id) VALUES (170,17, 4, 22, 14);
INSERT INTO Rates (episode_combo_id,episode_judge_id,rating) VALUES (170,49,1);
INSERT INTO Rates (episode_combo_id,episode_judge_id,rating) VALUES (170,50,4);
INSERT INTO Rates (episode_combo_id,episode_judge_id,rating) VALUES (170,51,2);
INSERT INTO Episode (episode_id, year,episode_number,image_id) VALUES (18, 2020, 8, 445);
INSERT INTO Episode_Judge (episode_judge_id,episode_id, judge_id) VALUES (52,18,96);
INSERT INTO Episode_Judge (episode_judge_id,episode_id, judge_id) VALUES (53,18,100);
INSERT INTO Episode_Judge (episode_judge_id,episode_id, judge_id) VALUES (54,18,2);
INSERT INTO Episode_Combo (episode_combo_id,episode_id, national_cuisine_id,cook_id,recipe_id) VALUES (171,18, 10, 74, 87);
INSERT INTO Rates (episode_combo_id,episode_judge_id,rating) VALUES (171,52,2);
INSERT INTO Rates (episode_combo_id,episode_judge_id,rating) VALUES (171,53,3);
INSERT INTO Rates (episode_combo_id,episode_judge_id,rating) VALUES (171,54,2);
INSERT INTO Episode_Combo (episode_combo_id,episode_id, national_cuisine_id,cook_id,recipe_id) VALUES (172,18, 9, 17, 8);
INSERT INTO Rates (episode_combo_id,episode_judge_id,rating) VALUES (172,52,1);
INSERT INTO Rates (episode_combo_id,episode_judge_id,rating) VALUES (172,53,1);
INSERT INTO Rates (episode_combo_id,episode_judge_id,rating) VALUES (172,54,3);
INSERT INTO Episode_Combo (episode_combo_id,episode_id, national_cuisine_id,cook_id,recipe_id) VALUES (173,18, 15, 95, 52);
INSERT INTO Rates (episode_combo_id,episode_judge_id,rating) VALUES (173,52,2);
INSERT INTO Rates (episode_combo_id,episode_judge_id,rating) VALUES (173,53,4);
INSERT INTO Rates (episode_combo_id,episode_judge_id,rating) VALUES (173,54,5);
INSERT INTO Episode_Combo (episode_combo_id,episode_id, national_cuisine_id,cook_id,recipe_id) VALUES (174,18, 19, 54, 89);
INSERT INTO Rates (episode_combo_id,episode_judge_id,rating) VALUES (174,52,3);
INSERT INTO Rates (episode_combo_id,episode_judge_id,rating) VALUES (174,53,4);
INSERT INTO Rates (episode_combo_id,episode_judge_id,rating) VALUES (174,54,1);
INSERT INTO Episode_Combo (episode_combo_id,episode_id, national_cuisine_id,cook_id,recipe_id) VALUES (175,18, 6, 90, 18);
INSERT INTO Rates (episode_combo_id,episode_judge_id,rating) VALUES (175,52,3);
INSERT INTO Rates (episode_combo_id,episode_judge_id,rating) VALUES (175,53,1);
INSERT INTO Rates (episode_combo_id,episode_judge_id,rating) VALUES (175,54,1);
INSERT INTO Episode_Combo (episode_combo_id,episode_id, national_cuisine_id,cook_id,recipe_id) VALUES (176,18, 20, 4, 11);
INSERT INTO Rates (episode_combo_id,episode_judge_id,rating) VALUES (176,52,4);
INSERT INTO Rates (episode_combo_id,episode_judge_id,rating) VALUES (176,53,2);
INSERT INTO Rates (episode_combo_id,episode_judge_id,rating) VALUES (176,54,1);
INSERT INTO Episode_Combo (episode_combo_id,episode_id, national_cuisine_id,cook_id,recipe_id) VALUES (177,18, 5, 91, 91);
INSERT INTO Rates (episode_combo_id,episode_judge_id,rating) VALUES (177,52,1);
INSERT INTO Rates (episode_combo_id,episode_judge_id,rating) VALUES (177,53,5);
INSERT INTO Rates (episode_combo_id,episode_judge_id,rating) VALUES (177,54,5);
INSERT INTO Episode_Combo (episode_combo_id,episode_id, national_cuisine_id,cook_id,recipe_id) VALUES (178,18, 18, 57, 39);
INSERT INTO Rates (episode_combo_id,episode_judge_id,rating) VALUES (178,52,1);
INSERT INTO Rates (episode_combo_id,episode_judge_id,rating) VALUES (178,53,5);
INSERT INTO Rates (episode_combo_id,episode_judge_id,rating) VALUES (178,54,5);
INSERT INTO Episode_Combo (episode_combo_id,episode_id, national_cuisine_id,cook_id,recipe_id) VALUES (179,18, 11, 37, 36);
INSERT INTO Rates (episode_combo_id,episode_judge_id,rating) VALUES (179,52,3);
INSERT INTO Rates (episode_combo_id,episode_judge_id,rating) VALUES (179,53,4);
INSERT INTO Rates (episode_combo_id,episode_judge_id,rating) VALUES (179,54,4);
INSERT INTO Episode_Combo (episode_combo_id,episode_id, national_cuisine_id,cook_id,recipe_id) VALUES (180,18, 2, 7, 55);
INSERT INTO Rates (episode_combo_id,episode_judge_id,rating) VALUES (180,52,3);
INSERT INTO Rates (episode_combo_id,episode_judge_id,rating) VALUES (180,53,4);
INSERT INTO Rates (episode_combo_id,episode_judge_id,rating) VALUES (180,54,2);
INSERT INTO Episode (episode_id, year,episode_number,image_id) VALUES (19, 2020, 9, 446);
INSERT INTO Episode_Judge (episode_judge_id,episode_id, judge_id) VALUES (55,19,39);
INSERT INTO Episode_Judge (episode_judge_id,episode_id, judge_id) VALUES (56,19,34);
INSERT INTO Episode_Judge (episode_judge_id,episode_id, judge_id) VALUES (57,19,22);
INSERT INTO Episode_Combo (episode_combo_id,episode_id, national_cuisine_id,cook_id,recipe_id) VALUES (181,19, 5, 92, 22);
INSERT INTO Rates (episode_combo_id,episode_judge_id,rating) VALUES (181,55,4);
INSERT INTO Rates (episode_combo_id,episode_judge_id,rating) VALUES (181,56,3);
INSERT INTO Rates (episode_combo_id,episode_judge_id,rating) VALUES (181,57,3);
INSERT INTO Episode_Combo (episode_combo_id,episode_id, national_cuisine_id,cook_id,recipe_id) VALUES (182,19, 13, 63, 82);
INSERT INTO Rates (episode_combo_id,episode_judge_id,rating) VALUES (182,55,1);
INSERT INTO Rates (episode_combo_id,episode_judge_id,rating) VALUES (182,56,5);
INSERT INTO Rates (episode_combo_id,episode_judge_id,rating) VALUES (182,57,2);
INSERT INTO Episode_Combo (episode_combo_id,episode_id, national_cuisine_id,cook_id,recipe_id) VALUES (183,19, 6, 85, 15);
INSERT INTO Rates (episode_combo_id,episode_judge_id,rating) VALUES (183,55,2);
INSERT INTO Rates (episode_combo_id,episode_judge_id,rating) VALUES (183,56,4);
INSERT INTO Rates (episode_combo_id,episode_judge_id,rating) VALUES (183,57,3);
INSERT INTO Episode_Combo (episode_combo_id,episode_id, national_cuisine_id,cook_id,recipe_id) VALUES (184,19, 19, 79, 81);
INSERT INTO Rates (episode_combo_id,episode_judge_id,rating) VALUES (184,55,2);
INSERT INTO Rates (episode_combo_id,episode_judge_id,rating) VALUES (184,56,5);
INSERT INTO Rates (episode_combo_id,episode_judge_id,rating) VALUES (184,57,5);
INSERT INTO Episode_Combo (episode_combo_id,episode_id, national_cuisine_id,cook_id,recipe_id) VALUES (185,19, 19, 32, 74);
INSERT INTO Rates (episode_combo_id,episode_judge_id,rating) VALUES (185,55,4);
INSERT INTO Rates (episode_combo_id,episode_judge_id,rating) VALUES (185,56,1);
INSERT INTO Rates (episode_combo_id,episode_judge_id,rating) VALUES (185,57,2);
INSERT INTO Episode_Combo (episode_combo_id,episode_id, national_cuisine_id,cook_id,recipe_id) VALUES (186,19, 18, 78, 58);
INSERT INTO Rates (episode_combo_id,episode_judge_id,rating) VALUES (186,55,2);
INSERT INTO Rates (episode_combo_id,episode_judge_id,rating) VALUES (186,56,2);
INSERT INTO Rates (episode_combo_id,episode_judge_id,rating) VALUES (186,57,5);
INSERT INTO Episode_Combo (episode_combo_id,episode_id, national_cuisine_id,cook_id,recipe_id) VALUES (187,19, 15, 84, 48);
INSERT INTO Rates (episode_combo_id,episode_judge_id,rating) VALUES (187,55,5);
INSERT INTO Rates (episode_combo_id,episode_judge_id,rating) VALUES (187,56,3);
INSERT INTO Rates (episode_combo_id,episode_judge_id,rating) VALUES (187,57,1);
INSERT INTO Episode_Combo (episode_combo_id,episode_id, national_cuisine_id,cook_id,recipe_id) VALUES (188,19, 10, 100, 69);
INSERT INTO Rates (episode_combo_id,episode_judge_id,rating) VALUES (188,55,4);
INSERT INTO Rates (episode_combo_id,episode_judge_id,rating) VALUES (188,56,4);
INSERT INTO Rates (episode_combo_id,episode_judge_id,rating) VALUES (188,57,1);
INSERT INTO Episode_Combo (episode_combo_id,episode_id, national_cuisine_id,cook_id,recipe_id) VALUES (189,19, 1, 96, 8);
INSERT INTO Rates (episode_combo_id,episode_judge_id,rating) VALUES (189,55,4);
INSERT INTO Rates (episode_combo_id,episode_judge_id,rating) VALUES (189,56,2);
INSERT INTO Rates (episode_combo_id,episode_judge_id,rating) VALUES (189,57,4);
INSERT INTO Episode_Combo (episode_combo_id,episode_id, national_cuisine_id,cook_id,recipe_id) VALUES (190,19, 9, 48, 12);
INSERT INTO Rates (episode_combo_id,episode_judge_id,rating) VALUES (190,55,2);
INSERT INTO Rates (episode_combo_id,episode_judge_id,rating) VALUES (190,56,1);
INSERT INTO Rates (episode_combo_id,episode_judge_id,rating) VALUES (190,57,3);
INSERT INTO Episode (episode_id, year,episode_number,image_id) VALUES (20, 2020, 10, 447);
INSERT INTO Episode_Judge (episode_judge_id,episode_id, judge_id) VALUES (58,20,5);
INSERT INTO Episode_Judge (episode_judge_id,episode_id, judge_id) VALUES (59,20,18);
INSERT INTO Episode_Judge (episode_judge_id,episode_id, judge_id) VALUES (60,20,26);
INSERT INTO Episode_Combo (episode_combo_id,episode_id, national_cuisine_id,cook_id,recipe_id) VALUES (191,20, 19, 3, 58);
INSERT INTO Rates (episode_combo_id,episode_judge_id,rating) VALUES (191,58,2);
INSERT INTO Rates (episode_combo_id,episode_judge_id,rating) VALUES (191,59,3);
INSERT INTO Rates (episode_combo_id,episode_judge_id,rating) VALUES (191,60,1);
INSERT INTO Episode_Combo (episode_combo_id,episode_id, national_cuisine_id,cook_id,recipe_id) VALUES (192,20, 7, 29, 34);
INSERT INTO Rates (episode_combo_id,episode_judge_id,rating) VALUES (192,58,4);
INSERT INTO Rates (episode_combo_id,episode_judge_id,rating) VALUES (192,59,5);
INSERT INTO Rates (episode_combo_id,episode_judge_id,rating) VALUES (192,60,5);
INSERT INTO Episode_Combo (episode_combo_id,episode_id, national_cuisine_id,cook_id,recipe_id) VALUES (193,20, 16, 30, 94);
INSERT INTO Rates (episode_combo_id,episode_judge_id,rating) VALUES (193,58,2);
INSERT INTO Rates (episode_combo_id,episode_judge_id,rating) VALUES (193,59,3);
INSERT INTO Rates (episode_combo_id,episode_judge_id,rating) VALUES (193,60,2);
INSERT INTO Episode_Combo (episode_combo_id,episode_id, national_cuisine_id,cook_id,recipe_id) VALUES (194,20, 19, 41, 7);
INSERT INTO Rates (episode_combo_id,episode_judge_id,rating) VALUES (194,58,3);
INSERT INTO Rates (episode_combo_id,episode_judge_id,rating) VALUES (194,59,5);
INSERT INTO Rates (episode_combo_id,episode_judge_id,rating) VALUES (194,60,3);
INSERT INTO Episode_Combo (episode_combo_id,episode_id, national_cuisine_id,cook_id,recipe_id) VALUES (195,20, 16, 63, 12);
INSERT INTO Rates (episode_combo_id,episode_judge_id,rating) VALUES (195,58,1);
INSERT INTO Rates (episode_combo_id,episode_judge_id,rating) VALUES (195,59,5);
INSERT INTO Rates (episode_combo_id,episode_judge_id,rating) VALUES (195,60,2);
INSERT INTO Episode_Combo (episode_combo_id,episode_id, national_cuisine_id,cook_id,recipe_id) VALUES (196,20, 15, 48, 19);
INSERT INTO Rates (episode_combo_id,episode_judge_id,rating) VALUES (196,58,5);
INSERT INTO Rates (episode_combo_id,episode_judge_id,rating) VALUES (196,59,3);
INSERT INTO Rates (episode_combo_id,episode_judge_id,rating) VALUES (196,60,3);
INSERT INTO Episode_Combo (episode_combo_id,episode_id, national_cuisine_id,cook_id,recipe_id) VALUES (197,20, 1, 71, 89);
INSERT INTO Rates (episode_combo_id,episode_judge_id,rating) VALUES (197,58,1);
INSERT INTO Rates (episode_combo_id,episode_judge_id,rating) VALUES (197,59,5);
INSERT INTO Rates (episode_combo_id,episode_judge_id,rating) VALUES (197,60,1);
INSERT INTO Episode_Combo (episode_combo_id,episode_id, national_cuisine_id,cook_id,recipe_id) VALUES (198,20, 17, 53, 37);
INSERT INTO Rates (episode_combo_id,episode_judge_id,rating) VALUES (198,58,5);
INSERT INTO Rates (episode_combo_id,episode_judge_id,rating) VALUES (198,59,2);
INSERT INTO Rates (episode_combo_id,episode_judge_id,rating) VALUES (198,60,5);
INSERT INTO Episode_Combo (episode_combo_id,episode_id, national_cuisine_id,cook_id,recipe_id) VALUES (199,20, 5, 33, 81);
INSERT INTO Rates (episode_combo_id,episode_judge_id,rating) VALUES (199,58,4);
INSERT INTO Rates (episode_combo_id,episode_judge_id,rating) VALUES (199,59,4);
INSERT INTO Rates (episode_combo_id,episode_judge_id,rating) VALUES (199,60,5);
INSERT INTO Episode_Combo (episode_combo_id,episode_id, national_cuisine_id,cook_id,recipe_id) VALUES (200,20, 6, 98, 74);
INSERT INTO Rates (episode_combo_id,episode_judge_id,rating) VALUES (200,58,3);
INSERT INTO Rates (episode_combo_id,episode_judge_id,rating) VALUES (200,59,1);
INSERT INTO Rates (episode_combo_id,episode_judge_id,rating) VALUES (200,60,2);
INSERT INTO Episode (episode_id, year,episode_number,image_id) VALUES (21, 2021, 1, 448);
INSERT INTO Episode_Judge (episode_judge_id,episode_id, judge_id) VALUES (61,21,19);
INSERT INTO Episode_Judge (episode_judge_id,episode_id, judge_id) VALUES (62,21,39);
INSERT INTO Episode_Judge (episode_judge_id,episode_id, judge_id) VALUES (63,21,73);
INSERT INTO Episode_Combo (episode_combo_id,episode_id, national_cuisine_id,cook_id,recipe_id) VALUES (201,21, 14, 35, 91);
INSERT INTO Rates (episode_combo_id,episode_judge_id,rating) VALUES (201,61,5);
INSERT INTO Rates (episode_combo_id,episode_judge_id,rating) VALUES (201,62,4);
INSERT INTO Rates (episode_combo_id,episode_judge_id,rating) VALUES (201,63,3);
INSERT INTO Episode_Combo (episode_combo_id,episode_id, national_cuisine_id,cook_id,recipe_id) VALUES (202,21, 15, 46, 74);
INSERT INTO Rates (episode_combo_id,episode_judge_id,rating) VALUES (202,61,2);
INSERT INTO Rates (episode_combo_id,episode_judge_id,rating) VALUES (202,62,5);
INSERT INTO Rates (episode_combo_id,episode_judge_id,rating) VALUES (202,63,1);
INSERT INTO Episode_Combo (episode_combo_id,episode_id, national_cuisine_id,cook_id,recipe_id) VALUES (203,21, 8, 35, 51);
INSERT INTO Rates (episode_combo_id,episode_judge_id,rating) VALUES (203,61,2);
INSERT INTO Rates (episode_combo_id,episode_judge_id,rating) VALUES (203,62,4);
INSERT INTO Rates (episode_combo_id,episode_judge_id,rating) VALUES (203,63,1);
INSERT INTO Episode_Combo (episode_combo_id,episode_id, national_cuisine_id,cook_id,recipe_id) VALUES (204,21, 14, 78, 52);
INSERT INTO Rates (episode_combo_id,episode_judge_id,rating) VALUES (204,61,3);
INSERT INTO Rates (episode_combo_id,episode_judge_id,rating) VALUES (204,62,3);
INSERT INTO Rates (episode_combo_id,episode_judge_id,rating) VALUES (204,63,3);
INSERT INTO Episode_Combo (episode_combo_id,episode_id, national_cuisine_id,cook_id,recipe_id) VALUES (205,21, 9, 95, 66);
INSERT INTO Rates (episode_combo_id,episode_judge_id,rating) VALUES (205,61,5);
INSERT INTO Rates (episode_combo_id,episode_judge_id,rating) VALUES (205,62,3);
INSERT INTO Rates (episode_combo_id,episode_judge_id,rating) VALUES (205,63,4);
INSERT INTO Episode_Combo (episode_combo_id,episode_id, national_cuisine_id,cook_id,recipe_id) VALUES (206,21, 10, 17, 18);
INSERT INTO Rates (episode_combo_id,episode_judge_id,rating) VALUES (206,61,3);
INSERT INTO Rates (episode_combo_id,episode_judge_id,rating) VALUES (206,62,5);
INSERT INTO Rates (episode_combo_id,episode_judge_id,rating) VALUES (206,63,4);
INSERT INTO Episode_Combo (episode_combo_id,episode_id, national_cuisine_id,cook_id,recipe_id) VALUES (207,21, 11, 98, 63);
INSERT INTO Rates (episode_combo_id,episode_judge_id,rating) VALUES (207,61,2);
INSERT INTO Rates (episode_combo_id,episode_judge_id,rating) VALUES (207,62,5);
INSERT INTO Rates (episode_combo_id,episode_judge_id,rating) VALUES (207,63,1);
INSERT INTO Episode_Combo (episode_combo_id,episode_id, national_cuisine_id,cook_id,recipe_id) VALUES (208,21, 8, 63, 39);
INSERT INTO Rates (episode_combo_id,episode_judge_id,rating) VALUES (208,61,2);
INSERT INTO Rates (episode_combo_id,episode_judge_id,rating) VALUES (208,62,2);
INSERT INTO Rates (episode_combo_id,episode_judge_id,rating) VALUES (208,63,5);
INSERT INTO Episode_Combo (episode_combo_id,episode_id, national_cuisine_id,cook_id,recipe_id) VALUES (209,21, 3, 86, 13);
INSERT INTO Rates (episode_combo_id,episode_judge_id,rating) VALUES (209,61,3);
INSERT INTO Rates (episode_combo_id,episode_judge_id,rating) VALUES (209,62,4);
INSERT INTO Rates (episode_combo_id,episode_judge_id,rating) VALUES (209,63,3);
INSERT INTO Episode_Combo (episode_combo_id,episode_id, national_cuisine_id,cook_id,recipe_id) VALUES (210,21, 4, 42, 17);
INSERT INTO Rates (episode_combo_id,episode_judge_id,rating) VALUES (210,61,5);
INSERT INTO Rates (episode_combo_id,episode_judge_id,rating) VALUES (210,62,3);
INSERT INTO Rates (episode_combo_id,episode_judge_id,rating) VALUES (210,63,2);
INSERT INTO Episode (episode_id, year,episode_number,image_id) VALUES (22, 2021, 2, 449);
INSERT INTO Episode_Judge (episode_judge_id,episode_id, judge_id) VALUES (64,22,80);
INSERT INTO Episode_Judge (episode_judge_id,episode_id, judge_id) VALUES (65,22,57);
INSERT INTO Episode_Judge (episode_judge_id,episode_id, judge_id) VALUES (66,22,7);
INSERT INTO Episode_Combo (episode_combo_id,episode_id, national_cuisine_id,cook_id,recipe_id) VALUES (211,22, 20, 3, 35);
INSERT INTO Rates (episode_combo_id,episode_judge_id,rating) VALUES (211,64,5);
INSERT INTO Rates (episode_combo_id,episode_judge_id,rating) VALUES (211,65,4);
INSERT INTO Rates (episode_combo_id,episode_judge_id,rating) VALUES (211,66,2);
INSERT INTO Episode_Combo (episode_combo_id,episode_id, national_cuisine_id,cook_id,recipe_id) VALUES (212,22, 19, 72, 32);
INSERT INTO Rates (episode_combo_id,episode_judge_id,rating) VALUES (212,64,5);
INSERT INTO Rates (episode_combo_id,episode_judge_id,rating) VALUES (212,65,1);
INSERT INTO Rates (episode_combo_id,episode_judge_id,rating) VALUES (212,66,3);
INSERT INTO Episode_Combo (episode_combo_id,episode_id, national_cuisine_id,cook_id,recipe_id) VALUES (213,22, 9, 82, 12);
INSERT INTO Rates (episode_combo_id,episode_judge_id,rating) VALUES (213,64,3);
INSERT INTO Rates (episode_combo_id,episode_judge_id,rating) VALUES (213,65,1);
INSERT INTO Rates (episode_combo_id,episode_judge_id,rating) VALUES (213,66,4);
INSERT INTO Episode_Combo (episode_combo_id,episode_id, national_cuisine_id,cook_id,recipe_id) VALUES (214,22, 18, 55, 20);
INSERT INTO Rates (episode_combo_id,episode_judge_id,rating) VALUES (214,64,1);
INSERT INTO Rates (episode_combo_id,episode_judge_id,rating) VALUES (214,65,1);
INSERT INTO Rates (episode_combo_id,episode_judge_id,rating) VALUES (214,66,4);
INSERT INTO Episode_Combo (episode_combo_id,episode_id, national_cuisine_id,cook_id,recipe_id) VALUES (215,22, 1, 31, 73);
INSERT INTO Rates (episode_combo_id,episode_judge_id,rating) VALUES (215,64,3);
INSERT INTO Rates (episode_combo_id,episode_judge_id,rating) VALUES (215,65,1);
INSERT INTO Rates (episode_combo_id,episode_judge_id,rating) VALUES (215,66,3);
INSERT INTO Episode_Combo (episode_combo_id,episode_id, national_cuisine_id,cook_id,recipe_id) VALUES (216,22, 20, 35, 59);
INSERT INTO Rates (episode_combo_id,episode_judge_id,rating) VALUES (216,64,4);
INSERT INTO Rates (episode_combo_id,episode_judge_id,rating) VALUES (216,65,2);
INSERT INTO Rates (episode_combo_id,episode_judge_id,rating) VALUES (216,66,3);
INSERT INTO Episode_Combo (episode_combo_id,episode_id, national_cuisine_id,cook_id,recipe_id) VALUES (217,22, 15, 81, 48);
INSERT INTO Rates (episode_combo_id,episode_judge_id,rating) VALUES (217,64,1);
INSERT INTO Rates (episode_combo_id,episode_judge_id,rating) VALUES (217,65,5);
INSERT INTO Rates (episode_combo_id,episode_judge_id,rating) VALUES (217,66,3);
INSERT INTO Episode_Combo (episode_combo_id,episode_id, national_cuisine_id,cook_id,recipe_id) VALUES (218,22, 18, 92, 76);
INSERT INTO Rates (episode_combo_id,episode_judge_id,rating) VALUES (218,64,5);
INSERT INTO Rates (episode_combo_id,episode_judge_id,rating) VALUES (218,65,2);
INSERT INTO Rates (episode_combo_id,episode_judge_id,rating) VALUES (218,66,5);
INSERT INTO Episode_Combo (episode_combo_id,episode_id, national_cuisine_id,cook_id,recipe_id) VALUES (219,22, 1, 20, 12);
INSERT INTO Rates (episode_combo_id,episode_judge_id,rating) VALUES (219,64,5);
INSERT INTO Rates (episode_combo_id,episode_judge_id,rating) VALUES (219,65,1);
INSERT INTO Rates (episode_combo_id,episode_judge_id,rating) VALUES (219,66,3);
INSERT INTO Episode_Combo (episode_combo_id,episode_id, national_cuisine_id,cook_id,recipe_id) VALUES (220,22, 5, 98, 68);
INSERT INTO Rates (episode_combo_id,episode_judge_id,rating) VALUES (220,64,3);
INSERT INTO Rates (episode_combo_id,episode_judge_id,rating) VALUES (220,65,3);
INSERT INTO Rates (episode_combo_id,episode_judge_id,rating) VALUES (220,66,1);
INSERT INTO Episode (episode_id, year,episode_number,image_id) VALUES (23, 2021, 3, 450);
INSERT INTO Episode_Judge (episode_judge_id,episode_id, judge_id) VALUES (67,23,71);
INSERT INTO Episode_Judge (episode_judge_id,episode_id, judge_id) VALUES (68,23,24);
INSERT INTO Episode_Judge (episode_judge_id,episode_id, judge_id) VALUES (69,23,16);
INSERT INTO Episode_Combo (episode_combo_id,episode_id, national_cuisine_id,cook_id,recipe_id) VALUES (221,23, 18, 83, 10);
INSERT INTO Rates (episode_combo_id,episode_judge_id,rating) VALUES (221,67,4);
INSERT INTO Rates (episode_combo_id,episode_judge_id,rating) VALUES (221,68,3);
INSERT INTO Rates (episode_combo_id,episode_judge_id,rating) VALUES (221,69,5);
INSERT INTO Episode_Combo (episode_combo_id,episode_id, national_cuisine_id,cook_id,recipe_id) VALUES (222,23, 5, 22, 29);
INSERT INTO Rates (episode_combo_id,episode_judge_id,rating) VALUES (222,67,2);
INSERT INTO Rates (episode_combo_id,episode_judge_id,rating) VALUES (222,68,3);
INSERT INTO Rates (episode_combo_id,episode_judge_id,rating) VALUES (222,69,2);
INSERT INTO Episode_Combo (episode_combo_id,episode_id, national_cuisine_id,cook_id,recipe_id) VALUES (223,23, 7, 76, 49);
INSERT INTO Rates (episode_combo_id,episode_judge_id,rating) VALUES (223,67,5);
INSERT INTO Rates (episode_combo_id,episode_judge_id,rating) VALUES (223,68,3);
INSERT INTO Rates (episode_combo_id,episode_judge_id,rating) VALUES (223,69,3);
INSERT INTO Episode_Combo (episode_combo_id,episode_id, national_cuisine_id,cook_id,recipe_id) VALUES (224,23, 6, 9, 81);
INSERT INTO Rates (episode_combo_id,episode_judge_id,rating) VALUES (224,67,3);
INSERT INTO Rates (episode_combo_id,episode_judge_id,rating) VALUES (224,68,1);
INSERT INTO Rates (episode_combo_id,episode_judge_id,rating) VALUES (224,69,1);
INSERT INTO Episode_Combo (episode_combo_id,episode_id, national_cuisine_id,cook_id,recipe_id) VALUES (225,23, 8, 80, 25);
INSERT INTO Rates (episode_combo_id,episode_judge_id,rating) VALUES (225,67,1);
INSERT INTO Rates (episode_combo_id,episode_judge_id,rating) VALUES (225,68,3);
INSERT INTO Rates (episode_combo_id,episode_judge_id,rating) VALUES (225,69,5);
INSERT INTO Episode_Combo (episode_combo_id,episode_id, national_cuisine_id,cook_id,recipe_id) VALUES (226,23, 2, 4, 44);
INSERT INTO Rates (episode_combo_id,episode_judge_id,rating) VALUES (226,67,5);
INSERT INTO Rates (episode_combo_id,episode_judge_id,rating) VALUES (226,68,3);
INSERT INTO Rates (episode_combo_id,episode_judge_id,rating) VALUES (226,69,2);
INSERT INTO Episode_Combo (episode_combo_id,episode_id, national_cuisine_id,cook_id,recipe_id) VALUES (227,23, 1, 62, 66);
INSERT INTO Rates (episode_combo_id,episode_judge_id,rating) VALUES (227,67,5);
INSERT INTO Rates (episode_combo_id,episode_judge_id,rating) VALUES (227,68,2);
INSERT INTO Rates (episode_combo_id,episode_judge_id,rating) VALUES (227,69,1);
INSERT INTO Episode_Combo (episode_combo_id,episode_id, national_cuisine_id,cook_id,recipe_id) VALUES (228,23, 15, 77, 63);
INSERT INTO Rates (episode_combo_id,episode_judge_id,rating) VALUES (228,67,5);
INSERT INTO Rates (episode_combo_id,episode_judge_id,rating) VALUES (228,68,2);
INSERT INTO Rates (episode_combo_id,episode_judge_id,rating) VALUES (228,69,1);
INSERT INTO Episode_Combo (episode_combo_id,episode_id, national_cuisine_id,cook_id,recipe_id) VALUES (229,23, 12, 28, 39);
INSERT INTO Rates (episode_combo_id,episode_judge_id,rating) VALUES (229,67,2);
INSERT INTO Rates (episode_combo_id,episode_judge_id,rating) VALUES (229,68,2);
INSERT INTO Rates (episode_combo_id,episode_judge_id,rating) VALUES (229,69,1);
INSERT INTO Episode_Combo (episode_combo_id,episode_id, national_cuisine_id,cook_id,recipe_id) VALUES (230,23, 15, 100, 2);
INSERT INTO Rates (episode_combo_id,episode_judge_id,rating) VALUES (230,67,3);
INSERT INTO Rates (episode_combo_id,episode_judge_id,rating) VALUES (230,68,4);
INSERT INTO Rates (episode_combo_id,episode_judge_id,rating) VALUES (230,69,5);
INSERT INTO Episode (episode_id, year,episode_number,image_id) VALUES (24, 2021, 4, 451);
INSERT INTO Episode_Judge (episode_judge_id,episode_id, judge_id) VALUES (70,24,2);
INSERT INTO Episode_Judge (episode_judge_id,episode_id, judge_id) VALUES (71,24,95);
INSERT INTO Episode_Judge (episode_judge_id,episode_id, judge_id) VALUES (72,24,4);
INSERT INTO Episode_Combo (episode_combo_id,episode_id, national_cuisine_id,cook_id,recipe_id) VALUES (231,24, 18, 78, 1);
INSERT INTO Rates (episode_combo_id,episode_judge_id,rating) VALUES (231,70,4);
INSERT INTO Rates (episode_combo_id,episode_judge_id,rating) VALUES (231,71,4);
INSERT INTO Rates (episode_combo_id,episode_judge_id,rating) VALUES (231,72,4);
INSERT INTO Episode_Combo (episode_combo_id,episode_id, national_cuisine_id,cook_id,recipe_id) VALUES (232,24, 2, 76, 30);
INSERT INTO Rates (episode_combo_id,episode_judge_id,rating) VALUES (232,70,5);
INSERT INTO Rates (episode_combo_id,episode_judge_id,rating) VALUES (232,71,2);
INSERT INTO Rates (episode_combo_id,episode_judge_id,rating) VALUES (232,72,4);
INSERT INTO Episode_Combo (episode_combo_id,episode_id, national_cuisine_id,cook_id,recipe_id) VALUES (233,24, 9, 53, 33);
INSERT INTO Rates (episode_combo_id,episode_judge_id,rating) VALUES (233,70,1);
INSERT INTO Rates (episode_combo_id,episode_judge_id,rating) VALUES (233,71,3);
INSERT INTO Rates (episode_combo_id,episode_judge_id,rating) VALUES (233,72,3);
INSERT INTO Episode_Combo (episode_combo_id,episode_id, national_cuisine_id,cook_id,recipe_id) VALUES (234,24, 15, 26, 67);
INSERT INTO Rates (episode_combo_id,episode_judge_id,rating) VALUES (234,70,3);
INSERT INTO Rates (episode_combo_id,episode_judge_id,rating) VALUES (234,71,4);
INSERT INTO Rates (episode_combo_id,episode_judge_id,rating) VALUES (234,72,3);
INSERT INTO Episode_Combo (episode_combo_id,episode_id, national_cuisine_id,cook_id,recipe_id) VALUES (235,24, 12, 10, 25);
INSERT INTO Rates (episode_combo_id,episode_judge_id,rating) VALUES (235,70,3);
INSERT INTO Rates (episode_combo_id,episode_judge_id,rating) VALUES (235,71,2);
INSERT INTO Rates (episode_combo_id,episode_judge_id,rating) VALUES (235,72,2);
INSERT INTO Episode_Combo (episode_combo_id,episode_id, national_cuisine_id,cook_id,recipe_id) VALUES (236,24, 3, 98, 97);
INSERT INTO Rates (episode_combo_id,episode_judge_id,rating) VALUES (236,70,2);
INSERT INTO Rates (episode_combo_id,episode_judge_id,rating) VALUES (236,71,4);
INSERT INTO Rates (episode_combo_id,episode_judge_id,rating) VALUES (236,72,4);
INSERT INTO Episode_Combo (episode_combo_id,episode_id, national_cuisine_id,cook_id,recipe_id) VALUES (237,24, 8, 20, 46);
INSERT INTO Rates (episode_combo_id,episode_judge_id,rating) VALUES (237,70,5);
INSERT INTO Rates (episode_combo_id,episode_judge_id,rating) VALUES (237,71,2);
INSERT INTO Rates (episode_combo_id,episode_judge_id,rating) VALUES (237,72,2);
INSERT INTO Episode_Combo (episode_combo_id,episode_id, national_cuisine_id,cook_id,recipe_id) VALUES (238,24, 17, 65, 53);
INSERT INTO Rates (episode_combo_id,episode_judge_id,rating) VALUES (238,70,4);
INSERT INTO Rates (episode_combo_id,episode_judge_id,rating) VALUES (238,71,5);
INSERT INTO Rates (episode_combo_id,episode_judge_id,rating) VALUES (238,72,2);
INSERT INTO Episode_Combo (episode_combo_id,episode_id, national_cuisine_id,cook_id,recipe_id) VALUES (239,24, 13, 74, 68);
INSERT INTO Rates (episode_combo_id,episode_judge_id,rating) VALUES (239,70,1);
INSERT INTO Rates (episode_combo_id,episode_judge_id,rating) VALUES (239,71,1);
INSERT INTO Rates (episode_combo_id,episode_judge_id,rating) VALUES (239,72,3);
INSERT INTO Episode_Combo (episode_combo_id,episode_id, national_cuisine_id,cook_id,recipe_id) VALUES (240,24, 18, 12, 66);
INSERT INTO Rates (episode_combo_id,episode_judge_id,rating) VALUES (240,70,1);
INSERT INTO Rates (episode_combo_id,episode_judge_id,rating) VALUES (240,71,3);
INSERT INTO Rates (episode_combo_id,episode_judge_id,rating) VALUES (240,72,1);
INSERT INTO Episode (episode_id, year,episode_number,image_id) VALUES (25, 2021, 5, 452);
INSERT INTO Episode_Judge (episode_judge_id,episode_id, judge_id) VALUES (73,25,64);
INSERT INTO Episode_Judge (episode_judge_id,episode_id, judge_id) VALUES (74,25,45);
INSERT INTO Episode_Judge (episode_judge_id,episode_id, judge_id) VALUES (75,25,100);
INSERT INTO Episode_Combo (episode_combo_id,episode_id, national_cuisine_id,cook_id,recipe_id) VALUES (241,25, 19, 60, 48);
INSERT INTO Rates (episode_combo_id,episode_judge_id,rating) VALUES (241,73,3);
INSERT INTO Rates (episode_combo_id,episode_judge_id,rating) VALUES (241,74,4);
INSERT INTO Rates (episode_combo_id,episode_judge_id,rating) VALUES (241,75,5);
INSERT INTO Episode_Combo (episode_combo_id,episode_id, national_cuisine_id,cook_id,recipe_id) VALUES (242,25, 4, 39, 27);
INSERT INTO Rates (episode_combo_id,episode_judge_id,rating) VALUES (242,73,5);
INSERT INTO Rates (episode_combo_id,episode_judge_id,rating) VALUES (242,74,2);
INSERT INTO Rates (episode_combo_id,episode_judge_id,rating) VALUES (242,75,5);
INSERT INTO Episode_Combo (episode_combo_id,episode_id, national_cuisine_id,cook_id,recipe_id) VALUES (243,25, 13, 89, 19);
INSERT INTO Rates (episode_combo_id,episode_judge_id,rating) VALUES (243,73,3);
INSERT INTO Rates (episode_combo_id,episode_judge_id,rating) VALUES (243,74,4);
INSERT INTO Rates (episode_combo_id,episode_judge_id,rating) VALUES (243,75,1);
INSERT INTO Episode_Combo (episode_combo_id,episode_id, national_cuisine_id,cook_id,recipe_id) VALUES (244,25, 10, 82, 36);
INSERT INTO Rates (episode_combo_id,episode_judge_id,rating) VALUES (244,73,3);
INSERT INTO Rates (episode_combo_id,episode_judge_id,rating) VALUES (244,74,4);
INSERT INTO Rates (episode_combo_id,episode_judge_id,rating) VALUES (244,75,1);
INSERT INTO Episode_Combo (episode_combo_id,episode_id, national_cuisine_id,cook_id,recipe_id) VALUES (245,25, 11, 16, 60);
INSERT INTO Rates (episode_combo_id,episode_judge_id,rating) VALUES (245,73,1);
INSERT INTO Rates (episode_combo_id,episode_judge_id,rating) VALUES (245,74,2);
INSERT INTO Rates (episode_combo_id,episode_judge_id,rating) VALUES (245,75,5);
INSERT INTO Episode_Combo (episode_combo_id,episode_id, national_cuisine_id,cook_id,recipe_id) VALUES (246,25, 6, 42, 47);
INSERT INTO Rates (episode_combo_id,episode_judge_id,rating) VALUES (246,73,4);
INSERT INTO Rates (episode_combo_id,episode_judge_id,rating) VALUES (246,74,5);
INSERT INTO Rates (episode_combo_id,episode_judge_id,rating) VALUES (246,75,5);
INSERT INTO Episode_Combo (episode_combo_id,episode_id, national_cuisine_id,cook_id,recipe_id) VALUES (247,25, 4, 92, 51);
INSERT INTO Rates (episode_combo_id,episode_judge_id,rating) VALUES (247,73,4);
INSERT INTO Rates (episode_combo_id,episode_judge_id,rating) VALUES (247,74,1);
INSERT INTO Rates (episode_combo_id,episode_judge_id,rating) VALUES (247,75,1);
INSERT INTO Episode_Combo (episode_combo_id,episode_id, national_cuisine_id,cook_id,recipe_id) VALUES (248,25, 10, 45, 28);
INSERT INTO Rates (episode_combo_id,episode_judge_id,rating) VALUES (248,73,1);
INSERT INTO Rates (episode_combo_id,episode_judge_id,rating) VALUES (248,74,3);
INSERT INTO Rates (episode_combo_id,episode_judge_id,rating) VALUES (248,75,2);
INSERT INTO Episode_Combo (episode_combo_id,episode_id, national_cuisine_id,cook_id,recipe_id) VALUES (249,25, 2, 9, 36);
INSERT INTO Rates (episode_combo_id,episode_judge_id,rating) VALUES (249,73,5);
INSERT INTO Rates (episode_combo_id,episode_judge_id,rating) VALUES (249,74,2);
INSERT INTO Rates (episode_combo_id,episode_judge_id,rating) VALUES (249,75,4);
INSERT INTO Episode_Combo (episode_combo_id,episode_id, national_cuisine_id,cook_id,recipe_id) VALUES (250,25, 13, 12, 29);
INSERT INTO Rates (episode_combo_id,episode_judge_id,rating) VALUES (250,73,2);
INSERT INTO Rates (episode_combo_id,episode_judge_id,rating) VALUES (250,74,1);
INSERT INTO Rates (episode_combo_id,episode_judge_id,rating) VALUES (250,75,4);
INSERT INTO Episode (episode_id, year,episode_number,image_id) VALUES (26, 2021, 6, 453);
INSERT INTO Episode_Judge (episode_judge_id,episode_id, judge_id) VALUES (76,26,91);
INSERT INTO Episode_Judge (episode_judge_id,episode_id, judge_id) VALUES (77,26,55);
INSERT INTO Episode_Judge (episode_judge_id,episode_id, judge_id) VALUES (78,26,60);
INSERT INTO Episode_Combo (episode_combo_id,episode_id, national_cuisine_id,cook_id,recipe_id) VALUES (251,26, 14, 62, 24);
INSERT INTO Rates (episode_combo_id,episode_judge_id,rating) VALUES (251,76,5);
INSERT INTO Rates (episode_combo_id,episode_judge_id,rating) VALUES (251,77,1);
INSERT INTO Rates (episode_combo_id,episode_judge_id,rating) VALUES (251,78,1);
INSERT INTO Episode_Combo (episode_combo_id,episode_id, national_cuisine_id,cook_id,recipe_id) VALUES (252,26, 9, 1, 25);
INSERT INTO Rates (episode_combo_id,episode_judge_id,rating) VALUES (252,76,1);
INSERT INTO Rates (episode_combo_id,episode_judge_id,rating) VALUES (252,77,4);
INSERT INTO Rates (episode_combo_id,episode_judge_id,rating) VALUES (252,78,2);
INSERT INTO Episode_Combo (episode_combo_id,episode_id, national_cuisine_id,cook_id,recipe_id) VALUES (253,26, 15, 29, 73);
INSERT INTO Rates (episode_combo_id,episode_judge_id,rating) VALUES (253,76,3);
INSERT INTO Rates (episode_combo_id,episode_judge_id,rating) VALUES (253,77,2);
INSERT INTO Rates (episode_combo_id,episode_judge_id,rating) VALUES (253,78,1);
INSERT INTO Episode_Combo (episode_combo_id,episode_id, national_cuisine_id,cook_id,recipe_id) VALUES (254,26, 12, 90, 21);
INSERT INTO Rates (episode_combo_id,episode_judge_id,rating) VALUES (254,76,3);
INSERT INTO Rates (episode_combo_id,episode_judge_id,rating) VALUES (254,77,5);
INSERT INTO Rates (episode_combo_id,episode_judge_id,rating) VALUES (254,78,5);
INSERT INTO Episode_Combo (episode_combo_id,episode_id, national_cuisine_id,cook_id,recipe_id) VALUES (255,26, 7, 22, 6);
INSERT INTO Rates (episode_combo_id,episode_judge_id,rating) VALUES (255,76,2);
INSERT INTO Rates (episode_combo_id,episode_judge_id,rating) VALUES (255,77,5);
INSERT INTO Rates (episode_combo_id,episode_judge_id,rating) VALUES (255,78,4);
INSERT INTO Episode_Combo (episode_combo_id,episode_id, national_cuisine_id,cook_id,recipe_id) VALUES (256,26, 18, 58, 10);
INSERT INTO Rates (episode_combo_id,episode_judge_id,rating) VALUES (256,76,2);
INSERT INTO Rates (episode_combo_id,episode_judge_id,rating) VALUES (256,77,2);
INSERT INTO Rates (episode_combo_id,episode_judge_id,rating) VALUES (256,78,3);
INSERT INTO Episode_Combo (episode_combo_id,episode_id, national_cuisine_id,cook_id,recipe_id) VALUES (257,26, 17, 74, 68);
INSERT INTO Rates (episode_combo_id,episode_judge_id,rating) VALUES (257,76,4);
INSERT INTO Rates (episode_combo_id,episode_judge_id,rating) VALUES (257,77,1);
INSERT INTO Rates (episode_combo_id,episode_judge_id,rating) VALUES (257,78,5);
INSERT INTO Episode_Combo (episode_combo_id,episode_id, national_cuisine_id,cook_id,recipe_id) VALUES (258,26, 12, 35, 53);
INSERT INTO Rates (episode_combo_id,episode_judge_id,rating) VALUES (258,76,3);
INSERT INTO Rates (episode_combo_id,episode_judge_id,rating) VALUES (258,77,4);
INSERT INTO Rates (episode_combo_id,episode_judge_id,rating) VALUES (258,78,2);
INSERT INTO Episode_Combo (episode_combo_id,episode_id, national_cuisine_id,cook_id,recipe_id) VALUES (259,26, 10, 46, 91);
INSERT INTO Rates (episode_combo_id,episode_judge_id,rating) VALUES (259,76,2);
INSERT INTO Rates (episode_combo_id,episode_judge_id,rating) VALUES (259,77,1);
INSERT INTO Rates (episode_combo_id,episode_judge_id,rating) VALUES (259,78,3);
INSERT INTO Episode_Combo (episode_combo_id,episode_id, national_cuisine_id,cook_id,recipe_id) VALUES (260,26, 6, 30, 64);
INSERT INTO Rates (episode_combo_id,episode_judge_id,rating) VALUES (260,76,2);
INSERT INTO Rates (episode_combo_id,episode_judge_id,rating) VALUES (260,77,1);
INSERT INTO Rates (episode_combo_id,episode_judge_id,rating) VALUES (260,78,2);
INSERT INTO Episode (episode_id, year,episode_number,image_id) VALUES (27, 2021, 7, 454);
INSERT INTO Episode_Judge (episode_judge_id,episode_id, judge_id) VALUES (79,27,80);
INSERT INTO Episode_Judge (episode_judge_id,episode_id, judge_id) VALUES (80,27,19);
INSERT INTO Episode_Judge (episode_judge_id,episode_id, judge_id) VALUES (81,27,80);
INSERT INTO Episode_Combo (episode_combo_id,episode_id, national_cuisine_id,cook_id,recipe_id) VALUES (261,27, 11, 89, 21);
INSERT INTO Rates (episode_combo_id,episode_judge_id,rating) VALUES (261,79,2);
INSERT INTO Rates (episode_combo_id,episode_judge_id,rating) VALUES (261,80,3);
INSERT INTO Rates (episode_combo_id,episode_judge_id,rating) VALUES (261,81,2);
INSERT INTO Episode_Combo (episode_combo_id,episode_id, national_cuisine_id,cook_id,recipe_id) VALUES (262,27, 5, 58, 85);
INSERT INTO Rates (episode_combo_id,episode_judge_id,rating) VALUES (262,79,2);
INSERT INTO Rates (episode_combo_id,episode_judge_id,rating) VALUES (262,80,2);
INSERT INTO Rates (episode_combo_id,episode_judge_id,rating) VALUES (262,81,4);
INSERT INTO Episode_Combo (episode_combo_id,episode_id, national_cuisine_id,cook_id,recipe_id) VALUES (263,27, 3, 26, 77);
INSERT INTO Rates (episode_combo_id,episode_judge_id,rating) VALUES (263,79,1);
INSERT INTO Rates (episode_combo_id,episode_judge_id,rating) VALUES (263,80,4);
INSERT INTO Rates (episode_combo_id,episode_judge_id,rating) VALUES (263,81,5);
INSERT INTO Episode_Combo (episode_combo_id,episode_id, national_cuisine_id,cook_id,recipe_id) VALUES (264,27, 7, 41, 17);
INSERT INTO Rates (episode_combo_id,episode_judge_id,rating) VALUES (264,79,3);
INSERT INTO Rates (episode_combo_id,episode_judge_id,rating) VALUES (264,80,4);
INSERT INTO Rates (episode_combo_id,episode_judge_id,rating) VALUES (264,81,2);
INSERT INTO Episode_Combo (episode_combo_id,episode_id, national_cuisine_id,cook_id,recipe_id) VALUES (265,27, 7, 91, 63);
INSERT INTO Rates (episode_combo_id,episode_judge_id,rating) VALUES (265,79,5);
INSERT INTO Rates (episode_combo_id,episode_judge_id,rating) VALUES (265,80,2);
INSERT INTO Rates (episode_combo_id,episode_judge_id,rating) VALUES (265,81,2);
INSERT INTO Episode_Combo (episode_combo_id,episode_id, national_cuisine_id,cook_id,recipe_id) VALUES (266,27, 19, 23, 71);
INSERT INTO Rates (episode_combo_id,episode_judge_id,rating) VALUES (266,79,4);
INSERT INTO Rates (episode_combo_id,episode_judge_id,rating) VALUES (266,80,2);
INSERT INTO Rates (episode_combo_id,episode_judge_id,rating) VALUES (266,81,1);
INSERT INTO Episode_Combo (episode_combo_id,episode_id, national_cuisine_id,cook_id,recipe_id) VALUES (267,27, 11, 36, 52);
INSERT INTO Rates (episode_combo_id,episode_judge_id,rating) VALUES (267,79,2);
INSERT INTO Rates (episode_combo_id,episode_judge_id,rating) VALUES (267,80,4);
INSERT INTO Rates (episode_combo_id,episode_judge_id,rating) VALUES (267,81,3);
INSERT INTO Episode_Combo (episode_combo_id,episode_id, national_cuisine_id,cook_id,recipe_id) VALUES (268,27, 12, 37, 6);
INSERT INTO Rates (episode_combo_id,episode_judge_id,rating) VALUES (268,79,1);
INSERT INTO Rates (episode_combo_id,episode_judge_id,rating) VALUES (268,80,3);
INSERT INTO Rates (episode_combo_id,episode_judge_id,rating) VALUES (268,81,2);
INSERT INTO Episode_Combo (episode_combo_id,episode_id, national_cuisine_id,cook_id,recipe_id) VALUES (269,27, 2, 25, 4);
INSERT INTO Rates (episode_combo_id,episode_judge_id,rating) VALUES (269,79,5);
INSERT INTO Rates (episode_combo_id,episode_judge_id,rating) VALUES (269,80,4);
INSERT INTO Rates (episode_combo_id,episode_judge_id,rating) VALUES (269,81,1);
INSERT INTO Episode_Combo (episode_combo_id,episode_id, national_cuisine_id,cook_id,recipe_id) VALUES (270,27, 20, 97, 71);
INSERT INTO Rates (episode_combo_id,episode_judge_id,rating) VALUES (270,79,2);
INSERT INTO Rates (episode_combo_id,episode_judge_id,rating) VALUES (270,80,4);
INSERT INTO Rates (episode_combo_id,episode_judge_id,rating) VALUES (270,81,3);
INSERT INTO Episode (episode_id, year,episode_number,image_id) VALUES (28, 2021, 8, 455);
INSERT INTO Episode_Judge (episode_judge_id,episode_id, judge_id) VALUES (82,28,2);
INSERT INTO Episode_Judge (episode_judge_id,episode_id, judge_id) VALUES (83,28,94);
INSERT INTO Episode_Judge (episode_judge_id,episode_id, judge_id) VALUES (84,28,85);
INSERT INTO Episode_Combo (episode_combo_id,episode_id, national_cuisine_id,cook_id,recipe_id) VALUES (271,28, 14, 44, 19);
INSERT INTO Rates (episode_combo_id,episode_judge_id,rating) VALUES (271,82,2);
INSERT INTO Rates (episode_combo_id,episode_judge_id,rating) VALUES (271,83,2);
INSERT INTO Rates (episode_combo_id,episode_judge_id,rating) VALUES (271,84,4);
INSERT INTO Episode_Combo (episode_combo_id,episode_id, national_cuisine_id,cook_id,recipe_id) VALUES (272,28, 3, 36, 26);
INSERT INTO Rates (episode_combo_id,episode_judge_id,rating) VALUES (272,82,2);
INSERT INTO Rates (episode_combo_id,episode_judge_id,rating) VALUES (272,83,1);
INSERT INTO Rates (episode_combo_id,episode_judge_id,rating) VALUES (272,84,4);
INSERT INTO Episode_Combo (episode_combo_id,episode_id, national_cuisine_id,cook_id,recipe_id) VALUES (273,28, 9, 88, 30);
INSERT INTO Rates (episode_combo_id,episode_judge_id,rating) VALUES (273,82,2);
INSERT INTO Rates (episode_combo_id,episode_judge_id,rating) VALUES (273,83,3);
INSERT INTO Rates (episode_combo_id,episode_judge_id,rating) VALUES (273,84,5);
INSERT INTO Episode_Combo (episode_combo_id,episode_id, national_cuisine_id,cook_id,recipe_id) VALUES (274,28, 2, 90, 17);
INSERT INTO Rates (episode_combo_id,episode_judge_id,rating) VALUES (274,82,4);
INSERT INTO Rates (episode_combo_id,episode_judge_id,rating) VALUES (274,83,2);
INSERT INTO Rates (episode_combo_id,episode_judge_id,rating) VALUES (274,84,2);
INSERT INTO Episode_Combo (episode_combo_id,episode_id, national_cuisine_id,cook_id,recipe_id) VALUES (275,28, 5, 69, 57);
INSERT INTO Rates (episode_combo_id,episode_judge_id,rating) VALUES (275,82,4);
INSERT INTO Rates (episode_combo_id,episode_judge_id,rating) VALUES (275,83,1);
INSERT INTO Rates (episode_combo_id,episode_judge_id,rating) VALUES (275,84,4);
INSERT INTO Episode_Combo (episode_combo_id,episode_id, national_cuisine_id,cook_id,recipe_id) VALUES (276,28, 10, 76, 43);
INSERT INTO Rates (episode_combo_id,episode_judge_id,rating) VALUES (276,82,1);
INSERT INTO Rates (episode_combo_id,episode_judge_id,rating) VALUES (276,83,3);
INSERT INTO Rates (episode_combo_id,episode_judge_id,rating) VALUES (276,84,2);
INSERT INTO Episode_Combo (episode_combo_id,episode_id, national_cuisine_id,cook_id,recipe_id) VALUES (277,28, 17, 34, 80);
INSERT INTO Rates (episode_combo_id,episode_judge_id,rating) VALUES (277,82,1);
INSERT INTO Rates (episode_combo_id,episode_judge_id,rating) VALUES (277,83,4);
INSERT INTO Rates (episode_combo_id,episode_judge_id,rating) VALUES (277,84,1);
INSERT INTO Episode_Combo (episode_combo_id,episode_id, national_cuisine_id,cook_id,recipe_id) VALUES (278,28, 19, 58, 93);
INSERT INTO Rates (episode_combo_id,episode_judge_id,rating) VALUES (278,82,1);
INSERT INTO Rates (episode_combo_id,episode_judge_id,rating) VALUES (278,83,3);
INSERT INTO Rates (episode_combo_id,episode_judge_id,rating) VALUES (278,84,4);
INSERT INTO Episode_Combo (episode_combo_id,episode_id, national_cuisine_id,cook_id,recipe_id) VALUES (279,28, 15, 97, 44);
INSERT INTO Rates (episode_combo_id,episode_judge_id,rating) VALUES (279,82,5);
INSERT INTO Rates (episode_combo_id,episode_judge_id,rating) VALUES (279,83,3);
INSERT INTO Rates (episode_combo_id,episode_judge_id,rating) VALUES (279,84,2);
INSERT INTO Episode_Combo (episode_combo_id,episode_id, national_cuisine_id,cook_id,recipe_id) VALUES (280,28, 16, 52, 78);
INSERT INTO Rates (episode_combo_id,episode_judge_id,rating) VALUES (280,82,5);
INSERT INTO Rates (episode_combo_id,episode_judge_id,rating) VALUES (280,83,4);
INSERT INTO Rates (episode_combo_id,episode_judge_id,rating) VALUES (280,84,3);
INSERT INTO Episode (episode_id, year,episode_number,image_id) VALUES (29, 2021, 9, 456);
INSERT INTO Episode_Judge (episode_judge_id,episode_id, judge_id) VALUES (85,29,73);
INSERT INTO Episode_Judge (episode_judge_id,episode_id, judge_id) VALUES (86,29,52);
INSERT INTO Episode_Judge (episode_judge_id,episode_id, judge_id) VALUES (87,29,21);
INSERT INTO Episode_Combo (episode_combo_id,episode_id, national_cuisine_id,cook_id,recipe_id) VALUES (281,29, 2, 5, 91);
INSERT INTO Rates (episode_combo_id,episode_judge_id,rating) VALUES (281,85,4);
INSERT INTO Rates (episode_combo_id,episode_judge_id,rating) VALUES (281,86,1);
INSERT INTO Rates (episode_combo_id,episode_judge_id,rating) VALUES (281,87,4);
INSERT INTO Episode_Combo (episode_combo_id,episode_id, national_cuisine_id,cook_id,recipe_id) VALUES (282,29, 14, 99, 9);
INSERT INTO Rates (episode_combo_id,episode_judge_id,rating) VALUES (282,85,3);
INSERT INTO Rates (episode_combo_id,episode_judge_id,rating) VALUES (282,86,5);
INSERT INTO Rates (episode_combo_id,episode_judge_id,rating) VALUES (282,87,3);
INSERT INTO Episode_Combo (episode_combo_id,episode_id, national_cuisine_id,cook_id,recipe_id) VALUES (283,29, 18, 68, 45);
INSERT INTO Rates (episode_combo_id,episode_judge_id,rating) VALUES (283,85,1);
INSERT INTO Rates (episode_combo_id,episode_judge_id,rating) VALUES (283,86,5);
INSERT INTO Rates (episode_combo_id,episode_judge_id,rating) VALUES (283,87,4);
INSERT INTO Episode_Combo (episode_combo_id,episode_id, national_cuisine_id,cook_id,recipe_id) VALUES (284,29, 16, 3, 39);
INSERT INTO Rates (episode_combo_id,episode_judge_id,rating) VALUES (284,85,1);
INSERT INTO Rates (episode_combo_id,episode_judge_id,rating) VALUES (284,86,1);
INSERT INTO Rates (episode_combo_id,episode_judge_id,rating) VALUES (284,87,4);
INSERT INTO Episode_Combo (episode_combo_id,episode_id, national_cuisine_id,cook_id,recipe_id) VALUES (285,29, 3, 99, 33);
INSERT INTO Rates (episode_combo_id,episode_judge_id,rating) VALUES (285,85,4);
INSERT INTO Rates (episode_combo_id,episode_judge_id,rating) VALUES (285,86,5);
INSERT INTO Rates (episode_combo_id,episode_judge_id,rating) VALUES (285,87,2);
INSERT INTO Episode_Combo (episode_combo_id,episode_id, national_cuisine_id,cook_id,recipe_id) VALUES (286,29, 3, 72, 4);
INSERT INTO Rates (episode_combo_id,episode_judge_id,rating) VALUES (286,85,2);
INSERT INTO Rates (episode_combo_id,episode_judge_id,rating) VALUES (286,86,4);
INSERT INTO Rates (episode_combo_id,episode_judge_id,rating) VALUES (286,87,5);
INSERT INTO Episode_Combo (episode_combo_id,episode_id, national_cuisine_id,cook_id,recipe_id) VALUES (287,29, 14, 4, 61);
INSERT INTO Rates (episode_combo_id,episode_judge_id,rating) VALUES (287,85,5);
INSERT INTO Rates (episode_combo_id,episode_judge_id,rating) VALUES (287,86,4);
INSERT INTO Rates (episode_combo_id,episode_judge_id,rating) VALUES (287,87,3);
INSERT INTO Episode_Combo (episode_combo_id,episode_id, national_cuisine_id,cook_id,recipe_id) VALUES (288,29, 2, 14, 73);
INSERT INTO Rates (episode_combo_id,episode_judge_id,rating) VALUES (288,85,3);
INSERT INTO Rates (episode_combo_id,episode_judge_id,rating) VALUES (288,86,3);
INSERT INTO Rates (episode_combo_id,episode_judge_id,rating) VALUES (288,87,2);
INSERT INTO Episode_Combo (episode_combo_id,episode_id, national_cuisine_id,cook_id,recipe_id) VALUES (289,29, 18, 56, 78);
INSERT INTO Rates (episode_combo_id,episode_judge_id,rating) VALUES (289,85,4);
INSERT INTO Rates (episode_combo_id,episode_judge_id,rating) VALUES (289,86,5);
INSERT INTO Rates (episode_combo_id,episode_judge_id,rating) VALUES (289,87,3);
INSERT INTO Episode_Combo (episode_combo_id,episode_id, national_cuisine_id,cook_id,recipe_id) VALUES (290,29, 3, 64, 23);
INSERT INTO Rates (episode_combo_id,episode_judge_id,rating) VALUES (290,85,1);
INSERT INTO Rates (episode_combo_id,episode_judge_id,rating) VALUES (290,86,5);
INSERT INTO Rates (episode_combo_id,episode_judge_id,rating) VALUES (290,87,5);
INSERT INTO Episode (episode_id, year,episode_number,image_id) VALUES (30, 2021, 10, 457);
INSERT INTO Episode_Judge (episode_judge_id,episode_id, judge_id) VALUES (88,30,37);
INSERT INTO Episode_Judge (episode_judge_id,episode_id, judge_id) VALUES (89,30,27);
INSERT INTO Episode_Judge (episode_judge_id,episode_id, judge_id) VALUES (90,30,38);
INSERT INTO Episode_Combo (episode_combo_id,episode_id, national_cuisine_id,cook_id,recipe_id) VALUES (291,30, 3, 88, 73);
INSERT INTO Rates (episode_combo_id,episode_judge_id,rating) VALUES (291,88,5);
INSERT INTO Rates (episode_combo_id,episode_judge_id,rating) VALUES (291,89,4);
INSERT INTO Rates (episode_combo_id,episode_judge_id,rating) VALUES (291,90,3);
INSERT INTO Episode_Combo (episode_combo_id,episode_id, national_cuisine_id,cook_id,recipe_id) VALUES (292,30, 13, 74, 7);
INSERT INTO Rates (episode_combo_id,episode_judge_id,rating) VALUES (292,88,5);
INSERT INTO Rates (episode_combo_id,episode_judge_id,rating) VALUES (292,89,2);
INSERT INTO Rates (episode_combo_id,episode_judge_id,rating) VALUES (292,90,4);
INSERT INTO Episode_Combo (episode_combo_id,episode_id, national_cuisine_id,cook_id,recipe_id) VALUES (293,30, 10, 30, 24);
INSERT INTO Rates (episode_combo_id,episode_judge_id,rating) VALUES (293,88,1);
INSERT INTO Rates (episode_combo_id,episode_judge_id,rating) VALUES (293,89,4);
INSERT INTO Rates (episode_combo_id,episode_judge_id,rating) VALUES (293,90,1);
INSERT INTO Episode_Combo (episode_combo_id,episode_id, national_cuisine_id,cook_id,recipe_id) VALUES (294,30, 7, 14, 98);
INSERT INTO Rates (episode_combo_id,episode_judge_id,rating) VALUES (294,88,4);
INSERT INTO Rates (episode_combo_id,episode_judge_id,rating) VALUES (294,89,1);
INSERT INTO Rates (episode_combo_id,episode_judge_id,rating) VALUES (294,90,5);
INSERT INTO Episode_Combo (episode_combo_id,episode_id, national_cuisine_id,cook_id,recipe_id) VALUES (295,30, 12, 65, 83);
INSERT INTO Rates (episode_combo_id,episode_judge_id,rating) VALUES (295,88,3);
INSERT INTO Rates (episode_combo_id,episode_judge_id,rating) VALUES (295,89,4);
INSERT INTO Rates (episode_combo_id,episode_judge_id,rating) VALUES (295,90,3);
INSERT INTO Episode_Combo (episode_combo_id,episode_id, national_cuisine_id,cook_id,recipe_id) VALUES (296,30, 17, 52, 14);
INSERT INTO Rates (episode_combo_id,episode_judge_id,rating) VALUES (296,88,2);
INSERT INTO Rates (episode_combo_id,episode_judge_id,rating) VALUES (296,89,1);
INSERT INTO Rates (episode_combo_id,episode_judge_id,rating) VALUES (296,90,1);
INSERT INTO Episode_Combo (episode_combo_id,episode_id, national_cuisine_id,cook_id,recipe_id) VALUES (297,30, 1, 18, 34);
INSERT INTO Rates (episode_combo_id,episode_judge_id,rating) VALUES (297,88,3);
INSERT INTO Rates (episode_combo_id,episode_judge_id,rating) VALUES (297,89,5);
INSERT INTO Rates (episode_combo_id,episode_judge_id,rating) VALUES (297,90,1);
INSERT INTO Episode_Combo (episode_combo_id,episode_id, national_cuisine_id,cook_id,recipe_id) VALUES (298,30, 2, 73, 88);
INSERT INTO Rates (episode_combo_id,episode_judge_id,rating) VALUES (298,88,2);
INSERT INTO Rates (episode_combo_id,episode_judge_id,rating) VALUES (298,89,3);
INSERT INTO Rates (episode_combo_id,episode_judge_id,rating) VALUES (298,90,3);
INSERT INTO Episode_Combo (episode_combo_id,episode_id, national_cuisine_id,cook_id,recipe_id) VALUES (299,30, 8, 56, 14);
INSERT INTO Rates (episode_combo_id,episode_judge_id,rating) VALUES (299,88,1);
INSERT INTO Rates (episode_combo_id,episode_judge_id,rating) VALUES (299,89,1);
INSERT INTO Rates (episode_combo_id,episode_judge_id,rating) VALUES (299,90,2);
INSERT INTO Episode_Combo (episode_combo_id,episode_id, national_cuisine_id,cook_id,recipe_id) VALUES (300,30, 4, 61, 96);
INSERT INTO Rates (episode_combo_id,episode_judge_id,rating) VALUES (300,88,1);
INSERT INTO Rates (episode_combo_id,episode_judge_id,rating) VALUES (300,89,1);
INSERT INTO Rates (episode_combo_id,episode_judge_id,rating) VALUES (300,90,3);
INSERT INTO Episode (episode_id, year,episode_number,image_id) VALUES (31, 2022, 1, 458);
INSERT INTO Episode_Judge (episode_judge_id,episode_id, judge_id) VALUES (91,31,39);
INSERT INTO Episode_Judge (episode_judge_id,episode_id, judge_id) VALUES (92,31,40);
INSERT INTO Episode_Judge (episode_judge_id,episode_id, judge_id) VALUES (93,31,85);
INSERT INTO Episode_Combo (episode_combo_id,episode_id, national_cuisine_id,cook_id,recipe_id) VALUES (301,31, 2, 98, 33);
INSERT INTO Rates (episode_combo_id,episode_judge_id,rating) VALUES (301,91,2);
INSERT INTO Rates (episode_combo_id,episode_judge_id,rating) VALUES (301,92,4);
INSERT INTO Rates (episode_combo_id,episode_judge_id,rating) VALUES (301,93,4);
INSERT INTO Episode_Combo (episode_combo_id,episode_id, national_cuisine_id,cook_id,recipe_id) VALUES (302,31, 12, 94, 1);
INSERT INTO Rates (episode_combo_id,episode_judge_id,rating) VALUES (302,91,2);
INSERT INTO Rates (episode_combo_id,episode_judge_id,rating) VALUES (302,92,5);
INSERT INTO Rates (episode_combo_id,episode_judge_id,rating) VALUES (302,93,2);
INSERT INTO Episode_Combo (episode_combo_id,episode_id, national_cuisine_id,cook_id,recipe_id) VALUES (303,31, 5, 4, 95);
INSERT INTO Rates (episode_combo_id,episode_judge_id,rating) VALUES (303,91,1);
INSERT INTO Rates (episode_combo_id,episode_judge_id,rating) VALUES (303,92,3);
INSERT INTO Rates (episode_combo_id,episode_judge_id,rating) VALUES (303,93,3);
INSERT INTO Episode_Combo (episode_combo_id,episode_id, national_cuisine_id,cook_id,recipe_id) VALUES (304,31, 14, 27, 68);
INSERT INTO Rates (episode_combo_id,episode_judge_id,rating) VALUES (304,91,5);
INSERT INTO Rates (episode_combo_id,episode_judge_id,rating) VALUES (304,92,2);
INSERT INTO Rates (episode_combo_id,episode_judge_id,rating) VALUES (304,93,2);
INSERT INTO Episode_Combo (episode_combo_id,episode_id, national_cuisine_id,cook_id,recipe_id) VALUES (305,31, 2, 92, 15);
INSERT INTO Rates (episode_combo_id,episode_judge_id,rating) VALUES (305,91,2);
INSERT INTO Rates (episode_combo_id,episode_judge_id,rating) VALUES (305,92,1);
INSERT INTO Rates (episode_combo_id,episode_judge_id,rating) VALUES (305,93,1);
INSERT INTO Episode_Combo (episode_combo_id,episode_id, national_cuisine_id,cook_id,recipe_id) VALUES (306,31, 3, 88, 28);
INSERT INTO Rates (episode_combo_id,episode_judge_id,rating) VALUES (306,91,4);
INSERT INTO Rates (episode_combo_id,episode_judge_id,rating) VALUES (306,92,3);
INSERT INTO Rates (episode_combo_id,episode_judge_id,rating) VALUES (306,93,1);
INSERT INTO Episode_Combo (episode_combo_id,episode_id, national_cuisine_id,cook_id,recipe_id) VALUES (307,31, 7, 78, 23);
INSERT INTO Rates (episode_combo_id,episode_judge_id,rating) VALUES (307,91,2);
INSERT INTO Rates (episode_combo_id,episode_judge_id,rating) VALUES (307,92,4);
INSERT INTO Rates (episode_combo_id,episode_judge_id,rating) VALUES (307,93,4);
INSERT INTO Episode_Combo (episode_combo_id,episode_id, national_cuisine_id,cook_id,recipe_id) VALUES (308,31, 17, 68, 7);
INSERT INTO Rates (episode_combo_id,episode_judge_id,rating) VALUES (308,91,3);
INSERT INTO Rates (episode_combo_id,episode_judge_id,rating) VALUES (308,92,2);
INSERT INTO Rates (episode_combo_id,episode_judge_id,rating) VALUES (308,93,2);
INSERT INTO Episode_Combo (episode_combo_id,episode_id, national_cuisine_id,cook_id,recipe_id) VALUES (309,31, 14, 69, 8);
INSERT INTO Rates (episode_combo_id,episode_judge_id,rating) VALUES (309,91,2);
INSERT INTO Rates (episode_combo_id,episode_judge_id,rating) VALUES (309,92,3);
INSERT INTO Rates (episode_combo_id,episode_judge_id,rating) VALUES (309,93,4);
INSERT INTO Episode_Combo (episode_combo_id,episode_id, national_cuisine_id,cook_id,recipe_id) VALUES (310,31, 12, 58, 35);
INSERT INTO Rates (episode_combo_id,episode_judge_id,rating) VALUES (310,91,3);
INSERT INTO Rates (episode_combo_id,episode_judge_id,rating) VALUES (310,92,1);
INSERT INTO Rates (episode_combo_id,episode_judge_id,rating) VALUES (310,93,3);
INSERT INTO Episode (episode_id, year,episode_number,image_id) VALUES (32, 2022, 2, 459);
INSERT INTO Episode_Judge (episode_judge_id,episode_id, judge_id) VALUES (94,32,42);
INSERT INTO Episode_Judge (episode_judge_id,episode_id, judge_id) VALUES (95,32,12);
INSERT INTO Episode_Judge (episode_judge_id,episode_id, judge_id) VALUES (96,32,91);
INSERT INTO Episode_Combo (episode_combo_id,episode_id, national_cuisine_id,cook_id,recipe_id) VALUES (311,32, 19, 14, 38);
INSERT INTO Rates (episode_combo_id,episode_judge_id,rating) VALUES (311,94,1);
INSERT INTO Rates (episode_combo_id,episode_judge_id,rating) VALUES (311,95,5);
INSERT INTO Rates (episode_combo_id,episode_judge_id,rating) VALUES (311,96,4);
INSERT INTO Episode_Combo (episode_combo_id,episode_id, national_cuisine_id,cook_id,recipe_id) VALUES (312,32, 18, 51, 3);
INSERT INTO Rates (episode_combo_id,episode_judge_id,rating) VALUES (312,94,5);
INSERT INTO Rates (episode_combo_id,episode_judge_id,rating) VALUES (312,95,3);
INSERT INTO Rates (episode_combo_id,episode_judge_id,rating) VALUES (312,96,3);
INSERT INTO Episode_Combo (episode_combo_id,episode_id, national_cuisine_id,cook_id,recipe_id) VALUES (313,32, 4, 89, 61);
INSERT INTO Rates (episode_combo_id,episode_judge_id,rating) VALUES (313,94,5);
INSERT INTO Rates (episode_combo_id,episode_judge_id,rating) VALUES (313,95,4);
INSERT INTO Rates (episode_combo_id,episode_judge_id,rating) VALUES (313,96,2);
INSERT INTO Episode_Combo (episode_combo_id,episode_id, national_cuisine_id,cook_id,recipe_id) VALUES (314,32, 16, 35, 98);
INSERT INTO Rates (episode_combo_id,episode_judge_id,rating) VALUES (314,94,1);
INSERT INTO Rates (episode_combo_id,episode_judge_id,rating) VALUES (314,95,3);
INSERT INTO Rates (episode_combo_id,episode_judge_id,rating) VALUES (314,96,4);
INSERT INTO Episode_Combo (episode_combo_id,episode_id, national_cuisine_id,cook_id,recipe_id) VALUES (315,32, 4, 31, 21);
INSERT INTO Rates (episode_combo_id,episode_judge_id,rating) VALUES (315,94,2);
INSERT INTO Rates (episode_combo_id,episode_judge_id,rating) VALUES (315,95,5);
INSERT INTO Rates (episode_combo_id,episode_judge_id,rating) VALUES (315,96,2);
INSERT INTO Episode_Combo (episode_combo_id,episode_id, national_cuisine_id,cook_id,recipe_id) VALUES (316,32, 2, 17, 64);
INSERT INTO Rates (episode_combo_id,episode_judge_id,rating) VALUES (316,94,4);
INSERT INTO Rates (episode_combo_id,episode_judge_id,rating) VALUES (316,95,2);
INSERT INTO Rates (episode_combo_id,episode_judge_id,rating) VALUES (316,96,3);
INSERT INTO Episode_Combo (episode_combo_id,episode_id, national_cuisine_id,cook_id,recipe_id) VALUES (317,32, 2, 69, 86);
INSERT INTO Rates (episode_combo_id,episode_judge_id,rating) VALUES (317,94,4);
INSERT INTO Rates (episode_combo_id,episode_judge_id,rating) VALUES (317,95,3);
INSERT INTO Rates (episode_combo_id,episode_judge_id,rating) VALUES (317,96,3);
INSERT INTO Episode_Combo (episode_combo_id,episode_id, national_cuisine_id,cook_id,recipe_id) VALUES (318,32, 6, 15, 92);
INSERT INTO Rates (episode_combo_id,episode_judge_id,rating) VALUES (318,94,1);
INSERT INTO Rates (episode_combo_id,episode_judge_id,rating) VALUES (318,95,5);
INSERT INTO Rates (episode_combo_id,episode_judge_id,rating) VALUES (318,96,3);
INSERT INTO Episode_Combo (episode_combo_id,episode_id, national_cuisine_id,cook_id,recipe_id) VALUES (319,32, 2, 63, 14);
INSERT INTO Rates (episode_combo_id,episode_judge_id,rating) VALUES (319,94,2);
INSERT INTO Rates (episode_combo_id,episode_judge_id,rating) VALUES (319,95,3);
INSERT INTO Rates (episode_combo_id,episode_judge_id,rating) VALUES (319,96,4);
INSERT INTO Episode_Combo (episode_combo_id,episode_id, national_cuisine_id,cook_id,recipe_id) VALUES (320,32, 5, 86, 66);
INSERT INTO Rates (episode_combo_id,episode_judge_id,rating) VALUES (320,94,3);
INSERT INTO Rates (episode_combo_id,episode_judge_id,rating) VALUES (320,95,5);
INSERT INTO Rates (episode_combo_id,episode_judge_id,rating) VALUES (320,96,1);
INSERT INTO Episode (episode_id, year,episode_number,image_id) VALUES (33, 2022, 3, 460);
INSERT INTO Episode_Judge (episode_judge_id,episode_id, judge_id) VALUES (97,33,66);
INSERT INTO Episode_Judge (episode_judge_id,episode_id, judge_id) VALUES (98,33,16);
INSERT INTO Episode_Judge (episode_judge_id,episode_id, judge_id) VALUES (99,33,84);
INSERT INTO Episode_Combo (episode_combo_id,episode_id, national_cuisine_id,cook_id,recipe_id) VALUES (321,33, 2, 49, 49);
INSERT INTO Rates (episode_combo_id,episode_judge_id,rating) VALUES (321,97,4);
INSERT INTO Rates (episode_combo_id,episode_judge_id,rating) VALUES (321,98,2);
INSERT INTO Rates (episode_combo_id,episode_judge_id,rating) VALUES (321,99,2);
INSERT INTO Episode_Combo (episode_combo_id,episode_id, national_cuisine_id,cook_id,recipe_id) VALUES (322,33, 10, 18, 84);
INSERT INTO Rates (episode_combo_id,episode_judge_id,rating) VALUES (322,97,5);
INSERT INTO Rates (episode_combo_id,episode_judge_id,rating) VALUES (322,98,3);
INSERT INTO Rates (episode_combo_id,episode_judge_id,rating) VALUES (322,99,1);
INSERT INTO Episode_Combo (episode_combo_id,episode_id, national_cuisine_id,cook_id,recipe_id) VALUES (323,33, 18, 91, 36);
INSERT INTO Rates (episode_combo_id,episode_judge_id,rating) VALUES (323,97,4);
INSERT INTO Rates (episode_combo_id,episode_judge_id,rating) VALUES (323,98,5);
INSERT INTO Rates (episode_combo_id,episode_judge_id,rating) VALUES (323,99,3);
INSERT INTO Episode_Combo (episode_combo_id,episode_id, national_cuisine_id,cook_id,recipe_id) VALUES (324,33, 2, 83, 81);
INSERT INTO Rates (episode_combo_id,episode_judge_id,rating) VALUES (324,97,4);
INSERT INTO Rates (episode_combo_id,episode_judge_id,rating) VALUES (324,98,2);
INSERT INTO Rates (episode_combo_id,episode_judge_id,rating) VALUES (324,99,3);
INSERT INTO Episode_Combo (episode_combo_id,episode_id, national_cuisine_id,cook_id,recipe_id) VALUES (325,33, 1, 72, 18);
INSERT INTO Rates (episode_combo_id,episode_judge_id,rating) VALUES (325,97,2);
INSERT INTO Rates (episode_combo_id,episode_judge_id,rating) VALUES (325,98,5);
INSERT INTO Rates (episode_combo_id,episode_judge_id,rating) VALUES (325,99,2);
INSERT INTO Episode_Combo (episode_combo_id,episode_id, national_cuisine_id,cook_id,recipe_id) VALUES (326,33, 13, 60, 69);
INSERT INTO Rates (episode_combo_id,episode_judge_id,rating) VALUES (326,97,3);
INSERT INTO Rates (episode_combo_id,episode_judge_id,rating) VALUES (326,98,5);
INSERT INTO Rates (episode_combo_id,episode_judge_id,rating) VALUES (326,99,1);
INSERT INTO Episode_Combo (episode_combo_id,episode_id, national_cuisine_id,cook_id,recipe_id) VALUES (327,33, 13, 28, 22);
INSERT INTO Rates (episode_combo_id,episode_judge_id,rating) VALUES (327,97,4);
INSERT INTO Rates (episode_combo_id,episode_judge_id,rating) VALUES (327,98,2);
INSERT INTO Rates (episode_combo_id,episode_judge_id,rating) VALUES (327,99,3);
INSERT INTO Episode_Combo (episode_combo_id,episode_id, national_cuisine_id,cook_id,recipe_id) VALUES (328,33, 2, 74, 74);
INSERT INTO Rates (episode_combo_id,episode_judge_id,rating) VALUES (328,97,2);
INSERT INTO Rates (episode_combo_id,episode_judge_id,rating) VALUES (328,98,2);
INSERT INTO Rates (episode_combo_id,episode_judge_id,rating) VALUES (328,99,4);
INSERT INTO Episode_Combo (episode_combo_id,episode_id, national_cuisine_id,cook_id,recipe_id) VALUES (329,33, 8, 13, 7);
INSERT INTO Rates (episode_combo_id,episode_judge_id,rating) VALUES (329,97,2);
INSERT INTO Rates (episode_combo_id,episode_judge_id,rating) VALUES (329,98,3);
INSERT INTO Rates (episode_combo_id,episode_judge_id,rating) VALUES (329,99,1);
INSERT INTO Episode_Combo (episode_combo_id,episode_id, national_cuisine_id,cook_id,recipe_id) VALUES (330,33, 19, 88, 24);
INSERT INTO Rates (episode_combo_id,episode_judge_id,rating) VALUES (330,97,2);
INSERT INTO Rates (episode_combo_id,episode_judge_id,rating) VALUES (330,98,5);
INSERT INTO Rates (episode_combo_id,episode_judge_id,rating) VALUES (330,99,2);
INSERT INTO Episode (episode_id, year,episode_number,image_id) VALUES (34, 2022, 4, 461);
INSERT INTO Episode_Judge (episode_judge_id,episode_id, judge_id) VALUES (100,34,18);
INSERT INTO Episode_Judge (episode_judge_id,episode_id, judge_id) VALUES (101,34,56);
INSERT INTO Episode_Judge (episode_judge_id,episode_id, judge_id) VALUES (102,34,81);
INSERT INTO Episode_Combo (episode_combo_id,episode_id, national_cuisine_id,cook_id,recipe_id) VALUES (331,34, 10, 19, 87);
INSERT INTO Rates (episode_combo_id,episode_judge_id,rating) VALUES (331,100,3);
INSERT INTO Rates (episode_combo_id,episode_judge_id,rating) VALUES (331,101,4);
INSERT INTO Rates (episode_combo_id,episode_judge_id,rating) VALUES (331,102,2);
INSERT INTO Episode_Combo (episode_combo_id,episode_id, national_cuisine_id,cook_id,recipe_id) VALUES (332,34, 19, 1, 46);
INSERT INTO Rates (episode_combo_id,episode_judge_id,rating) VALUES (332,100,3);
INSERT INTO Rates (episode_combo_id,episode_judge_id,rating) VALUES (332,101,2);
INSERT INTO Rates (episode_combo_id,episode_judge_id,rating) VALUES (332,102,2);
INSERT INTO Episode_Combo (episode_combo_id,episode_id, national_cuisine_id,cook_id,recipe_id) VALUES (333,34, 5, 97, 43);
INSERT INTO Rates (episode_combo_id,episode_judge_id,rating) VALUES (333,100,3);
INSERT INTO Rates (episode_combo_id,episode_judge_id,rating) VALUES (333,101,2);
INSERT INTO Rates (episode_combo_id,episode_judge_id,rating) VALUES (333,102,1);
INSERT INTO Episode_Combo (episode_combo_id,episode_id, national_cuisine_id,cook_id,recipe_id) VALUES (334,34, 18, 53, 60);
INSERT INTO Rates (episode_combo_id,episode_judge_id,rating) VALUES (334,100,2);
INSERT INTO Rates (episode_combo_id,episode_judge_id,rating) VALUES (334,101,5);
INSERT INTO Rates (episode_combo_id,episode_judge_id,rating) VALUES (334,102,5);
INSERT INTO Episode_Combo (episode_combo_id,episode_id, national_cuisine_id,cook_id,recipe_id) VALUES (335,34, 9, 37, 19);
INSERT INTO Rates (episode_combo_id,episode_judge_id,rating) VALUES (335,100,2);
INSERT INTO Rates (episode_combo_id,episode_judge_id,rating) VALUES (335,101,4);
INSERT INTO Rates (episode_combo_id,episode_judge_id,rating) VALUES (335,102,5);
INSERT INTO Episode_Combo (episode_combo_id,episode_id, national_cuisine_id,cook_id,recipe_id) VALUES (336,34, 16, 68, 52);
INSERT INTO Rates (episode_combo_id,episode_judge_id,rating) VALUES (336,100,1);
INSERT INTO Rates (episode_combo_id,episode_judge_id,rating) VALUES (336,101,4);
INSERT INTO Rates (episode_combo_id,episode_judge_id,rating) VALUES (336,102,2);
INSERT INTO Episode_Combo (episode_combo_id,episode_id, national_cuisine_id,cook_id,recipe_id) VALUES (337,34, 18, 61, 8);
INSERT INTO Rates (episode_combo_id,episode_judge_id,rating) VALUES (337,100,3);
INSERT INTO Rates (episode_combo_id,episode_judge_id,rating) VALUES (337,101,5);
INSERT INTO Rates (episode_combo_id,episode_judge_id,rating) VALUES (337,102,1);
INSERT INTO Episode_Combo (episode_combo_id,episode_id, national_cuisine_id,cook_id,recipe_id) VALUES (338,34, 17, 100, 35);
INSERT INTO Rates (episode_combo_id,episode_judge_id,rating) VALUES (338,100,5);
INSERT INTO Rates (episode_combo_id,episode_judge_id,rating) VALUES (338,101,5);
INSERT INTO Rates (episode_combo_id,episode_judge_id,rating) VALUES (338,102,3);
INSERT INTO Episode_Combo (episode_combo_id,episode_id, national_cuisine_id,cook_id,recipe_id) VALUES (339,34, 20, 35, 16);
INSERT INTO Rates (episode_combo_id,episode_judge_id,rating) VALUES (339,100,4);
INSERT INTO Rates (episode_combo_id,episode_judge_id,rating) VALUES (339,101,4);
INSERT INTO Rates (episode_combo_id,episode_judge_id,rating) VALUES (339,102,3);
INSERT INTO Episode_Combo (episode_combo_id,episode_id, national_cuisine_id,cook_id,recipe_id) VALUES (340,34, 3, 31, 74);
INSERT INTO Rates (episode_combo_id,episode_judge_id,rating) VALUES (340,100,4);
INSERT INTO Rates (episode_combo_id,episode_judge_id,rating) VALUES (340,101,4);
INSERT INTO Rates (episode_combo_id,episode_judge_id,rating) VALUES (340,102,3);
INSERT INTO Episode (episode_id, year,episode_number,image_id) VALUES (35, 2022, 5, 462);
INSERT INTO Episode_Judge (episode_judge_id,episode_id, judge_id) VALUES (103,35,29);
INSERT INTO Episode_Judge (episode_judge_id,episode_id, judge_id) VALUES (104,35,14);
INSERT INTO Episode_Judge (episode_judge_id,episode_id, judge_id) VALUES (105,35,98);
INSERT INTO Episode_Combo (episode_combo_id,episode_id, national_cuisine_id,cook_id,recipe_id) VALUES (341,35, 2, 96, 94);
INSERT INTO Rates (episode_combo_id,episode_judge_id,rating) VALUES (341,103,1);
INSERT INTO Rates (episode_combo_id,episode_judge_id,rating) VALUES (341,104,5);
INSERT INTO Rates (episode_combo_id,episode_judge_id,rating) VALUES (341,105,4);
INSERT INTO Episode_Combo (episode_combo_id,episode_id, national_cuisine_id,cook_id,recipe_id) VALUES (342,35, 18, 36, 97);
INSERT INTO Rates (episode_combo_id,episode_judge_id,rating) VALUES (342,103,5);
INSERT INTO Rates (episode_combo_id,episode_judge_id,rating) VALUES (342,104,5);
INSERT INTO Rates (episode_combo_id,episode_judge_id,rating) VALUES (342,105,5);
INSERT INTO Episode_Combo (episode_combo_id,episode_id, national_cuisine_id,cook_id,recipe_id) VALUES (343,35, 7, 36, 33);
INSERT INTO Rates (episode_combo_id,episode_judge_id,rating) VALUES (343,103,2);
INSERT INTO Rates (episode_combo_id,episode_judge_id,rating) VALUES (343,104,4);
INSERT INTO Rates (episode_combo_id,episode_judge_id,rating) VALUES (343,105,1);
INSERT INTO Episode_Combo (episode_combo_id,episode_id, national_cuisine_id,cook_id,recipe_id) VALUES (344,35, 5, 26, 63);
INSERT INTO Rates (episode_combo_id,episode_judge_id,rating) VALUES (344,103,1);
INSERT INTO Rates (episode_combo_id,episode_judge_id,rating) VALUES (344,104,2);
INSERT INTO Rates (episode_combo_id,episode_judge_id,rating) VALUES (344,105,2);
INSERT INTO Episode_Combo (episode_combo_id,episode_id, national_cuisine_id,cook_id,recipe_id) VALUES (345,35, 2, 68, 89);
INSERT INTO Rates (episode_combo_id,episode_judge_id,rating) VALUES (345,103,3);
INSERT INTO Rates (episode_combo_id,episode_judge_id,rating) VALUES (345,104,3);
INSERT INTO Rates (episode_combo_id,episode_judge_id,rating) VALUES (345,105,2);
INSERT INTO Episode_Combo (episode_combo_id,episode_id, national_cuisine_id,cook_id,recipe_id) VALUES (346,35, 2, 8, 68);
INSERT INTO Rates (episode_combo_id,episode_judge_id,rating) VALUES (346,103,3);
INSERT INTO Rates (episode_combo_id,episode_judge_id,rating) VALUES (346,104,3);
INSERT INTO Rates (episode_combo_id,episode_judge_id,rating) VALUES (346,105,4);
INSERT INTO Episode_Combo (episode_combo_id,episode_id, national_cuisine_id,cook_id,recipe_id) VALUES (347,35, 3, 85, 94);
INSERT INTO Rates (episode_combo_id,episode_judge_id,rating) VALUES (347,103,2);
INSERT INTO Rates (episode_combo_id,episode_judge_id,rating) VALUES (347,104,2);
INSERT INTO Rates (episode_combo_id,episode_judge_id,rating) VALUES (347,105,5);
INSERT INTO Episode_Combo (episode_combo_id,episode_id, national_cuisine_id,cook_id,recipe_id) VALUES (348,35, 9, 79, 11);
INSERT INTO Rates (episode_combo_id,episode_judge_id,rating) VALUES (348,103,5);
INSERT INTO Rates (episode_combo_id,episode_judge_id,rating) VALUES (348,104,4);
INSERT INTO Rates (episode_combo_id,episode_judge_id,rating) VALUES (348,105,1);
INSERT INTO Episode_Combo (episode_combo_id,episode_id, national_cuisine_id,cook_id,recipe_id) VALUES (349,35, 20, 61, 85);
INSERT INTO Rates (episode_combo_id,episode_judge_id,rating) VALUES (349,103,3);
INSERT INTO Rates (episode_combo_id,episode_judge_id,rating) VALUES (349,104,2);
INSERT INTO Rates (episode_combo_id,episode_judge_id,rating) VALUES (349,105,2);
INSERT INTO Episode_Combo (episode_combo_id,episode_id, national_cuisine_id,cook_id,recipe_id) VALUES (350,35, 18, 95, 92);
INSERT INTO Rates (episode_combo_id,episode_judge_id,rating) VALUES (350,103,2);
INSERT INTO Rates (episode_combo_id,episode_judge_id,rating) VALUES (350,104,3);
INSERT INTO Rates (episode_combo_id,episode_judge_id,rating) VALUES (350,105,4);
INSERT INTO Episode (episode_id, year,episode_number,image_id) VALUES (36, 2022, 6, 463);
INSERT INTO Episode_Judge (episode_judge_id,episode_id, judge_id) VALUES (106,36,18);
INSERT INTO Episode_Judge (episode_judge_id,episode_id, judge_id) VALUES (107,36,65);
INSERT INTO Episode_Judge (episode_judge_id,episode_id, judge_id) VALUES (108,36,40);
INSERT INTO Episode_Combo (episode_combo_id,episode_id, national_cuisine_id,cook_id,recipe_id) VALUES (351,36, 7, 32, 1);
INSERT INTO Rates (episode_combo_id,episode_judge_id,rating) VALUES (351,106,3);
INSERT INTO Rates (episode_combo_id,episode_judge_id,rating) VALUES (351,107,5);
INSERT INTO Rates (episode_combo_id,episode_judge_id,rating) VALUES (351,108,3);
INSERT INTO Episode_Combo (episode_combo_id,episode_id, national_cuisine_id,cook_id,recipe_id) VALUES (352,36, 14, 67, 6);
INSERT INTO Rates (episode_combo_id,episode_judge_id,rating) VALUES (352,106,3);
INSERT INTO Rates (episode_combo_id,episode_judge_id,rating) VALUES (352,107,5);
INSERT INTO Rates (episode_combo_id,episode_judge_id,rating) VALUES (352,108,3);
INSERT INTO Episode_Combo (episode_combo_id,episode_id, national_cuisine_id,cook_id,recipe_id) VALUES (353,36, 3, 20, 56);
INSERT INTO Rates (episode_combo_id,episode_judge_id,rating) VALUES (353,106,2);
INSERT INTO Rates (episode_combo_id,episode_judge_id,rating) VALUES (353,107,4);
INSERT INTO Rates (episode_combo_id,episode_judge_id,rating) VALUES (353,108,4);
INSERT INTO Episode_Combo (episode_combo_id,episode_id, national_cuisine_id,cook_id,recipe_id) VALUES (354,36, 15, 52, 8);
INSERT INTO Rates (episode_combo_id,episode_judge_id,rating) VALUES (354,106,5);
INSERT INTO Rates (episode_combo_id,episode_judge_id,rating) VALUES (354,107,2);
INSERT INTO Rates (episode_combo_id,episode_judge_id,rating) VALUES (354,108,2);
INSERT INTO Episode_Combo (episode_combo_id,episode_id, national_cuisine_id,cook_id,recipe_id) VALUES (355,36, 10, 2, 30);
INSERT INTO Rates (episode_combo_id,episode_judge_id,rating) VALUES (355,106,5);
INSERT INTO Rates (episode_combo_id,episode_judge_id,rating) VALUES (355,107,1);
INSERT INTO Rates (episode_combo_id,episode_judge_id,rating) VALUES (355,108,5);
INSERT INTO Episode_Combo (episode_combo_id,episode_id, national_cuisine_id,cook_id,recipe_id) VALUES (356,36, 12, 58, 98);
INSERT INTO Rates (episode_combo_id,episode_judge_id,rating) VALUES (356,106,2);
INSERT INTO Rates (episode_combo_id,episode_judge_id,rating) VALUES (356,107,5);
INSERT INTO Rates (episode_combo_id,episode_judge_id,rating) VALUES (356,108,2);
INSERT INTO Episode_Combo (episode_combo_id,episode_id, national_cuisine_id,cook_id,recipe_id) VALUES (357,36, 13, 24, 95);
INSERT INTO Rates (episode_combo_id,episode_judge_id,rating) VALUES (357,106,2);
INSERT INTO Rates (episode_combo_id,episode_judge_id,rating) VALUES (357,107,1);
INSERT INTO Rates (episode_combo_id,episode_judge_id,rating) VALUES (357,108,3);
INSERT INTO Episode_Combo (episode_combo_id,episode_id, national_cuisine_id,cook_id,recipe_id) VALUES (358,36, 8, 21, 17);
INSERT INTO Rates (episode_combo_id,episode_judge_id,rating) VALUES (358,106,1);
INSERT INTO Rates (episode_combo_id,episode_judge_id,rating) VALUES (358,107,4);
INSERT INTO Rates (episode_combo_id,episode_judge_id,rating) VALUES (358,108,1);
INSERT INTO Episode_Combo (episode_combo_id,episode_id, national_cuisine_id,cook_id,recipe_id) VALUES (359,36, 12, 38, 32);
INSERT INTO Rates (episode_combo_id,episode_judge_id,rating) VALUES (359,106,4);
INSERT INTO Rates (episode_combo_id,episode_judge_id,rating) VALUES (359,107,1);
INSERT INTO Rates (episode_combo_id,episode_judge_id,rating) VALUES (359,108,5);
INSERT INTO Episode_Combo (episode_combo_id,episode_id, national_cuisine_id,cook_id,recipe_id) VALUES (360,36, 16, 1, 3);
INSERT INTO Rates (episode_combo_id,episode_judge_id,rating) VALUES (360,106,5);
INSERT INTO Rates (episode_combo_id,episode_judge_id,rating) VALUES (360,107,3);
INSERT INTO Rates (episode_combo_id,episode_judge_id,rating) VALUES (360,108,5);
INSERT INTO Episode (episode_id, year,episode_number,image_id) VALUES (37, 2022, 7, 464);
INSERT INTO Episode_Judge (episode_judge_id,episode_id, judge_id) VALUES (109,37,36);
INSERT INTO Episode_Judge (episode_judge_id,episode_id, judge_id) VALUES (110,37,49);
INSERT INTO Episode_Judge (episode_judge_id,episode_id, judge_id) VALUES (111,37,46);
INSERT INTO Episode_Combo (episode_combo_id,episode_id, national_cuisine_id,cook_id,recipe_id) VALUES (361,37, 5, 69, 54);
INSERT INTO Rates (episode_combo_id,episode_judge_id,rating) VALUES (361,109,3);
INSERT INTO Rates (episode_combo_id,episode_judge_id,rating) VALUES (361,110,4);
INSERT INTO Rates (episode_combo_id,episode_judge_id,rating) VALUES (361,111,4);
INSERT INTO Episode_Combo (episode_combo_id,episode_id, national_cuisine_id,cook_id,recipe_id) VALUES (362,37, 15, 64, 99);
INSERT INTO Rates (episode_combo_id,episode_judge_id,rating) VALUES (362,109,5);
INSERT INTO Rates (episode_combo_id,episode_judge_id,rating) VALUES (362,110,1);
INSERT INTO Rates (episode_combo_id,episode_judge_id,rating) VALUES (362,111,1);
INSERT INTO Episode_Combo (episode_combo_id,episode_id, national_cuisine_id,cook_id,recipe_id) VALUES (363,37, 20, 21, 19);
INSERT INTO Rates (episode_combo_id,episode_judge_id,rating) VALUES (363,109,1);
INSERT INTO Rates (episode_combo_id,episode_judge_id,rating) VALUES (363,110,3);
INSERT INTO Rates (episode_combo_id,episode_judge_id,rating) VALUES (363,111,1);
INSERT INTO Episode_Combo (episode_combo_id,episode_id, national_cuisine_id,cook_id,recipe_id) VALUES (364,37, 12, 50, 66);
INSERT INTO Rates (episode_combo_id,episode_judge_id,rating) VALUES (364,109,4);
INSERT INTO Rates (episode_combo_id,episode_judge_id,rating) VALUES (364,110,2);
INSERT INTO Rates (episode_combo_id,episode_judge_id,rating) VALUES (364,111,4);
INSERT INTO Episode_Combo (episode_combo_id,episode_id, national_cuisine_id,cook_id,recipe_id) VALUES (365,37, 12, 26, 35);
INSERT INTO Rates (episode_combo_id,episode_judge_id,rating) VALUES (365,109,3);
INSERT INTO Rates (episode_combo_id,episode_judge_id,rating) VALUES (365,110,3);
INSERT INTO Rates (episode_combo_id,episode_judge_id,rating) VALUES (365,111,3);
INSERT INTO Episode_Combo (episode_combo_id,episode_id, national_cuisine_id,cook_id,recipe_id) VALUES (366,37, 9, 44, 10);
INSERT INTO Rates (episode_combo_id,episode_judge_id,rating) VALUES (366,109,1);
INSERT INTO Rates (episode_combo_id,episode_judge_id,rating) VALUES (366,110,4);
INSERT INTO Rates (episode_combo_id,episode_judge_id,rating) VALUES (366,111,3);
INSERT INTO Episode_Combo (episode_combo_id,episode_id, national_cuisine_id,cook_id,recipe_id) VALUES (367,37, 3, 32, 20);
INSERT INTO Rates (episode_combo_id,episode_judge_id,rating) VALUES (367,109,1);
INSERT INTO Rates (episode_combo_id,episode_judge_id,rating) VALUES (367,110,3);
INSERT INTO Rates (episode_combo_id,episode_judge_id,rating) VALUES (367,111,2);
INSERT INTO Episode_Combo (episode_combo_id,episode_id, national_cuisine_id,cook_id,recipe_id) VALUES (368,37, 6, 53, 93);
INSERT INTO Rates (episode_combo_id,episode_judge_id,rating) VALUES (368,109,2);
INSERT INTO Rates (episode_combo_id,episode_judge_id,rating) VALUES (368,110,2);
INSERT INTO Rates (episode_combo_id,episode_judge_id,rating) VALUES (368,111,2);
INSERT INTO Episode_Combo (episode_combo_id,episode_id, national_cuisine_id,cook_id,recipe_id) VALUES (369,37, 2, 3, 7);
INSERT INTO Rates (episode_combo_id,episode_judge_id,rating) VALUES (369,109,3);
INSERT INTO Rates (episode_combo_id,episode_judge_id,rating) VALUES (369,110,3);
INSERT INTO Rates (episode_combo_id,episode_judge_id,rating) VALUES (369,111,5);
INSERT INTO Episode_Combo (episode_combo_id,episode_id, national_cuisine_id,cook_id,recipe_id) VALUES (370,37, 15, 17, 7);
INSERT INTO Rates (episode_combo_id,episode_judge_id,rating) VALUES (370,109,5);
INSERT INTO Rates (episode_combo_id,episode_judge_id,rating) VALUES (370,110,4);
INSERT INTO Rates (episode_combo_id,episode_judge_id,rating) VALUES (370,111,5);
INSERT INTO Episode (episode_id, year,episode_number,image_id) VALUES (38, 2022, 8, 465);
INSERT INTO Episode_Judge (episode_judge_id,episode_id, judge_id) VALUES (112,38,32);
INSERT INTO Episode_Judge (episode_judge_id,episode_id, judge_id) VALUES (113,38,48);
INSERT INTO Episode_Judge (episode_judge_id,episode_id, judge_id) VALUES (114,38,32);
INSERT INTO Episode_Combo (episode_combo_id,episode_id, national_cuisine_id,cook_id,recipe_id) VALUES (371,38, 17, 63, 63);
INSERT INTO Rates (episode_combo_id,episode_judge_id,rating) VALUES (371,112,4);
INSERT INTO Rates (episode_combo_id,episode_judge_id,rating) VALUES (371,113,3);
INSERT INTO Rates (episode_combo_id,episode_judge_id,rating) VALUES (371,114,5);
INSERT INTO Episode_Combo (episode_combo_id,episode_id, national_cuisine_id,cook_id,recipe_id) VALUES (372,38, 11, 22, 5);
INSERT INTO Rates (episode_combo_id,episode_judge_id,rating) VALUES (372,112,5);
INSERT INTO Rates (episode_combo_id,episode_judge_id,rating) VALUES (372,113,3);
INSERT INTO Rates (episode_combo_id,episode_judge_id,rating) VALUES (372,114,1);
INSERT INTO Episode_Combo (episode_combo_id,episode_id, national_cuisine_id,cook_id,recipe_id) VALUES (373,38, 18, 17, 94);
INSERT INTO Rates (episode_combo_id,episode_judge_id,rating) VALUES (373,112,4);
INSERT INTO Rates (episode_combo_id,episode_judge_id,rating) VALUES (373,113,2);
INSERT INTO Rates (episode_combo_id,episode_judge_id,rating) VALUES (373,114,3);
INSERT INTO Episode_Combo (episode_combo_id,episode_id, national_cuisine_id,cook_id,recipe_id) VALUES (374,38, 4, 29, 97);
INSERT INTO Rates (episode_combo_id,episode_judge_id,rating) VALUES (374,112,1);
INSERT INTO Rates (episode_combo_id,episode_judge_id,rating) VALUES (374,113,2);
INSERT INTO Rates (episode_combo_id,episode_judge_id,rating) VALUES (374,114,2);
INSERT INTO Episode_Combo (episode_combo_id,episode_id, national_cuisine_id,cook_id,recipe_id) VALUES (375,38, 3, 33, 58);
INSERT INTO Rates (episode_combo_id,episode_judge_id,rating) VALUES (375,112,3);
INSERT INTO Rates (episode_combo_id,episode_judge_id,rating) VALUES (375,113,5);
INSERT INTO Rates (episode_combo_id,episode_judge_id,rating) VALUES (375,114,4);
INSERT INTO Episode_Combo (episode_combo_id,episode_id, national_cuisine_id,cook_id,recipe_id) VALUES (376,38, 19, 34, 70);
INSERT INTO Rates (episode_combo_id,episode_judge_id,rating) VALUES (376,112,3);
INSERT INTO Rates (episode_combo_id,episode_judge_id,rating) VALUES (376,113,1);
INSERT INTO Rates (episode_combo_id,episode_judge_id,rating) VALUES (376,114,1);
INSERT INTO Episode_Combo (episode_combo_id,episode_id, national_cuisine_id,cook_id,recipe_id) VALUES (377,38, 11, 97, 18);
INSERT INTO Rates (episode_combo_id,episode_judge_id,rating) VALUES (377,112,4);
INSERT INTO Rates (episode_combo_id,episode_judge_id,rating) VALUES (377,113,5);
INSERT INTO Rates (episode_combo_id,episode_judge_id,rating) VALUES (377,114,4);
INSERT INTO Episode_Combo (episode_combo_id,episode_id, national_cuisine_id,cook_id,recipe_id) VALUES (378,38, 8, 33, 49);
INSERT INTO Rates (episode_combo_id,episode_judge_id,rating) VALUES (378,112,3);
INSERT INTO Rates (episode_combo_id,episode_judge_id,rating) VALUES (378,113,4);
INSERT INTO Rates (episode_combo_id,episode_judge_id,rating) VALUES (378,114,1);
INSERT INTO Episode_Combo (episode_combo_id,episode_id, national_cuisine_id,cook_id,recipe_id) VALUES (379,38, 17, 58, 87);
INSERT INTO Rates (episode_combo_id,episode_judge_id,rating) VALUES (379,112,2);
INSERT INTO Rates (episode_combo_id,episode_judge_id,rating) VALUES (379,113,4);
INSERT INTO Rates (episode_combo_id,episode_judge_id,rating) VALUES (379,114,1);
INSERT INTO Episode_Combo (episode_combo_id,episode_id, national_cuisine_id,cook_id,recipe_id) VALUES (380,38, 18, 11, 48);
INSERT INTO Rates (episode_combo_id,episode_judge_id,rating) VALUES (380,112,5);
INSERT INTO Rates (episode_combo_id,episode_judge_id,rating) VALUES (380,113,1);
INSERT INTO Rates (episode_combo_id,episode_judge_id,rating) VALUES (380,114,2);
INSERT INTO Episode (episode_id, year,episode_number,image_id) VALUES (39, 2022, 9, 466);
INSERT INTO Episode_Judge (episode_judge_id,episode_id, judge_id) VALUES (115,39,39);
INSERT INTO Episode_Judge (episode_judge_id,episode_id, judge_id) VALUES (116,39,20);
INSERT INTO Episode_Judge (episode_judge_id,episode_id, judge_id) VALUES (117,39,7);
INSERT INTO Episode_Combo (episode_combo_id,episode_id, national_cuisine_id,cook_id,recipe_id) VALUES (381,39, 11, 48, 55);
INSERT INTO Rates (episode_combo_id,episode_judge_id,rating) VALUES (381,115,2);
INSERT INTO Rates (episode_combo_id,episode_judge_id,rating) VALUES (381,116,3);
INSERT INTO Rates (episode_combo_id,episode_judge_id,rating) VALUES (381,117,5);
INSERT INTO Episode_Combo (episode_combo_id,episode_id, national_cuisine_id,cook_id,recipe_id) VALUES (382,39, 19, 65, 64);
INSERT INTO Rates (episode_combo_id,episode_judge_id,rating) VALUES (382,115,2);
INSERT INTO Rates (episode_combo_id,episode_judge_id,rating) VALUES (382,116,1);
INSERT INTO Rates (episode_combo_id,episode_judge_id,rating) VALUES (382,117,2);
INSERT INTO Episode_Combo (episode_combo_id,episode_id, national_cuisine_id,cook_id,recipe_id) VALUES (383,39, 2, 61, 97);
INSERT INTO Rates (episode_combo_id,episode_judge_id,rating) VALUES (383,115,1);
INSERT INTO Rates (episode_combo_id,episode_judge_id,rating) VALUES (383,116,5);
INSERT INTO Rates (episode_combo_id,episode_judge_id,rating) VALUES (383,117,2);
INSERT INTO Episode_Combo (episode_combo_id,episode_id, national_cuisine_id,cook_id,recipe_id) VALUES (384,39, 5, 65, 39);
INSERT INTO Rates (episode_combo_id,episode_judge_id,rating) VALUES (384,115,5);
INSERT INTO Rates (episode_combo_id,episode_judge_id,rating) VALUES (384,116,1);
INSERT INTO Rates (episode_combo_id,episode_judge_id,rating) VALUES (384,117,4);
INSERT INTO Episode_Combo (episode_combo_id,episode_id, national_cuisine_id,cook_id,recipe_id) VALUES (385,39, 2, 10, 76);
INSERT INTO Rates (episode_combo_id,episode_judge_id,rating) VALUES (385,115,4);
INSERT INTO Rates (episode_combo_id,episode_judge_id,rating) VALUES (385,116,5);
INSERT INTO Rates (episode_combo_id,episode_judge_id,rating) VALUES (385,117,5);
INSERT INTO Episode_Combo (episode_combo_id,episode_id, national_cuisine_id,cook_id,recipe_id) VALUES (386,39, 20, 15, 28);
INSERT INTO Rates (episode_combo_id,episode_judge_id,rating) VALUES (386,115,3);
INSERT INTO Rates (episode_combo_id,episode_judge_id,rating) VALUES (386,116,2);
INSERT INTO Rates (episode_combo_id,episode_judge_id,rating) VALUES (386,117,1);
INSERT INTO Episode_Combo (episode_combo_id,episode_id, national_cuisine_id,cook_id,recipe_id) VALUES (387,39, 12, 77, 85);
INSERT INTO Rates (episode_combo_id,episode_judge_id,rating) VALUES (387,115,5);
INSERT INTO Rates (episode_combo_id,episode_judge_id,rating) VALUES (387,116,4);
INSERT INTO Rates (episode_combo_id,episode_judge_id,rating) VALUES (387,117,3);
INSERT INTO Episode_Combo (episode_combo_id,episode_id, national_cuisine_id,cook_id,recipe_id) VALUES (388,39, 11, 45, 86);
INSERT INTO Rates (episode_combo_id,episode_judge_id,rating) VALUES (388,115,4);
INSERT INTO Rates (episode_combo_id,episode_judge_id,rating) VALUES (388,116,2);
INSERT INTO Rates (episode_combo_id,episode_judge_id,rating) VALUES (388,117,4);
INSERT INTO Episode_Combo (episode_combo_id,episode_id, national_cuisine_id,cook_id,recipe_id) VALUES (389,39, 6, 23, 3);
INSERT INTO Rates (episode_combo_id,episode_judge_id,rating) VALUES (389,115,1);
INSERT INTO Rates (episode_combo_id,episode_judge_id,rating) VALUES (389,116,2);
INSERT INTO Rates (episode_combo_id,episode_judge_id,rating) VALUES (389,117,4);
INSERT INTO Episode_Combo (episode_combo_id,episode_id, national_cuisine_id,cook_id,recipe_id) VALUES (390,39, 7, 22, 5);
INSERT INTO Rates (episode_combo_id,episode_judge_id,rating) VALUES (390,115,5);
INSERT INTO Rates (episode_combo_id,episode_judge_id,rating) VALUES (390,116,4);
INSERT INTO Rates (episode_combo_id,episode_judge_id,rating) VALUES (390,117,1);
INSERT INTO Episode (episode_id, year,episode_number,image_id) VALUES (40, 2022, 10, 467);
INSERT INTO Episode_Judge (episode_judge_id,episode_id, judge_id) VALUES (118,40,66);
INSERT INTO Episode_Judge (episode_judge_id,episode_id, judge_id) VALUES (119,40,37);
INSERT INTO Episode_Judge (episode_judge_id,episode_id, judge_id) VALUES (120,40,67);
INSERT INTO Episode_Combo (episode_combo_id,episode_id, national_cuisine_id,cook_id,recipe_id) VALUES (391,40, 8, 19, 17);
INSERT INTO Rates (episode_combo_id,episode_judge_id,rating) VALUES (391,118,5);
INSERT INTO Rates (episode_combo_id,episode_judge_id,rating) VALUES (391,119,2);
INSERT INTO Rates (episode_combo_id,episode_judge_id,rating) VALUES (391,120,1);
INSERT INTO Episode_Combo (episode_combo_id,episode_id, national_cuisine_id,cook_id,recipe_id) VALUES (392,40, 11, 87, 34);
INSERT INTO Rates (episode_combo_id,episode_judge_id,rating) VALUES (392,118,3);
INSERT INTO Rates (episode_combo_id,episode_judge_id,rating) VALUES (392,119,1);
INSERT INTO Rates (episode_combo_id,episode_judge_id,rating) VALUES (392,120,5);
INSERT INTO Episode_Combo (episode_combo_id,episode_id, national_cuisine_id,cook_id,recipe_id) VALUES (393,40, 15, 14, 97);
INSERT INTO Rates (episode_combo_id,episode_judge_id,rating) VALUES (393,118,4);
INSERT INTO Rates (episode_combo_id,episode_judge_id,rating) VALUES (393,119,1);
INSERT INTO Rates (episode_combo_id,episode_judge_id,rating) VALUES (393,120,4);
INSERT INTO Episode_Combo (episode_combo_id,episode_id, national_cuisine_id,cook_id,recipe_id) VALUES (394,40, 14, 87, 64);
INSERT INTO Rates (episode_combo_id,episode_judge_id,rating) VALUES (394,118,3);
INSERT INTO Rates (episode_combo_id,episode_judge_id,rating) VALUES (394,119,2);
INSERT INTO Rates (episode_combo_id,episode_judge_id,rating) VALUES (394,120,2);
INSERT INTO Episode_Combo (episode_combo_id,episode_id, national_cuisine_id,cook_id,recipe_id) VALUES (395,40, 7, 32, 30);
INSERT INTO Rates (episode_combo_id,episode_judge_id,rating) VALUES (395,118,3);
INSERT INTO Rates (episode_combo_id,episode_judge_id,rating) VALUES (395,119,2);
INSERT INTO Rates (episode_combo_id,episode_judge_id,rating) VALUES (395,120,1);
INSERT INTO Episode_Combo (episode_combo_id,episode_id, national_cuisine_id,cook_id,recipe_id) VALUES (396,40, 20, 73, 88);
INSERT INTO Rates (episode_combo_id,episode_judge_id,rating) VALUES (396,118,5);
INSERT INTO Rates (episode_combo_id,episode_judge_id,rating) VALUES (396,119,2);
INSERT INTO Rates (episode_combo_id,episode_judge_id,rating) VALUES (396,120,2);
INSERT INTO Episode_Combo (episode_combo_id,episode_id, national_cuisine_id,cook_id,recipe_id) VALUES (397,40, 16, 84, 92);
INSERT INTO Rates (episode_combo_id,episode_judge_id,rating) VALUES (397,118,2);
INSERT INTO Rates (episode_combo_id,episode_judge_id,rating) VALUES (397,119,5);
INSERT INTO Rates (episode_combo_id,episode_judge_id,rating) VALUES (397,120,5);
INSERT INTO Episode_Combo (episode_combo_id,episode_id, national_cuisine_id,cook_id,recipe_id) VALUES (398,40, 1, 56, 56);
INSERT INTO Rates (episode_combo_id,episode_judge_id,rating) VALUES (398,118,2);
INSERT INTO Rates (episode_combo_id,episode_judge_id,rating) VALUES (398,119,3);
INSERT INTO Rates (episode_combo_id,episode_judge_id,rating) VALUES (398,120,3);
INSERT INTO Episode_Combo (episode_combo_id,episode_id, national_cuisine_id,cook_id,recipe_id) VALUES (399,40, 13, 1, 93);
INSERT INTO Rates (episode_combo_id,episode_judge_id,rating) VALUES (399,118,3);
INSERT INTO Rates (episode_combo_id,episode_judge_id,rating) VALUES (399,119,1);
INSERT INTO Rates (episode_combo_id,episode_judge_id,rating) VALUES (399,120,3);
INSERT INTO Episode_Combo (episode_combo_id,episode_id, national_cuisine_id,cook_id,recipe_id) VALUES (400,40, 12, 79, 58);
INSERT INTO Rates (episode_combo_id,episode_judge_id,rating) VALUES (400,118,3);
INSERT INTO Rates (episode_combo_id,episode_judge_id,rating) VALUES (400,119,2);
INSERT INTO Rates (episode_combo_id,episode_judge_id,rating) VALUES (400,120,4);
INSERT INTO Episode (episode_id, year,episode_number,image_id) VALUES (41, 2023, 1, 468);
INSERT INTO Episode_Judge (episode_judge_id,episode_id, judge_id) VALUES (121,41,96);
INSERT INTO Episode_Judge (episode_judge_id,episode_id, judge_id) VALUES (122,41,100);
INSERT INTO Episode_Judge (episode_judge_id,episode_id, judge_id) VALUES (123,41,100);
INSERT INTO Episode_Combo (episode_combo_id,episode_id, national_cuisine_id,cook_id,recipe_id) VALUES (401,41, 19, 93, 90);
INSERT INTO Rates (episode_combo_id,episode_judge_id,rating) VALUES (401,121,1);
INSERT INTO Rates (episode_combo_id,episode_judge_id,rating) VALUES (401,122,2);
INSERT INTO Rates (episode_combo_id,episode_judge_id,rating) VALUES (401,123,2);
INSERT INTO Episode_Combo (episode_combo_id,episode_id, national_cuisine_id,cook_id,recipe_id) VALUES (402,41, 13, 85, 27);
INSERT INTO Rates (episode_combo_id,episode_judge_id,rating) VALUES (402,121,1);
INSERT INTO Rates (episode_combo_id,episode_judge_id,rating) VALUES (402,122,4);
INSERT INTO Rates (episode_combo_id,episode_judge_id,rating) VALUES (402,123,4);
INSERT INTO Episode_Combo (episode_combo_id,episode_id, national_cuisine_id,cook_id,recipe_id) VALUES (403,41, 6, 97, 76);
INSERT INTO Rates (episode_combo_id,episode_judge_id,rating) VALUES (403,121,5);
INSERT INTO Rates (episode_combo_id,episode_judge_id,rating) VALUES (403,122,5);
INSERT INTO Rates (episode_combo_id,episode_judge_id,rating) VALUES (403,123,2);
INSERT INTO Episode_Combo (episode_combo_id,episode_id, national_cuisine_id,cook_id,recipe_id) VALUES (404,41, 20, 20, 9);
INSERT INTO Rates (episode_combo_id,episode_judge_id,rating) VALUES (404,121,4);
INSERT INTO Rates (episode_combo_id,episode_judge_id,rating) VALUES (404,122,4);
INSERT INTO Rates (episode_combo_id,episode_judge_id,rating) VALUES (404,123,4);
INSERT INTO Episode_Combo (episode_combo_id,episode_id, national_cuisine_id,cook_id,recipe_id) VALUES (405,41, 9, 58, 39);
INSERT INTO Rates (episode_combo_id,episode_judge_id,rating) VALUES (405,121,1);
INSERT INTO Rates (episode_combo_id,episode_judge_id,rating) VALUES (405,122,5);
INSERT INTO Rates (episode_combo_id,episode_judge_id,rating) VALUES (405,123,4);
INSERT INTO Episode_Combo (episode_combo_id,episode_id, national_cuisine_id,cook_id,recipe_id) VALUES (406,41, 13, 30, 8);
INSERT INTO Rates (episode_combo_id,episode_judge_id,rating) VALUES (406,121,1);
INSERT INTO Rates (episode_combo_id,episode_judge_id,rating) VALUES (406,122,4);
INSERT INTO Rates (episode_combo_id,episode_judge_id,rating) VALUES (406,123,3);
INSERT INTO Episode_Combo (episode_combo_id,episode_id, national_cuisine_id,cook_id,recipe_id) VALUES (407,41, 14, 46, 79);
INSERT INTO Rates (episode_combo_id,episode_judge_id,rating) VALUES (407,121,1);
INSERT INTO Rates (episode_combo_id,episode_judge_id,rating) VALUES (407,122,3);
INSERT INTO Rates (episode_combo_id,episode_judge_id,rating) VALUES (407,123,2);
INSERT INTO Episode_Combo (episode_combo_id,episode_id, national_cuisine_id,cook_id,recipe_id) VALUES (408,41, 2, 83, 12);
INSERT INTO Rates (episode_combo_id,episode_judge_id,rating) VALUES (408,121,1);
INSERT INTO Rates (episode_combo_id,episode_judge_id,rating) VALUES (408,122,2);
INSERT INTO Rates (episode_combo_id,episode_judge_id,rating) VALUES (408,123,1);
INSERT INTO Episode_Combo (episode_combo_id,episode_id, national_cuisine_id,cook_id,recipe_id) VALUES (409,41, 16, 99, 49);
INSERT INTO Rates (episode_combo_id,episode_judge_id,rating) VALUES (409,121,1);
INSERT INTO Rates (episode_combo_id,episode_judge_id,rating) VALUES (409,122,1);
INSERT INTO Rates (episode_combo_id,episode_judge_id,rating) VALUES (409,123,4);
INSERT INTO Episode_Combo (episode_combo_id,episode_id, national_cuisine_id,cook_id,recipe_id) VALUES (410,41, 11, 47, 24);
INSERT INTO Rates (episode_combo_id,episode_judge_id,rating) VALUES (410,121,4);
INSERT INTO Rates (episode_combo_id,episode_judge_id,rating) VALUES (410,122,3);
INSERT INTO Rates (episode_combo_id,episode_judge_id,rating) VALUES (410,123,5);
INSERT INTO Episode (episode_id, year,episode_number,image_id) VALUES (42, 2023, 2, 469);
INSERT INTO Episode_Judge (episode_judge_id,episode_id, judge_id) VALUES (124,42,55);
INSERT INTO Episode_Judge (episode_judge_id,episode_id, judge_id) VALUES (125,42,75);
INSERT INTO Episode_Judge (episode_judge_id,episode_id, judge_id) VALUES (126,42,52);
INSERT INTO Episode_Combo (episode_combo_id,episode_id, national_cuisine_id,cook_id,recipe_id) VALUES (411,42, 12, 23, 85);
INSERT INTO Rates (episode_combo_id,episode_judge_id,rating) VALUES (411,124,2);
INSERT INTO Rates (episode_combo_id,episode_judge_id,rating) VALUES (411,125,1);
INSERT INTO Rates (episode_combo_id,episode_judge_id,rating) VALUES (411,126,4);
INSERT INTO Episode_Combo (episode_combo_id,episode_id, national_cuisine_id,cook_id,recipe_id) VALUES (412,42, 6, 38, 76);
INSERT INTO Rates (episode_combo_id,episode_judge_id,rating) VALUES (412,124,4);
INSERT INTO Rates (episode_combo_id,episode_judge_id,rating) VALUES (412,125,1);
INSERT INTO Rates (episode_combo_id,episode_judge_id,rating) VALUES (412,126,1);
INSERT INTO Episode_Combo (episode_combo_id,episode_id, national_cuisine_id,cook_id,recipe_id) VALUES (413,42, 7, 22, 15);
INSERT INTO Rates (episode_combo_id,episode_judge_id,rating) VALUES (413,124,2);
INSERT INTO Rates (episode_combo_id,episode_judge_id,rating) VALUES (413,125,2);
INSERT INTO Rates (episode_combo_id,episode_judge_id,rating) VALUES (413,126,3);
INSERT INTO Episode_Combo (episode_combo_id,episode_id, national_cuisine_id,cook_id,recipe_id) VALUES (414,42, 19, 20, 49);
INSERT INTO Rates (episode_combo_id,episode_judge_id,rating) VALUES (414,124,3);
INSERT INTO Rates (episode_combo_id,episode_judge_id,rating) VALUES (414,125,1);
INSERT INTO Rates (episode_combo_id,episode_judge_id,rating) VALUES (414,126,1);
INSERT INTO Episode_Combo (episode_combo_id,episode_id, national_cuisine_id,cook_id,recipe_id) VALUES (415,42, 5, 91, 63);
INSERT INTO Rates (episode_combo_id,episode_judge_id,rating) VALUES (415,124,1);
INSERT INTO Rates (episode_combo_id,episode_judge_id,rating) VALUES (415,125,1);
INSERT INTO Rates (episode_combo_id,episode_judge_id,rating) VALUES (415,126,2);
INSERT INTO Episode_Combo (episode_combo_id,episode_id, national_cuisine_id,cook_id,recipe_id) VALUES (416,42, 19, 74, 34);
INSERT INTO Rates (episode_combo_id,episode_judge_id,rating) VALUES (416,124,4);
INSERT INTO Rates (episode_combo_id,episode_judge_id,rating) VALUES (416,125,4);
INSERT INTO Rates (episode_combo_id,episode_judge_id,rating) VALUES (416,126,2);
INSERT INTO Episode_Combo (episode_combo_id,episode_id, national_cuisine_id,cook_id,recipe_id) VALUES (417,42, 1, 75, 91);
INSERT INTO Rates (episode_combo_id,episode_judge_id,rating) VALUES (417,124,2);
INSERT INTO Rates (episode_combo_id,episode_judge_id,rating) VALUES (417,125,2);
INSERT INTO Rates (episode_combo_id,episode_judge_id,rating) VALUES (417,126,5);
INSERT INTO Episode_Combo (episode_combo_id,episode_id, national_cuisine_id,cook_id,recipe_id) VALUES (418,42, 9, 52, 71);
INSERT INTO Rates (episode_combo_id,episode_judge_id,rating) VALUES (418,124,4);
INSERT INTO Rates (episode_combo_id,episode_judge_id,rating) VALUES (418,125,3);
INSERT INTO Rates (episode_combo_id,episode_judge_id,rating) VALUES (418,126,5);
INSERT INTO Episode_Combo (episode_combo_id,episode_id, national_cuisine_id,cook_id,recipe_id) VALUES (419,42, 5, 28, 9);
INSERT INTO Rates (episode_combo_id,episode_judge_id,rating) VALUES (419,124,3);
INSERT INTO Rates (episode_combo_id,episode_judge_id,rating) VALUES (419,125,1);
INSERT INTO Rates (episode_combo_id,episode_judge_id,rating) VALUES (419,126,5);
INSERT INTO Episode_Combo (episode_combo_id,episode_id, national_cuisine_id,cook_id,recipe_id) VALUES (420,42, 3, 66, 1);
INSERT INTO Rates (episode_combo_id,episode_judge_id,rating) VALUES (420,124,5);
INSERT INTO Rates (episode_combo_id,episode_judge_id,rating) VALUES (420,125,2);
INSERT INTO Rates (episode_combo_id,episode_judge_id,rating) VALUES (420,126,1);
INSERT INTO Episode (episode_id, year,episode_number,image_id) VALUES (43, 2023, 3, 470);
INSERT INTO Episode_Judge (episode_judge_id,episode_id, judge_id) VALUES (127,43,79);
INSERT INTO Episode_Judge (episode_judge_id,episode_id, judge_id) VALUES (128,43,24);
INSERT INTO Episode_Judge (episode_judge_id,episode_id, judge_id) VALUES (129,43,16);
INSERT INTO Episode_Combo (episode_combo_id,episode_id, national_cuisine_id,cook_id,recipe_id) VALUES (421,43, 6, 69, 33);
INSERT INTO Rates (episode_combo_id,episode_judge_id,rating) VALUES (421,127,1);
INSERT INTO Rates (episode_combo_id,episode_judge_id,rating) VALUES (421,128,3);
INSERT INTO Rates (episode_combo_id,episode_judge_id,rating) VALUES (421,129,2);
INSERT INTO Episode_Combo (episode_combo_id,episode_id, national_cuisine_id,cook_id,recipe_id) VALUES (422,43, 20, 84, 83);
INSERT INTO Rates (episode_combo_id,episode_judge_id,rating) VALUES (422,127,3);
INSERT INTO Rates (episode_combo_id,episode_judge_id,rating) VALUES (422,128,3);
INSERT INTO Rates (episode_combo_id,episode_judge_id,rating) VALUES (422,129,2);
INSERT INTO Episode_Combo (episode_combo_id,episode_id, national_cuisine_id,cook_id,recipe_id) VALUES (423,43, 11, 94, 35);
INSERT INTO Rates (episode_combo_id,episode_judge_id,rating) VALUES (423,127,4);
INSERT INTO Rates (episode_combo_id,episode_judge_id,rating) VALUES (423,128,4);
INSERT INTO Rates (episode_combo_id,episode_judge_id,rating) VALUES (423,129,4);
INSERT INTO Episode_Combo (episode_combo_id,episode_id, national_cuisine_id,cook_id,recipe_id) VALUES (424,43, 12, 25, 79);
INSERT INTO Rates (episode_combo_id,episode_judge_id,rating) VALUES (424,127,3);
INSERT INTO Rates (episode_combo_id,episode_judge_id,rating) VALUES (424,128,3);
INSERT INTO Rates (episode_combo_id,episode_judge_id,rating) VALUES (424,129,2);
INSERT INTO Episode_Combo (episode_combo_id,episode_id, national_cuisine_id,cook_id,recipe_id) VALUES (425,43, 3, 83, 23);
INSERT INTO Rates (episode_combo_id,episode_judge_id,rating) VALUES (425,127,2);
INSERT INTO Rates (episode_combo_id,episode_judge_id,rating) VALUES (425,128,1);
INSERT INTO Rates (episode_combo_id,episode_judge_id,rating) VALUES (425,129,3);
INSERT INTO Episode_Combo (episode_combo_id,episode_id, national_cuisine_id,cook_id,recipe_id) VALUES (426,43, 2, 1, 1);
INSERT INTO Rates (episode_combo_id,episode_judge_id,rating) VALUES (426,127,1);
INSERT INTO Rates (episode_combo_id,episode_judge_id,rating) VALUES (426,128,5);
INSERT INTO Rates (episode_combo_id,episode_judge_id,rating) VALUES (426,129,1);
INSERT INTO Episode_Combo (episode_combo_id,episode_id, national_cuisine_id,cook_id,recipe_id) VALUES (427,43, 8, 48, 92);
INSERT INTO Rates (episode_combo_id,episode_judge_id,rating) VALUES (427,127,5);
INSERT INTO Rates (episode_combo_id,episode_judge_id,rating) VALUES (427,128,3);
INSERT INTO Rates (episode_combo_id,episode_judge_id,rating) VALUES (427,129,5);
INSERT INTO Episode_Combo (episode_combo_id,episode_id, national_cuisine_id,cook_id,recipe_id) VALUES (428,43, 16, 18, 26);
INSERT INTO Rates (episode_combo_id,episode_judge_id,rating) VALUES (428,127,5);
INSERT INTO Rates (episode_combo_id,episode_judge_id,rating) VALUES (428,128,2);
INSERT INTO Rates (episode_combo_id,episode_judge_id,rating) VALUES (428,129,2);
INSERT INTO Episode_Combo (episode_combo_id,episode_id, national_cuisine_id,cook_id,recipe_id) VALUES (429,43, 13, 86, 95);
INSERT INTO Rates (episode_combo_id,episode_judge_id,rating) VALUES (429,127,4);
INSERT INTO Rates (episode_combo_id,episode_judge_id,rating) VALUES (429,128,4);
INSERT INTO Rates (episode_combo_id,episode_judge_id,rating) VALUES (429,129,4);
INSERT INTO Episode_Combo (episode_combo_id,episode_id, national_cuisine_id,cook_id,recipe_id) VALUES (430,43, 2, 83, 92);
INSERT INTO Rates (episode_combo_id,episode_judge_id,rating) VALUES (430,127,2);
INSERT INTO Rates (episode_combo_id,episode_judge_id,rating) VALUES (430,128,3);
INSERT INTO Rates (episode_combo_id,episode_judge_id,rating) VALUES (430,129,1);
INSERT INTO Episode (episode_id, year,episode_number,image_id) VALUES (44, 2023, 4, 471);
INSERT INTO Episode_Judge (episode_judge_id,episode_id, judge_id) VALUES (130,44,88);
INSERT INTO Episode_Judge (episode_judge_id,episode_id, judge_id) VALUES (131,44,71);
INSERT INTO Episode_Judge (episode_judge_id,episode_id, judge_id) VALUES (132,44,71);
INSERT INTO Episode_Combo (episode_combo_id,episode_id, national_cuisine_id,cook_id,recipe_id) VALUES (431,44, 6, 1, 8);
INSERT INTO Rates (episode_combo_id,episode_judge_id,rating) VALUES (431,130,3);
INSERT INTO Rates (episode_combo_id,episode_judge_id,rating) VALUES (431,131,5);
INSERT INTO Rates (episode_combo_id,episode_judge_id,rating) VALUES (431,132,4);
INSERT INTO Episode_Combo (episode_combo_id,episode_id, national_cuisine_id,cook_id,recipe_id) VALUES (432,44, 17, 85, 31);
INSERT INTO Rates (episode_combo_id,episode_judge_id,rating) VALUES (432,130,4);
INSERT INTO Rates (episode_combo_id,episode_judge_id,rating) VALUES (432,131,4);
INSERT INTO Rates (episode_combo_id,episode_judge_id,rating) VALUES (432,132,4);
INSERT INTO Episode_Combo (episode_combo_id,episode_id, national_cuisine_id,cook_id,recipe_id) VALUES (433,44, 18, 18, 1);
INSERT INTO Rates (episode_combo_id,episode_judge_id,rating) VALUES (433,130,5);
INSERT INTO Rates (episode_combo_id,episode_judge_id,rating) VALUES (433,131,1);
INSERT INTO Rates (episode_combo_id,episode_judge_id,rating) VALUES (433,132,1);
INSERT INTO Episode_Combo (episode_combo_id,episode_id, national_cuisine_id,cook_id,recipe_id) VALUES (434,44, 3, 53, 66);
INSERT INTO Rates (episode_combo_id,episode_judge_id,rating) VALUES (434,130,3);
INSERT INTO Rates (episode_combo_id,episode_judge_id,rating) VALUES (434,131,1);
INSERT INTO Rates (episode_combo_id,episode_judge_id,rating) VALUES (434,132,3);
INSERT INTO Episode_Combo (episode_combo_id,episode_id, national_cuisine_id,cook_id,recipe_id) VALUES (435,44, 7, 54, 78);
INSERT INTO Rates (episode_combo_id,episode_judge_id,rating) VALUES (435,130,4);
INSERT INTO Rates (episode_combo_id,episode_judge_id,rating) VALUES (435,131,1);
INSERT INTO Rates (episode_combo_id,episode_judge_id,rating) VALUES (435,132,1);
INSERT INTO Episode_Combo (episode_combo_id,episode_id, national_cuisine_id,cook_id,recipe_id) VALUES (436,44, 7, 77, 10);
INSERT INTO Rates (episode_combo_id,episode_judge_id,rating) VALUES (436,130,2);
INSERT INTO Rates (episode_combo_id,episode_judge_id,rating) VALUES (436,131,5);
INSERT INTO Rates (episode_combo_id,episode_judge_id,rating) VALUES (436,132,4);
INSERT INTO Episode_Combo (episode_combo_id,episode_id, national_cuisine_id,cook_id,recipe_id) VALUES (437,44, 18, 64, 79);
INSERT INTO Rates (episode_combo_id,episode_judge_id,rating) VALUES (437,130,1);
INSERT INTO Rates (episode_combo_id,episode_judge_id,rating) VALUES (437,131,3);
INSERT INTO Rates (episode_combo_id,episode_judge_id,rating) VALUES (437,132,1);
INSERT INTO Episode_Combo (episode_combo_id,episode_id, national_cuisine_id,cook_id,recipe_id) VALUES (438,44, 15, 98, 100);
INSERT INTO Rates (episode_combo_id,episode_judge_id,rating) VALUES (438,130,2);
INSERT INTO Rates (episode_combo_id,episode_judge_id,rating) VALUES (438,131,2);
INSERT INTO Rates (episode_combo_id,episode_judge_id,rating) VALUES (438,132,1);
INSERT INTO Episode_Combo (episode_combo_id,episode_id, national_cuisine_id,cook_id,recipe_id) VALUES (439,44, 11, 63, 60);
INSERT INTO Rates (episode_combo_id,episode_judge_id,rating) VALUES (439,130,4);
INSERT INTO Rates (episode_combo_id,episode_judge_id,rating) VALUES (439,131,2);
INSERT INTO Rates (episode_combo_id,episode_judge_id,rating) VALUES (439,132,3);
INSERT INTO Episode_Combo (episode_combo_id,episode_id, national_cuisine_id,cook_id,recipe_id) VALUES (440,44, 10, 64, 29);
INSERT INTO Rates (episode_combo_id,episode_judge_id,rating) VALUES (440,130,2);
INSERT INTO Rates (episode_combo_id,episode_judge_id,rating) VALUES (440,131,3);
INSERT INTO Rates (episode_combo_id,episode_judge_id,rating) VALUES (440,132,5);
INSERT INTO Episode (episode_id, year,episode_number,image_id) VALUES (45, 2023, 5, 472);
INSERT INTO Episode_Judge (episode_judge_id,episode_id, judge_id) VALUES (133,45,29);
INSERT INTO Episode_Judge (episode_judge_id,episode_id, judge_id) VALUES (134,45,37);
INSERT INTO Episode_Judge (episode_judge_id,episode_id, judge_id) VALUES (135,45,62);
INSERT INTO Episode_Combo (episode_combo_id,episode_id, national_cuisine_id,cook_id,recipe_id) VALUES (441,45, 1, 3, 59);
INSERT INTO Rates (episode_combo_id,episode_judge_id,rating) VALUES (441,133,5);
INSERT INTO Rates (episode_combo_id,episode_judge_id,rating) VALUES (441,134,5);
INSERT INTO Rates (episode_combo_id,episode_judge_id,rating) VALUES (441,135,1);
INSERT INTO Episode_Combo (episode_combo_id,episode_id, national_cuisine_id,cook_id,recipe_id) VALUES (442,45, 2, 94, 36);
INSERT INTO Rates (episode_combo_id,episode_judge_id,rating) VALUES (442,133,1);
INSERT INTO Rates (episode_combo_id,episode_judge_id,rating) VALUES (442,134,3);
INSERT INTO Rates (episode_combo_id,episode_judge_id,rating) VALUES (442,135,3);
INSERT INTO Episode_Combo (episode_combo_id,episode_id, national_cuisine_id,cook_id,recipe_id) VALUES (443,45, 11, 8, 28);
INSERT INTO Rates (episode_combo_id,episode_judge_id,rating) VALUES (443,133,3);
INSERT INTO Rates (episode_combo_id,episode_judge_id,rating) VALUES (443,134,3);
INSERT INTO Rates (episode_combo_id,episode_judge_id,rating) VALUES (443,135,4);
INSERT INTO Episode_Combo (episode_combo_id,episode_id, national_cuisine_id,cook_id,recipe_id) VALUES (444,45, 12, 43, 33);
INSERT INTO Rates (episode_combo_id,episode_judge_id,rating) VALUES (444,133,3);
INSERT INTO Rates (episode_combo_id,episode_judge_id,rating) VALUES (444,134,3);
INSERT INTO Rates (episode_combo_id,episode_judge_id,rating) VALUES (444,135,2);
INSERT INTO Episode_Combo (episode_combo_id,episode_id, national_cuisine_id,cook_id,recipe_id) VALUES (445,45, 19, 67, 30);
INSERT INTO Rates (episode_combo_id,episode_judge_id,rating) VALUES (445,133,5);
INSERT INTO Rates (episode_combo_id,episode_judge_id,rating) VALUES (445,134,1);
INSERT INTO Rates (episode_combo_id,episode_judge_id,rating) VALUES (445,135,3);
INSERT INTO Episode_Combo (episode_combo_id,episode_id, national_cuisine_id,cook_id,recipe_id) VALUES (446,45, 19, 45, 56);
INSERT INTO Rates (episode_combo_id,episode_judge_id,rating) VALUES (446,133,4);
INSERT INTO Rates (episode_combo_id,episode_judge_id,rating) VALUES (446,134,2);
INSERT INTO Rates (episode_combo_id,episode_judge_id,rating) VALUES (446,135,5);
INSERT INTO Episode_Combo (episode_combo_id,episode_id, national_cuisine_id,cook_id,recipe_id) VALUES (447,45, 17, 22, 38);
INSERT INTO Rates (episode_combo_id,episode_judge_id,rating) VALUES (447,133,2);
INSERT INTO Rates (episode_combo_id,episode_judge_id,rating) VALUES (447,134,2);
INSERT INTO Rates (episode_combo_id,episode_judge_id,rating) VALUES (447,135,5);
INSERT INTO Episode_Combo (episode_combo_id,episode_id, national_cuisine_id,cook_id,recipe_id) VALUES (448,45, 3, 99, 78);
INSERT INTO Rates (episode_combo_id,episode_judge_id,rating) VALUES (448,133,1);
INSERT INTO Rates (episode_combo_id,episode_judge_id,rating) VALUES (448,134,2);
INSERT INTO Rates (episode_combo_id,episode_judge_id,rating) VALUES (448,135,5);
INSERT INTO Episode_Combo (episode_combo_id,episode_id, national_cuisine_id,cook_id,recipe_id) VALUES (449,45, 19, 80, 39);
INSERT INTO Rates (episode_combo_id,episode_judge_id,rating) VALUES (449,133,1);
INSERT INTO Rates (episode_combo_id,episode_judge_id,rating) VALUES (449,134,3);
INSERT INTO Rates (episode_combo_id,episode_judge_id,rating) VALUES (449,135,4);
INSERT INTO Episode_Combo (episode_combo_id,episode_id, national_cuisine_id,cook_id,recipe_id) VALUES (450,45, 1, 44, 30);
INSERT INTO Rates (episode_combo_id,episode_judge_id,rating) VALUES (450,133,1);
INSERT INTO Rates (episode_combo_id,episode_judge_id,rating) VALUES (450,134,3);
INSERT INTO Rates (episode_combo_id,episode_judge_id,rating) VALUES (450,135,3);
INSERT INTO Episode (episode_id, year,episode_number,image_id) VALUES (46, 2023, 6, 473);
INSERT INTO Episode_Judge (episode_judge_id,episode_id, judge_id) VALUES (136,46,61);
INSERT INTO Episode_Judge (episode_judge_id,episode_id, judge_id) VALUES (137,46,92);
INSERT INTO Episode_Judge (episode_judge_id,episode_id, judge_id) VALUES (138,46,54);
INSERT INTO Episode_Combo (episode_combo_id,episode_id, national_cuisine_id,cook_id,recipe_id) VALUES (451,46, 2, 23, 19);
INSERT INTO Rates (episode_combo_id,episode_judge_id,rating) VALUES (451,136,2);
INSERT INTO Rates (episode_combo_id,episode_judge_id,rating) VALUES (451,137,4);
INSERT INTO Rates (episode_combo_id,episode_judge_id,rating) VALUES (451,138,1);
INSERT INTO Episode_Combo (episode_combo_id,episode_id, national_cuisine_id,cook_id,recipe_id) VALUES (452,46, 10, 99, 67);
INSERT INTO Rates (episode_combo_id,episode_judge_id,rating) VALUES (452,136,5);
INSERT INTO Rates (episode_combo_id,episode_judge_id,rating) VALUES (452,137,1);
INSERT INTO Rates (episode_combo_id,episode_judge_id,rating) VALUES (452,138,3);
INSERT INTO Episode_Combo (episode_combo_id,episode_id, national_cuisine_id,cook_id,recipe_id) VALUES (453,46, 3, 2, 99);
INSERT INTO Rates (episode_combo_id,episode_judge_id,rating) VALUES (453,136,4);
INSERT INTO Rates (episode_combo_id,episode_judge_id,rating) VALUES (453,137,5);
INSERT INTO Rates (episode_combo_id,episode_judge_id,rating) VALUES (453,138,5);
INSERT INTO Episode_Combo (episode_combo_id,episode_id, national_cuisine_id,cook_id,recipe_id) VALUES (454,46, 13, 19, 16);
INSERT INTO Rates (episode_combo_id,episode_judge_id,rating) VALUES (454,136,5);
INSERT INTO Rates (episode_combo_id,episode_judge_id,rating) VALUES (454,137,1);
INSERT INTO Rates (episode_combo_id,episode_judge_id,rating) VALUES (454,138,3);
INSERT INTO Episode_Combo (episode_combo_id,episode_id, national_cuisine_id,cook_id,recipe_id) VALUES (455,46, 18, 3, 94);
INSERT INTO Rates (episode_combo_id,episode_judge_id,rating) VALUES (455,136,2);
INSERT INTO Rates (episode_combo_id,episode_judge_id,rating) VALUES (455,137,1);
INSERT INTO Rates (episode_combo_id,episode_judge_id,rating) VALUES (455,138,4);
INSERT INTO Episode_Combo (episode_combo_id,episode_id, national_cuisine_id,cook_id,recipe_id) VALUES (456,46, 2, 31, 50);
INSERT INTO Rates (episode_combo_id,episode_judge_id,rating) VALUES (456,136,2);
INSERT INTO Rates (episode_combo_id,episode_judge_id,rating) VALUES (456,137,1);
INSERT INTO Rates (episode_combo_id,episode_judge_id,rating) VALUES (456,138,5);
INSERT INTO Episode_Combo (episode_combo_id,episode_id, national_cuisine_id,cook_id,recipe_id) VALUES (457,46, 4, 75, 72);
INSERT INTO Rates (episode_combo_id,episode_judge_id,rating) VALUES (457,136,3);
INSERT INTO Rates (episode_combo_id,episode_judge_id,rating) VALUES (457,137,3);
INSERT INTO Rates (episode_combo_id,episode_judge_id,rating) VALUES (457,138,2);
INSERT INTO Episode_Combo (episode_combo_id,episode_id, national_cuisine_id,cook_id,recipe_id) VALUES (458,46, 2, 17, 82);
INSERT INTO Rates (episode_combo_id,episode_judge_id,rating) VALUES (458,136,4);
INSERT INTO Rates (episode_combo_id,episode_judge_id,rating) VALUES (458,137,2);
INSERT INTO Rates (episode_combo_id,episode_judge_id,rating) VALUES (458,138,2);
INSERT INTO Episode_Combo (episode_combo_id,episode_id, national_cuisine_id,cook_id,recipe_id) VALUES (459,46, 4, 94, 69);
INSERT INTO Rates (episode_combo_id,episode_judge_id,rating) VALUES (459,136,5);
INSERT INTO Rates (episode_combo_id,episode_judge_id,rating) VALUES (459,137,3);
INSERT INTO Rates (episode_combo_id,episode_judge_id,rating) VALUES (459,138,2);
INSERT INTO Episode_Combo (episode_combo_id,episode_id, national_cuisine_id,cook_id,recipe_id) VALUES (460,46, 6, 65, 52);
INSERT INTO Rates (episode_combo_id,episode_judge_id,rating) VALUES (460,136,2);
INSERT INTO Rates (episode_combo_id,episode_judge_id,rating) VALUES (460,137,5);
INSERT INTO Rates (episode_combo_id,episode_judge_id,rating) VALUES (460,138,2);
INSERT INTO Episode (episode_id, year,episode_number,image_id) VALUES (47, 2023, 7, 474);
INSERT INTO Episode_Judge (episode_judge_id,episode_id, judge_id) VALUES (139,47,92);
INSERT INTO Episode_Judge (episode_judge_id,episode_id, judge_id) VALUES (140,47,10);
INSERT INTO Episode_Judge (episode_judge_id,episode_id, judge_id) VALUES (141,47,37);
INSERT INTO Episode_Combo (episode_combo_id,episode_id, national_cuisine_id,cook_id,recipe_id) VALUES (461,47, 16, 66, 49);
INSERT INTO Rates (episode_combo_id,episode_judge_id,rating) VALUES (461,139,4);
INSERT INTO Rates (episode_combo_id,episode_judge_id,rating) VALUES (461,140,4);
INSERT INTO Rates (episode_combo_id,episode_judge_id,rating) VALUES (461,141,3);
INSERT INTO Episode_Combo (episode_combo_id,episode_id, national_cuisine_id,cook_id,recipe_id) VALUES (462,47, 5, 80, 61);
INSERT INTO Rates (episode_combo_id,episode_judge_id,rating) VALUES (462,139,3);
INSERT INTO Rates (episode_combo_id,episode_judge_id,rating) VALUES (462,140,1);
INSERT INTO Rates (episode_combo_id,episode_judge_id,rating) VALUES (462,141,5);
INSERT INTO Episode_Combo (episode_combo_id,episode_id, national_cuisine_id,cook_id,recipe_id) VALUES (463,47, 12, 81, 56);
INSERT INTO Rates (episode_combo_id,episode_judge_id,rating) VALUES (463,139,4);
INSERT INTO Rates (episode_combo_id,episode_judge_id,rating) VALUES (463,140,5);
INSERT INTO Rates (episode_combo_id,episode_judge_id,rating) VALUES (463,141,4);
INSERT INTO Episode_Combo (episode_combo_id,episode_id, national_cuisine_id,cook_id,recipe_id) VALUES (464,47, 1, 88, 37);
INSERT INTO Rates (episode_combo_id,episode_judge_id,rating) VALUES (464,139,1);
INSERT INTO Rates (episode_combo_id,episode_judge_id,rating) VALUES (464,140,5);
INSERT INTO Rates (episode_combo_id,episode_judge_id,rating) VALUES (464,141,2);
INSERT INTO Episode_Combo (episode_combo_id,episode_id, national_cuisine_id,cook_id,recipe_id) VALUES (465,47, 1, 9, 47);
INSERT INTO Rates (episode_combo_id,episode_judge_id,rating) VALUES (465,139,5);
INSERT INTO Rates (episode_combo_id,episode_judge_id,rating) VALUES (465,140,2);
INSERT INTO Rates (episode_combo_id,episode_judge_id,rating) VALUES (465,141,3);
INSERT INTO Episode_Combo (episode_combo_id,episode_id, national_cuisine_id,cook_id,recipe_id) VALUES (466,47, 8, 59, 99);
INSERT INTO Rates (episode_combo_id,episode_judge_id,rating) VALUES (466,139,2);
INSERT INTO Rates (episode_combo_id,episode_judge_id,rating) VALUES (466,140,1);
INSERT INTO Rates (episode_combo_id,episode_judge_id,rating) VALUES (466,141,5);
INSERT INTO Episode_Combo (episode_combo_id,episode_id, national_cuisine_id,cook_id,recipe_id) VALUES (467,47, 5, 69, 26);
INSERT INTO Rates (episode_combo_id,episode_judge_id,rating) VALUES (467,139,4);
INSERT INTO Rates (episode_combo_id,episode_judge_id,rating) VALUES (467,140,2);
INSERT INTO Rates (episode_combo_id,episode_judge_id,rating) VALUES (467,141,2);
INSERT INTO Episode_Combo (episode_combo_id,episode_id, national_cuisine_id,cook_id,recipe_id) VALUES (468,47, 3, 99, 12);
INSERT INTO Rates (episode_combo_id,episode_judge_id,rating) VALUES (468,139,5);
INSERT INTO Rates (episode_combo_id,episode_judge_id,rating) VALUES (468,140,2);
INSERT INTO Rates (episode_combo_id,episode_judge_id,rating) VALUES (468,141,5);
INSERT INTO Episode_Combo (episode_combo_id,episode_id, national_cuisine_id,cook_id,recipe_id) VALUES (469,47, 14, 1, 29);
INSERT INTO Rates (episode_combo_id,episode_judge_id,rating) VALUES (469,139,1);
INSERT INTO Rates (episode_combo_id,episode_judge_id,rating) VALUES (469,140,1);
INSERT INTO Rates (episode_combo_id,episode_judge_id,rating) VALUES (469,141,1);
INSERT INTO Episode_Combo (episode_combo_id,episode_id, national_cuisine_id,cook_id,recipe_id) VALUES (470,47, 13, 51, 28);
INSERT INTO Rates (episode_combo_id,episode_judge_id,rating) VALUES (470,139,4);
INSERT INTO Rates (episode_combo_id,episode_judge_id,rating) VALUES (470,140,1);
INSERT INTO Rates (episode_combo_id,episode_judge_id,rating) VALUES (470,141,2);
INSERT INTO Episode (episode_id, year,episode_number,image_id) VALUES (48, 2023, 8, 475);
INSERT INTO Episode_Judge (episode_judge_id,episode_id, judge_id) VALUES (142,48,78);
INSERT INTO Episode_Judge (episode_judge_id,episode_id, judge_id) VALUES (143,48,91);
INSERT INTO Episode_Judge (episode_judge_id,episode_id, judge_id) VALUES (144,48,24);
INSERT INTO Episode_Combo (episode_combo_id,episode_id, national_cuisine_id,cook_id,recipe_id) VALUES (471,48, 16, 89, 22);
INSERT INTO Rates (episode_combo_id,episode_judge_id,rating) VALUES (471,142,2);
INSERT INTO Rates (episode_combo_id,episode_judge_id,rating) VALUES (471,143,2);
INSERT INTO Rates (episode_combo_id,episode_judge_id,rating) VALUES (471,144,2);
INSERT INTO Episode_Combo (episode_combo_id,episode_id, national_cuisine_id,cook_id,recipe_id) VALUES (472,48, 11, 99, 33);
INSERT INTO Rates (episode_combo_id,episode_judge_id,rating) VALUES (472,142,2);
INSERT INTO Rates (episode_combo_id,episode_judge_id,rating) VALUES (472,143,3);
INSERT INTO Rates (episode_combo_id,episode_judge_id,rating) VALUES (472,144,2);
INSERT INTO Episode_Combo (episode_combo_id,episode_id, national_cuisine_id,cook_id,recipe_id) VALUES (473,48, 10, 72, 15);
INSERT INTO Rates (episode_combo_id,episode_judge_id,rating) VALUES (473,142,5);
INSERT INTO Rates (episode_combo_id,episode_judge_id,rating) VALUES (473,143,3);
INSERT INTO Rates (episode_combo_id,episode_judge_id,rating) VALUES (473,144,4);
INSERT INTO Episode_Combo (episode_combo_id,episode_id, national_cuisine_id,cook_id,recipe_id) VALUES (474,48, 13, 96, 6);
INSERT INTO Rates (episode_combo_id,episode_judge_id,rating) VALUES (474,142,1);
INSERT INTO Rates (episode_combo_id,episode_judge_id,rating) VALUES (474,143,2);
INSERT INTO Rates (episode_combo_id,episode_judge_id,rating) VALUES (474,144,2);
INSERT INTO Episode_Combo (episode_combo_id,episode_id, national_cuisine_id,cook_id,recipe_id) VALUES (475,48, 14, 98, 14);
INSERT INTO Rates (episode_combo_id,episode_judge_id,rating) VALUES (475,142,5);
INSERT INTO Rates (episode_combo_id,episode_judge_id,rating) VALUES (475,143,1);
INSERT INTO Rates (episode_combo_id,episode_judge_id,rating) VALUES (475,144,4);
INSERT INTO Episode_Combo (episode_combo_id,episode_id, national_cuisine_id,cook_id,recipe_id) VALUES (476,48, 2, 18, 75);
INSERT INTO Rates (episode_combo_id,episode_judge_id,rating) VALUES (476,142,1);
INSERT INTO Rates (episode_combo_id,episode_judge_id,rating) VALUES (476,143,1);
INSERT INTO Rates (episode_combo_id,episode_judge_id,rating) VALUES (476,144,2);
INSERT INTO Episode_Combo (episode_combo_id,episode_id, national_cuisine_id,cook_id,recipe_id) VALUES (477,48, 12, 62, 53);
INSERT INTO Rates (episode_combo_id,episode_judge_id,rating) VALUES (477,142,5);
INSERT INTO Rates (episode_combo_id,episode_judge_id,rating) VALUES (477,143,5);
INSERT INTO Rates (episode_combo_id,episode_judge_id,rating) VALUES (477,144,3);
INSERT INTO Episode_Combo (episode_combo_id,episode_id, national_cuisine_id,cook_id,recipe_id) VALUES (478,48, 3, 92, 51);
INSERT INTO Rates (episode_combo_id,episode_judge_id,rating) VALUES (478,142,1);
INSERT INTO Rates (episode_combo_id,episode_judge_id,rating) VALUES (478,143,1);
INSERT INTO Rates (episode_combo_id,episode_judge_id,rating) VALUES (478,144,2);
INSERT INTO Episode_Combo (episode_combo_id,episode_id, national_cuisine_id,cook_id,recipe_id) VALUES (479,48, 19, 100, 43);
INSERT INTO Rates (episode_combo_id,episode_judge_id,rating) VALUES (479,142,4);
INSERT INTO Rates (episode_combo_id,episode_judge_id,rating) VALUES (479,143,3);
INSERT INTO Rates (episode_combo_id,episode_judge_id,rating) VALUES (479,144,5);
INSERT INTO Episode_Combo (episode_combo_id,episode_id, national_cuisine_id,cook_id,recipe_id) VALUES (480,48, 7, 56, 90);
INSERT INTO Rates (episode_combo_id,episode_judge_id,rating) VALUES (480,142,5);
INSERT INTO Rates (episode_combo_id,episode_judge_id,rating) VALUES (480,143,5);
INSERT INTO Rates (episode_combo_id,episode_judge_id,rating) VALUES (480,144,5);
INSERT INTO Episode (episode_id, year,episode_number,image_id) VALUES (49, 2023, 9, 476);
INSERT INTO Episode_Judge (episode_judge_id,episode_id, judge_id) VALUES (145,49,5);
INSERT INTO Episode_Judge (episode_judge_id,episode_id, judge_id) VALUES (146,49,2);
INSERT INTO Episode_Judge (episode_judge_id,episode_id, judge_id) VALUES (147,49,1);
INSERT INTO Episode_Combo (episode_combo_id,episode_id, national_cuisine_id,cook_id,recipe_id) VALUES (481,49, 20, 87, 16);
INSERT INTO Rates (episode_combo_id,episode_judge_id,rating) VALUES (481,145,2);
INSERT INTO Rates (episode_combo_id,episode_judge_id,rating) VALUES (481,146,5);
INSERT INTO Rates (episode_combo_id,episode_judge_id,rating) VALUES (481,147,1);
INSERT INTO Episode_Combo (episode_combo_id,episode_id, national_cuisine_id,cook_id,recipe_id) VALUES (482,49, 3, 85, 86);
INSERT INTO Rates (episode_combo_id,episode_judge_id,rating) VALUES (482,145,2);
INSERT INTO Rates (episode_combo_id,episode_judge_id,rating) VALUES (482,146,3);
INSERT INTO Rates (episode_combo_id,episode_judge_id,rating) VALUES (482,147,2);
INSERT INTO Episode_Combo (episode_combo_id,episode_id, national_cuisine_id,cook_id,recipe_id) VALUES (483,49, 10, 71, 23);
INSERT INTO Rates (episode_combo_id,episode_judge_id,rating) VALUES (483,145,1);
INSERT INTO Rates (episode_combo_id,episode_judge_id,rating) VALUES (483,146,4);
INSERT INTO Rates (episode_combo_id,episode_judge_id,rating) VALUES (483,147,3);
INSERT INTO Episode_Combo (episode_combo_id,episode_id, national_cuisine_id,cook_id,recipe_id) VALUES (484,49, 15, 40, 64);
INSERT INTO Rates (episode_combo_id,episode_judge_id,rating) VALUES (484,145,1);
INSERT INTO Rates (episode_combo_id,episode_judge_id,rating) VALUES (484,146,3);
INSERT INTO Rates (episode_combo_id,episode_judge_id,rating) VALUES (484,147,3);
INSERT INTO Episode_Combo (episode_combo_id,episode_id, national_cuisine_id,cook_id,recipe_id) VALUES (485,49, 20, 14, 53);
INSERT INTO Rates (episode_combo_id,episode_judge_id,rating) VALUES (485,145,5);
INSERT INTO Rates (episode_combo_id,episode_judge_id,rating) VALUES (485,146,3);
INSERT INTO Rates (episode_combo_id,episode_judge_id,rating) VALUES (485,147,4);
INSERT INTO Episode_Combo (episode_combo_id,episode_id, national_cuisine_id,cook_id,recipe_id) VALUES (486,49, 12, 51, 83);
INSERT INTO Rates (episode_combo_id,episode_judge_id,rating) VALUES (486,145,4);
INSERT INTO Rates (episode_combo_id,episode_judge_id,rating) VALUES (486,146,5);
INSERT INTO Rates (episode_combo_id,episode_judge_id,rating) VALUES (486,147,1);
INSERT INTO Episode_Combo (episode_combo_id,episode_id, national_cuisine_id,cook_id,recipe_id) VALUES (487,49, 18, 4, 18);
INSERT INTO Rates (episode_combo_id,episode_judge_id,rating) VALUES (487,145,2);
INSERT INTO Rates (episode_combo_id,episode_judge_id,rating) VALUES (487,146,1);
INSERT INTO Rates (episode_combo_id,episode_judge_id,rating) VALUES (487,147,1);
INSERT INTO Episode_Combo (episode_combo_id,episode_id, national_cuisine_id,cook_id,recipe_id) VALUES (488,49, 14, 61, 98);
INSERT INTO Rates (episode_combo_id,episode_judge_id,rating) VALUES (488,145,5);
INSERT INTO Rates (episode_combo_id,episode_judge_id,rating) VALUES (488,146,3);
INSERT INTO Rates (episode_combo_id,episode_judge_id,rating) VALUES (488,147,5);
INSERT INTO Episode_Combo (episode_combo_id,episode_id, national_cuisine_id,cook_id,recipe_id) VALUES (489,49, 8, 1, 97);
INSERT INTO Rates (episode_combo_id,episode_judge_id,rating) VALUES (489,145,1);
INSERT INTO Rates (episode_combo_id,episode_judge_id,rating) VALUES (489,146,2);
INSERT INTO Rates (episode_combo_id,episode_judge_id,rating) VALUES (489,147,2);
INSERT INTO Episode_Combo (episode_combo_id,episode_id, national_cuisine_id,cook_id,recipe_id) VALUES (490,49, 9, 24, 90);
INSERT INTO Rates (episode_combo_id,episode_judge_id,rating) VALUES (490,145,2);
INSERT INTO Rates (episode_combo_id,episode_judge_id,rating) VALUES (490,146,2);
INSERT INTO Rates (episode_combo_id,episode_judge_id,rating) VALUES (490,147,3);
INSERT INTO Episode (episode_id, year,episode_number,image_id) VALUES (50, 2023, 10, 477);
INSERT INTO Episode_Judge (episode_judge_id,episode_id, judge_id) VALUES (148,50,32);
INSERT INTO Episode_Judge (episode_judge_id,episode_id, judge_id) VALUES (149,50,71);
INSERT INTO Episode_Judge (episode_judge_id,episode_id, judge_id) VALUES (150,50,51);
INSERT INTO Episode_Combo (episode_combo_id,episode_id, national_cuisine_id,cook_id,recipe_id) VALUES (491,50, 14, 33, 8);
INSERT INTO Rates (episode_combo_id,episode_judge_id,rating) VALUES (491,148,3);
INSERT INTO Rates (episode_combo_id,episode_judge_id,rating) VALUES (491,149,4);
INSERT INTO Rates (episode_combo_id,episode_judge_id,rating) VALUES (491,150,5);
INSERT INTO Episode_Combo (episode_combo_id,episode_id, national_cuisine_id,cook_id,recipe_id) VALUES (492,50, 20, 38, 5);
INSERT INTO Rates (episode_combo_id,episode_judge_id,rating) VALUES (492,148,4);
INSERT INTO Rates (episode_combo_id,episode_judge_id,rating) VALUES (492,149,3);
INSERT INTO Rates (episode_combo_id,episode_judge_id,rating) VALUES (492,150,2);
INSERT INTO Episode_Combo (episode_combo_id,episode_id, national_cuisine_id,cook_id,recipe_id) VALUES (493,50, 14, 50, 50);
INSERT INTO Rates (episode_combo_id,episode_judge_id,rating) VALUES (493,148,3);
INSERT INTO Rates (episode_combo_id,episode_judge_id,rating) VALUES (493,149,5);
INSERT INTO Rates (episode_combo_id,episode_judge_id,rating) VALUES (493,150,4);
INSERT INTO Episode_Combo (episode_combo_id,episode_id, national_cuisine_id,cook_id,recipe_id) VALUES (494,50, 1, 15, 81);
INSERT INTO Rates (episode_combo_id,episode_judge_id,rating) VALUES (494,148,3);
INSERT INTO Rates (episode_combo_id,episode_judge_id,rating) VALUES (494,149,3);
INSERT INTO Rates (episode_combo_id,episode_judge_id,rating) VALUES (494,150,3);
INSERT INTO Episode_Combo (episode_combo_id,episode_id, national_cuisine_id,cook_id,recipe_id) VALUES (495,50, 20, 33, 54);
INSERT INTO Rates (episode_combo_id,episode_judge_id,rating) VALUES (495,148,3);
INSERT INTO Rates (episode_combo_id,episode_judge_id,rating) VALUES (495,149,2);
INSERT INTO Rates (episode_combo_id,episode_judge_id,rating) VALUES (495,150,2);
INSERT INTO Episode_Combo (episode_combo_id,episode_id, national_cuisine_id,cook_id,recipe_id) VALUES (496,50, 12, 66, 19);
INSERT INTO Rates (episode_combo_id,episode_judge_id,rating) VALUES (496,148,3);
INSERT INTO Rates (episode_combo_id,episode_judge_id,rating) VALUES (496,149,3);
INSERT INTO Rates (episode_combo_id,episode_judge_id,rating) VALUES (496,150,3);
INSERT INTO Episode_Combo (episode_combo_id,episode_id, national_cuisine_id,cook_id,recipe_id) VALUES (497,50, 20, 95, 71);
INSERT INTO Rates (episode_combo_id,episode_judge_id,rating) VALUES (497,148,1);
INSERT INTO Rates (episode_combo_id,episode_judge_id,rating) VALUES (497,149,2);
INSERT INTO Rates (episode_combo_id,episode_judge_id,rating) VALUES (497,150,3);
INSERT INTO Episode_Combo (episode_combo_id,episode_id, national_cuisine_id,cook_id,recipe_id) VALUES (498,50, 3, 44, 27);
INSERT INTO Rates (episode_combo_id,episode_judge_id,rating) VALUES (498,148,4);
INSERT INTO Rates (episode_combo_id,episode_judge_id,rating) VALUES (498,149,4);
INSERT INTO Rates (episode_combo_id,episode_judge_id,rating) VALUES (498,150,1);
INSERT INTO Episode_Combo (episode_combo_id,episode_id, national_cuisine_id,cook_id,recipe_id) VALUES (499,50, 8, 59, 6);
INSERT INTO Rates (episode_combo_id,episode_judge_id,rating) VALUES (499,148,5);
INSERT INTO Rates (episode_combo_id,episode_judge_id,rating) VALUES (499,149,4);
INSERT INTO Rates (episode_combo_id,episode_judge_id,rating) VALUES (499,150,4);
INSERT INTO Episode_Combo (episode_combo_id,episode_id, national_cuisine_id,cook_id,recipe_id) VALUES (500,50, 15, 4, 44);
INSERT INTO Rates (episode_combo_id,episode_judge_id,rating) VALUES (500,148,5);
INSERT INTO Rates (episode_combo_id,episode_judge_id,rating) VALUES (500,149,4);
INSERT INTO Rates (episode_combo_id,episode_judge_id,rating) VALUES (500,150,2);
 VALUES (500,150,1);
