
BEGIN;
INSERT INTO Recipe (recipe_type, name, national_cuisine_id, difficulty_level, description, tip1, cooking_time, prep_time, portions, basic_ingredient_id, image_id) VALUES ('cooking', 'Jamaican Jerk Chicken', 0, 5, 'We foot dream environment generation life. Record various same arm suggest with guy rise.', 'you need to use your hands', 126, 31, 1, 171, 29);

INSERT INTO Step (recipe_id, order_number, description) VALUES (1, 1, 'Teacher ball baby do.');

INSERT INTO Step (recipe_id, order_number, description) VALUES (1, 2, 'Father itself first ball wish arrive growth Congress.');

INSERT INTO Step (recipe_id, order_number, description) VALUES (1, 3, 'Physical just organization how half work.');

INSERT INTO Step (recipe_id, order_number, description) VALUES (1, 4, 'Difference sister quality.');

INSERT INTO Step (recipe_id, order_number, description) VALUES (1, 5, 'Budget everybody water hundred high.');

INSERT INTO Step (recipe_id, order_number, description) VALUES (1, 6, 'Clearly trouble happen visit technology interest along.');

INSERT INTO Nutritional_Info (recipe_id, fat_per_portion, carbs_per_portion, protein_per_portion) VALUES (1, 294, 124, 154);

INSERT INTO Recipe_Meal_Type (recipe_id, meal_type_id) VALUES (1, 5);

INSERT INTO Recipe_Label (recipe_id, label_id) VALUES (1, 4);

INSERT INTO Recipe_Label (recipe_id, label_id) VALUES (1, 8);

INSERT INTO Recipe_Label (recipe_id, label_id) VALUES (1, 6);

INSERT INTO Recipe_Equipment (recipe_id, equipment_id) VALUES (1, 2);

INSERT INTO Recipe_Equipment (recipe_id, equipment_id) VALUES (1, 40);

INSERT INTO Recipe_Equipment (recipe_id, equipment_id) VALUES (1, 11);

INSERT INTO Recipe_Equipment (recipe_id, equipment_id) VALUES (1, 10);

INSERT INTO Recipe_Equipment (recipe_id, equipment_id) VALUES (1, 25);

INSERT INTO Recipe_Equipment (recipe_id, equipment_id) VALUES (1, 19);

INSERT INTO Recipe_Ingredient (recipe_id, ingredient_id, portion) VALUES (1, 99, 7);

INSERT INTO Recipe_Ingredient (recipe_id, ingredient_id, portion) VALUES (1, 136, 7);

INSERT INTO Recipe_Ingredient (recipe_id, ingredient_id, portion) VALUES (1, 142, 5);

INSERT INTO Recipe_Ingredient (recipe_id, ingredient_id, portion) VALUES (1, 5, 1);

INSERT INTO Recipe_Ingredient (recipe_id, ingredient_id, portion) VALUES (1, 164, 6);

INSERT INTO Recipe_Ingredient (recipe_id, ingredient_id, portion) VALUES (1, 105, 8);

INSERT INTO Recipe_Ingredient (recipe_id, ingredient_id, portion) VALUES (1, 162, 6);

INSERT INTO Recipe_Ingredient (recipe_id, ingredient_id, portion) VALUES (1, 53, 5);

INSERT INTO Recipe_Ingredient (recipe_id, ingredient_id, portion) VALUES (1, 161, 2);

INSERT INTO Recipe_Ingredient (recipe_id, ingredient_id, portion) VALUES (1, 59, 8);

INSERT INTO Recipe_Ingredient (recipe_id, ingredient_id, portion) VALUES (1, 107, 1);

INSERT INTO Recipe_Ingredient (recipe_id, ingredient_id, portion) VALUES (1, 165, 5);

INSERT INTO Recipe_Ingredient (recipe_id, ingredient_id, portion) VALUES (1, 54, 5);

INSERT INTO Recipe_Ingredient (recipe_id, ingredient_id, portion) VALUES (1, 145, 4);

INSERT INTO Recipe_Ingredient (recipe_id, ingredient_id, portion) VALUES (1, 19, 6);

INSERT INTO Recipe_Ingredient (recipe_id, ingredient_id, portion) VALUES (1, 120, 6);

INSERT INTO Recipe_Thematic_Unit (recipe_id, thematic_unit_id) VALUES (1, 14);

INSERT INTO Recipe_Thematic_Unit (recipe_id, thematic_unit_id) VALUES (1, 9);

INSERT INTO Recipe_Thematic_Unit (recipe_id, thematic_unit_id) VALUES (1, 7);

INSERT INTO Recipe (recipe_type, name, national_cuisine_id, difficulty_level, description, tip1, cooking_time, prep_time, portions, basic_ingredient_id, image_id) VALUES ('cooking', 'Pasta Salad', 0, 4, 'Hard only argue call likely seek itself. Ever hit measure benefit claim vote age movement. Far event indeed she.', 'you can use leftovers', 48, 3, 4, 159, 30);

INSERT INTO Step (recipe_id, order_number, description) VALUES (2, 1, 'Close actually main have age dinner newspaper.');

INSERT INTO Step (recipe_id, order_number, description) VALUES (2, 2, 'Nature behind Mr through resource international.');

INSERT INTO Step (recipe_id, order_number, description) VALUES (2, 3, 'Beautiful six most score those choice speak.');

INSERT INTO Step (recipe_id, order_number, description) VALUES (2, 4, 'Day top city class.');

INSERT INTO Nutritional_Info (recipe_id, fat_per_portion, carbs_per_portion, protein_per_portion) VALUES (2, 77, 52, 141);

INSERT INTO Recipe_Meal_Type (recipe_id, meal_type_id) VALUES (2, 2);

INSERT INTO Recipe_Meal_Type (recipe_id, meal_type_id) VALUES (2, 6);

INSERT INTO Recipe_Meal_Type (recipe_id, meal_type_id) VALUES (2, 1);

INSERT INTO Recipe_Label (recipe_id, label_id) VALUES (2, 7);

INSERT INTO Recipe_Label (recipe_id, label_id) VALUES (2, 3);

INSERT INTO Recipe_Equipment (recipe_id, equipment_id) VALUES (2, 26);

INSERT INTO Recipe_Equipment (recipe_id, equipment_id) VALUES (2, 23);

INSERT INTO Recipe_Equipment (recipe_id, equipment_id) VALUES (2, 32);

INSERT INTO Recipe_Equipment (recipe_id, equipment_id) VALUES (2, 12);

INSERT INTO Recipe_Equipment (recipe_id, equipment_id) VALUES (2, 4);

INSERT INTO Recipe_Equipment (recipe_id, equipment_id) VALUES (2, 3);

INSERT INTO Recipe_Ingredient (recipe_id, ingredient_id, portion) VALUES (2, 181, 4);

INSERT INTO Recipe_Ingredient (recipe_id, ingredient_id, portion) VALUES (2, 129, 5);

INSERT INTO Recipe_Ingredient (recipe_id, ingredient_id, portion) VALUES (2, 109, 7);

INSERT INTO Recipe_Ingredient (recipe_id, ingredient_id, portion) VALUES (2, 114, 8);

INSERT INTO Recipe_Ingredient (recipe_id, ingredient_id, portion) VALUES (2, 29, 4);

INSERT INTO Recipe_Ingredient (recipe_id, ingredient_id, portion) VALUES (2, 79, 7);

INSERT INTO Recipe_Ingredient (recipe_id, ingredient_id, portion) VALUES (2, 42, 5);

INSERT INTO Recipe_Ingredient (recipe_id, ingredient_id, portion) VALUES (2, 78, 7);

INSERT INTO Recipe_Ingredient (recipe_id, ingredient_id, portion) VALUES (2, 33, 3);

INSERT INTO Recipe_Ingredient (recipe_id, ingredient_id, portion) VALUES (2, 191, 3);

INSERT INTO Recipe_Ingredient (recipe_id, ingredient_id, portion) VALUES (2, 176, 1);

INSERT INTO Recipe_Ingredient (recipe_id, ingredient_id, portion) VALUES (2, 167, 5);

INSERT INTO Recipe_Ingredient (recipe_id, ingredient_id, portion) VALUES (2, 90, 2);

INSERT INTO Recipe_Ingredient (recipe_id, ingredient_id, portion) VALUES (2, 21, 1);

INSERT INTO Recipe_Ingredient (recipe_id, ingredient_id, portion) VALUES (2, 1, 3);

INSERT INTO Recipe_Ingredient (recipe_id, ingredient_id, portion) VALUES (2, 137, 7);

INSERT INTO Recipe_Ingredient (recipe_id, ingredient_id, portion) VALUES (2, 199, 3);

INSERT INTO Recipe_Thematic_Unit (recipe_id, thematic_unit_id) VALUES (2, 10);

INSERT INTO Recipe_Thematic_Unit (recipe_id, thematic_unit_id) VALUES (2, 4);

INSERT INTO Recipe (recipe_type, name, national_cuisine_id, difficulty_level, description, tip1, tip2, cooking_time, prep_time, portions, basic_ingredient_id, image_id) VALUES ('pastry', 'Lasagna', 0, 5, 'Spring society produce water apply himself. Wide can little kid. Across may fire cold culture second group.', 'you need 2 people to make it', 'you need to use your hands', 145, 18, 4, 87, 31);

INSERT INTO Step (recipe_id, order_number, description) VALUES (3, 1, 'Floor finally enjoy person base.');

INSERT INTO Step (recipe_id, order_number, description) VALUES (3, 2, 'Interest high ability much career expert their.');

INSERT INTO Step (recipe_id, order_number, description) VALUES (3, 3, 'Key something enjoy edge agreement next already.');

INSERT INTO Step (recipe_id, order_number, description) VALUES (3, 4, 'Phone because family hear leader budget could.');

INSERT INTO Step (recipe_id, order_number, description) VALUES (3, 5, 'Respond nearly tend lawyer produce decade senior.');

INSERT INTO Nutritional_Info (recipe_id, fat_per_portion, carbs_per_portion, protein_per_portion) VALUES (3, 116, 117, 151);

INSERT INTO Recipe_Meal_Type (recipe_id, meal_type_id) VALUES (3, 4);

INSERT INTO Recipe_Meal_Type (recipe_id, meal_type_id) VALUES (3, 6);

INSERT INTO Recipe_Meal_Type (recipe_id, meal_type_id) VALUES (3, 2);

INSERT INTO Recipe_Label (recipe_id, label_id) VALUES (3, 4);

INSERT INTO Recipe_Label (recipe_id, label_id) VALUES (3, 9);

INSERT INTO Recipe_Label (recipe_id, label_id) VALUES (3, 2);

INSERT INTO Recipe_Label (recipe_id, label_id) VALUES (3, 8);

INSERT INTO Recipe_Equipment (recipe_id, equipment_id) VALUES (3, 39);

INSERT INTO Recipe_Ingredient (recipe_id, ingredient_id, portion) VALUES (3, 39, 4);

INSERT INTO Recipe_Ingredient (recipe_id, ingredient_id, portion) VALUES (3, 192, 8);

INSERT INTO Recipe_Ingredient (recipe_id, ingredient_id, portion) VALUES (3, 111, 3);

INSERT INTO Recipe_Ingredient (recipe_id, ingredient_id, portion) VALUES (3, 89, 7);

INSERT INTO Recipe_Ingredient (recipe_id, ingredient_id, portion) VALUES (3, 189, 1);

INSERT INTO Recipe_Ingredient (recipe_id, ingredient_id, portion) VALUES (3, 4, 4);

INSERT INTO Recipe_Ingredient (recipe_id, ingredient_id, portion) VALUES (3, 73, 6);

INSERT INTO Recipe_Ingredient (recipe_id, ingredient_id, portion) VALUES (3, 31, 4);

INSERT INTO Recipe_Ingredient (recipe_id, ingredient_id, portion) VALUES (3, 137, 1);

INSERT INTO Recipe_Ingredient (recipe_id, ingredient_id, portion) VALUES (3, 145, 2);

INSERT INTO Recipe_Ingredient (recipe_id, ingredient_id, portion) VALUES (3, 63, 8);

INSERT INTO Recipe_Ingredient (recipe_id, ingredient_id, portion) VALUES (3, 119, 5);

INSERT INTO Recipe_Ingredient (recipe_id, ingredient_id, portion) VALUES (3, 58, 5);

INSERT INTO Recipe_Ingredient (recipe_id, ingredient_id, portion) VALUES (3, 200, 4);

INSERT INTO Recipe_Ingredient (recipe_id, ingredient_id, portion) VALUES (3, 107, 7);

INSERT INTO Recipe_Ingredient (recipe_id, ingredient_id, portion) VALUES (3, 101, 4);

INSERT INTO Recipe_Ingredient (recipe_id, ingredient_id, portion) VALUES (3, 169, 4);

INSERT INTO Recipe_Ingredient (recipe_id, ingredient_id, portion) VALUES (3, 176, 7);

INSERT INTO Recipe_Ingredient (recipe_id, ingredient_id, portion) VALUES (3, 34, 5);

INSERT INTO Recipe_Ingredient (recipe_id, ingredient_id, portion) VALUES (3, 46, 8);

INSERT INTO Recipe_Thematic_Unit (recipe_id, thematic_unit_id) VALUES (3, 5);

INSERT INTO Recipe_Thematic_Unit (recipe_id, thematic_unit_id) VALUES (3, 9);

INSERT INTO Recipe (recipe_type, name, national_cuisine_id, difficulty_level, description, tip1, tip2, tip3, cooking_time, prep_time, portions, basic_ingredient_id, image_id) VALUES ('cooking', 'Hearty Pancakes', 0, 4, 'Hope animal sure whom tonight risk born nation. Be like happy economic worker. Stop example action discuss so middle.', 'you need 2 people to make it', 'you need salt', 'you need an oven', 55, 14, 7, 66, 32);

INSERT INTO Step (recipe_id, order_number, description) VALUES (4, 1, 'Safe against report her under oil.');

INSERT INTO Step (recipe_id, order_number, description) VALUES (4, 2, 'Experience lawyer ten range trouble.');

INSERT INTO Step (recipe_id, order_number, description) VALUES (4, 3, 'Analysis police list man stand.');

INSERT INTO Step (recipe_id, order_number, description) VALUES (4, 4, 'Inside up want president store.');

INSERT INTO Step (recipe_id, order_number, description) VALUES (4, 5, 'Rest range guy well hope.');

INSERT INTO Nutritional_Info (recipe_id, fat_per_portion, carbs_per_portion, protein_per_portion) VALUES (4, 316, 62, 236);

INSERT INTO Recipe_Meal_Type (recipe_id, meal_type_id) VALUES (4, 5);

INSERT INTO Recipe_Label (recipe_id, label_id) VALUES (4, 4);

INSERT INTO Recipe_Equipment (recipe_id, equipment_id) VALUES (4, 44);

INSERT INTO Recipe_Equipment (recipe_id, equipment_id) VALUES (4, 22);

INSERT INTO Recipe_Equipment (recipe_id, equipment_id) VALUES (4, 23);

INSERT INTO Recipe_Equipment (recipe_id, equipment_id) VALUES (4, 26);

INSERT INTO Recipe_Equipment (recipe_id, equipment_id) VALUES (4, 24);

INSERT INTO Recipe_Ingredient (recipe_id, ingredient_id, portion) VALUES (4, 122, 4);

INSERT INTO Recipe_Ingredient (recipe_id, ingredient_id, portion) VALUES (4, 123, 7);

INSERT INTO Recipe_Ingredient (recipe_id, ingredient_id, portion) VALUES (4, 30, 1);

INSERT INTO Recipe_Ingredient (recipe_id, ingredient_id, portion) VALUES (4, 98, 5);

INSERT INTO Recipe_Ingredient (recipe_id, ingredient_id, portion) VALUES (4, 177, 6);

INSERT INTO Recipe_Ingredient (recipe_id, ingredient_id, portion) VALUES (4, 71, 2);

INSERT INTO Recipe_Ingredient (recipe_id, ingredient_id, portion) VALUES (4, 16, 2);

INSERT INTO Recipe_Ingredient (recipe_id, ingredient_id, portion) VALUES (4, 76, 4);

INSERT INTO Recipe_Ingredient (recipe_id, ingredient_id, portion) VALUES (4, 176, 1);

INSERT INTO Recipe_Ingredient (recipe_id, ingredient_id, portion) VALUES (4, 5, 1);

INSERT INTO Recipe_Ingredient (recipe_id, ingredient_id, portion) VALUES (4, 14, 6);

INSERT INTO Recipe_Ingredient (recipe_id, ingredient_id, portion) VALUES (4, 70, 1);

INSERT INTO Recipe_Ingredient (recipe_id, ingredient_id, portion) VALUES (4, 34, 2);

INSERT INTO Recipe_Ingredient (recipe_id, ingredient_id, portion) VALUES (4, 62, 6);

INSERT INTO Recipe_Ingredient (recipe_id, ingredient_id, portion) VALUES (4, 108, 8);

INSERT INTO Recipe_Ingredient (recipe_id, ingredient_id, portion) VALUES (4, 56, 8);

INSERT INTO Recipe_Ingredient (recipe_id, ingredient_id, portion) VALUES (4, 181, 2);

INSERT INTO Recipe_Ingredient (recipe_id, ingredient_id, portion) VALUES (4, 139, 5);

INSERT INTO Recipe_Ingredient (recipe_id, ingredient_id, portion) VALUES (4, 147, 2);

INSERT INTO Recipe_Thematic_Unit (recipe_id, thematic_unit_id) VALUES (4, 4);

INSERT INTO Recipe (recipe_type, name, national_cuisine_id, difficulty_level, description, tip1, tip2, cooking_time, prep_time, portions, basic_ingredient_id, image_id) VALUES ('cooking', 'Summer Garden Couscous Salad', 1, 5, 'Door small country anyone issue bill though statement. Goal front cultural window newspaper ahead health. Ever effect admit both difficult behavior outside.', 'you need a lot of time', 'you can store iy outside the fridge', 38, 27, 5, 24, 33);

INSERT INTO Step (recipe_id, order_number, description) VALUES (5, 1, 'Report game early degree benefit quite try.');

INSERT INTO Step (recipe_id, order_number, description) VALUES (5, 2, 'Local name work quickly TV certain all.');

INSERT INTO Step (recipe_id, order_number, description) VALUES (5, 3, 'Then middle something and pattern.');

INSERT INTO Nutritional_Info (recipe_id, fat_per_portion, carbs_per_portion, protein_per_portion) VALUES (5, 335, 190, 160);

INSERT INTO Recipe_Meal_Type (recipe_id, meal_type_id) VALUES (5, 6);

INSERT INTO Recipe_Label (recipe_id, label_id) VALUES (5, 5);

INSERT INTO Recipe_Label (recipe_id, label_id) VALUES (5, 9);

INSERT INTO Recipe_Label (recipe_id, label_id) VALUES (5, 1);

INSERT INTO Recipe_Label (recipe_id, label_id) VALUES (5, 2);

INSERT INTO Recipe_Equipment (recipe_id, equipment_id) VALUES (5, 10);

INSERT INTO Recipe_Ingredient (recipe_id, ingredient_id, portion) VALUES (5, 108, 4);

INSERT INTO Recipe_Ingredient (recipe_id, ingredient_id, portion) VALUES (5, 172, 3);

INSERT INTO Recipe_Ingredient (recipe_id, ingredient_id, portion) VALUES (5, 60, 3);

INSERT INTO Recipe_Ingredient (recipe_id, ingredient_id, portion) VALUES (5, 187, 4);

INSERT INTO Recipe_Ingredient (recipe_id, ingredient_id, portion) VALUES (5, 7, 5);

INSERT INTO Recipe_Ingredient (recipe_id, ingredient_id, portion) VALUES (5, 134, 1);

INSERT INTO Recipe_Ingredient (recipe_id, ingredient_id, portion) VALUES (5, 50, 2);

INSERT INTO Recipe_Ingredient (recipe_id, ingredient_id, portion) VALUES (5, 102, 3);

INSERT INTO Recipe_Ingredient (recipe_id, ingredient_id, portion) VALUES (5, 4, 8);

INSERT INTO Recipe_Thematic_Unit (recipe_id, thematic_unit_id) VALUES (5, 15);

INSERT INTO Recipe_Thematic_Unit (recipe_id, thematic_unit_id) VALUES (5, 8);

INSERT INTO Recipe (recipe_type, name, national_cuisine_id, difficulty_level, description, tip1, tip2, cooking_time, prep_time, portions, basic_ingredient_id, image_id) VALUES ('cooking', 'Squash Corn Chowder', 1, 1, 'Stuff develop black. Scientist yet dream two.', 'it needs a fridge', 'you have to be careful not to let it get stack', 142, 40, 7, 71, 34);

INSERT INTO Step (recipe_id, order_number, description) VALUES (6, 1, 'Line whom dark.');

INSERT INTO Step (recipe_id, order_number, description) VALUES (6, 2, 'Base leave anything voice produce card.');

INSERT INTO Step (recipe_id, order_number, description) VALUES (6, 3, 'Great important off as decision nature fear.');

INSERT INTO Step (recipe_id, order_number, description) VALUES (6, 4, 'Mission one should tend whom camera.');

INSERT INTO Nutritional_Info (recipe_id, fat_per_portion, carbs_per_portion, protein_per_portion) VALUES (6, 340, 151, 49);

INSERT INTO Recipe_Meal_Type (recipe_id, meal_type_id) VALUES (6, 6);

INSERT INTO Recipe_Label (recipe_id, label_id) VALUES (6, 7);

INSERT INTO Recipe_Label (recipe_id, label_id) VALUES (6, 1);

INSERT INTO Recipe_Label (recipe_id, label_id) VALUES (6, 10);

INSERT INTO Recipe_Label (recipe_id, label_id) VALUES (6, 5);

INSERT INTO Recipe_Equipment (recipe_id, equipment_id) VALUES (6, 27);

INSERT INTO Recipe_Equipment (recipe_id, equipment_id) VALUES (6, 28);

INSERT INTO Recipe_Equipment (recipe_id, equipment_id) VALUES (6, 22);

INSERT INTO Recipe_Ingredient (recipe_id, ingredient_id, portion) VALUES (6, 76, 5);

INSERT INTO Recipe_Ingredient (recipe_id, ingredient_id, portion) VALUES (6, 196, 7);

INSERT INTO Recipe_Ingredient (recipe_id, ingredient_id, portion) VALUES (6, 135, 2);

INSERT INTO Recipe_Ingredient (recipe_id, ingredient_id, portion) VALUES (6, 116, 8);

INSERT INTO Recipe_Ingredient (recipe_id, ingredient_id, portion) VALUES (6, 102, 7);

INSERT INTO Recipe_Ingredient (recipe_id, ingredient_id, portion) VALUES (6, 127, 3);

INSERT INTO Recipe_Ingredient (recipe_id, ingredient_id, portion) VALUES (6, 31, 2);

INSERT INTO Recipe_Ingredient (recipe_id, ingredient_id, portion) VALUES (6, 46, 4);

INSERT INTO Recipe_Ingredient (recipe_id, ingredient_id, portion) VALUES (6, 163, 8);

INSERT INTO Recipe_Ingredient (recipe_id, ingredient_id, portion) VALUES (6, 108, 5);

INSERT INTO Recipe_Thematic_Unit (recipe_id, thematic_unit_id) VALUES (6, 1);

INSERT INTO Recipe_Thematic_Unit (recipe_id, thematic_unit_id) VALUES (6, 8);

INSERT INTO Recipe_Thematic_Unit (recipe_id, thematic_unit_id) VALUES (6, 14);

INSERT INTO Recipe (recipe_type, name, national_cuisine_id, difficulty_level, description, tip1, cooking_time, prep_time, portions, basic_ingredient_id, image_id) VALUES ('pastry', 'White beans, tomatoes, and spinach', 1, 4, 'Program herself space. Mother real bad manage. Mother leader another people.', 'better with a blender', 29, 16, 8, 161, 35);

INSERT INTO Step (recipe_id, order_number, description) VALUES (7, 1, 'Animal type truth move probably.');

INSERT INTO Step (recipe_id, order_number, description) VALUES (7, 2, 'Identify degree seven allow special help.');

INSERT INTO Step (recipe_id, order_number, description) VALUES (7, 3, 'Deep need wonder smile mention modern especially.');

INSERT INTO Step (recipe_id, order_number, description) VALUES (7, 4, 'Behind build agreement field national.');

INSERT INTO Step (recipe_id, order_number, description) VALUES (7, 5, 'Method of adult purpose.');

INSERT INTO Step (recipe_id, order_number, description) VALUES (7, 6, 'Perhaps direction successful mouth later.');

INSERT INTO Step (recipe_id, order_number, description) VALUES (7, 7, 'Kid large become attack stock young current.');

INSERT INTO Nutritional_Info (recipe_id, fat_per_portion, carbs_per_portion, protein_per_portion) VALUES (7, 143, 26, 105);

INSERT INTO Recipe_Meal_Type (recipe_id, meal_type_id) VALUES (7, 1);

INSERT INTO Recipe_Meal_Type (recipe_id, meal_type_id) VALUES (7, 2);

INSERT INTO Recipe_Meal_Type (recipe_id, meal_type_id) VALUES (7, 4);

INSERT INTO Recipe_Label (recipe_id, label_id) VALUES (7, 5);

INSERT INTO Recipe_Equipment (recipe_id, equipment_id) VALUES (7, 36);

INSERT INTO Recipe_Equipment (recipe_id, equipment_id) VALUES (7, 44);

INSERT INTO Recipe_Ingredient (recipe_id, ingredient_id, portion) VALUES (7, 67, 6);

INSERT INTO Recipe_Ingredient (recipe_id, ingredient_id, portion) VALUES (7, 155, 6);

INSERT INTO Recipe_Ingredient (recipe_id, ingredient_id, portion) VALUES (7, 84, 6);

INSERT INTO Recipe_Ingredient (recipe_id, ingredient_id, portion) VALUES (7, 189, 4);

INSERT INTO Recipe_Ingredient (recipe_id, ingredient_id, portion) VALUES (7, 164, 7);

INSERT INTO Recipe_Ingredient (recipe_id, ingredient_id, portion) VALUES (7, 101, 3);

INSERT INTO Recipe_Ingredient (recipe_id, ingredient_id, portion) VALUES (7, 99, 3);

INSERT INTO Recipe_Ingredient (recipe_id, ingredient_id, portion) VALUES (7, 132, 5);

INSERT INTO Recipe_Ingredient (recipe_id, ingredient_id, portion) VALUES (7, 21, 3);

INSERT INTO Recipe_Ingredient (recipe_id, ingredient_id, portion) VALUES (7, 86, 7);

INSERT INTO Recipe_Ingredient (recipe_id, ingredient_id, portion) VALUES (7, 198, 5);

INSERT INTO Recipe_Ingredient (recipe_id, ingredient_id, portion) VALUES (7, 105, 2);

INSERT INTO Recipe_Ingredient (recipe_id, ingredient_id, portion) VALUES (7, 151, 3);

INSERT INTO Recipe_Ingredient (recipe_id, ingredient_id, portion) VALUES (7, 113, 1);

INSERT INTO Recipe_Ingredient (recipe_id, ingredient_id, portion) VALUES (7, 19, 8);

INSERT INTO Recipe_Ingredient (recipe_id, ingredient_id, portion) VALUES (7, 46, 4);

INSERT INTO Recipe_Ingredient (recipe_id, ingredient_id, portion) VALUES (7, 197, 2);

INSERT INTO Recipe_Ingredient (recipe_id, ingredient_id, portion) VALUES (7, 169, 7);

INSERT INTO Recipe_Ingredient (recipe_id, ingredient_id, portion) VALUES (7, 47, 7);

INSERT INTO Recipe_Ingredient (recipe_id, ingredient_id, portion) VALUES (7, 118, 1);

INSERT INTO Recipe_Thematic_Unit (recipe_id, thematic_unit_id) VALUES (7, 12);

INSERT INTO Recipe_Thematic_Unit (recipe_id, thematic_unit_id) VALUES (7, 2);

INSERT INTO Recipe (recipe_type, name, national_cuisine_id, difficulty_level, description, tip1, tip2, cooking_time, prep_time, portions, basic_ingredient_id, image_id) VALUES ('pastry', 'Spaghetti', 1, 1, 'Yourself three present table which.', 'good with honey', 'better when fresh', 15, 3, 3, 13, 36);

INSERT INTO Step (recipe_id, order_number, description) VALUES (8, 1, 'Force want somebody drop several.');

INSERT INTO Nutritional_Info (recipe_id, fat_per_portion, carbs_per_portion, protein_per_portion) VALUES (8, 204, 100, 184);

INSERT INTO Recipe_Meal_Type (recipe_id, meal_type_id) VALUES (8, 6);

INSERT INTO Recipe_Label (recipe_id, label_id) VALUES (8, 9);

INSERT INTO Recipe_Equipment (recipe_id, equipment_id) VALUES (8, 5);

INSERT INTO Recipe_Ingredient (recipe_id, ingredient_id, portion) VALUES (8, 13, 1);

INSERT INTO Recipe_Thematic_Unit (recipe_id, thematic_unit_id) VALUES (8, 8);

INSERT INTO Recipe_Thematic_Unit (recipe_id, thematic_unit_id) VALUES (8, 3);

INSERT INTO Recipe_Thematic_Unit (recipe_id, thematic_unit_id) VALUES (8, 13);

INSERT INTO Recipe (recipe_type, name, national_cuisine_id, difficulty_level, description, tip1, cooking_time, prep_time, portions, basic_ingredient_id, image_id) VALUES ('pastry', 'Scones', 1, 4, 'Hope outside hot friend concern network. Lot ask effort agreement painting. Animal method ever cause somebody buy respond entire.', 'better with feta cheese', 75, 17, 1, 184, 37);

INSERT INTO Step (recipe_id, order_number, description) VALUES (9, 1, 'Film environmental understand idea performance possible.');

INSERT INTO Step (recipe_id, order_number, description) VALUES (9, 2, 'Woman watch focus east memory task.');

INSERT INTO Step (recipe_id, order_number, description) VALUES (9, 3, 'Wear news imagine loss.');

INSERT INTO Step (recipe_id, order_number, description) VALUES (9, 4, 'Home down economic require.');

INSERT INTO Nutritional_Info (recipe_id, fat_per_portion, carbs_per_portion, protein_per_portion) VALUES (9, 222, 196, 135);

INSERT INTO Recipe_Meal_Type (recipe_id, meal_type_id) VALUES (9, 5);

INSERT INTO Recipe_Meal_Type (recipe_id, meal_type_id) VALUES (9, 3);

INSERT INTO Recipe_Label (recipe_id, label_id) VALUES (9, 7);

INSERT INTO Recipe_Label (recipe_id, label_id) VALUES (9, 8);

INSERT INTO Recipe_Label (recipe_id, label_id) VALUES (9, 4);

INSERT INTO Recipe_Label (recipe_id, label_id) VALUES (9, 1);

INSERT INTO Recipe_Equipment (recipe_id, equipment_id) VALUES (9, 9);

INSERT INTO Recipe_Equipment (recipe_id, equipment_id) VALUES (9, 50);

INSERT INTO Recipe_Equipment (recipe_id, equipment_id) VALUES (9, 14);

INSERT INTO Recipe_Equipment (recipe_id, equipment_id) VALUES (9, 43);

INSERT INTO Recipe_Equipment (recipe_id, equipment_id) VALUES (9, 18);

INSERT INTO Recipe_Equipment (recipe_id, equipment_id) VALUES (9, 34);

INSERT INTO Recipe_Ingredient (recipe_id, ingredient_id, portion) VALUES (9, 102, 5);

INSERT INTO Recipe_Ingredient (recipe_id, ingredient_id, portion) VALUES (9, 156, 8);

INSERT INTO Recipe_Ingredient (recipe_id, ingredient_id, portion) VALUES (9, 100, 3);

INSERT INTO Recipe_Ingredient (recipe_id, ingredient_id, portion) VALUES (9, 85, 3);

INSERT INTO Recipe_Ingredient (recipe_id, ingredient_id, portion) VALUES (9, 73, 6);

INSERT INTO Recipe_Ingredient (recipe_id, ingredient_id, portion) VALUES (9, 43, 4);

INSERT INTO Recipe_Thematic_Unit (recipe_id, thematic_unit_id) VALUES (9, 4);

INSERT INTO Recipe (recipe_type, name, national_cuisine_id, difficulty_level, description, tip1, cooking_time, prep_time, portions, basic_ingredient_id, image_id) VALUES ('pastry', 'Pizza', 2, 5, 'All base sign wonder pattern. Line likely girl sell. Sometimes condition admit nothing weight produce. Relate thus direction goal factor.', 'you have to be careful not to let it get stack', 84, 27, 8, 134, 38);

INSERT INTO Step (recipe_id, order_number, description) VALUES (10, 1, 'Always able PM two young all turn.');

INSERT INTO Step (recipe_id, order_number, description) VALUES (10, 2, 'Participant third common particularly main production forget.');

INSERT INTO Step (recipe_id, order_number, description) VALUES (10, 3, 'Day company west teacher defense.');

INSERT INTO Step (recipe_id, order_number, description) VALUES (10, 4, 'Pattern capital drug gas thought sister.');

INSERT INTO Step (recipe_id, order_number, description) VALUES (10, 5, 'Stuff evening half population one about human less.');

INSERT INTO Nutritional_Info (recipe_id, fat_per_portion, carbs_per_portion, protein_per_portion) VALUES (10, 201, 46, 192);

INSERT INTO Recipe_Meal_Type (recipe_id, meal_type_id) VALUES (10, 5);

INSERT INTO Recipe_Meal_Type (recipe_id, meal_type_id) VALUES (10, 3);

INSERT INTO Recipe_Meal_Type (recipe_id, meal_type_id) VALUES (10, 2);

INSERT INTO Recipe_Label (recipe_id, label_id) VALUES (10, 1);

INSERT INTO Recipe_Label (recipe_id, label_id) VALUES (10, 9);

INSERT INTO Recipe_Equipment (recipe_id, equipment_id) VALUES (10, 38);

INSERT INTO Recipe_Equipment (recipe_id, equipment_id) VALUES (10, 41);

INSERT INTO Recipe_Ingredient (recipe_id, ingredient_id, portion) VALUES (10, 181, 2);

INSERT INTO Recipe_Ingredient (recipe_id, ingredient_id, portion) VALUES (10, 81, 4);

INSERT INTO Recipe_Thematic_Unit (recipe_id, thematic_unit_id) VALUES (10, 4);

INSERT INTO Recipe (recipe_type, name, national_cuisine_id, difficulty_level, description, tip1, tip2, cooking_time, prep_time, portions, basic_ingredient_id, image_id) VALUES ('cooking', 'Stir-Fry', 2, 4, 'Follow parent central. Sister happen prepare part. Baby store work us early until several here.', 'you need salt', 'you need salt', 62, 16, 8, 48, 39);

INSERT INTO Step (recipe_id, order_number, description) VALUES (11, 1, 'Town laugh organization population north two.');

INSERT INTO Nutritional_Info (recipe_id, fat_per_portion, carbs_per_portion, protein_per_portion) VALUES (11, 124, 177, 124);

INSERT INTO Recipe_Meal_Type (recipe_id, meal_type_id) VALUES (11, 1);

INSERT INTO Recipe_Meal_Type (recipe_id, meal_type_id) VALUES (11, 5);

INSERT INTO Recipe_Label (recipe_id, label_id) VALUES (11, 9);

INSERT INTO Recipe_Equipment (recipe_id, equipment_id) VALUES (11, 33);

INSERT INTO Recipe_Equipment (recipe_id, equipment_id) VALUES (11, 23);

INSERT INTO Recipe_Equipment (recipe_id, equipment_id) VALUES (11, 37);

INSERT INTO Recipe_Equipment (recipe_id, equipment_id) VALUES (11, 3);

INSERT INTO Recipe_Equipment (recipe_id, equipment_id) VALUES (11, 30);

INSERT INTO Recipe_Equipment (recipe_id, equipment_id) VALUES (11, 40);

INSERT INTO Recipe_Ingredient (recipe_id, ingredient_id, portion) VALUES (11, 140, 2);

INSERT INTO Recipe_Ingredient (recipe_id, ingredient_id, portion) VALUES (11, 173, 2);

INSERT INTO Recipe_Ingredient (recipe_id, ingredient_id, portion) VALUES (11, 146, 7);

INSERT INTO Recipe_Ingredient (recipe_id, ingredient_id, portion) VALUES (11, 150, 7);

INSERT INTO Recipe_Thematic_Unit (recipe_id, thematic_unit_id) VALUES (11, 15);

INSERT INTO Recipe_Thematic_Unit (recipe_id, thematic_unit_id) VALUES (11, 2);

INSERT INTO Recipe_Thematic_Unit (recipe_id, thematic_unit_id) VALUES (11, 14);

INSERT INTO Recipe (recipe_type, name, national_cuisine_id, difficulty_level, description, tip1, cooking_time, prep_time, portions, basic_ingredient_id, image_id) VALUES ('cooking', 'Rustic Italian Tortellini Soup', 2, 3, 'Wrong fish film. Control pretty day theory never successful. Special spring detail figure stand. Officer fall next audience bag pressure list.', 'it needs a fridge', 145, 30, 4, 140, 40);

INSERT INTO Step (recipe_id, order_number, description) VALUES (12, 1, 'Respond memory ahead this question.');

INSERT INTO Step (recipe_id, order_number, description) VALUES (12, 2, 'Fly catch start ten interview reality ever effort.');

INSERT INTO Nutritional_Info (recipe_id, fat_per_portion, carbs_per_portion, protein_per_portion) VALUES (12, 276, 153, 139);

INSERT INTO Recipe_Meal_Type (recipe_id, meal_type_id) VALUES (12, 6);

INSERT INTO Recipe_Meal_Type (recipe_id, meal_type_id) VALUES (12, 3);

INSERT INTO Recipe_Meal_Type (recipe_id, meal_type_id) VALUES (12, 5);

INSERT INTO Recipe_Label (recipe_id, label_id) VALUES (12, 5);

INSERT INTO Recipe_Label (recipe_id, label_id) VALUES (12, 2);

INSERT INTO Recipe_Label (recipe_id, label_id) VALUES (12, 8);

INSERT INTO Recipe_Equipment (recipe_id, equipment_id) VALUES (12, 13);

INSERT INTO Recipe_Equipment (recipe_id, equipment_id) VALUES (12, 14);

INSERT INTO Recipe_Ingredient (recipe_id, ingredient_id, portion) VALUES (12, 110, 5);

INSERT INTO Recipe_Ingredient (recipe_id, ingredient_id, portion) VALUES (12, 119, 1);

INSERT INTO Recipe_Ingredient (recipe_id, ingredient_id, portion) VALUES (12, 198, 3);

INSERT INTO Recipe_Ingredient (recipe_id, ingredient_id, portion) VALUES (12, 82, 1);

INSERT INTO Recipe_Ingredient (recipe_id, ingredient_id, portion) VALUES (12, 27, 1);

INSERT INTO Recipe_Ingredient (recipe_id, ingredient_id, portion) VALUES (12, 118, 2);

INSERT INTO Recipe_Ingredient (recipe_id, ingredient_id, portion) VALUES (12, 199, 8);

INSERT INTO Recipe_Ingredient (recipe_id, ingredient_id, portion) VALUES (12, 48, 7);

INSERT INTO Recipe_Ingredient (recipe_id, ingredient_id, portion) VALUES (12, 37, 5);

INSERT INTO Recipe_Ingredient (recipe_id, ingredient_id, portion) VALUES (12, 129, 4);

INSERT INTO Recipe_Ingredient (recipe_id, ingredient_id, portion) VALUES (12, 134, 3);

INSERT INTO Recipe_Ingredient (recipe_id, ingredient_id, portion) VALUES (12, 34, 4);

INSERT INTO Recipe_Ingredient (recipe_id, ingredient_id, portion) VALUES (12, 111, 5);

INSERT INTO Recipe_Ingredient (recipe_id, ingredient_id, portion) VALUES (12, 168, 5);

INSERT INTO Recipe_Ingredient (recipe_id, ingredient_id, portion) VALUES (12, 68, 4);

INSERT INTO Recipe_Ingredient (recipe_id, ingredient_id, portion) VALUES (12, 102, 3);

INSERT INTO Recipe_Ingredient (recipe_id, ingredient_id, portion) VALUES (12, 190, 8);

INSERT INTO Recipe_Ingredient (recipe_id, ingredient_id, portion) VALUES (12, 103, 4);

INSERT INTO Recipe_Ingredient (recipe_id, ingredient_id, portion) VALUES (12, 180, 4);

INSERT INTO Recipe_Ingredient (recipe_id, ingredient_id, portion) VALUES (12, 146, 3);

INSERT INTO Recipe_Thematic_Unit (recipe_id, thematic_unit_id) VALUES (12, 11);

INSERT INTO Recipe_Thematic_Unit (recipe_id, thematic_unit_id) VALUES (12, 4);

INSERT INTO Recipe_Thematic_Unit (recipe_id, thematic_unit_id) VALUES (12, 15);

INSERT INTO Recipe (recipe_type, name, national_cuisine_id, difficulty_level, description, tip1, tip2, tip3, cooking_time, prep_time, portions, basic_ingredient_id, image_id) VALUES ('pastry', 'Swedish Meatballs', 2, 1, 'Stay thousand him couple thousand. American I imagine dinner couple. Each throughout soldier to six air on.', 'you need 2 people to make it', 'you can use leftovers', 'better without sugar', 51, 35, 3, 199, 41);

INSERT INTO Step (recipe_id, order_number, description) VALUES (13, 1, 'Effort impact six certainly interview each.');

INSERT INTO Nutritional_Info (recipe_id, fat_per_portion, carbs_per_portion, protein_per_portion) VALUES (13, 267, 136, 187);

INSERT INTO Recipe_Meal_Type (recipe_id, meal_type_id) VALUES (13, 1);

INSERT INTO Recipe_Meal_Type (recipe_id, meal_type_id) VALUES (13, 6);

INSERT INTO Recipe_Label (recipe_id, label_id) VALUES (13, 7);

INSERT INTO Recipe_Label (recipe_id, label_id) VALUES (13, 5);

INSERT INTO Recipe_Equipment (recipe_id, equipment_id) VALUES (13, 8);

INSERT INTO Recipe_Equipment (recipe_id, equipment_id) VALUES (13, 4);

INSERT INTO Recipe_Equipment (recipe_id, equipment_id) VALUES (13, 40);

INSERT INTO Recipe_Equipment (recipe_id, equipment_id) VALUES (13, 37);

INSERT INTO Recipe_Equipment (recipe_id, equipment_id) VALUES (13, 47);

INSERT INTO Recipe_Equipment (recipe_id, equipment_id) VALUES (13, 33);

INSERT INTO Recipe_Ingredient (recipe_id, ingredient_id, portion) VALUES (13, 144, 3);

INSERT INTO Recipe_Ingredient (recipe_id, ingredient_id, portion) VALUES (13, 143, 4);

INSERT INTO Recipe_Ingredient (recipe_id, ingredient_id, portion) VALUES (13, 169, 2);

INSERT INTO Recipe_Thematic_Unit (recipe_id, thematic_unit_id) VALUES (13, 8);

INSERT INTO Recipe (recipe_type, name, national_cuisine_id, difficulty_level, description, tip1, cooking_time, prep_time, portions, basic_ingredient_id, image_id) VALUES ('pastry', 'Barley Beef Skillet', 2, 3, 'Really stuff find value moment spring group say. Around race special image.', 'better with butter instead of milk', 130, 32, 3, 125, 42);

INSERT INTO Step (recipe_id, order_number, description) VALUES (14, 1, 'You class see.');

INSERT INTO Step (recipe_id, order_number, description) VALUES (14, 2, 'Price behind join value success concern she.');

INSERT INTO Step (recipe_id, order_number, description) VALUES (14, 3, 'Property religious street whether organization almost south.');

INSERT INTO Nutritional_Info (recipe_id, fat_per_portion, carbs_per_portion, protein_per_portion) VALUES (14, 273, 79, 97);

INSERT INTO Recipe_Meal_Type (recipe_id, meal_type_id) VALUES (14, 2);

INSERT INTO Recipe_Label (recipe_id, label_id) VALUES (14, 6);

INSERT INTO Recipe_Label (recipe_id, label_id) VALUES (14, 10);

INSERT INTO Recipe_Equipment (recipe_id, equipment_id) VALUES (14, 38);

INSERT INTO Recipe_Equipment (recipe_id, equipment_id) VALUES (14, 49);

INSERT INTO Recipe_Equipment (recipe_id, equipment_id) VALUES (14, 26);

INSERT INTO Recipe_Equipment (recipe_id, equipment_id) VALUES (14, 4);

INSERT INTO Recipe_Equipment (recipe_id, equipment_id) VALUES (14, 3);

INSERT INTO Recipe_Equipment (recipe_id, equipment_id) VALUES (14, 10);

INSERT INTO Recipe_Equipment (recipe_id, equipment_id) VALUES (14, 15);

INSERT INTO Recipe_Ingredient (recipe_id, ingredient_id, portion) VALUES (14, 23, 4);

INSERT INTO Recipe_Thematic_Unit (recipe_id, thematic_unit_id) VALUES (14, 8);

INSERT INTO Recipe (recipe_type, name, national_cuisine_id, difficulty_level, description, tip1, tip2, cooking_time, prep_time, portions, basic_ingredient_id, image_id) VALUES ('cooking', 'Southwest Beef & Rice Skillet', 3, 2, 'While ask safe light add agency same. Relationship he myself case nice according candidate professor. Toward unit film happy catch. Song actually become most.', 'better with slow cooking', 'you have to be careful not to let it get stack', 100, 35, 8, 160, 43);

INSERT INTO Step (recipe_id, order_number, description) VALUES (15, 1, 'Congress vote understand her reveal phone begin.');

INSERT INTO Nutritional_Info (recipe_id, fat_per_portion, carbs_per_portion, protein_per_portion) VALUES (15, 126, 121, 243);

INSERT INTO Recipe_Meal_Type (recipe_id, meal_type_id) VALUES (15, 2);

INSERT INTO Recipe_Label (recipe_id, label_id) VALUES (15, 6);

INSERT INTO Recipe_Equipment (recipe_id, equipment_id) VALUES (15, 32);

INSERT INTO Recipe_Equipment (recipe_id, equipment_id) VALUES (15, 50);

INSERT INTO Recipe_Equipment (recipe_id, equipment_id) VALUES (15, 29);

INSERT INTO Recipe_Equipment (recipe_id, equipment_id) VALUES (15, 24);

INSERT INTO Recipe_Equipment (recipe_id, equipment_id) VALUES (15, 20);

INSERT INTO Recipe_Equipment (recipe_id, equipment_id) VALUES (15, 34);

INSERT INTO Recipe_Equipment (recipe_id, equipment_id) VALUES (15, 42);

INSERT INTO Recipe_Ingredient (recipe_id, ingredient_id, portion) VALUES (15, 192, 3);

INSERT INTO Recipe_Ingredient (recipe_id, ingredient_id, portion) VALUES (15, 147, 3);

INSERT INTO Recipe_Ingredient (recipe_id, ingredient_id, portion) VALUES (15, 136, 4);

INSERT INTO Recipe_Ingredient (recipe_id, ingredient_id, portion) VALUES (15, 101, 7);

INSERT INTO Recipe_Ingredient (recipe_id, ingredient_id, portion) VALUES (15, 46, 4);

INSERT INTO Recipe_Ingredient (recipe_id, ingredient_id, portion) VALUES (15, 103, 4);

INSERT INTO Recipe_Thematic_Unit (recipe_id, thematic_unit_id) VALUES (15, 8);

INSERT INTO Recipe_Thematic_Unit (recipe_id, thematic_unit_id) VALUES (15, 12);

INSERT INTO Recipe_Thematic_Unit (recipe_id, thematic_unit_id) VALUES (15, 6);

INSERT INTO Recipe (recipe_type, name, national_cuisine_id, difficulty_level, description, tip1, tip2, cooking_time, prep_time, portions, basic_ingredient_id, image_id) VALUES ('pastry', 'Glazed Pork Chops with Corn Bread Dressing', 3, 4, 'Stock same single huge smile five program. Against food few natural or.', 'you need to use your hands', 'you can use leftovers', 146, 19, 3, 35, 44);

INSERT INTO Step (recipe_id, order_number, description) VALUES (16, 1, 'Base office room per build maybe receive.');

INSERT INTO Step (recipe_id, order_number, description) VALUES (16, 2, 'Price white beyond meet.');

INSERT INTO Step (recipe_id, order_number, description) VALUES (16, 3, 'Generation let now check plant school.');

INSERT INTO Nutritional_Info (recipe_id, fat_per_portion, carbs_per_portion, protein_per_portion) VALUES (16, 300, 172, 153);

INSERT INTO Recipe_Meal_Type (recipe_id, meal_type_id) VALUES (16, 2);

INSERT INTO Recipe_Label (recipe_id, label_id) VALUES (16, 5);

INSERT INTO Recipe_Label (recipe_id, label_id) VALUES (16, 7);

INSERT INTO Recipe_Label (recipe_id, label_id) VALUES (16, 3);

INSERT INTO Recipe_Label (recipe_id, label_id) VALUES (16, 6);

INSERT INTO Recipe_Equipment (recipe_id, equipment_id) VALUES (16, 35);

INSERT INTO Recipe_Equipment (recipe_id, equipment_id) VALUES (16, 2);

INSERT INTO Recipe_Equipment (recipe_id, equipment_id) VALUES (16, 20);

INSERT INTO Recipe_Equipment (recipe_id, equipment_id) VALUES (16, 41);

INSERT INTO Recipe_Equipment (recipe_id, equipment_id) VALUES (16, 16);

INSERT INTO Recipe_Equipment (recipe_id, equipment_id) VALUES (16, 11);

INSERT INTO Recipe_Equipment (recipe_id, equipment_id) VALUES (16, 42);

INSERT INTO Recipe_Equipment (recipe_id, equipment_id) VALUES (16, 28);

INSERT INTO Recipe_Ingredient (recipe_id, ingredient_id, portion) VALUES (16, 19, 4);

INSERT INTO Recipe_Ingredient (recipe_id, ingredient_id, portion) VALUES (16, 160, 6);

INSERT INTO Recipe_Ingredient (recipe_id, ingredient_id, portion) VALUES (16, 53, 4);

INSERT INTO Recipe_Ingredient (recipe_id, ingredient_id, portion) VALUES (16, 105, 1);

INSERT INTO Recipe_Ingredient (recipe_id, ingredient_id, portion) VALUES (16, 81, 5);

INSERT INTO Recipe_Ingredient (recipe_id, ingredient_id, portion) VALUES (16, 130, 3);

INSERT INTO Recipe_Ingredient (recipe_id, ingredient_id, portion) VALUES (16, 147, 1);

INSERT INTO Recipe_Ingredient (recipe_id, ingredient_id, portion) VALUES (16, 194, 7);

INSERT INTO Recipe_Thematic_Unit (recipe_id, thematic_unit_id) VALUES (16, 7);

INSERT INTO Recipe (recipe_type, name, national_cuisine_id, difficulty_level, description, tip1, tip2, tip3, cooking_time, prep_time, portions, basic_ingredient_id, image_id) VALUES ('cooking', 'Fried Rice', 3, 4, 'Write rule trouble election even air administration. Outside response star enter. Money attorney actually win young. Product social thus board somebody gun.', 'better with feta cheese', 'better with butter instead of milk', 'good with honey', 126, 13, 5, 180, 45);

INSERT INTO Step (recipe_id, order_number, description) VALUES (17, 1, 'Politics hear nearly either image travel major strategy.');

INSERT INTO Step (recipe_id, order_number, description) VALUES (17, 2, 'Knowledge someone character relationship.');

INSERT INTO Step (recipe_id, order_number, description) VALUES (17, 3, 'Speech think hot newspaper citizen treat receive.');

INSERT INTO Nutritional_Info (recipe_id, fat_per_portion, carbs_per_portion, protein_per_portion) VALUES (17, 111, 188, 176);

INSERT INTO Recipe_Meal_Type (recipe_id, meal_type_id) VALUES (17, 4);

INSERT INTO Recipe_Meal_Type (recipe_id, meal_type_id) VALUES (17, 5);

INSERT INTO Recipe_Meal_Type (recipe_id, meal_type_id) VALUES (17, 6);

INSERT INTO Recipe_Label (recipe_id, label_id) VALUES (17, 4);

INSERT INTO Recipe_Equipment (recipe_id, equipment_id) VALUES (17, 21);

INSERT INTO Recipe_Equipment (recipe_id, equipment_id) VALUES (17, 34);

INSERT INTO Recipe_Equipment (recipe_id, equipment_id) VALUES (17, 9);

INSERT INTO Recipe_Equipment (recipe_id, equipment_id) VALUES (17, 30);

INSERT INTO Recipe_Equipment (recipe_id, equipment_id) VALUES (17, 27);

INSERT INTO Recipe_Equipment (recipe_id, equipment_id) VALUES (17, 46);

INSERT INTO Recipe_Equipment (recipe_id, equipment_id) VALUES (17, 18);

INSERT INTO Recipe_Ingredient (recipe_id, ingredient_id, portion) VALUES (17, 163, 7);

INSERT INTO Recipe_Ingredient (recipe_id, ingredient_id, portion) VALUES (17, 84, 7);

INSERT INTO Recipe_Ingredient (recipe_id, ingredient_id, portion) VALUES (17, 37, 1);

INSERT INTO Recipe_Ingredient (recipe_id, ingredient_id, portion) VALUES (17, 130, 3);

INSERT INTO Recipe_Ingredient (recipe_id, ingredient_id, portion) VALUES (17, 79, 2);

INSERT INTO Recipe_Thematic_Unit (recipe_id, thematic_unit_id) VALUES (17, 14);

INSERT INTO Recipe (recipe_type, name, national_cuisine_id, difficulty_level, description, tip1, tip2, cooking_time, prep_time, portions, basic_ingredient_id, image_id) VALUES ('cooking', 'Zesty Sausage & Beans', 3, 1, 'Better president contain soldier agree same scientist example. Similar item appear team.', 'better with a blender', 'you can store iy outside the fridge', 27, 9, 2, 87, 46);

INSERT INTO Step (recipe_id, order_number, description) VALUES (18, 1, 'Other happen difficult can.');

INSERT INTO Step (recipe_id, order_number, description) VALUES (18, 2, 'Nature my use court record together remember.');

INSERT INTO Step (recipe_id, order_number, description) VALUES (18, 3, 'Apply occur eight course customer program air town.');

INSERT INTO Step (recipe_id, order_number, description) VALUES (18, 4, 'Write reason situation clear.');

INSERT INTO Step (recipe_id, order_number, description) VALUES (18, 5, 'Cost when tough hair report home.');

INSERT INTO Step (recipe_id, order_number, description) VALUES (18, 6, 'Simple into measure decade.');

INSERT INTO Step (recipe_id, order_number, description) VALUES (18, 7, 'Service little I within fight.');

INSERT INTO Step (recipe_id, order_number, description) VALUES (18, 8, 'Arm real difference enough discover.');

INSERT INTO Nutritional_Info (recipe_id, fat_per_portion, carbs_per_portion, protein_per_portion) VALUES (18, 140, 116, 52);

INSERT INTO Recipe_Meal_Type (recipe_id, meal_type_id) VALUES (18, 1);

INSERT INTO Recipe_Meal_Type (recipe_id, meal_type_id) VALUES (18, 4);

INSERT INTO Recipe_Meal_Type (recipe_id, meal_type_id) VALUES (18, 5);

INSERT INTO Recipe_Label (recipe_id, label_id) VALUES (18, 2);

INSERT INTO Recipe_Equipment (recipe_id, equipment_id) VALUES (18, 28);

INSERT INTO Recipe_Equipment (recipe_id, equipment_id) VALUES (18, 42);

INSERT INTO Recipe_Ingredient (recipe_id, ingredient_id, portion) VALUES (18, 23, 1);

INSERT INTO Recipe_Ingredient (recipe_id, ingredient_id, portion) VALUES (18, 135, 8);

INSERT INTO Recipe_Ingredient (recipe_id, ingredient_id, portion) VALUES (18, 61, 2);

INSERT INTO Recipe_Ingredient (recipe_id, ingredient_id, portion) VALUES (18, 132, 3);

INSERT INTO Recipe_Ingredient (recipe_id, ingredient_id, portion) VALUES (18, 115, 4);

INSERT INTO Recipe_Ingredient (recipe_id, ingredient_id, portion) VALUES (18, 84, 5);

INSERT INTO Recipe_Ingredient (recipe_id, ingredient_id, portion) VALUES (18, 101, 8);

INSERT INTO Recipe_Ingredient (recipe_id, ingredient_id, portion) VALUES (18, 27, 8);

INSERT INTO Recipe_Thematic_Unit (recipe_id, thematic_unit_id) VALUES (18, 10);

INSERT INTO Recipe_Thematic_Unit (recipe_id, thematic_unit_id) VALUES (18, 2);

INSERT INTO Recipe_Thematic_Unit (recipe_id, thematic_unit_id) VALUES (18, 13);

INSERT INTO Recipe (recipe_type, name, national_cuisine_id, difficulty_level, description, tip1, cooking_time, prep_time, portions, basic_ingredient_id, image_id) VALUES ('pastry', 'Prosciutto Pasta Toss', 3, 2, 'Win voice interest large read institution everybody model. Billion ball live financial pattern health. War too market remain memory office low.', 'in the fridge for 3 days', 101, 43, 6, 181, 47);

INSERT INTO Step (recipe_id, order_number, description) VALUES (19, 1, 'Assume order building use seat close good foreign.');

INSERT INTO Step (recipe_id, order_number, description) VALUES (19, 2, 'Doctor seem trip difference list true.');

INSERT INTO Step (recipe_id, order_number, description) VALUES (19, 3, 'Itself apply employee claim give phone particularly.');

INSERT INTO Step (recipe_id, order_number, description) VALUES (19, 4, 'Join determine course growth fund hard.');

INSERT INTO Step (recipe_id, order_number, description) VALUES (19, 5, 'Natural note only bar person window know between.');

INSERT INTO Step (recipe_id, order_number, description) VALUES (19, 6, 'Enough race coach.');

INSERT INTO Nutritional_Info (recipe_id, fat_per_portion, carbs_per_portion, protein_per_portion) VALUES (19, 292, 182, 226);

INSERT INTO Recipe_Meal_Type (recipe_id, meal_type_id) VALUES (19, 2);

INSERT INTO Recipe_Meal_Type (recipe_id, meal_type_id) VALUES (19, 6);

INSERT INTO Recipe_Label (recipe_id, label_id) VALUES (19, 2);

INSERT INTO Recipe_Label (recipe_id, label_id) VALUES (19, 3);

INSERT INTO Recipe_Label (recipe_id, label_id) VALUES (19, 8);

INSERT INTO Recipe_Equipment (recipe_id, equipment_id) VALUES (19, 7);

INSERT INTO Recipe_Equipment (recipe_id, equipment_id) VALUES (19, 23);

INSERT INTO Recipe_Equipment (recipe_id, equipment_id) VALUES (19, 37);

INSERT INTO Recipe_Equipment (recipe_id, equipment_id) VALUES (19, 3);

INSERT INTO Recipe_Equipment (recipe_id, equipment_id) VALUES (19, 10);

INSERT INTO Recipe_Ingredient (recipe_id, ingredient_id, portion) VALUES (19, 74, 8);

INSERT INTO Recipe_Ingredient (recipe_id, ingredient_id, portion) VALUES (19, 175, 8);

INSERT INTO Recipe_Thematic_Unit (recipe_id, thematic_unit_id) VALUES (19, 6);

INSERT INTO Recipe_Thematic_Unit (recipe_id, thematic_unit_id) VALUES (19, 13);

INSERT INTO Recipe_Thematic_Unit (recipe_id, thematic_unit_id) VALUES (19, 5);

INSERT INTO Recipe (recipe_type, name, national_cuisine_id, difficulty_level, description, tip1, tip2, cooking_time, prep_time, portions, basic_ingredient_id, image_id) VALUES ('pastry', 'Cashew Chicken with Noodles', 4, 5, 'Once they small each mouth it accept. Mean stock few behind adult high. Trip step throughout certainly.', 'better with slow cooking', 'you have to be careful not to let it get stack', 106, 33, 4, 5, 48);

INSERT INTO Step (recipe_id, order_number, description) VALUES (20, 1, 'Some could establish cover strategy talk town western.');

INSERT INTO Nutritional_Info (recipe_id, fat_per_portion, carbs_per_portion, protein_per_portion) VALUES (20, 99, 55, 162);

INSERT INTO Recipe_Meal_Type (recipe_id, meal_type_id) VALUES (20, 2);

INSERT INTO Recipe_Label (recipe_id, label_id) VALUES (20, 6);

INSERT INTO Recipe_Label (recipe_id, label_id) VALUES (20, 9);

INSERT INTO Recipe_Label (recipe_id, label_id) VALUES (20, 5);

INSERT INTO Recipe_Equipment (recipe_id, equipment_id) VALUES (20, 4);

INSERT INTO Recipe_Equipment (recipe_id, equipment_id) VALUES (20, 30);

INSERT INTO Recipe_Equipment (recipe_id, equipment_id) VALUES (20, 37);

INSERT INTO Recipe_Ingredient (recipe_id, ingredient_id, portion) VALUES (20, 126, 7);

INSERT INTO Recipe_Ingredient (recipe_id, ingredient_id, portion) VALUES (20, 74, 6);

INSERT INTO Recipe_Ingredient (recipe_id, ingredient_id, portion) VALUES (20, 54, 1);

INSERT INTO Recipe_Ingredient (recipe_id, ingredient_id, portion) VALUES (20, 7, 4);

INSERT INTO Recipe_Ingredient (recipe_id, ingredient_id, portion) VALUES (20, 29, 4);

INSERT INTO Recipe_Thematic_Unit (recipe_id, thematic_unit_id) VALUES (20, 8);

INSERT INTO Recipe_Thematic_Unit (recipe_id, thematic_unit_id) VALUES (20, 3);

INSERT INTO Recipe_Thematic_Unit (recipe_id, thematic_unit_id) VALUES (20, 9);

INSERT INTO Recipe (recipe_type, name, national_cuisine_id, difficulty_level, description, tip1, tip2, cooking_time, prep_time, portions, basic_ingredient_id, image_id) VALUES ('pastry', 'Herb Chicken with Honey Butter', 4, 4, 'Recognize room dinner generation. Skin role discover indeed. Make exactly second heavy certainly him police.', 'you need an oven', 'you have to be careful not to let it get stack', 115, 10, 5, 6, 49);

INSERT INTO Step (recipe_id, order_number, description) VALUES (21, 1, 'Break board do actually seem among.');

INSERT INTO Step (recipe_id, order_number, description) VALUES (21, 2, 'Join nation power reality worry there situation.');

INSERT INTO Step (recipe_id, order_number, description) VALUES (21, 3, 'Price operation process work detail single.');

INSERT INTO Step (recipe_id, order_number, description) VALUES (21, 4, 'Bit by response between some peace.');

INSERT INTO Step (recipe_id, order_number, description) VALUES (21, 5, 'Give well follow eat improve.');

INSERT INTO Nutritional_Info (recipe_id, fat_per_portion, carbs_per_portion, protein_per_portion) VALUES (21, 375, 12, 240);

INSERT INTO Recipe_Meal_Type (recipe_id, meal_type_id) VALUES (21, 6);

INSERT INTO Recipe_Meal_Type (recipe_id, meal_type_id) VALUES (21, 5);

INSERT INTO Recipe_Label (recipe_id, label_id) VALUES (21, 9);

INSERT INTO Recipe_Label (recipe_id, label_id) VALUES (21, 8);

INSERT INTO Recipe_Label (recipe_id, label_id) VALUES (21, 6);

INSERT INTO Recipe_Equipment (recipe_id, equipment_id) VALUES (21, 34);

INSERT INTO Recipe_Equipment (recipe_id, equipment_id) VALUES (21, 25);

INSERT INTO Recipe_Equipment (recipe_id, equipment_id) VALUES (21, 22);

INSERT INTO Recipe_Equipment (recipe_id, equipment_id) VALUES (21, 37);

INSERT INTO Recipe_Equipment (recipe_id, equipment_id) VALUES (21, 39);

INSERT INTO Recipe_Equipment (recipe_id, equipment_id) VALUES (21, 23);

INSERT INTO Recipe_Equipment (recipe_id, equipment_id) VALUES (21, 30);

INSERT INTO Recipe_Equipment (recipe_id, equipment_id) VALUES (21, 26);

INSERT INTO Recipe_Equipment (recipe_id, equipment_id) VALUES (21, 45);

INSERT INTO Recipe_Ingredient (recipe_id, ingredient_id, portion) VALUES (21, 130, 1);

INSERT INTO Recipe_Ingredient (recipe_id, ingredient_id, portion) VALUES (21, 151, 1);

INSERT INTO Recipe_Ingredient (recipe_id, ingredient_id, portion) VALUES (21, 73, 3);

INSERT INTO Recipe_Ingredient (recipe_id, ingredient_id, portion) VALUES (21, 168, 3);

INSERT INTO Recipe_Ingredient (recipe_id, ingredient_id, portion) VALUES (21, 33, 4);

INSERT INTO Recipe_Ingredient (recipe_id, ingredient_id, portion) VALUES (21, 7, 4);

INSERT INTO Recipe_Ingredient (recipe_id, ingredient_id, portion) VALUES (21, 5, 7);

INSERT INTO Recipe_Ingredient (recipe_id, ingredient_id, portion) VALUES (21, 11, 3);

INSERT INTO Recipe_Ingredient (recipe_id, ingredient_id, portion) VALUES (21, 104, 3);

INSERT INTO Recipe_Ingredient (recipe_id, ingredient_id, portion) VALUES (21, 180, 7);

INSERT INTO Recipe_Ingredient (recipe_id, ingredient_id, portion) VALUES (21, 155, 1);

INSERT INTO Recipe_Thematic_Unit (recipe_id, thematic_unit_id) VALUES (21, 1);

INSERT INTO Recipe_Thematic_Unit (recipe_id, thematic_unit_id) VALUES (21, 12);

INSERT INTO Recipe_Thematic_Unit (recipe_id, thematic_unit_id) VALUES (21, 14);

INSERT INTO Recipe (recipe_type, name, national_cuisine_id, difficulty_level, description, tip1, tip2, cooking_time, prep_time, portions, basic_ingredient_id, image_id) VALUES ('cooking', 'French Toast', 4, 5, 'Indeed treatment possible right. Military environment through sure other. Apply may professional end dog always. Skin social prepare son development police.', 'you have to be careful not to let it get stack', 'you need to use your hands', 99, 16, 2, 68, 50);

INSERT INTO Step (recipe_id, order_number, description) VALUES (22, 1, 'Effort with position together discussion benefit economic.');

INSERT INTO Step (recipe_id, order_number, description) VALUES (22, 2, 'Ball guess actually ever simply yourself.');

INSERT INTO Step (recipe_id, order_number, description) VALUES (22, 3, 'Ground leg dog way catch though theory.');

INSERT INTO Step (recipe_id, order_number, description) VALUES (22, 4, 'Finish ground before.');

INSERT INTO Step (recipe_id, order_number, description) VALUES (22, 5, 'Kid than tend list pass herself care as.');

INSERT INTO Step (recipe_id, order_number, description) VALUES (22, 6, 'Go party body value throw despite.');

INSERT INTO Step (recipe_id, order_number, description) VALUES (22, 7, 'Red several nothing yes option similar job.');

INSERT INTO Step (recipe_id, order_number, description) VALUES (22, 8, 'Information himself rule assume simply name crime.');

INSERT INTO Nutritional_Info (recipe_id, fat_per_portion, carbs_per_portion, protein_per_portion) VALUES (22, 162, 10, 182);

INSERT INTO Recipe_Meal_Type (recipe_id, meal_type_id) VALUES (22, 3);

INSERT INTO Recipe_Label (recipe_id, label_id) VALUES (22, 2);

INSERT INTO Recipe_Equipment (recipe_id, equipment_id) VALUES (22, 16);

INSERT INTO Recipe_Equipment (recipe_id, equipment_id) VALUES (22, 30);

INSERT INTO Recipe_Equipment (recipe_id, equipment_id) VALUES (22, 28);

INSERT INTO Recipe_Equipment (recipe_id, equipment_id) VALUES (22, 3);

INSERT INTO Recipe_Equipment (recipe_id, equipment_id) VALUES (22, 42);

INSERT INTO Recipe_Equipment (recipe_id, equipment_id) VALUES (22, 39);

INSERT INTO Recipe_Ingredient (recipe_id, ingredient_id, portion) VALUES (22, 179, 5);

INSERT INTO Recipe_Ingredient (recipe_id, ingredient_id, portion) VALUES (22, 22, 2);

INSERT INTO Recipe_Ingredient (recipe_id, ingredient_id, portion) VALUES (22, 37, 3);

INSERT INTO Recipe_Ingredient (recipe_id, ingredient_id, portion) VALUES (22, 147, 8);

INSERT INTO Recipe_Ingredient (recipe_id, ingredient_id, portion) VALUES (22, 20, 2);

INSERT INTO Recipe_Ingredient (recipe_id, ingredient_id, portion) VALUES (22, 76, 1);

INSERT INTO Recipe_Ingredient (recipe_id, ingredient_id, portion) VALUES (22, 47, 5);

INSERT INTO Recipe_Ingredient (recipe_id, ingredient_id, portion) VALUES (22, 97, 6);

INSERT INTO Recipe_Ingredient (recipe_id, ingredient_id, portion) VALUES (22, 48, 7);

INSERT INTO Recipe_Ingredient (recipe_id, ingredient_id, portion) VALUES (22, 186, 8);

INSERT INTO Recipe_Ingredient (recipe_id, ingredient_id, portion) VALUES (22, 107, 8);

INSERT INTO Recipe_Ingredient (recipe_id, ingredient_id, portion) VALUES (22, 14, 6);

INSERT INTO Recipe_Ingredient (recipe_id, ingredient_id, portion) VALUES (22, 159, 7);

INSERT INTO Recipe_Ingredient (recipe_id, ingredient_id, portion) VALUES (22, 123, 1);

INSERT INTO Recipe_Ingredient (recipe_id, ingredient_id, portion) VALUES (22, 17, 7);

INSERT INTO Recipe_Ingredient (recipe_id, ingredient_id, portion) VALUES (22, 11, 3);

INSERT INTO Recipe_Thematic_Unit (recipe_id, thematic_unit_id) VALUES (22, 7);

INSERT INTO Recipe (recipe_type, name, national_cuisine_id, difficulty_level, description, tip1, tip2, cooking_time, prep_time, portions, basic_ingredient_id, image_id) VALUES ('pastry', 'Swedish Pancakes', 4, 1, 'Study if mouth tonight safe shake worker. Laugh choice believe security.', 'good with honey', 'you need 2 people to make it', 66, 18, 8, 104, 51);

INSERT INTO Step (recipe_id, order_number, description) VALUES (23, 1, 'Middle use reveal think billion understand young.');

INSERT INTO Step (recipe_id, order_number, description) VALUES (23, 2, 'Pay life himself.');

INSERT INTO Step (recipe_id, order_number, description) VALUES (23, 3, 'Century design suddenly effect college voice.');

INSERT INTO Step (recipe_id, order_number, description) VALUES (23, 4, 'Worry establish property agreement kitchen.');

INSERT INTO Step (recipe_id, order_number, description) VALUES (23, 5, 'Manager it this official suffer travel big.');

INSERT INTO Step (recipe_id, order_number, description) VALUES (23, 6, 'Ball office trip get produce sell party.');

INSERT INTO Step (recipe_id, order_number, description) VALUES (23, 7, 'Media image say share hospital.');

INSERT INTO Step (recipe_id, order_number, description) VALUES (23, 8, 'Investment politics party concern project top painting.');

INSERT INTO Nutritional_Info (recipe_id, fat_per_portion, carbs_per_portion, protein_per_portion) VALUES (23, 287, 74, 144);

INSERT INTO Recipe_Meal_Type (recipe_id, meal_type_id) VALUES (23, 5);

INSERT INTO Recipe_Meal_Type (recipe_id, meal_type_id) VALUES (23, 6);

INSERT INTO Recipe_Meal_Type (recipe_id, meal_type_id) VALUES (23, 4);

INSERT INTO Recipe_Label (recipe_id, label_id) VALUES (23, 6);

INSERT INTO Recipe_Equipment (recipe_id, equipment_id) VALUES (23, 9);

INSERT INTO Recipe_Equipment (recipe_id, equipment_id) VALUES (23, 50);

INSERT INTO Recipe_Ingredient (recipe_id, ingredient_id, portion) VALUES (23, 67, 1);

INSERT INTO Recipe_Ingredient (recipe_id, ingredient_id, portion) VALUES (23, 117, 2);

INSERT INTO Recipe_Ingredient (recipe_id, ingredient_id, portion) VALUES (23, 178, 5);

INSERT INTO Recipe_Thematic_Unit (recipe_id, thematic_unit_id) VALUES (23, 4);

INSERT INTO Recipe_Thematic_Unit (recipe_id, thematic_unit_id) VALUES (23, 15);

INSERT INTO Recipe (recipe_type, name, national_cuisine_id, difficulty_level, description, tip1, tip2, cooking_time, prep_time, portions, basic_ingredient_id, image_id) VALUES ('pastry', 'Baked Cheddar Eggs & Potatoes', 4, 2, 'Kid low suffer along. Read next analysis health indicate pattern. Meeting loss administration so town prepare.', 'better when fresh', 'you need 2 people to make it', 27, 24, 2, 52, 52);

INSERT INTO Step (recipe_id, order_number, description) VALUES (24, 1, 'Help lose hotel.');

INSERT INTO Step (recipe_id, order_number, description) VALUES (24, 2, 'Story student large you contain authority painting.');

INSERT INTO Step (recipe_id, order_number, description) VALUES (24, 3, 'Company site girl local note difference base.');

INSERT INTO Nutritional_Info (recipe_id, fat_per_portion, carbs_per_portion, protein_per_portion) VALUES (24, 199, 101, 47);

INSERT INTO Recipe_Meal_Type (recipe_id, meal_type_id) VALUES (24, 3);

INSERT INTO Recipe_Meal_Type (recipe_id, meal_type_id) VALUES (24, 6);

INSERT INTO Recipe_Label (recipe_id, label_id) VALUES (24, 2);

INSERT INTO Recipe_Equipment (recipe_id, equipment_id) VALUES (24, 17);

INSERT INTO Recipe_Equipment (recipe_id, equipment_id) VALUES (24, 21);

INSERT INTO Recipe_Ingredient (recipe_id, ingredient_id, portion) VALUES (24, 48, 8);

INSERT INTO Recipe_Ingredient (recipe_id, ingredient_id, portion) VALUES (24, 162, 4);

INSERT INTO Recipe_Ingredient (recipe_id, ingredient_id, portion) VALUES (24, 122, 7);

INSERT INTO Recipe_Ingredient (recipe_id, ingredient_id, portion) VALUES (24, 2, 5);

INSERT INTO Recipe_Ingredient (recipe_id, ingredient_id, portion) VALUES (24, 78, 4);

INSERT INTO Recipe_Ingredient (recipe_id, ingredient_id, portion) VALUES (24, 87, 1);

INSERT INTO Recipe_Ingredient (recipe_id, ingredient_id, portion) VALUES (24, 5, 7);

INSERT INTO Recipe_Ingredient (recipe_id, ingredient_id, portion) VALUES (24, 154, 4);

INSERT INTO Recipe_Thematic_Unit (recipe_id, thematic_unit_id) VALUES (24, 2);

INSERT INTO Recipe_Thematic_Unit (recipe_id, thematic_unit_id) VALUES (24, 4);

INSERT INTO Recipe (recipe_type, name, national_cuisine_id, difficulty_level, description, tip1, cooking_time, prep_time, portions, basic_ingredient_id, image_id) VALUES ('pastry', 'Baked Mostaccioli', 5, 3, 'Growth into staff site very a. Prove find board chance.', 'you need an oven', 47, 23, 1, 60, 53);

INSERT INTO Step (recipe_id, order_number, description) VALUES (25, 1, 'Maybe individual room bill so amount money alone.');

INSERT INTO Step (recipe_id, order_number, description) VALUES (25, 2, 'Little good move necessary me window big.');

INSERT INTO Step (recipe_id, order_number, description) VALUES (25, 3, 'Six box business heart scene.');

INSERT INTO Step (recipe_id, order_number, description) VALUES (25, 4, 'Wonder image seem degree region spring world.');

INSERT INTO Step (recipe_id, order_number, description) VALUES (25, 5, 'Mrs act money ten attack son.');

INSERT INTO Step (recipe_id, order_number, description) VALUES (25, 6, 'However him set course.');

INSERT INTO Step (recipe_id, order_number, description) VALUES (25, 7, 'Teach response mean end.');

INSERT INTO Nutritional_Info (recipe_id, fat_per_portion, carbs_per_portion, protein_per_portion) VALUES (25, 179, 191, 187);

INSERT INTO Recipe_Meal_Type (recipe_id, meal_type_id) VALUES (25, 5);

INSERT INTO Recipe_Meal_Type (recipe_id, meal_type_id) VALUES (25, 3);

INSERT INTO Recipe_Label (recipe_id, label_id) VALUES (25, 1);

INSERT INTO Recipe_Equipment (recipe_id, equipment_id) VALUES (25, 19);

INSERT INTO Recipe_Ingredient (recipe_id, ingredient_id, portion) VALUES (25, 89, 4);

INSERT INTO Recipe_Ingredient (recipe_id, ingredient_id, portion) VALUES (25, 142, 1);

INSERT INTO Recipe_Ingredient (recipe_id, ingredient_id, portion) VALUES (25, 175, 3);

INSERT INTO Recipe_Ingredient (recipe_id, ingredient_id, portion) VALUES (25, 147, 2);

INSERT INTO Recipe_Ingredient (recipe_id, ingredient_id, portion) VALUES (25, 150, 3);

INSERT INTO Recipe_Ingredient (recipe_id, ingredient_id, portion) VALUES (25, 32, 2);

INSERT INTO Recipe_Ingredient (recipe_id, ingredient_id, portion) VALUES (25, 4, 4);

INSERT INTO Recipe_Ingredient (recipe_id, ingredient_id, portion) VALUES (25, 36, 3);

INSERT INTO Recipe_Ingredient (recipe_id, ingredient_id, portion) VALUES (25, 152, 1);

INSERT INTO Recipe_Ingredient (recipe_id, ingredient_id, portion) VALUES (25, 70, 6);

INSERT INTO Recipe_Ingredient (recipe_id, ingredient_id, portion) VALUES (25, 120, 4);

INSERT INTO Recipe_Ingredient (recipe_id, ingredient_id, portion) VALUES (25, 196, 5);

INSERT INTO Recipe_Thematic_Unit (recipe_id, thematic_unit_id) VALUES (25, 11);

INSERT INTO Recipe_Thematic_Unit (recipe_id, thematic_unit_id) VALUES (25, 9);

INSERT INTO Recipe_Thematic_Unit (recipe_id, thematic_unit_id) VALUES (25, 8);

INSERT INTO Recipe (recipe_type, name, national_cuisine_id, difficulty_level, description, tip1, cooking_time, prep_time, portions, basic_ingredient_id, image_id) VALUES ('cooking', 'Ravioli with Snap Peas', 5, 4, 'Window standard series face. Ten in doctor. Wind hear until southern right morning.', 'it needs a fridge', 97, 2, 5, 18, 54);

INSERT INTO Step (recipe_id, order_number, description) VALUES (26, 1, 'Mind ready fine strong responsibility.');

INSERT INTO Step (recipe_id, order_number, description) VALUES (26, 2, 'Opportunity hard environmental message national.');

INSERT INTO Step (recipe_id, order_number, description) VALUES (26, 3, 'Player peace organization catch peace ready series.');

INSERT INTO Step (recipe_id, order_number, description) VALUES (26, 4, 'Future player sport at cell suffer brother.');

INSERT INTO Nutritional_Info (recipe_id, fat_per_portion, carbs_per_portion, protein_per_portion) VALUES (26, 390, 102, 205);

INSERT INTO Recipe_Meal_Type (recipe_id, meal_type_id) VALUES (26, 1);

INSERT INTO Recipe_Meal_Type (recipe_id, meal_type_id) VALUES (26, 4);

INSERT INTO Recipe_Label (recipe_id, label_id) VALUES (26, 5);

INSERT INTO Recipe_Label (recipe_id, label_id) VALUES (26, 2);

INSERT INTO Recipe_Label (recipe_id, label_id) VALUES (26, 3);

INSERT INTO Recipe_Label (recipe_id, label_id) VALUES (26, 10);

INSERT INTO Recipe_Equipment (recipe_id, equipment_id) VALUES (26, 34);

INSERT INTO Recipe_Equipment (recipe_id, equipment_id) VALUES (26, 17);

INSERT INTO Recipe_Ingredient (recipe_id, ingredient_id, portion) VALUES (26, 70, 6);

INSERT INTO Recipe_Ingredient (recipe_id, ingredient_id, portion) VALUES (26, 27, 1);

INSERT INTO Recipe_Ingredient (recipe_id, ingredient_id, portion) VALUES (26, 48, 3);

INSERT INTO Recipe_Ingredient (recipe_id, ingredient_id, portion) VALUES (26, 2, 8);

INSERT INTO Recipe_Ingredient (recipe_id, ingredient_id, portion) VALUES (26, 82, 6);

INSERT INTO Recipe_Ingredient (recipe_id, ingredient_id, portion) VALUES (26, 76, 8);

INSERT INTO Recipe_Ingredient (recipe_id, ingredient_id, portion) VALUES (26, 43, 8);

INSERT INTO Recipe_Ingredient (recipe_id, ingredient_id, portion) VALUES (26, 198, 2);

INSERT INTO Recipe_Ingredient (recipe_id, ingredient_id, portion) VALUES (26, 23, 1);

INSERT INTO Recipe_Ingredient (recipe_id, ingredient_id, portion) VALUES (26, 51, 7);

INSERT INTO Recipe_Ingredient (recipe_id, ingredient_id, portion) VALUES (26, 191, 3);

INSERT INTO Recipe_Ingredient (recipe_id, ingredient_id, portion) VALUES (26, 41, 1);

INSERT INTO Recipe_Ingredient (recipe_id, ingredient_id, portion) VALUES (26, 172, 7);

INSERT INTO Recipe_Ingredient (recipe_id, ingredient_id, portion) VALUES (26, 24, 5);

INSERT INTO Recipe_Thematic_Unit (recipe_id, thematic_unit_id) VALUES (26, 11);

INSERT INTO Recipe (recipe_type, name, national_cuisine_id, difficulty_level, description, tip1, tip2, tip3, cooking_time, prep_time, portions, basic_ingredient_id, image_id) VALUES ('pastry', 'Cloverleaf Rolls', 5, 1, 'Expert note add live black sea wrong. Keep sister analysis option serious parent federal quality.', 'better with gloves', 'better with gloves', 'better with a blender', 115, 15, 8, 118, 55);

INSERT INTO Step (recipe_id, order_number, description) VALUES (27, 1, 'Score respond continue me open each model.');

INSERT INTO Step (recipe_id, order_number, description) VALUES (27, 2, 'Despite president above project window recognize.');

INSERT INTO Step (recipe_id, order_number, description) VALUES (27, 3, 'Wife role image sell design.');

INSERT INTO Step (recipe_id, order_number, description) VALUES (27, 4, 'Dark some bit home.');

INSERT INTO Step (recipe_id, order_number, description) VALUES (27, 5, 'Community standard play democratic third window organization model.');

INSERT INTO Step (recipe_id, order_number, description) VALUES (27, 6, 'White least race say other any board.');

INSERT INTO Step (recipe_id, order_number, description) VALUES (27, 7, 'North whatever state raise really firm organization goal.');

INSERT INTO Nutritional_Info (recipe_id, fat_per_portion, carbs_per_portion, protein_per_portion) VALUES (27, 88, 56, 157);

INSERT INTO Recipe_Meal_Type (recipe_id, meal_type_id) VALUES (27, 3);

INSERT INTO Recipe_Label (recipe_id, label_id) VALUES (27, 2);

INSERT INTO Recipe_Label (recipe_id, label_id) VALUES (27, 9);

INSERT INTO Recipe_Equipment (recipe_id, equipment_id) VALUES (27, 37);

INSERT INTO Recipe_Equipment (recipe_id, equipment_id) VALUES (27, 36);

INSERT INTO Recipe_Equipment (recipe_id, equipment_id) VALUES (27, 44);

INSERT INTO Recipe_Equipment (recipe_id, equipment_id) VALUES (27, 16);

INSERT INTO Recipe_Equipment (recipe_id, equipment_id) VALUES (27, 50);

INSERT INTO Recipe_Equipment (recipe_id, equipment_id) VALUES (27, 39);

INSERT INTO Recipe_Equipment (recipe_id, equipment_id) VALUES (27, 30);

INSERT INTO Recipe_Equipment (recipe_id, equipment_id) VALUES (27, 23);

INSERT INTO Recipe_Ingredient (recipe_id, ingredient_id, portion) VALUES (27, 172, 4);

INSERT INTO Recipe_Ingredient (recipe_id, ingredient_id, portion) VALUES (27, 70, 4);

INSERT INTO Recipe_Ingredient (recipe_id, ingredient_id, portion) VALUES (27, 154, 1);

INSERT INTO Recipe_Ingredient (recipe_id, ingredient_id, portion) VALUES (27, 40, 3);

INSERT INTO Recipe_Ingredient (recipe_id, ingredient_id, portion) VALUES (27, 97, 4);

INSERT INTO Recipe_Ingredient (recipe_id, ingredient_id, portion) VALUES (27, 19, 6);

INSERT INTO Recipe_Ingredient (recipe_id, ingredient_id, portion) VALUES (27, 129, 1);

INSERT INTO Recipe_Ingredient (recipe_id, ingredient_id, portion) VALUES (27, 125, 3);

INSERT INTO Recipe_Ingredient (recipe_id, ingredient_id, portion) VALUES (27, 164, 2);

INSERT INTO Recipe_Thematic_Unit (recipe_id, thematic_unit_id) VALUES (27, 13);

INSERT INTO Recipe_Thematic_Unit (recipe_id, thematic_unit_id) VALUES (27, 3);

INSERT INTO Recipe_Thematic_Unit (recipe_id, thematic_unit_id) VALUES (27, 7);

INSERT INTO Recipe (recipe_type, name, national_cuisine_id, difficulty_level, description, tip1, tip2, tip3, cooking_time, prep_time, portions, basic_ingredient_id, image_id) VALUES ('cooking', 'Greek Yogurt and Honey Blueberry Muffins', 5, 1, 'Crime shake front. Order firm leg star.', 'you need salt', 'you need 2 people to make it', 'you can store iy outside the fridge', 86, 29, 3, 29, 56);

INSERT INTO Step (recipe_id, order_number, description) VALUES (28, 1, 'Evidence cause analysis world nature special end compare.');

INSERT INTO Step (recipe_id, order_number, description) VALUES (28, 2, 'Finish for sometimes affect probably.');

INSERT INTO Nutritional_Info (recipe_id, fat_per_portion, carbs_per_portion, protein_per_portion) VALUES (28, 134, 57, 124);

INSERT INTO Recipe_Meal_Type (recipe_id, meal_type_id) VALUES (28, 1);

INSERT INTO Recipe_Meal_Type (recipe_id, meal_type_id) VALUES (28, 6);

INSERT INTO Recipe_Meal_Type (recipe_id, meal_type_id) VALUES (28, 2);

INSERT INTO Recipe_Label (recipe_id, label_id) VALUES (28, 6);

INSERT INTO Recipe_Equipment (recipe_id, equipment_id) VALUES (28, 45);

INSERT INTO Recipe_Equipment (recipe_id, equipment_id) VALUES (28, 39);

INSERT INTO Recipe_Equipment (recipe_id, equipment_id) VALUES (28, 20);

INSERT INTO Recipe_Equipment (recipe_id, equipment_id) VALUES (28, 24);

INSERT INTO Recipe_Equipment (recipe_id, equipment_id) VALUES (28, 9);

INSERT INTO Recipe_Equipment (recipe_id, equipment_id) VALUES (28, 30);

INSERT INTO Recipe_Ingredient (recipe_id, ingredient_id, portion) VALUES (28, 114, 7);

INSERT INTO Recipe_Ingredient (recipe_id, ingredient_id, portion) VALUES (28, 88, 4);

INSERT INTO Recipe_Ingredient (recipe_id, ingredient_id, portion) VALUES (28, 166, 5);

INSERT INTO Recipe_Ingredient (recipe_id, ingredient_id, portion) VALUES (28, 21, 1);

INSERT INTO Recipe_Ingredient (recipe_id, ingredient_id, portion) VALUES (28, 125, 4);

INSERT INTO Recipe_Ingredient (recipe_id, ingredient_id, portion) VALUES (28, 108, 7);

INSERT INTO Recipe_Ingredient (recipe_id, ingredient_id, portion) VALUES (28, 163, 2);

INSERT INTO Recipe_Ingredient (recipe_id, ingredient_id, portion) VALUES (28, 131, 4);

INSERT INTO Recipe_Thematic_Unit (recipe_id, thematic_unit_id) VALUES (28, 3);

INSERT INTO Recipe_Thematic_Unit (recipe_id, thematic_unit_id) VALUES (28, 9);

INSERT INTO Recipe (recipe_type, name, national_cuisine_id, difficulty_level, description, tip1, tip2, tip3, cooking_time, prep_time, portions, basic_ingredient_id, image_id) VALUES ('pastry', 'Whole Grain Waffles', 5, 5, 'Front guess item human way standard do office. Say push church market nice write way.', 'you need salt', 'you can use leftovers', 'you need small cups', 58, 13, 7, 114, 57);

INSERT INTO Step (recipe_id, order_number, description) VALUES (29, 1, 'Live none boy.');

INSERT INTO Step (recipe_id, order_number, description) VALUES (29, 2, 'Writer have school place painting goal two citizen.');

INSERT INTO Nutritional_Info (recipe_id, fat_per_portion, carbs_per_portion, protein_per_portion) VALUES (29, 252, 105, 219);

INSERT INTO Recipe_Meal_Type (recipe_id, meal_type_id) VALUES (29, 2);

INSERT INTO Recipe_Meal_Type (recipe_id, meal_type_id) VALUES (29, 1);

INSERT INTO Recipe_Label (recipe_id, label_id) VALUES (29, 7);

INSERT INTO Recipe_Label (recipe_id, label_id) VALUES (29, 2);

INSERT INTO Recipe_Label (recipe_id, label_id) VALUES (29, 6);

INSERT INTO Recipe_Label (recipe_id, label_id) VALUES (29, 9);

INSERT INTO Recipe_Equipment (recipe_id, equipment_id) VALUES (29, 41);

INSERT INTO Recipe_Ingredient (recipe_id, ingredient_id, portion) VALUES (29, 177, 4);

INSERT INTO Recipe_Ingredient (recipe_id, ingredient_id, portion) VALUES (29, 199, 6);

INSERT INTO Recipe_Ingredient (recipe_id, ingredient_id, portion) VALUES (29, 137, 6);

INSERT INTO Recipe_Ingredient (recipe_id, ingredient_id, portion) VALUES (29, 92, 8);

INSERT INTO Recipe_Ingredient (recipe_id, ingredient_id, portion) VALUES (29, 34, 4);

INSERT INTO Recipe_Ingredient (recipe_id, ingredient_id, portion) VALUES (29, 146, 3);

INSERT INTO Recipe_Ingredient (recipe_id, ingredient_id, portion) VALUES (29, 10, 5);

INSERT INTO Recipe_Ingredient (recipe_id, ingredient_id, portion) VALUES (29, 194, 5);

INSERT INTO Recipe_Ingredient (recipe_id, ingredient_id, portion) VALUES (29, 75, 2);

INSERT INTO Recipe_Ingredient (recipe_id, ingredient_id, portion) VALUES (29, 127, 4);

INSERT INTO Recipe_Thematic_Unit (recipe_id, thematic_unit_id) VALUES (29, 4);

INSERT INTO Recipe_Thematic_Unit (recipe_id, thematic_unit_id) VALUES (29, 13);

INSERT INTO Recipe_Thematic_Unit (recipe_id, thematic_unit_id) VALUES (29, 9);

INSERT INTO Recipe (recipe_type, name, national_cuisine_id, difficulty_level, description, tip1, tip2, tip3, cooking_time, prep_time, portions, basic_ingredient_id, image_id) VALUES ('pastry', 'Lemon Bars', 6, 3, 'Doctor know thing society. Someone century two mention whom. Themselves product visit hour guess economic.', 'you need small cups', 'better after 2 days', 'you need small cups', 124, 7, 5, 42, 58);

INSERT INTO Step (recipe_id, order_number, description) VALUES (30, 1, 'Election administration first picture media people.');

INSERT INTO Step (recipe_id, order_number, description) VALUES (30, 2, 'See allow that technology.');

INSERT INTO Step (recipe_id, order_number, description) VALUES (30, 3, 'Guess send throw between talk.');

INSERT INTO Nutritional_Info (recipe_id, fat_per_portion, carbs_per_portion, protein_per_portion) VALUES (30, 178, 42, 195);

INSERT INTO Recipe_Meal_Type (recipe_id, meal_type_id) VALUES (30, 4);

INSERT INTO Recipe_Meal_Type (recipe_id, meal_type_id) VALUES (30, 5);

INSERT INTO Recipe_Meal_Type (recipe_id, meal_type_id) VALUES (30, 1);

INSERT INTO Recipe_Label (recipe_id, label_id) VALUES (30, 3);

INSERT INTO Recipe_Label (recipe_id, label_id) VALUES (30, 6);

INSERT INTO Recipe_Label (recipe_id, label_id) VALUES (30, 4);

INSERT INTO Recipe_Label (recipe_id, label_id) VALUES (30, 10);

INSERT INTO Recipe_Equipment (recipe_id, equipment_id) VALUES (30, 22);

INSERT INTO Recipe_Equipment (recipe_id, equipment_id) VALUES (30, 10);

INSERT INTO Recipe_Equipment (recipe_id, equipment_id) VALUES (30, 19);

INSERT INTO Recipe_Equipment (recipe_id, equipment_id) VALUES (30, 23);

INSERT INTO Recipe_Equipment (recipe_id, equipment_id) VALUES (30, 30);

INSERT INTO Recipe_Ingredient (recipe_id, ingredient_id, portion) VALUES (30, 17, 6);

INSERT INTO Recipe_Ingredient (recipe_id, ingredient_id, portion) VALUES (30, 100, 7);

INSERT INTO Recipe_Ingredient (recipe_id, ingredient_id, portion) VALUES (30, 76, 3);

INSERT INTO Recipe_Ingredient (recipe_id, ingredient_id, portion) VALUES (30, 157, 3);

INSERT INTO Recipe_Ingredient (recipe_id, ingredient_id, portion) VALUES (30, 146, 6);

INSERT INTO Recipe_Ingredient (recipe_id, ingredient_id, portion) VALUES (30, 193, 5);

INSERT INTO Recipe_Ingredient (recipe_id, ingredient_id, portion) VALUES (30, 24, 3);

INSERT INTO Recipe_Ingredient (recipe_id, ingredient_id, portion) VALUES (30, 21, 3);

INSERT INTO Recipe_Ingredient (recipe_id, ingredient_id, portion) VALUES (30, 62, 8);

INSERT INTO Recipe_Ingredient (recipe_id, ingredient_id, portion) VALUES (30, 166, 2);

INSERT INTO Recipe_Ingredient (recipe_id, ingredient_id, portion) VALUES (30, 137, 8);

INSERT INTO Recipe_Thematic_Unit (recipe_id, thematic_unit_id) VALUES (30, 12);

INSERT INTO Recipe_Thematic_Unit (recipe_id, thematic_unit_id) VALUES (30, 9);

INSERT INTO Recipe_Thematic_Unit (recipe_id, thematic_unit_id) VALUES (30, 13);

INSERT INTO Recipe (recipe_type, name, national_cuisine_id, difficulty_level, description, tip1, tip2, tip3, cooking_time, prep_time, portions, basic_ingredient_id, image_id) VALUES ('cooking', 'Qahaq Cookies', 6, 2, 'Buy rule particularly recently remain particular hotel. Try environment foreign contain upon successful. Yes wrong company present best you parent.', 'you can store iy outside the fridge', 'you need small cups', 'you can store iy outside the fridge', 56, 20, 3, 117, 59);

INSERT INTO Step (recipe_id, order_number, description) VALUES (31, 1, 'Interesting already morning term evening.');

INSERT INTO Step (recipe_id, order_number, description) VALUES (31, 2, 'Of learn face truth often save.');

INSERT INTO Step (recipe_id, order_number, description) VALUES (31, 3, 'Inside already participant yard.');

INSERT INTO Step (recipe_id, order_number, description) VALUES (31, 4, 'Consumer charge both information.');

INSERT INTO Step (recipe_id, order_number, description) VALUES (31, 5, 'Piece opportunity respond without compare institution be senior.');

INSERT INTO Step (recipe_id, order_number, description) VALUES (31, 6, 'Now assume forward which carry seem.');

INSERT INTO Nutritional_Info (recipe_id, fat_per_portion, carbs_per_portion, protein_per_portion) VALUES (31, 223, 83, 155);

INSERT INTO Recipe_Meal_Type (recipe_id, meal_type_id) VALUES (31, 5);

INSERT INTO Recipe_Label (recipe_id, label_id) VALUES (31, 10);

INSERT INTO Recipe_Label (recipe_id, label_id) VALUES (31, 5);

INSERT INTO Recipe_Equipment (recipe_id, equipment_id) VALUES (31, 36);

INSERT INTO Recipe_Equipment (recipe_id, equipment_id) VALUES (31, 30);

INSERT INTO Recipe_Ingredient (recipe_id, ingredient_id, portion) VALUES (31, 134, 6);

INSERT INTO Recipe_Ingredient (recipe_id, ingredient_id, portion) VALUES (31, 75, 2);

INSERT INTO Recipe_Ingredient (recipe_id, ingredient_id, portion) VALUES (31, 2, 2);

INSERT INTO Recipe_Ingredient (recipe_id, ingredient_id, portion) VALUES (31, 178, 3);

INSERT INTO Recipe_Ingredient (recipe_id, ingredient_id, portion) VALUES (31, 20, 4);

INSERT INTO Recipe_Ingredient (recipe_id, ingredient_id, portion) VALUES (31, 46, 1);

INSERT INTO Recipe_Ingredient (recipe_id, ingredient_id, portion) VALUES (31, 185, 3);

INSERT INTO Recipe_Ingredient (recipe_id, ingredient_id, portion) VALUES (31, 159, 6);

INSERT INTO Recipe_Ingredient (recipe_id, ingredient_id, portion) VALUES (31, 190, 4);

INSERT INTO Recipe_Ingredient (recipe_id, ingredient_id, portion) VALUES (31, 97, 8);

INSERT INTO Recipe_Ingredient (recipe_id, ingredient_id, portion) VALUES (31, 94, 8);

INSERT INTO Recipe_Thematic_Unit (recipe_id, thematic_unit_id) VALUES (31, 12);

INSERT INTO Recipe_Thematic_Unit (recipe_id, thematic_unit_id) VALUES (31, 4);

INSERT INTO Recipe_Thematic_Unit (recipe_id, thematic_unit_id) VALUES (31, 1);

INSERT INTO Recipe (recipe_type, name, national_cuisine_id, difficulty_level, description, tip1, tip2, cooking_time, prep_time, portions, basic_ingredient_id, image_id) VALUES ('cooking', 'Blondies with Nutella', 6, 4, 'Where why rock bed. Possible tax animal science account law. Investment father care.', 'you can store iy outside the fridge', 'good with honey', 61, 12, 7, 129, 60);

INSERT INTO Step (recipe_id, order_number, description) VALUES (32, 1, 'Control enter sort society week.');

INSERT INTO Step (recipe_id, order_number, description) VALUES (32, 2, 'Inside cup say seem by energy.');

INSERT INTO Nutritional_Info (recipe_id, fat_per_portion, carbs_per_portion, protein_per_portion) VALUES (32, 330, 127, 70);

INSERT INTO Recipe_Meal_Type (recipe_id, meal_type_id) VALUES (32, 1);

INSERT INTO Recipe_Meal_Type (recipe_id, meal_type_id) VALUES (32, 4);

INSERT INTO Recipe_Label (recipe_id, label_id) VALUES (32, 3);

INSERT INTO Recipe_Equipment (recipe_id, equipment_id) VALUES (32, 9);

INSERT INTO Recipe_Equipment (recipe_id, equipment_id) VALUES (32, 13);

INSERT INTO Recipe_Equipment (recipe_id, equipment_id) VALUES (32, 11);

INSERT INTO Recipe_Equipment (recipe_id, equipment_id) VALUES (32, 10);

INSERT INTO Recipe_Equipment (recipe_id, equipment_id) VALUES (32, 40);

INSERT INTO Recipe_Equipment (recipe_id, equipment_id) VALUES (32, 38);

INSERT INTO Recipe_Equipment (recipe_id, equipment_id) VALUES (32, 27);

INSERT INTO Recipe_Equipment (recipe_id, equipment_id) VALUES (32, 19);

INSERT INTO Recipe_Ingredient (recipe_id, ingredient_id, portion) VALUES (32, 52, 7);

INSERT INTO Recipe_Ingredient (recipe_id, ingredient_id, portion) VALUES (32, 19, 2);

INSERT INTO Recipe_Ingredient (recipe_id, ingredient_id, portion) VALUES (32, 151, 7);

INSERT INTO Recipe_Ingredient (recipe_id, ingredient_id, portion) VALUES (32, 137, 6);

INSERT INTO Recipe_Thematic_Unit (recipe_id, thematic_unit_id) VALUES (32, 1);

INSERT INTO Recipe (recipe_type, name, national_cuisine_id, difficulty_level, description, tip1, tip2, tip3, cooking_time, prep_time, portions, basic_ingredient_id, image_id) VALUES ('cooking', 'Hot Chocolate', 6, 2, 'Shake likely place night conference throughout. Parent green development stuff improve sort father.', 'better without sugar', 'you need an oven', 'you need a lot of bowls', 137, 2, 7, 61, 61);

INSERT INTO Step (recipe_id, order_number, description) VALUES (33, 1, 'Goal kitchen world central.');

INSERT INTO Step (recipe_id, order_number, description) VALUES (33, 2, 'Above call suggest born know cup.');

INSERT INTO Step (recipe_id, order_number, description) VALUES (33, 3, 'Surface always since sit real rise.');

INSERT INTO Step (recipe_id, order_number, description) VALUES (33, 4, 'Order analysis glass former huge room dinner.');

INSERT INTO Step (recipe_id, order_number, description) VALUES (33, 5, 'Organization few front morning.');

INSERT INTO Step (recipe_id, order_number, description) VALUES (33, 6, 'Before include officer each sing plant attention.');

INSERT INTO Step (recipe_id, order_number, description) VALUES (33, 7, 'Measure father then magazine teacher structure science.');

INSERT INTO Step (recipe_id, order_number, description) VALUES (33, 8, 'Adult step give chair.');

INSERT INTO Nutritional_Info (recipe_id, fat_per_portion, carbs_per_portion, protein_per_portion) VALUES (33, 125, 17, 94);

INSERT INTO Recipe_Meal_Type (recipe_id, meal_type_id) VALUES (33, 2);

INSERT INTO Recipe_Meal_Type (recipe_id, meal_type_id) VALUES (33, 3);

INSERT INTO Recipe_Meal_Type (recipe_id, meal_type_id) VALUES (33, 4);

INSERT INTO Recipe_Label (recipe_id, label_id) VALUES (33, 10);

INSERT INTO Recipe_Label (recipe_id, label_id) VALUES (33, 3);

INSERT INTO Recipe_Label (recipe_id, label_id) VALUES (33, 7);

INSERT INTO Recipe_Label (recipe_id, label_id) VALUES (33, 6);

INSERT INTO Recipe_Equipment (recipe_id, equipment_id) VALUES (33, 17);

INSERT INTO Recipe_Equipment (recipe_id, equipment_id) VALUES (33, 46);

INSERT INTO Recipe_Equipment (recipe_id, equipment_id) VALUES (33, 36);

INSERT INTO Recipe_Equipment (recipe_id, equipment_id) VALUES (33, 47);

INSERT INTO Recipe_Equipment (recipe_id, equipment_id) VALUES (33, 26);

INSERT INTO Recipe_Equipment (recipe_id, equipment_id) VALUES (33, 38);

INSERT INTO Recipe_Equipment (recipe_id, equipment_id) VALUES (33, 25);

INSERT INTO Recipe_Equipment (recipe_id, equipment_id) VALUES (33, 37);

INSERT INTO Recipe_Equipment (recipe_id, equipment_id) VALUES (33, 6);

INSERT INTO Recipe_Ingredient (recipe_id, ingredient_id, portion) VALUES (33, 130, 4);

INSERT INTO Recipe_Ingredient (recipe_id, ingredient_id, portion) VALUES (33, 184, 1);

INSERT INTO Recipe_Ingredient (recipe_id, ingredient_id, portion) VALUES (33, 135, 2);

INSERT INTO Recipe_Ingredient (recipe_id, ingredient_id, portion) VALUES (33, 122, 8);

INSERT INTO Recipe_Ingredient (recipe_id, ingredient_id, portion) VALUES (33, 160, 2);

INSERT INTO Recipe_Ingredient (recipe_id, ingredient_id, portion) VALUES (33, 2, 5);

INSERT INTO Recipe_Ingredient (recipe_id, ingredient_id, portion) VALUES (33, 173, 7);

INSERT INTO Recipe_Ingredient (recipe_id, ingredient_id, portion) VALUES (33, 67, 2);

INSERT INTO Recipe_Ingredient (recipe_id, ingredient_id, portion) VALUES (33, 10, 4);

INSERT INTO Recipe_Ingredient (recipe_id, ingredient_id, portion) VALUES (33, 66, 7);

INSERT INTO Recipe_Ingredient (recipe_id, ingredient_id, portion) VALUES (33, 105, 2);

INSERT INTO Recipe_Ingredient (recipe_id, ingredient_id, portion) VALUES (33, 50, 6);

INSERT INTO Recipe_Ingredient (recipe_id, ingredient_id, portion) VALUES (33, 181, 4);

INSERT INTO Recipe_Ingredient (recipe_id, ingredient_id, portion) VALUES (33, 89, 4);

INSERT INTO Recipe_Ingredient (recipe_id, ingredient_id, portion) VALUES (33, 103, 7);

INSERT INTO Recipe_Ingredient (recipe_id, ingredient_id, portion) VALUES (33, 3, 8);

INSERT INTO Recipe_Ingredient (recipe_id, ingredient_id, portion) VALUES (33, 77, 3);

INSERT INTO Recipe_Ingredient (recipe_id, ingredient_id, portion) VALUES (33, 51, 8);

INSERT INTO Recipe_Ingredient (recipe_id, ingredient_id, portion) VALUES (33, 33, 8);

INSERT INTO Recipe_Thematic_Unit (recipe_id, thematic_unit_id) VALUES (33, 15);

INSERT INTO Recipe_Thematic_Unit (recipe_id, thematic_unit_id) VALUES (33, 2);

INSERT INTO Recipe_Thematic_Unit (recipe_id, thematic_unit_id) VALUES (33, 11);

INSERT INTO Recipe (recipe_type, name, national_cuisine_id, difficulty_level, description, tip1, tip2, cooking_time, prep_time, portions, basic_ingredient_id, image_id) VALUES ('cooking', 'Chocolate Mousse', 6, 5, 'Century company employee. Tough ask even center. Positive president billion myself particularly.', 'in the fridge for 3 days', 'it needs a fridge', 133, 8, 2, 89, 62);

INSERT INTO Step (recipe_id, order_number, description) VALUES (34, 1, 'Top peace six scene.');

INSERT INTO Nutritional_Info (recipe_id, fat_per_portion, carbs_per_portion, protein_per_portion) VALUES (34, 84, 86, 60);

INSERT INTO Recipe_Meal_Type (recipe_id, meal_type_id) VALUES (34, 3);

INSERT INTO Recipe_Label (recipe_id, label_id) VALUES (34, 9);

INSERT INTO Recipe_Label (recipe_id, label_id) VALUES (34, 10);

INSERT INTO Recipe_Label (recipe_id, label_id) VALUES (34, 3);

INSERT INTO Recipe_Label (recipe_id, label_id) VALUES (34, 6);

INSERT INTO Recipe_Equipment (recipe_id, equipment_id) VALUES (34, 46);

INSERT INTO Recipe_Equipment (recipe_id, equipment_id) VALUES (34, 27);

INSERT INTO Recipe_Equipment (recipe_id, equipment_id) VALUES (34, 10);

INSERT INTO Recipe_Equipment (recipe_id, equipment_id) VALUES (34, 50);

INSERT INTO Recipe_Equipment (recipe_id, equipment_id) VALUES (34, 43);

INSERT INTO Recipe_Equipment (recipe_id, equipment_id) VALUES (34, 1);

INSERT INTO Recipe_Equipment (recipe_id, equipment_id) VALUES (34, 9);

INSERT INTO Recipe_Equipment (recipe_id, equipment_id) VALUES (34, 20);

INSERT INTO Recipe_Equipment (recipe_id, equipment_id) VALUES (34, 42);

INSERT INTO Recipe_Equipment (recipe_id, equipment_id) VALUES (34, 2);

INSERT INTO Recipe_Ingredient (recipe_id, ingredient_id, portion) VALUES (34, 53, 4);

INSERT INTO Recipe_Ingredient (recipe_id, ingredient_id, portion) VALUES (34, 191, 6);

INSERT INTO Recipe_Ingredient (recipe_id, ingredient_id, portion) VALUES (34, 152, 3);

INSERT INTO Recipe_Ingredient (recipe_id, ingredient_id, portion) VALUES (34, 34, 7);

INSERT INTO Recipe_Ingredient (recipe_id, ingredient_id, portion) VALUES (34, 153, 1);

INSERT INTO Recipe_Ingredient (recipe_id, ingredient_id, portion) VALUES (34, 69, 5);

INSERT INTO Recipe_Ingredient (recipe_id, ingredient_id, portion) VALUES (34, 192, 6);

INSERT INTO Recipe_Ingredient (recipe_id, ingredient_id, portion) VALUES (34, 100, 5);

INSERT INTO Recipe_Ingredient (recipe_id, ingredient_id, portion) VALUES (34, 194, 5);

INSERT INTO Recipe_Ingredient (recipe_id, ingredient_id, portion) VALUES (34, 12, 4);

INSERT INTO Recipe_Ingredient (recipe_id, ingredient_id, portion) VALUES (34, 161, 7);

INSERT INTO Recipe_Ingredient (recipe_id, ingredient_id, portion) VALUES (34, 11, 2);

INSERT INTO Recipe_Ingredient (recipe_id, ingredient_id, portion) VALUES (34, 172, 1);

INSERT INTO Recipe_Ingredient (recipe_id, ingredient_id, portion) VALUES (34, 52, 3);

INSERT INTO Recipe_Ingredient (recipe_id, ingredient_id, portion) VALUES (34, 163, 4);

INSERT INTO Recipe_Ingredient (recipe_id, ingredient_id, portion) VALUES (34, 169, 1);

INSERT INTO Recipe_Ingredient (recipe_id, ingredient_id, portion) VALUES (34, 134, 4);

INSERT INTO Recipe_Thematic_Unit (recipe_id, thematic_unit_id) VALUES (34, 11);

INSERT INTO Recipe_Thematic_Unit (recipe_id, thematic_unit_id) VALUES (34, 13);

INSERT INTO Recipe (recipe_type, name, national_cuisine_id, difficulty_level, description, tip1, tip2, tip3, cooking_time, prep_time, portions, basic_ingredient_id, image_id) VALUES ('cooking', 'Smores Cookie Bars', 7, 3, 'Leader gas early star. Choose tree physical miss difficult those. Write certain former lose others few great.', 'better with feta cheese', 'you need 2 people to make it', 'you need 2 people to make it', 107, 7, 7, 75, 63);

INSERT INTO Step (recipe_id, order_number, description) VALUES (35, 1, 'Lead wall right.');

INSERT INTO Step (recipe_id, order_number, description) VALUES (35, 2, 'Strong man serve yeah.');

INSERT INTO Nutritional_Info (recipe_id, fat_per_portion, carbs_per_portion, protein_per_portion) VALUES (35, 49, 190, 70);

INSERT INTO Recipe_Meal_Type (recipe_id, meal_type_id) VALUES (35, 1);

INSERT INTO Recipe_Meal_Type (recipe_id, meal_type_id) VALUES (35, 6);

INSERT INTO Recipe_Meal_Type (recipe_id, meal_type_id) VALUES (35, 4);

INSERT INTO Recipe_Label (recipe_id, label_id) VALUES (35, 7);

INSERT INTO Recipe_Label (recipe_id, label_id) VALUES (35, 8);

INSERT INTO Recipe_Label (recipe_id, label_id) VALUES (35, 2);

INSERT INTO Recipe_Label (recipe_id, label_id) VALUES (35, 4);

INSERT INTO Recipe_Equipment (recipe_id, equipment_id) VALUES (35, 10);

INSERT INTO Recipe_Equipment (recipe_id, equipment_id) VALUES (35, 24);

INSERT INTO Recipe_Equipment (recipe_id, equipment_id) VALUES (35, 15);

INSERT INTO Recipe_Equipment (recipe_id, equipment_id) VALUES (35, 45);

INSERT INTO Recipe_Ingredient (recipe_id, ingredient_id, portion) VALUES (35, 103, 5);

INSERT INTO Recipe_Ingredient (recipe_id, ingredient_id, portion) VALUES (35, 58, 5);

INSERT INTO Recipe_Ingredient (recipe_id, ingredient_id, portion) VALUES (35, 96, 4);

INSERT INTO Recipe_Ingredient (recipe_id, ingredient_id, portion) VALUES (35, 165, 8);

INSERT INTO Recipe_Ingredient (recipe_id, ingredient_id, portion) VALUES (35, 24, 5);

INSERT INTO Recipe_Ingredient (recipe_id, ingredient_id, portion) VALUES (35, 119, 7);

INSERT INTO Recipe_Ingredient (recipe_id, ingredient_id, portion) VALUES (35, 177, 2);

INSERT INTO Recipe_Ingredient (recipe_id, ingredient_id, portion) VALUES (35, 33, 5);

INSERT INTO Recipe_Ingredient (recipe_id, ingredient_id, portion) VALUES (35, 1, 1);

INSERT INTO Recipe_Ingredient (recipe_id, ingredient_id, portion) VALUES (35, 136, 2);

INSERT INTO Recipe_Ingredient (recipe_id, ingredient_id, portion) VALUES (35, 193, 7);

INSERT INTO Recipe_Ingredient (recipe_id, ingredient_id, portion) VALUES (35, 51, 3);

INSERT INTO Recipe_Ingredient (recipe_id, ingredient_id, portion) VALUES (35, 107, 6);

INSERT INTO Recipe_Ingredient (recipe_id, ingredient_id, portion) VALUES (35, 52, 6);

INSERT INTO Recipe_Ingredient (recipe_id, ingredient_id, portion) VALUES (35, 143, 5);

INSERT INTO Recipe_Thematic_Unit (recipe_id, thematic_unit_id) VALUES (35, 4);

INSERT INTO Recipe_Thematic_Unit (recipe_id, thematic_unit_id) VALUES (35, 7);

INSERT INTO Recipe_Thematic_Unit (recipe_id, thematic_unit_id) VALUES (35, 6);

INSERT INTO Recipe (recipe_type, name, national_cuisine_id, difficulty_level, description, tip1, tip2, cooking_time, prep_time, portions, basic_ingredient_id, image_id) VALUES ('pastry', 'Orange Chicken', 7, 5, 'Difficult show prevent similar scientist base. Box newspaper realize industry right under.', 'you need a lot of bowls', 'you need salt', 24, 4, 3, 88, 64);

INSERT INTO Step (recipe_id, order_number, description) VALUES (36, 1, 'Often opportunity environment professional myself knowledge truth.');

INSERT INTO Step (recipe_id, order_number, description) VALUES (36, 2, 'Boy amount thus people ready machine research.');

INSERT INTO Step (recipe_id, order_number, description) VALUES (36, 3, 'By responsibility can paper Democrat.');

INSERT INTO Step (recipe_id, order_number, description) VALUES (36, 4, 'Five inside modern another risk fact its fact.');

INSERT INTO Step (recipe_id, order_number, description) VALUES (36, 5, 'Position natural step still order risk.');

INSERT INTO Step (recipe_id, order_number, description) VALUES (36, 6, 'It to very do.');

INSERT INTO Step (recipe_id, order_number, description) VALUES (36, 7, 'Writer wrong perhaps detail beautiful.');

INSERT INTO Nutritional_Info (recipe_id, fat_per_portion, carbs_per_portion, protein_per_portion) VALUES (36, 96, 42, 141);

INSERT INTO Recipe_Meal_Type (recipe_id, meal_type_id) VALUES (36, 3);

INSERT INTO Recipe_Label (recipe_id, label_id) VALUES (36, 2);

INSERT INTO Recipe_Label (recipe_id, label_id) VALUES (36, 7);

INSERT INTO Recipe_Equipment (recipe_id, equipment_id) VALUES (36, 22);

INSERT INTO Recipe_Equipment (recipe_id, equipment_id) VALUES (36, 6);

INSERT INTO Recipe_Equipment (recipe_id, equipment_id) VALUES (36, 44);

INSERT INTO Recipe_Equipment (recipe_id, equipment_id) VALUES (36, 4);

INSERT INTO Recipe_Equipment (recipe_id, equipment_id) VALUES (36, 12);

INSERT INTO Recipe_Equipment (recipe_id, equipment_id) VALUES (36, 15);

INSERT INTO Recipe_Equipment (recipe_id, equipment_id) VALUES (36, 46);

INSERT INTO Recipe_Equipment (recipe_id, equipment_id) VALUES (36, 25);

INSERT INTO Recipe_Ingredient (recipe_id, ingredient_id, portion) VALUES (36, 142, 4);

INSERT INTO Recipe_Ingredient (recipe_id, ingredient_id, portion) VALUES (36, 14, 8);

INSERT INTO Recipe_Ingredient (recipe_id, ingredient_id, portion) VALUES (36, 182, 6);

INSERT INTO Recipe_Ingredient (recipe_id, ingredient_id, portion) VALUES (36, 33, 2);

INSERT INTO Recipe_Ingredient (recipe_id, ingredient_id, portion) VALUES (36, 30, 6);

INSERT INTO Recipe_Ingredient (recipe_id, ingredient_id, portion) VALUES (36, 153, 5);

INSERT INTO Recipe_Ingredient (recipe_id, ingredient_id, portion) VALUES (36, 164, 3);

INSERT INTO Recipe_Ingredient (recipe_id, ingredient_id, portion) VALUES (36, 32, 3);

INSERT INTO Recipe_Ingredient (recipe_id, ingredient_id, portion) VALUES (36, 197, 3);

INSERT INTO Recipe_Ingredient (recipe_id, ingredient_id, portion) VALUES (36, 150, 1);

INSERT INTO Recipe_Ingredient (recipe_id, ingredient_id, portion) VALUES (36, 129, 3);

INSERT INTO Recipe_Ingredient (recipe_id, ingredient_id, portion) VALUES (36, 141, 4);

INSERT INTO Recipe_Ingredient (recipe_id, ingredient_id, portion) VALUES (36, 187, 3);

INSERT INTO Recipe_Ingredient (recipe_id, ingredient_id, portion) VALUES (36, 181, 3);

INSERT INTO Recipe_Ingredient (recipe_id, ingredient_id, portion) VALUES (36, 43, 6);

INSERT INTO Recipe_Ingredient (recipe_id, ingredient_id, portion) VALUES (36, 57, 6);

INSERT INTO Recipe_Ingredient (recipe_id, ingredient_id, portion) VALUES (36, 1, 5);

INSERT INTO Recipe_Thematic_Unit (recipe_id, thematic_unit_id) VALUES (36, 15);

INSERT INTO Recipe_Thematic_Unit (recipe_id, thematic_unit_id) VALUES (36, 11);

INSERT INTO Recipe (recipe_type, name, national_cuisine_id, difficulty_level, description, tip1, tip2, cooking_time, prep_time, portions, basic_ingredient_id, image_id) VALUES ('cooking', 'Tostadas', 7, 3, 'Drive commercial arm get out. Mother mouth per choose. Consumer door itself help cold.', 'better after 2 days', 'you need a lot of time', 47, 21, 6, 29, 65);

INSERT INTO Step (recipe_id, order_number, description) VALUES (37, 1, 'Hundred song game nation.');

INSERT INTO Step (recipe_id, order_number, description) VALUES (37, 2, 'Enjoy eight water ground girl professional trade child.');

INSERT INTO Step (recipe_id, order_number, description) VALUES (37, 3, 'Teach environment believe perhaps marriage.');

INSERT INTO Step (recipe_id, order_number, description) VALUES (37, 4, 'Save plan treat agent article.');

INSERT INTO Step (recipe_id, order_number, description) VALUES (37, 5, 'Them help both particularly.');

INSERT INTO Step (recipe_id, order_number, description) VALUES (37, 6, 'Source million sit any minute.');

INSERT INTO Step (recipe_id, order_number, description) VALUES (37, 7, 'Difficult soon stock behavior room market develop.');

INSERT INTO Nutritional_Info (recipe_id, fat_per_portion, carbs_per_portion, protein_per_portion) VALUES (37, 145, 181, 183);

INSERT INTO Recipe_Meal_Type (recipe_id, meal_type_id) VALUES (37, 5);

INSERT INTO Recipe_Meal_Type (recipe_id, meal_type_id) VALUES (37, 6);

INSERT INTO Recipe_Meal_Type (recipe_id, meal_type_id) VALUES (37, 3);

INSERT INTO Recipe_Label (recipe_id, label_id) VALUES (37, 6);

INSERT INTO Recipe_Label (recipe_id, label_id) VALUES (37, 8);

INSERT INTO Recipe_Label (recipe_id, label_id) VALUES (37, 7);

INSERT INTO Recipe_Equipment (recipe_id, equipment_id) VALUES (37, 38);

INSERT INTO Recipe_Equipment (recipe_id, equipment_id) VALUES (37, 5);

INSERT INTO Recipe_Equipment (recipe_id, equipment_id) VALUES (37, 32);

INSERT INTO Recipe_Equipment (recipe_id, equipment_id) VALUES (37, 9);

INSERT INTO Recipe_Equipment (recipe_id, equipment_id) VALUES (37, 48);

INSERT INTO Recipe_Equipment (recipe_id, equipment_id) VALUES (37, 12);

INSERT INTO Recipe_Equipment (recipe_id, equipment_id) VALUES (37, 22);

INSERT INTO Recipe_Ingredient (recipe_id, ingredient_id, portion) VALUES (37, 104, 3);

INSERT INTO Recipe_Ingredient (recipe_id, ingredient_id, portion) VALUES (37, 32, 5);

INSERT INTO Recipe_Ingredient (recipe_id, ingredient_id, portion) VALUES (37, 74, 1);

INSERT INTO Recipe_Ingredient (recipe_id, ingredient_id, portion) VALUES (37, 12, 2);

INSERT INTO Recipe_Ingredient (recipe_id, ingredient_id, portion) VALUES (37, 172, 7);

INSERT INTO Recipe_Ingredient (recipe_id, ingredient_id, portion) VALUES (37, 62, 3);

INSERT INTO Recipe_Ingredient (recipe_id, ingredient_id, portion) VALUES (37, 73, 2);

INSERT INTO Recipe_Ingredient (recipe_id, ingredient_id, portion) VALUES (37, 132, 4);

INSERT INTO Recipe_Ingredient (recipe_id, ingredient_id, portion) VALUES (37, 41, 4);

INSERT INTO Recipe_Ingredient (recipe_id, ingredient_id, portion) VALUES (37, 123, 7);

INSERT INTO Recipe_Ingredient (recipe_id, ingredient_id, portion) VALUES (37, 78, 8);

INSERT INTO Recipe_Ingredient (recipe_id, ingredient_id, portion) VALUES (37, 173, 2);

INSERT INTO Recipe_Ingredient (recipe_id, ingredient_id, portion) VALUES (37, 108, 2);

INSERT INTO Recipe_Ingredient (recipe_id, ingredient_id, portion) VALUES (37, 134, 3);

INSERT INTO Recipe_Ingredient (recipe_id, ingredient_id, portion) VALUES (37, 90, 3);

INSERT INTO Recipe_Ingredient (recipe_id, ingredient_id, portion) VALUES (37, 117, 7);

INSERT INTO Recipe_Ingredient (recipe_id, ingredient_id, portion) VALUES (37, 199, 3);

INSERT INTO Recipe_Ingredient (recipe_id, ingredient_id, portion) VALUES (37, 59, 6);

INSERT INTO Recipe_Ingredient (recipe_id, ingredient_id, portion) VALUES (37, 150, 8);

INSERT INTO Recipe_Ingredient (recipe_id, ingredient_id, portion) VALUES (37, 156, 3);

INSERT INTO Recipe_Thematic_Unit (recipe_id, thematic_unit_id) VALUES (37, 15);

INSERT INTO Recipe_Thematic_Unit (recipe_id, thematic_unit_id) VALUES (37, 11);

INSERT INTO Recipe_Thematic_Unit (recipe_id, thematic_unit_id) VALUES (37, 4);

INSERT INTO Recipe (recipe_type, name, national_cuisine_id, difficulty_level, description, tip1, cooking_time, prep_time, portions, basic_ingredient_id, image_id) VALUES ('pastry', 'Black Bean Stuffed Sweet Potatoes', 7, 5, 'Star open team too reflect. Up television we. National particularly town treatment.', 'better after 2 days', 106, 38, 7, 100, 66);

INSERT INTO Step (recipe_id, order_number, description) VALUES (38, 1, 'Need past produce short three.');

INSERT INTO Step (recipe_id, order_number, description) VALUES (38, 2, 'Responsibility charge lawyer door me catch.');

INSERT INTO Step (recipe_id, order_number, description) VALUES (38, 3, 'I late friend number gun wife.');

INSERT INTO Step (recipe_id, order_number, description) VALUES (38, 4, 'Where campaign hard scientist professional.');

INSERT INTO Step (recipe_id, order_number, description) VALUES (38, 5, 'Mean two must age soon.');

INSERT INTO Step (recipe_id, order_number, description) VALUES (38, 6, 'Ever four up collection similar catch interview.');

INSERT INTO Step (recipe_id, order_number, description) VALUES (38, 7, 'Ever pass network surface.');

INSERT INTO Nutritional_Info (recipe_id, fat_per_portion, carbs_per_portion, protein_per_portion) VALUES (38, 209, 104, 216);

INSERT INTO Recipe_Meal_Type (recipe_id, meal_type_id) VALUES (38, 1);

INSERT INTO Recipe_Meal_Type (recipe_id, meal_type_id) VALUES (38, 6);

INSERT INTO Recipe_Meal_Type (recipe_id, meal_type_id) VALUES (38, 5);

INSERT INTO Recipe_Label (recipe_id, label_id) VALUES (38, 7);

INSERT INTO Recipe_Label (recipe_id, label_id) VALUES (38, 10);

INSERT INTO Recipe_Equipment (recipe_id, equipment_id) VALUES (38, 19);

INSERT INTO Recipe_Equipment (recipe_id, equipment_id) VALUES (38, 10);

INSERT INTO Recipe_Equipment (recipe_id, equipment_id) VALUES (38, 49);

INSERT INTO Recipe_Equipment (recipe_id, equipment_id) VALUES (38, 24);

INSERT INTO Recipe_Equipment (recipe_id, equipment_id) VALUES (38, 40);

INSERT INTO Recipe_Equipment (recipe_id, equipment_id) VALUES (38, 5);

INSERT INTO Recipe_Equipment (recipe_id, equipment_id) VALUES (38, 39);

INSERT INTO Recipe_Equipment (recipe_id, equipment_id) VALUES (38, 37);

INSERT INTO Recipe_Ingredient (recipe_id, ingredient_id, portion) VALUES (38, 170, 5);

INSERT INTO Recipe_Ingredient (recipe_id, ingredient_id, portion) VALUES (38, 84, 1);

INSERT INTO Recipe_Ingredient (recipe_id, ingredient_id, portion) VALUES (38, 52, 7);

INSERT INTO Recipe_Ingredient (recipe_id, ingredient_id, portion) VALUES (38, 119, 1);

INSERT INTO Recipe_Ingredient (recipe_id, ingredient_id, portion) VALUES (38, 63, 8);

INSERT INTO Recipe_Ingredient (recipe_id, ingredient_id, portion) VALUES (38, 135, 1);

INSERT INTO Recipe_Ingredient (recipe_id, ingredient_id, portion) VALUES (38, 142, 3);

INSERT INTO Recipe_Ingredient (recipe_id, ingredient_id, portion) VALUES (38, 177, 7);

INSERT INTO Recipe_Ingredient (recipe_id, ingredient_id, portion) VALUES (38, 56, 6);

INSERT INTO Recipe_Ingredient (recipe_id, ingredient_id, portion) VALUES (38, 58, 4);

INSERT INTO Recipe_Ingredient (recipe_id, ingredient_id, portion) VALUES (38, 1, 1);

INSERT INTO Recipe_Ingredient (recipe_id, ingredient_id, portion) VALUES (38, 136, 6);

INSERT INTO Recipe_Ingredient (recipe_id, ingredient_id, portion) VALUES (38, 102, 3);

INSERT INTO Recipe_Ingredient (recipe_id, ingredient_id, portion) VALUES (38, 66, 3);

INSERT INTO Recipe_Ingredient (recipe_id, ingredient_id, portion) VALUES (38, 3, 5);

INSERT INTO Recipe_Ingredient (recipe_id, ingredient_id, portion) VALUES (38, 118, 7);

INSERT INTO Recipe_Thematic_Unit (recipe_id, thematic_unit_id) VALUES (38, 15);

INSERT INTO Recipe_Thematic_Unit (recipe_id, thematic_unit_id) VALUES (38, 9);

INSERT INTO Recipe (recipe_type, name, national_cuisine_id, difficulty_level, description, tip1, tip2, cooking_time, prep_time, portions, basic_ingredient_id, image_id) VALUES ('cooking', 'Asian Shredded Beef', 7, 2, 'Car party prepare particularly side west. Pretty relationship over fill major than marriage.', 'better with feta cheese', 'you need 2 people to make it', 45, 26, 6, 172, 67);

INSERT INTO Step (recipe_id, order_number, description) VALUES (39, 1, 'Control school eye participant.');

INSERT INTO Step (recipe_id, order_number, description) VALUES (39, 2, 'Chance shake Congress administration language worry need.');

INSERT INTO Step (recipe_id, order_number, description) VALUES (39, 3, 'Wear fire dog.');

INSERT INTO Step (recipe_id, order_number, description) VALUES (39, 4, 'Interesting season less long.');

INSERT INTO Step (recipe_id, order_number, description) VALUES (39, 5, 'Popular method great consumer.');

INSERT INTO Step (recipe_id, order_number, description) VALUES (39, 6, 'Team west go tough commercial home.');

INSERT INTO Nutritional_Info (recipe_id, fat_per_portion, carbs_per_portion, protein_per_portion) VALUES (39, 63, 183, 177);

INSERT INTO Recipe_Meal_Type (recipe_id, meal_type_id) VALUES (39, 1);

INSERT INTO Recipe_Label (recipe_id, label_id) VALUES (39, 8);

INSERT INTO Recipe_Label (recipe_id, label_id) VALUES (39, 3);

INSERT INTO Recipe_Equipment (recipe_id, equipment_id) VALUES (39, 11);

INSERT INTO Recipe_Equipment (recipe_id, equipment_id) VALUES (39, 19);

INSERT INTO Recipe_Equipment (recipe_id, equipment_id) VALUES (39, 24);

INSERT INTO Recipe_Equipment (recipe_id, equipment_id) VALUES (39, 15);

INSERT INTO Recipe_Ingredient (recipe_id, ingredient_id, portion) VALUES (39, 157, 8);

INSERT INTO Recipe_Ingredient (recipe_id, ingredient_id, portion) VALUES (39, 151, 1);

INSERT INTO Recipe_Ingredient (recipe_id, ingredient_id, portion) VALUES (39, 1, 3);

INSERT INTO Recipe_Ingredient (recipe_id, ingredient_id, portion) VALUES (39, 183, 1);

INSERT INTO Recipe_Ingredient (recipe_id, ingredient_id, portion) VALUES (39, 101, 4);

INSERT INTO Recipe_Ingredient (recipe_id, ingredient_id, portion) VALUES (39, 118, 2);

INSERT INTO Recipe_Ingredient (recipe_id, ingredient_id, portion) VALUES (39, 80, 6);

INSERT INTO Recipe_Ingredient (recipe_id, ingredient_id, portion) VALUES (39, 26, 1);

INSERT INTO Recipe_Ingredient (recipe_id, ingredient_id, portion) VALUES (39, 154, 2);

INSERT INTO Recipe_Ingredient (recipe_id, ingredient_id, portion) VALUES (39, 45, 6);

INSERT INTO Recipe_Ingredient (recipe_id, ingredient_id, portion) VALUES (39, 136, 4);

INSERT INTO Recipe_Ingredient (recipe_id, ingredient_id, portion) VALUES (39, 186, 8);

INSERT INTO Recipe_Ingredient (recipe_id, ingredient_id, portion) VALUES (39, 87, 3);

INSERT INTO Recipe_Ingredient (recipe_id, ingredient_id, portion) VALUES (39, 24, 2);

INSERT INTO Recipe_Ingredient (recipe_id, ingredient_id, portion) VALUES (39, 147, 3);

INSERT INTO Recipe_Ingredient (recipe_id, ingredient_id, portion) VALUES (39, 20, 8);

INSERT INTO Recipe_Ingredient (recipe_id, ingredient_id, portion) VALUES (39, 15, 5);

INSERT INTO Recipe_Ingredient (recipe_id, ingredient_id, portion) VALUES (39, 127, 5);

INSERT INTO Recipe_Ingredient (recipe_id, ingredient_id, portion) VALUES (39, 63, 2);

INSERT INTO Recipe_Ingredient (recipe_id, ingredient_id, portion) VALUES (39, 70, 3);

INSERT INTO Recipe_Thematic_Unit (recipe_id, thematic_unit_id) VALUES (39, 2);

INSERT INTO Recipe_Thematic_Unit (recipe_id, thematic_unit_id) VALUES (39, 13);

INSERT INTO Recipe (recipe_type, name, national_cuisine_id, difficulty_level, description, tip1, cooking_time, prep_time, portions, basic_ingredient_id, image_id) VALUES ('pastry', 'Capellini with sausage, spinach, and jalapeno', 8, 2, 'Listen eight voice past do. Discussion position thank you will.', 'you need salt', 124, 37, 8, 130, 68);

INSERT INTO Step (recipe_id, order_number, description) VALUES (40, 1, 'Bar well participant newspaper bed.');

INSERT INTO Step (recipe_id, order_number, description) VALUES (40, 2, 'Turn he rich billion.');

INSERT INTO Step (recipe_id, order_number, description) VALUES (40, 3, 'Support age result then these.');

INSERT INTO Step (recipe_id, order_number, description) VALUES (40, 4, 'Discover same kind bank identify thus.');

INSERT INTO Step (recipe_id, order_number, description) VALUES (40, 5, 'Simple street art boy machine public night.');

INSERT INTO Step (recipe_id, order_number, description) VALUES (40, 6, 'Type science none organization management officer today us.');

INSERT INTO Nutritional_Info (recipe_id, fat_per_portion, carbs_per_portion, protein_per_portion) VALUES (40, 115, 18, 62);

INSERT INTO Recipe_Meal_Type (recipe_id, meal_type_id) VALUES (40, 6);

INSERT INTO Recipe_Label (recipe_id, label_id) VALUES (40, 10);

INSERT INTO Recipe_Equipment (recipe_id, equipment_id) VALUES (40, 49);

INSERT INTO Recipe_Ingredient (recipe_id, ingredient_id, portion) VALUES (40, 100, 4);

INSERT INTO Recipe_Ingredient (recipe_id, ingredient_id, portion) VALUES (40, 150, 3);

INSERT INTO Recipe_Ingredient (recipe_id, ingredient_id, portion) VALUES (40, 130, 8);

INSERT INTO Recipe_Ingredient (recipe_id, ingredient_id, portion) VALUES (40, 187, 4);

INSERT INTO Recipe_Ingredient (recipe_id, ingredient_id, portion) VALUES (40, 23, 2);

INSERT INTO Recipe_Ingredient (recipe_id, ingredient_id, portion) VALUES (40, 131, 4);

INSERT INTO Recipe_Ingredient (recipe_id, ingredient_id, portion) VALUES (40, 118, 3);

INSERT INTO Recipe_Ingredient (recipe_id, ingredient_id, portion) VALUES (40, 182, 2);

INSERT INTO Recipe_Ingredient (recipe_id, ingredient_id, portion) VALUES (40, 62, 3);

INSERT INTO Recipe_Ingredient (recipe_id, ingredient_id, portion) VALUES (40, 124, 8);

INSERT INTO Recipe_Ingredient (recipe_id, ingredient_id, portion) VALUES (40, 132, 2);

INSERT INTO Recipe_Ingredient (recipe_id, ingredient_id, portion) VALUES (40, 9, 1);

INSERT INTO Recipe_Ingredient (recipe_id, ingredient_id, portion) VALUES (40, 144, 6);

INSERT INTO Recipe_Ingredient (recipe_id, ingredient_id, portion) VALUES (40, 179, 7);

INSERT INTO Recipe_Ingredient (recipe_id, ingredient_id, portion) VALUES (40, 116, 2);

INSERT INTO Recipe_Thematic_Unit (recipe_id, thematic_unit_id) VALUES (40, 7);

INSERT INTO Recipe (recipe_type, name, national_cuisine_id, difficulty_level, description, tip1, tip2, cooking_time, prep_time, portions, basic_ingredient_id, image_id) VALUES ('pastry', 'Crispy Chicken with Kale', 8, 2, 'Card shoulder season. North end eat trip call about. Room able or.', 'you need a lot of time', 'better with gloves', 27, 15, 3, 164, 69);

INSERT INTO Step (recipe_id, order_number, description) VALUES (41, 1, 'Whatever tonight full one.');

INSERT INTO Nutritional_Info (recipe_id, fat_per_portion, carbs_per_portion, protein_per_portion) VALUES (41, 89, 162, 155);

INSERT INTO Recipe_Meal_Type (recipe_id, meal_type_id) VALUES (41, 2);

INSERT INTO Recipe_Label (recipe_id, label_id) VALUES (41, 8);

INSERT INTO Recipe_Equipment (recipe_id, equipment_id) VALUES (41, 18);

INSERT INTO Recipe_Equipment (recipe_id, equipment_id) VALUES (41, 4);

INSERT INTO Recipe_Equipment (recipe_id, equipment_id) VALUES (41, 43);

INSERT INTO Recipe_Ingredient (recipe_id, ingredient_id, portion) VALUES (41, 161, 2);

INSERT INTO Recipe_Ingredient (recipe_id, ingredient_id, portion) VALUES (41, 14, 4);

INSERT INTO Recipe_Ingredient (recipe_id, ingredient_id, portion) VALUES (41, 49, 2);

INSERT INTO Recipe_Ingredient (recipe_id, ingredient_id, portion) VALUES (41, 160, 5);

INSERT INTO Recipe_Ingredient (recipe_id, ingredient_id, portion) VALUES (41, 37, 8);

INSERT INTO Recipe_Ingredient (recipe_id, ingredient_id, portion) VALUES (41, 169, 5);

INSERT INTO Recipe_Ingredient (recipe_id, ingredient_id, portion) VALUES (41, 60, 2);

INSERT INTO Recipe_Ingredient (recipe_id, ingredient_id, portion) VALUES (41, 186, 6);

INSERT INTO Recipe_Ingredient (recipe_id, ingredient_id, portion) VALUES (41, 80, 1);

INSERT INTO Recipe_Ingredient (recipe_id, ingredient_id, portion) VALUES (41, 98, 8);

INSERT INTO Recipe_Ingredient (recipe_id, ingredient_id, portion) VALUES (41, 90, 8);

INSERT INTO Recipe_Thematic_Unit (recipe_id, thematic_unit_id) VALUES (41, 3);

INSERT INTO Recipe_Thematic_Unit (recipe_id, thematic_unit_id) VALUES (41, 1);

INSERT INTO Recipe (recipe_type, name, national_cuisine_id, difficulty_level, description, tip1, cooking_time, prep_time, portions, basic_ingredient_id, image_id) VALUES ('pastry', 'Roast Chicken Grain Bowl', 8, 2, 'Energy nice program culture. Phone around piece.', 'you need an oven', 89, 21, 3, 146, 70);

INSERT INTO Step (recipe_id, order_number, description) VALUES (42, 1, 'Prove quite agree.');

INSERT INTO Nutritional_Info (recipe_id, fat_per_portion, carbs_per_portion, protein_per_portion) VALUES (42, 209, 176, 223);

INSERT INTO Recipe_Meal_Type (recipe_id, meal_type_id) VALUES (42, 6);

INSERT INTO Recipe_Label (recipe_id, label_id) VALUES (42, 9);

INSERT INTO Recipe_Equipment (recipe_id, equipment_id) VALUES (42, 21);

INSERT INTO Recipe_Equipment (recipe_id, equipment_id) VALUES (42, 24);

INSERT INTO Recipe_Equipment (recipe_id, equipment_id) VALUES (42, 5);

INSERT INTO Recipe_Equipment (recipe_id, equipment_id) VALUES (42, 40);

INSERT INTO Recipe_Equipment (recipe_id, equipment_id) VALUES (42, 8);

INSERT INTO Recipe_Equipment (recipe_id, equipment_id) VALUES (42, 18);

INSERT INTO Recipe_Equipment (recipe_id, equipment_id) VALUES (42, 37);

INSERT INTO Recipe_Equipment (recipe_id, equipment_id) VALUES (42, 43);

INSERT INTO Recipe_Ingredient (recipe_id, ingredient_id, portion) VALUES (42, 82, 5);

INSERT INTO Recipe_Ingredient (recipe_id, ingredient_id, portion) VALUES (42, 14, 2);

INSERT INTO Recipe_Ingredient (recipe_id, ingredient_id, portion) VALUES (42, 96, 3);

INSERT INTO Recipe_Ingredient (recipe_id, ingredient_id, portion) VALUES (42, 70, 4);

INSERT INTO Recipe_Ingredient (recipe_id, ingredient_id, portion) VALUES (42, 27, 1);

INSERT INTO Recipe_Ingredient (recipe_id, ingredient_id, portion) VALUES (42, 196, 6);

INSERT INTO Recipe_Ingredient (recipe_id, ingredient_id, portion) VALUES (42, 158, 5);

INSERT INTO Recipe_Ingredient (recipe_id, ingredient_id, portion) VALUES (42, 151, 3);

INSERT INTO Recipe_Ingredient (recipe_id, ingredient_id, portion) VALUES (42, 20, 1);

INSERT INTO Recipe_Ingredient (recipe_id, ingredient_id, portion) VALUES (42, 194, 5);

INSERT INTO Recipe_Ingredient (recipe_id, ingredient_id, portion) VALUES (42, 78, 2);

INSERT INTO Recipe_Ingredient (recipe_id, ingredient_id, portion) VALUES (42, 51, 5);

INSERT INTO Recipe_Ingredient (recipe_id, ingredient_id, portion) VALUES (42, 175, 4);

INSERT INTO Recipe_Ingredient (recipe_id, ingredient_id, portion) VALUES (42, 105, 5);

INSERT INTO Recipe_Ingredient (recipe_id, ingredient_id, portion) VALUES (42, 118, 3);

INSERT INTO Recipe_Ingredient (recipe_id, ingredient_id, portion) VALUES (42, 67, 7);

INSERT INTO Recipe_Ingredient (recipe_id, ingredient_id, portion) VALUES (42, 92, 4);

INSERT INTO Recipe_Ingredient (recipe_id, ingredient_id, portion) VALUES (42, 103, 1);

INSERT INTO Recipe_Ingredient (recipe_id, ingredient_id, portion) VALUES (42, 165, 2);

INSERT INTO Recipe_Ingredient (recipe_id, ingredient_id, portion) VALUES (42, 185, 6);

INSERT INTO Recipe_Thematic_Unit (recipe_id, thematic_unit_id) VALUES (42, 9);

INSERT INTO Recipe_Thematic_Unit (recipe_id, thematic_unit_id) VALUES (42, 4);

INSERT INTO Recipe (recipe_type, name, national_cuisine_id, difficulty_level, description, tip1, cooking_time, prep_time, portions, basic_ingredient_id, image_id) VALUES ('cooking', 'Chicken thighs with barley and peas', 8, 1, 'Civil could my director herself. Back success writer play water.', 'you need small cups', 52, 27, 3, 116, 71);

INSERT INTO Step (recipe_id, order_number, description) VALUES (43, 1, 'Economy success save century respond page decide.');

INSERT INTO Step (recipe_id, order_number, description) VALUES (43, 2, 'Least choice his.');

INSERT INTO Step (recipe_id, order_number, description) VALUES (43, 3, 'Manage that season we write rich.');

INSERT INTO Step (recipe_id, order_number, description) VALUES (43, 4, 'Focus meeting tend.');

INSERT INTO Step (recipe_id, order_number, description) VALUES (43, 5, 'Military personal put that.');

INSERT INTO Step (recipe_id, order_number, description) VALUES (43, 6, 'Great their need challenge site interest outside.');

INSERT INTO Step (recipe_id, order_number, description) VALUES (43, 7, 'Language trip answer message study.');

INSERT INTO Nutritional_Info (recipe_id, fat_per_portion, carbs_per_portion, protein_per_portion) VALUES (43, 35, 116, 223);

INSERT INTO Recipe_Meal_Type (recipe_id, meal_type_id) VALUES (43, 1);

INSERT INTO Recipe_Meal_Type (recipe_id, meal_type_id) VALUES (43, 2);

INSERT INTO Recipe_Meal_Type (recipe_id, meal_type_id) VALUES (43, 5);

INSERT INTO Recipe_Label (recipe_id, label_id) VALUES (43, 7);

INSERT INTO Recipe_Equipment (recipe_id, equipment_id) VALUES (43, 20);

INSERT INTO Recipe_Equipment (recipe_id, equipment_id) VALUES (43, 39);

INSERT INTO Recipe_Equipment (recipe_id, equipment_id) VALUES (43, 40);

INSERT INTO Recipe_Equipment (recipe_id, equipment_id) VALUES (43, 7);

INSERT INTO Recipe_Equipment (recipe_id, equipment_id) VALUES (43, 12);

INSERT INTO Recipe_Equipment (recipe_id, equipment_id) VALUES (43, 37);

INSERT INTO Recipe_Ingredient (recipe_id, ingredient_id, portion) VALUES (43, 109, 8);

INSERT INTO Recipe_Ingredient (recipe_id, ingredient_id, portion) VALUES (43, 33, 1);

INSERT INTO Recipe_Ingredient (recipe_id, ingredient_id, portion) VALUES (43, 191, 6);

INSERT INTO Recipe_Thematic_Unit (recipe_id, thematic_unit_id) VALUES (43, 12);

INSERT INTO Recipe_Thematic_Unit (recipe_id, thematic_unit_id) VALUES (43, 11);

INSERT INTO Recipe (recipe_type, name, national_cuisine_id, difficulty_level, description, tip1, cooking_time, prep_time, portions, basic_ingredient_id, image_id) VALUES ('pastry', 'Rice noodles with meatballs and bok choy', 8, 1, 'Off firm today natural top heart smile. Organization best bag trip letter protect town.', 'you can use leftovers', 99, 18, 2, 155, 72);

INSERT INTO Step (recipe_id, order_number, description) VALUES (44, 1, 'Money game can perhaps huge including perform.');

INSERT INTO Step (recipe_id, order_number, description) VALUES (44, 2, 'Nation air form hotel sell cup often.');

INSERT INTO Step (recipe_id, order_number, description) VALUES (44, 3, 'Analysis break local computer into senior.');

INSERT INTO Step (recipe_id, order_number, description) VALUES (44, 4, 'Pressure team test past commercial.');

INSERT INTO Nutritional_Info (recipe_id, fat_per_portion, carbs_per_portion, protein_per_portion) VALUES (44, 160, 170, 250);

INSERT INTO Recipe_Meal_Type (recipe_id, meal_type_id) VALUES (44, 2);

INSERT INTO Recipe_Meal_Type (recipe_id, meal_type_id) VALUES (44, 6);

INSERT INTO Recipe_Label (recipe_id, label_id) VALUES (44, 3);

INSERT INTO Recipe_Label (recipe_id, label_id) VALUES (44, 8);

INSERT INTO Recipe_Label (recipe_id, label_id) VALUES (44, 5);

INSERT INTO Recipe_Equipment (recipe_id, equipment_id) VALUES (44, 44);

INSERT INTO Recipe_Equipment (recipe_id, equipment_id) VALUES (44, 48);

INSERT INTO Recipe_Equipment (recipe_id, equipment_id) VALUES (44, 40);

INSERT INTO Recipe_Equipment (recipe_id, equipment_id) VALUES (44, 49);

INSERT INTO Recipe_Equipment (recipe_id, equipment_id) VALUES (44, 15);

INSERT INTO Recipe_Equipment (recipe_id, equipment_id) VALUES (44, 8);

INSERT INTO Recipe_Equipment (recipe_id, equipment_id) VALUES (44, 27);

INSERT INTO Recipe_Equipment (recipe_id, equipment_id) VALUES (44, 38);

INSERT INTO Recipe_Equipment (recipe_id, equipment_id) VALUES (44, 50);

INSERT INTO Recipe_Equipment (recipe_id, equipment_id) VALUES (44, 22);

INSERT INTO Recipe_Ingredient (recipe_id, ingredient_id, portion) VALUES (44, 120, 2);

INSERT INTO Recipe_Ingredient (recipe_id, ingredient_id, portion) VALUES (44, 107, 4);

INSERT INTO Recipe_Ingredient (recipe_id, ingredient_id, portion) VALUES (44, 145, 3);

INSERT INTO Recipe_Ingredient (recipe_id, ingredient_id, portion) VALUES (44, 87, 3);

INSERT INTO Recipe_Ingredient (recipe_id, ingredient_id, portion) VALUES (44, 188, 3);

INSERT INTO Recipe_Ingredient (recipe_id, ingredient_id, portion) VALUES (44, 169, 4);

INSERT INTO Recipe_Ingredient (recipe_id, ingredient_id, portion) VALUES (44, 78, 3);

INSERT INTO Recipe_Ingredient (recipe_id, ingredient_id, portion) VALUES (44, 51, 5);

INSERT INTO Recipe_Ingredient (recipe_id, ingredient_id, portion) VALUES (44, 152, 1);

INSERT INTO Recipe_Ingredient (recipe_id, ingredient_id, portion) VALUES (44, 99, 8);

INSERT INTO Recipe_Thematic_Unit (recipe_id, thematic_unit_id) VALUES (44, 13);

INSERT INTO Recipe_Thematic_Unit (recipe_id, thematic_unit_id) VALUES (44, 11);

INSERT INTO Recipe (recipe_type, name, national_cuisine_id, difficulty_level, description, tip1, tip2, cooking_time, prep_time, portions, basic_ingredient_id, image_id) VALUES ('pastry', 'Paprika Pork with Roasted Potatoes and Dill Cream', 9, 3, 'Society fly early church rather commercial any. Guess contain Mrs evidence step as. Become realize development draw.', 'you need a lot of time', 'you need to use your hands', 92, 20, 5, 153, 73);

INSERT INTO Step (recipe_id, order_number, description) VALUES (45, 1, 'Huge business able once three whether must.');

INSERT INTO Step (recipe_id, order_number, description) VALUES (45, 2, 'Country economic blood part religious.');

INSERT INTO Step (recipe_id, order_number, description) VALUES (45, 3, 'Thus activity now professional participant.');

INSERT INTO Nutritional_Info (recipe_id, fat_per_portion, carbs_per_portion, protein_per_portion) VALUES (45, 58, 193, 36);

INSERT INTO Recipe_Meal_Type (recipe_id, meal_type_id) VALUES (45, 6);

INSERT INTO Recipe_Meal_Type (recipe_id, meal_type_id) VALUES (45, 2);

INSERT INTO Recipe_Meal_Type (recipe_id, meal_type_id) VALUES (45, 3);

INSERT INTO Recipe_Label (recipe_id, label_id) VALUES (45, 3);

INSERT INTO Recipe_Equipment (recipe_id, equipment_id) VALUES (45, 32);

INSERT INTO Recipe_Equipment (recipe_id, equipment_id) VALUES (45, 10);

INSERT INTO Recipe_Equipment (recipe_id, equipment_id) VALUES (45, 29);

INSERT INTO Recipe_Equipment (recipe_id, equipment_id) VALUES (45, 46);

INSERT INTO Recipe_Equipment (recipe_id, equipment_id) VALUES (45, 36);

INSERT INTO Recipe_Equipment (recipe_id, equipment_id) VALUES (45, 49);

INSERT INTO Recipe_Equipment (recipe_id, equipment_id) VALUES (45, 7);

INSERT INTO Recipe_Equipment (recipe_id, equipment_id) VALUES (45, 11);

INSERT INTO Recipe_Ingredient (recipe_id, ingredient_id, portion) VALUES (45, 103, 5);

INSERT INTO Recipe_Ingredient (recipe_id, ingredient_id, portion) VALUES (45, 155, 4);

INSERT INTO Recipe_Ingredient (recipe_id, ingredient_id, portion) VALUES (45, 95, 1);

INSERT INTO Recipe_Ingredient (recipe_id, ingredient_id, portion) VALUES (45, 49, 8);

INSERT INTO Recipe_Ingredient (recipe_id, ingredient_id, portion) VALUES (45, 184, 3);

INSERT INTO Recipe_Ingredient (recipe_id, ingredient_id, portion) VALUES (45, 92, 3);

INSERT INTO Recipe_Ingredient (recipe_id, ingredient_id, portion) VALUES (45, 29, 7);

INSERT INTO Recipe_Ingredient (recipe_id, ingredient_id, portion) VALUES (45, 178, 6);

INSERT INTO Recipe_Ingredient (recipe_id, ingredient_id, portion) VALUES (45, 196, 3);

INSERT INTO Recipe_Ingredient (recipe_id, ingredient_id, portion) VALUES (45, 88, 7);

INSERT INTO Recipe_Thematic_Unit (recipe_id, thematic_unit_id) VALUES (45, 1);

INSERT INTO Recipe_Thematic_Unit (recipe_id, thematic_unit_id) VALUES (45, 14);

INSERT INTO Recipe (recipe_type, name, national_cuisine_id, difficulty_level, description, tip1, tip2, tip3, cooking_time, prep_time, portions, basic_ingredient_id, image_id) VALUES ('cooking', 'Chicken cutlets with carrot and kale salad', 9, 3, 'Space until deal international.', 'it needs a fridge', 'better with feta cheese', 'you need a lot of bowls', 53, 41, 7, 25, 74);

INSERT INTO Step (recipe_id, order_number, description) VALUES (46, 1, 'Lot number challenge open point degree.');

INSERT INTO Step (recipe_id, order_number, description) VALUES (46, 2, 'Not soon financial response discuss.');

INSERT INTO Nutritional_Info (recipe_id, fat_per_portion, carbs_per_portion, protein_per_portion) VALUES (46, 138, 83, 121);

INSERT INTO Recipe_Meal_Type (recipe_id, meal_type_id) VALUES (46, 6);

INSERT INTO Recipe_Meal_Type (recipe_id, meal_type_id) VALUES (46, 4);

INSERT INTO Recipe_Meal_Type (recipe_id, meal_type_id) VALUES (46, 1);

INSERT INTO Recipe_Label (recipe_id, label_id) VALUES (46, 10);

INSERT INTO Recipe_Equipment (recipe_id, equipment_id) VALUES (46, 47);

INSERT INTO Recipe_Equipment (recipe_id, equipment_id) VALUES (46, 3);

INSERT INTO Recipe_Equipment (recipe_id, equipment_id) VALUES (46, 12);

INSERT INTO Recipe_Equipment (recipe_id, equipment_id) VALUES (46, 13);

INSERT INTO Recipe_Ingredient (recipe_id, ingredient_id, portion) VALUES (46, 133, 1);

INSERT INTO Recipe_Ingredient (recipe_id, ingredient_id, portion) VALUES (46, 36, 7);

INSERT INTO Recipe_Ingredient (recipe_id, ingredient_id, portion) VALUES (46, 61, 7);

INSERT INTO Recipe_Ingredient (recipe_id, ingredient_id, portion) VALUES (46, 126, 3);

INSERT INTO Recipe_Ingredient (recipe_id, ingredient_id, portion) VALUES (46, 157, 4);

INSERT INTO Recipe_Ingredient (recipe_id, ingredient_id, portion) VALUES (46, 183, 5);

INSERT INTO Recipe_Ingredient (recipe_id, ingredient_id, portion) VALUES (46, 80, 8);

INSERT INTO Recipe_Ingredient (recipe_id, ingredient_id, portion) VALUES (46, 104, 7);

INSERT INTO Recipe_Ingredient (recipe_id, ingredient_id, portion) VALUES (46, 39, 7);

INSERT INTO Recipe_Ingredient (recipe_id, ingredient_id, portion) VALUES (46, 54, 6);

INSERT INTO Recipe_Ingredient (recipe_id, ingredient_id, portion) VALUES (46, 84, 8);

INSERT INTO Recipe_Ingredient (recipe_id, ingredient_id, portion) VALUES (46, 47, 2);

INSERT INTO Recipe_Ingredient (recipe_id, ingredient_id, portion) VALUES (46, 40, 2);

INSERT INTO Recipe_Thematic_Unit (recipe_id, thematic_unit_id) VALUES (46, 1);

INSERT INTO Recipe_Thematic_Unit (recipe_id, thematic_unit_id) VALUES (46, 5);

INSERT INTO Recipe (recipe_type, name, national_cuisine_id, difficulty_level, description, tip1, tip2, tip3, cooking_time, prep_time, portions, basic_ingredient_id, image_id) VALUES ('pastry', 'Gnocchi and sweet potatoes', 9, 1, 'Hope sure mission technology old. Seven purpose bag ahead place know board.', 'better with gloves', 'better with butter instead of milk', 'you can store iy outside the fridge', 85, 6, 6, 108, 75);

INSERT INTO Step (recipe_id, order_number, description) VALUES (47, 1, 'Paper use road modern close.');

INSERT INTO Step (recipe_id, order_number, description) VALUES (47, 2, 'At investment crime great life section.');

INSERT INTO Step (recipe_id, order_number, description) VALUES (47, 3, 'Indicate score drug major from.');

INSERT INTO Step (recipe_id, order_number, description) VALUES (47, 4, 'Production lawyer my difference put society tend pull.');

INSERT INTO Step (recipe_id, order_number, description) VALUES (47, 5, 'Professor south job player long.');

INSERT INTO Step (recipe_id, order_number, description) VALUES (47, 6, 'Chance speech cut street standard.');

INSERT INTO Step (recipe_id, order_number, description) VALUES (47, 7, 'College way late art letter mention store.');

INSERT INTO Nutritional_Info (recipe_id, fat_per_portion, carbs_per_portion, protein_per_portion) VALUES (47, 84, 43, 195);

INSERT INTO Recipe_Meal_Type (recipe_id, meal_type_id) VALUES (47, 4);

INSERT INTO Recipe_Label (recipe_id, label_id) VALUES (47, 7);

INSERT INTO Recipe_Label (recipe_id, label_id) VALUES (47, 10);

INSERT INTO Recipe_Label (recipe_id, label_id) VALUES (47, 4);

INSERT INTO Recipe_Equipment (recipe_id, equipment_id) VALUES (47, 10);

INSERT INTO Recipe_Equipment (recipe_id, equipment_id) VALUES (47, 20);

INSERT INTO Recipe_Equipment (recipe_id, equipment_id) VALUES (47, 26);

INSERT INTO Recipe_Equipment (recipe_id, equipment_id) VALUES (47, 33);

INSERT INTO Recipe_Equipment (recipe_id, equipment_id) VALUES (47, 17);

INSERT INTO Recipe_Equipment (recipe_id, equipment_id) VALUES (47, 2);

INSERT INTO Recipe_Equipment (recipe_id, equipment_id) VALUES (47, 13);

INSERT INTO Recipe_Equipment (recipe_id, equipment_id) VALUES (47, 48);

INSERT INTO Recipe_Equipment (recipe_id, equipment_id) VALUES (47, 42);

INSERT INTO Recipe_Equipment (recipe_id, equipment_id) VALUES (47, 39);

INSERT INTO Recipe_Ingredient (recipe_id, ingredient_id, portion) VALUES (47, 162, 8);

INSERT INTO Recipe_Ingredient (recipe_id, ingredient_id, portion) VALUES (47, 102, 7);

INSERT INTO Recipe_Ingredient (recipe_id, ingredient_id, portion) VALUES (47, 93, 5);

INSERT INTO Recipe_Ingredient (recipe_id, ingredient_id, portion) VALUES (47, 141, 7);

INSERT INTO Recipe_Ingredient (recipe_id, ingredient_id, portion) VALUES (47, 51, 1);

INSERT INTO Recipe_Ingredient (recipe_id, ingredient_id, portion) VALUES (47, 190, 6);

INSERT INTO Recipe_Ingredient (recipe_id, ingredient_id, portion) VALUES (47, 27, 3);

INSERT INTO Recipe_Ingredient (recipe_id, ingredient_id, portion) VALUES (47, 8, 1);

INSERT INTO Recipe_Ingredient (recipe_id, ingredient_id, portion) VALUES (47, 69, 4);

INSERT INTO Recipe_Ingredient (recipe_id, ingredient_id, portion) VALUES (47, 24, 7);

INSERT INTO Recipe_Ingredient (recipe_id, ingredient_id, portion) VALUES (47, 134, 8);

INSERT INTO Recipe_Ingredient (recipe_id, ingredient_id, portion) VALUES (47, 151, 7);

INSERT INTO Recipe_Ingredient (recipe_id, ingredient_id, portion) VALUES (47, 146, 4);

INSERT INTO Recipe_Ingredient (recipe_id, ingredient_id, portion) VALUES (47, 1, 8);

INSERT INTO Recipe_Ingredient (recipe_id, ingredient_id, portion) VALUES (47, 25, 7);

INSERT INTO Recipe_Ingredient (recipe_id, ingredient_id, portion) VALUES (47, 199, 4);

INSERT INTO Recipe_Ingredient (recipe_id, ingredient_id, portion) VALUES (47, 153, 3);

INSERT INTO Recipe_Ingredient (recipe_id, ingredient_id, portion) VALUES (47, 68, 2);

INSERT INTO Recipe_Thematic_Unit (recipe_id, thematic_unit_id) VALUES (47, 11);

INSERT INTO Recipe (recipe_type, name, national_cuisine_id, difficulty_level, description, tip1, tip2, tip3, cooking_time, prep_time, portions, basic_ingredient_id, image_id) VALUES ('pastry', 'Shepherds Pie', 9, 4, 'Line move month entire usually item produce. Budget factor somebody beyond. Available music determine career.', 'you need an oven', 'you need a lot of time', 'you need a lot of bowls', 117, 41, 2, 143, 76);

INSERT INTO Step (recipe_id, order_number, description) VALUES (48, 1, 'Institution candidate firm dark audience.');

INSERT INTO Step (recipe_id, order_number, description) VALUES (48, 2, 'Give bit president piece art.');

INSERT INTO Step (recipe_id, order_number, description) VALUES (48, 3, 'Medical play its traditional model five above.');

INSERT INTO Step (recipe_id, order_number, description) VALUES (48, 4, 'Form produce material indeed activity.');

INSERT INTO Step (recipe_id, order_number, description) VALUES (48, 5, 'Successful side leave very condition.');

INSERT INTO Step (recipe_id, order_number, description) VALUES (48, 6, 'Station either can door sea Democrat forward.');

INSERT INTO Step (recipe_id, order_number, description) VALUES (48, 7, 'Kitchen couple western price training.');

INSERT INTO Nutritional_Info (recipe_id, fat_per_portion, carbs_per_portion, protein_per_portion) VALUES (48, 390, 154, 169);

INSERT INTO Recipe_Meal_Type (recipe_id, meal_type_id) VALUES (48, 6);

INSERT INTO Recipe_Meal_Type (recipe_id, meal_type_id) VALUES (48, 5);

INSERT INTO Recipe_Label (recipe_id, label_id) VALUES (48, 5);

INSERT INTO Recipe_Label (recipe_id, label_id) VALUES (48, 9);

INSERT INTO Recipe_Equipment (recipe_id, equipment_id) VALUES (48, 35);

INSERT INTO Recipe_Equipment (recipe_id, equipment_id) VALUES (48, 28);

INSERT INTO Recipe_Equipment (recipe_id, equipment_id) VALUES (48, 11);

INSERT INTO Recipe_Equipment (recipe_id, equipment_id) VALUES (48, 37);

INSERT INTO Recipe_Equipment (recipe_id, equipment_id) VALUES (48, 41);

INSERT INTO Recipe_Equipment (recipe_id, equipment_id) VALUES (48, 16);

INSERT INTO Recipe_Equipment (recipe_id, equipment_id) VALUES (48, 27);

INSERT INTO Recipe_Equipment (recipe_id, equipment_id) VALUES (48, 4);

INSERT INTO Recipe_Equipment (recipe_id, equipment_id) VALUES (48, 50);

INSERT INTO Recipe_Ingredient (recipe_id, ingredient_id, portion) VALUES (48, 154, 3);

INSERT INTO Recipe_Ingredient (recipe_id, ingredient_id, portion) VALUES (48, 9, 4);

INSERT INTO Recipe_Ingredient (recipe_id, ingredient_id, portion) VALUES (48, 170, 3);

INSERT INTO Recipe_Ingredient (recipe_id, ingredient_id, portion) VALUES (48, 134, 4);

INSERT INTO Recipe_Ingredient (recipe_id, ingredient_id, portion) VALUES (48, 181, 8);

INSERT INTO Recipe_Ingredient (recipe_id, ingredient_id, portion) VALUES (48, 75, 8);

INSERT INTO Recipe_Ingredient (recipe_id, ingredient_id, portion) VALUES (48, 124, 5);

INSERT INTO Recipe_Ingredient (recipe_id, ingredient_id, portion) VALUES (48, 178, 6);

INSERT INTO Recipe_Ingredient (recipe_id, ingredient_id, portion) VALUES (48, 53, 5);

INSERT INTO Recipe_Ingredient (recipe_id, ingredient_id, portion) VALUES (48, 94, 3);

INSERT INTO Recipe_Ingredient (recipe_id, ingredient_id, portion) VALUES (48, 12, 2);

INSERT INTO Recipe_Ingredient (recipe_id, ingredient_id, portion) VALUES (48, 119, 3);

INSERT INTO Recipe_Ingredient (recipe_id, ingredient_id, portion) VALUES (48, 83, 4);

INSERT INTO Recipe_Ingredient (recipe_id, ingredient_id, portion) VALUES (48, 135, 2);

INSERT INTO Recipe_Thematic_Unit (recipe_id, thematic_unit_id) VALUES (48, 11);

INSERT INTO Recipe (recipe_type, name, national_cuisine_id, difficulty_level, description, tip1, tip2, tip3, cooking_time, prep_time, portions, basic_ingredient_id, image_id) VALUES ('pastry', 'Garlic Parmesan Chicken', 9, 5, 'Shake then animal control upon. Institution ground third easy building speech. Study worker character brother project.', 'you have to be careful not to let it get stack', 'you need to be patient', 'you can use leftovers', 128, 4, 2, 182, 77);

INSERT INTO Step (recipe_id, order_number, description) VALUES (49, 1, 'Herself foreign every ahead radio rest three.');

INSERT INTO Step (recipe_id, order_number, description) VALUES (49, 2, 'Letter citizen understand common form.');

INSERT INTO Step (recipe_id, order_number, description) VALUES (49, 3, 'Lead both door car television institution ok.');

INSERT INTO Nutritional_Info (recipe_id, fat_per_portion, carbs_per_portion, protein_per_portion) VALUES (49, 250, 32, 182);

INSERT INTO Recipe_Meal_Type (recipe_id, meal_type_id) VALUES (49, 3);

INSERT INTO Recipe_Meal_Type (recipe_id, meal_type_id) VALUES (49, 4);

INSERT INTO Recipe_Label (recipe_id, label_id) VALUES (49, 9);

INSERT INTO Recipe_Equipment (recipe_id, equipment_id) VALUES (49, 19);

INSERT INTO Recipe_Equipment (recipe_id, equipment_id) VALUES (49, 23);

INSERT INTO Recipe_Equipment (recipe_id, equipment_id) VALUES (49, 35);

INSERT INTO Recipe_Equipment (recipe_id, equipment_id) VALUES (49, 48);

INSERT INTO Recipe_Equipment (recipe_id, equipment_id) VALUES (49, 45);

INSERT INTO Recipe_Ingredient (recipe_id, ingredient_id, portion) VALUES (49, 52, 7);

INSERT INTO Recipe_Ingredient (recipe_id, ingredient_id, portion) VALUES (49, 161, 1);

INSERT INTO Recipe_Ingredient (recipe_id, ingredient_id, portion) VALUES (49, 130, 4);

INSERT INTO Recipe_Ingredient (recipe_id, ingredient_id, portion) VALUES (49, 73, 8);

INSERT INTO Recipe_Thematic_Unit (recipe_id, thematic_unit_id) VALUES (49, 4);

INSERT INTO Recipe_Thematic_Unit (recipe_id, thematic_unit_id) VALUES (49, 1);

INSERT INTO Recipe (recipe_type, name, national_cuisine_id, difficulty_level, description, tip1, cooking_time, prep_time, portions, basic_ingredient_id, image_id) VALUES ('pastry', 'Turkey Pot Pie', 10, 1, 'Matter down marriage peace will view. Parent level these fear. Give for adult over skin.', 'better with butter instead of milk', 102, 26, 7, 51, 78);

INSERT INTO Step (recipe_id, order_number, description) VALUES (50, 1, 'Modern across discover himself.');

INSERT INTO Step (recipe_id, order_number, description) VALUES (50, 2, 'Through American player information culture.');

INSERT INTO Nutritional_Info (recipe_id, fat_per_portion, carbs_per_portion, protein_per_portion) VALUES (50, 330, 196, 30);

INSERT INTO Recipe_Meal_Type (recipe_id, meal_type_id) VALUES (50, 5);

INSERT INTO Recipe_Meal_Type (recipe_id, meal_type_id) VALUES (50, 2);

INSERT INTO Recipe_Label (recipe_id, label_id) VALUES (50, 2);

INSERT INTO Recipe_Equipment (recipe_id, equipment_id) VALUES (50, 20);

INSERT INTO Recipe_Equipment (recipe_id, equipment_id) VALUES (50, 24);

INSERT INTO Recipe_Equipment (recipe_id, equipment_id) VALUES (50, 32);

INSERT INTO Recipe_Equipment (recipe_id, equipment_id) VALUES (50, 1);

INSERT INTO Recipe_Equipment (recipe_id, equipment_id) VALUES (50, 6);

INSERT INTO Recipe_Ingredient (recipe_id, ingredient_id, portion) VALUES (50, 61, 5);

INSERT INTO Recipe_Ingredient (recipe_id, ingredient_id, portion) VALUES (50, 155, 1);

INSERT INTO Recipe_Ingredient (recipe_id, ingredient_id, portion) VALUES (50, 23, 5);

INSERT INTO Recipe_Ingredient (recipe_id, ingredient_id, portion) VALUES (50, 79, 1);

INSERT INTO Recipe_Ingredient (recipe_id, ingredient_id, portion) VALUES (50, 14, 2);

INSERT INTO Recipe_Ingredient (recipe_id, ingredient_id, portion) VALUES (50, 173, 8);

INSERT INTO Recipe_Ingredient (recipe_id, ingredient_id, portion) VALUES (50, 150, 3);

INSERT INTO Recipe_Ingredient (recipe_id, ingredient_id, portion) VALUES (50, 69, 5);

INSERT INTO Recipe_Thematic_Unit (recipe_id, thematic_unit_id) VALUES (50, 1);

INSERT INTO Recipe_Thematic_Unit (recipe_id, thematic_unit_id) VALUES (50, 14);

INSERT INTO Recipe_Thematic_Unit (recipe_id, thematic_unit_id) VALUES (50, 8);

INSERT INTO Recipe (recipe_type, name, national_cuisine_id, difficulty_level, description, tip1, cooking_time, prep_time, portions, basic_ingredient_id, image_id) VALUES ('cooking', 'Balsamic Bacon Brussels Sprouts', 10, 3, 'Sense room campaign not night way possible.', 'better after 2 days', 19, 32, 7, 51, 79);

INSERT INTO Step (recipe_id, order_number, description) VALUES (51, 1, 'Fear throughout claim certain first more.');

INSERT INTO Step (recipe_id, order_number, description) VALUES (51, 2, 'Human nor throughout poor.');

INSERT INTO Step (recipe_id, order_number, description) VALUES (51, 3, 'Father reflect deep treat can.');

INSERT INTO Step (recipe_id, order_number, description) VALUES (51, 4, 'Return compare development management.');

INSERT INTO Step (recipe_id, order_number, description) VALUES (51, 5, 'Unit board develop television until.');

INSERT INTO Step (recipe_id, order_number, description) VALUES (51, 6, 'Who one seat safe.');

INSERT INTO Step (recipe_id, order_number, description) VALUES (51, 7, 'Never model hear team discuss cell require tough.');

INSERT INTO Nutritional_Info (recipe_id, fat_per_portion, carbs_per_portion, protein_per_portion) VALUES (51, 161, 18, 88);

INSERT INTO Recipe_Meal_Type (recipe_id, meal_type_id) VALUES (51, 4);

INSERT INTO Recipe_Meal_Type (recipe_id, meal_type_id) VALUES (51, 5);

INSERT INTO Recipe_Meal_Type (recipe_id, meal_type_id) VALUES (51, 6);

INSERT INTO Recipe_Label (recipe_id, label_id) VALUES (51, 1);

INSERT INTO Recipe_Equipment (recipe_id, equipment_id) VALUES (51, 24);

INSERT INTO Recipe_Equipment (recipe_id, equipment_id) VALUES (51, 48);

INSERT INTO Recipe_Ingredient (recipe_id, ingredient_id, portion) VALUES (51, 178, 1);

INSERT INTO Recipe_Ingredient (recipe_id, ingredient_id, portion) VALUES (51, 118, 5);

INSERT INTO Recipe_Ingredient (recipe_id, ingredient_id, portion) VALUES (51, 161, 4);

INSERT INTO Recipe_Ingredient (recipe_id, ingredient_id, portion) VALUES (51, 108, 1);

INSERT INTO Recipe_Ingredient (recipe_id, ingredient_id, portion) VALUES (51, 141, 8);

INSERT INTO Recipe_Ingredient (recipe_id, ingredient_id, portion) VALUES (51, 5, 2);

INSERT INTO Recipe_Ingredient (recipe_id, ingredient_id, portion) VALUES (51, 139, 3);

INSERT INTO Recipe_Thematic_Unit (recipe_id, thematic_unit_id) VALUES (51, 7);

INSERT INTO Recipe_Thematic_Unit (recipe_id, thematic_unit_id) VALUES (51, 13);

INSERT INTO Recipe_Thematic_Unit (recipe_id, thematic_unit_id) VALUES (51, 11);

INSERT INTO Recipe (recipe_type, name, national_cuisine_id, difficulty_level, description, tip1, cooking_time, prep_time, portions, basic_ingredient_id, image_id) VALUES ('cooking', 'Lemon Red Potatoes', 10, 1, 'Scene believe campaign treat loss discussion. New own fear effect crime. Put imagine outside society.', 'you can store iy outside the fridge', 31, 42, 2, 6, 80);

INSERT INTO Step (recipe_id, order_number, description) VALUES (52, 1, 'Any sister American list in table form seat.');

INSERT INTO Step (recipe_id, order_number, description) VALUES (52, 2, 'Third cold defense agree magazine certain situation rich.');

INSERT INTO Step (recipe_id, order_number, description) VALUES (52, 3, 'Lay guess keep fall trade traditional material.');

INSERT INTO Step (recipe_id, order_number, description) VALUES (52, 4, 'Guess building agree red.');

INSERT INTO Nutritional_Info (recipe_id, fat_per_portion, carbs_per_portion, protein_per_portion) VALUES (52, 203, 34, 60);

INSERT INTO Recipe_Meal_Type (recipe_id, meal_type_id) VALUES (52, 5);

INSERT INTO Recipe_Meal_Type (recipe_id, meal_type_id) VALUES (52, 4);

INSERT INTO Recipe_Label (recipe_id, label_id) VALUES (52, 9);

INSERT INTO Recipe_Equipment (recipe_id, equipment_id) VALUES (52, 24);

INSERT INTO Recipe_Equipment (recipe_id, equipment_id) VALUES (52, 42);

INSERT INTO Recipe_Equipment (recipe_id, equipment_id) VALUES (52, 39);

INSERT INTO Recipe_Equipment (recipe_id, equipment_id) VALUES (52, 48);

INSERT INTO Recipe_Equipment (recipe_id, equipment_id) VALUES (52, 26);

INSERT INTO Recipe_Equipment (recipe_id, equipment_id) VALUES (52, 23);

INSERT INTO Recipe_Equipment (recipe_id, equipment_id) VALUES (52, 16);

INSERT INTO Recipe_Equipment (recipe_id, equipment_id) VALUES (52, 6);

INSERT INTO Recipe_Equipment (recipe_id, equipment_id) VALUES (52, 34);

INSERT INTO Recipe_Ingredient (recipe_id, ingredient_id, portion) VALUES (52, 59, 6);

INSERT INTO Recipe_Ingredient (recipe_id, ingredient_id, portion) VALUES (52, 54, 2);

INSERT INTO Recipe_Ingredient (recipe_id, ingredient_id, portion) VALUES (52, 50, 4);

INSERT INTO Recipe_Ingredient (recipe_id, ingredient_id, portion) VALUES (52, 62, 8);

INSERT INTO Recipe_Ingredient (recipe_id, ingredient_id, portion) VALUES (52, 167, 8);

INSERT INTO Recipe_Ingredient (recipe_id, ingredient_id, portion) VALUES (52, 91, 3);

INSERT INTO Recipe_Ingredient (recipe_id, ingredient_id, portion) VALUES (52, 27, 7);

INSERT INTO Recipe_Thematic_Unit (recipe_id, thematic_unit_id) VALUES (52, 11);

INSERT INTO Recipe (recipe_type, name, national_cuisine_id, difficulty_level, description, tip1, tip2, cooking_time, prep_time, portions, basic_ingredient_id, image_id) VALUES ('cooking', 'Potato and Corn Chowder', 10, 5, 'Idea and company start. Lawyer security recognize pressure science hard least far.', 'better when fresh', 'in the fridge for 3 days', 89, 32, 1, 141, 81);

INSERT INTO Step (recipe_id, order_number, description) VALUES (53, 1, 'Often kitchen reason prevent computer war.');

INSERT INTO Step (recipe_id, order_number, description) VALUES (53, 2, 'Have would tend control catch.');

INSERT INTO Step (recipe_id, order_number, description) VALUES (53, 3, 'Now phone ground world measure traditional.');

INSERT INTO Step (recipe_id, order_number, description) VALUES (53, 4, 'Always experience land accept key physical behind whose.');

INSERT INTO Step (recipe_id, order_number, description) VALUES (53, 5, 'Though response produce conference leader education charge.');

INSERT INTO Step (recipe_id, order_number, description) VALUES (53, 6, 'Sit against son affect.');

INSERT INTO Step (recipe_id, order_number, description) VALUES (53, 7, 'Education risk firm international.');

INSERT INTO Nutritional_Info (recipe_id, fat_per_portion, carbs_per_portion, protein_per_portion) VALUES (53, 317, 106, 229);

INSERT INTO Recipe_Meal_Type (recipe_id, meal_type_id) VALUES (53, 1);

INSERT INTO Recipe_Label (recipe_id, label_id) VALUES (53, 5);

INSERT INTO Recipe_Label (recipe_id, label_id) VALUES (53, 9);

INSERT INTO Recipe_Equipment (recipe_id, equipment_id) VALUES (53, 9);

INSERT INTO Recipe_Equipment (recipe_id, equipment_id) VALUES (53, 30);

INSERT INTO Recipe_Equipment (recipe_id, equipment_id) VALUES (53, 19);

INSERT INTO Recipe_Equipment (recipe_id, equipment_id) VALUES (53, 49);

INSERT INTO Recipe_Equipment (recipe_id, equipment_id) VALUES (53, 50);

INSERT INTO Recipe_Equipment (recipe_id, equipment_id) VALUES (53, 4);

INSERT INTO Recipe_Equipment (recipe_id, equipment_id) VALUES (53, 8);

INSERT INTO Recipe_Equipment (recipe_id, equipment_id) VALUES (53, 17);

INSERT INTO Recipe_Equipment (recipe_id, equipment_id) VALUES (53, 6);

INSERT INTO Recipe_Ingredient (recipe_id, ingredient_id, portion) VALUES (53, 47, 3);

INSERT INTO Recipe_Ingredient (recipe_id, ingredient_id, portion) VALUES (53, 43, 8);

INSERT INTO Recipe_Ingredient (recipe_id, ingredient_id, portion) VALUES (53, 199, 1);

INSERT INTO Recipe_Ingredient (recipe_id, ingredient_id, portion) VALUES (53, 5, 5);

INSERT INTO Recipe_Ingredient (recipe_id, ingredient_id, portion) VALUES (53, 116, 1);

INSERT INTO Recipe_Ingredient (recipe_id, ingredient_id, portion) VALUES (53, 141, 8);

INSERT INTO Recipe_Ingredient (recipe_id, ingredient_id, portion) VALUES (53, 98, 2);

INSERT INTO Recipe_Ingredient (recipe_id, ingredient_id, portion) VALUES (53, 101, 6);

INSERT INTO Recipe_Ingredient (recipe_id, ingredient_id, portion) VALUES (53, 79, 4);

INSERT INTO Recipe_Ingredient (recipe_id, ingredient_id, portion) VALUES (53, 60, 7);

INSERT INTO Recipe_Ingredient (recipe_id, ingredient_id, portion) VALUES (53, 131, 2);

INSERT INTO Recipe_Thematic_Unit (recipe_id, thematic_unit_id) VALUES (53, 15);

INSERT INTO Recipe_Thematic_Unit (recipe_id, thematic_unit_id) VALUES (53, 4);

INSERT INTO Recipe_Thematic_Unit (recipe_id, thematic_unit_id) VALUES (53, 14);

INSERT INTO Recipe (recipe_type, name, national_cuisine_id, difficulty_level, description, tip1, tip2, tip3, cooking_time, prep_time, portions, basic_ingredient_id, image_id) VALUES ('cooking', 'Thai Chicken', 10, 4, 'Old suddenly too easy. Throw late low might onto. Into measure than vote budget.', 'better with slow cooking', 'better with slow cooking', 'better with gloves', 98, 30, 8, 194, 82);

INSERT INTO Step (recipe_id, order_number, description) VALUES (54, 1, 'About break provide according own mind particular.');

INSERT INTO Step (recipe_id, order_number, description) VALUES (54, 2, 'Tonight hold back cell study range.');

INSERT INTO Step (recipe_id, order_number, description) VALUES (54, 3, 'Hospital health kitchen it trade chair.');

INSERT INTO Step (recipe_id, order_number, description) VALUES (54, 4, 'Though ahead have green certainly send director.');

INSERT INTO Step (recipe_id, order_number, description) VALUES (54, 5, 'Decision economic scene forget any debate happy.');

INSERT INTO Step (recipe_id, order_number, description) VALUES (54, 6, 'Respond design environmental life.');

INSERT INTO Step (recipe_id, order_number, description) VALUES (54, 7, 'And listen shoulder property his wear.');

INSERT INTO Nutritional_Info (recipe_id, fat_per_portion, carbs_per_portion, protein_per_portion) VALUES (54, 115, 72, 177);

INSERT INTO Recipe_Meal_Type (recipe_id, meal_type_id) VALUES (54, 3);

INSERT INTO Recipe_Meal_Type (recipe_id, meal_type_id) VALUES (54, 6);

INSERT INTO Recipe_Meal_Type (recipe_id, meal_type_id) VALUES (54, 1);

INSERT INTO Recipe_Label (recipe_id, label_id) VALUES (54, 8);

INSERT INTO Recipe_Label (recipe_id, label_id) VALUES (54, 2);

INSERT INTO Recipe_Label (recipe_id, label_id) VALUES (54, 7);

INSERT INTO Recipe_Label (recipe_id, label_id) VALUES (54, 6);

INSERT INTO Recipe_Equipment (recipe_id, equipment_id) VALUES (54, 22);

INSERT INTO Recipe_Equipment (recipe_id, equipment_id) VALUES (54, 41);

INSERT INTO Recipe_Equipment (recipe_id, equipment_id) VALUES (54, 14);

INSERT INTO Recipe_Equipment (recipe_id, equipment_id) VALUES (54, 4);

INSERT INTO Recipe_Equipment (recipe_id, equipment_id) VALUES (54, 6);

INSERT INTO Recipe_Equipment (recipe_id, equipment_id) VALUES (54, 5);

INSERT INTO Recipe_Ingredient (recipe_id, ingredient_id, portion) VALUES (54, 185, 8);

INSERT INTO Recipe_Ingredient (recipe_id, ingredient_id, portion) VALUES (54, 165, 1);

INSERT INTO Recipe_Ingredient (recipe_id, ingredient_id, portion) VALUES (54, 127, 7);

INSERT INTO Recipe_Ingredient (recipe_id, ingredient_id, portion) VALUES (54, 30, 7);

INSERT INTO Recipe_Ingredient (recipe_id, ingredient_id, portion) VALUES (54, 37, 4);

INSERT INTO Recipe_Ingredient (recipe_id, ingredient_id, portion) VALUES (54, 154, 1);

INSERT INTO Recipe_Ingredient (recipe_id, ingredient_id, portion) VALUES (54, 143, 6);

INSERT INTO Recipe_Ingredient (recipe_id, ingredient_id, portion) VALUES (54, 182, 8);

INSERT INTO Recipe_Ingredient (recipe_id, ingredient_id, portion) VALUES (54, 77, 4);

INSERT INTO Recipe_Ingredient (recipe_id, ingredient_id, portion) VALUES (54, 194, 4);

INSERT INTO Recipe_Ingredient (recipe_id, ingredient_id, portion) VALUES (54, 109, 6);

INSERT INTO Recipe_Ingredient (recipe_id, ingredient_id, portion) VALUES (54, 107, 4);

INSERT INTO Recipe_Ingredient (recipe_id, ingredient_id, portion) VALUES (54, 34, 8);

INSERT INTO Recipe_Ingredient (recipe_id, ingredient_id, portion) VALUES (54, 19, 1);

INSERT INTO Recipe_Ingredient (recipe_id, ingredient_id, portion) VALUES (54, 35, 7);

INSERT INTO Recipe_Ingredient (recipe_id, ingredient_id, portion) VALUES (54, 149, 3);

INSERT INTO Recipe_Ingredient (recipe_id, ingredient_id, portion) VALUES (54, 131, 1);

INSERT INTO Recipe_Ingredient (recipe_id, ingredient_id, portion) VALUES (54, 152, 4);

INSERT INTO Recipe_Thematic_Unit (recipe_id, thematic_unit_id) VALUES (54, 13);

INSERT INTO Recipe_Thematic_Unit (recipe_id, thematic_unit_id) VALUES (54, 14);

INSERT INTO Recipe (recipe_type, name, national_cuisine_id, difficulty_level, description, tip1, tip2, tip3, cooking_time, prep_time, portions, basic_ingredient_id, image_id) VALUES ('pastry', 'Italian Fagoli Vegetable Soup', 11, 2, 'Serious fly different whole should. Worker test audience play live.', 'better with feta cheese', 'you need a lot of bowls', 'you can use leftovers', 47, 43, 2, 99, 83);

INSERT INTO Step (recipe_id, order_number, description) VALUES (55, 1, 'Wear adult behavior will.');

INSERT INTO Nutritional_Info (recipe_id, fat_per_portion, carbs_per_portion, protein_per_portion) VALUES (55, 336, 43, 155);

INSERT INTO Recipe_Meal_Type (recipe_id, meal_type_id) VALUES (55, 4);

INSERT INTO Recipe_Label (recipe_id, label_id) VALUES (55, 7);

INSERT INTO Recipe_Label (recipe_id, label_id) VALUES (55, 8);

INSERT INTO Recipe_Label (recipe_id, label_id) VALUES (55, 10);

INSERT INTO Recipe_Label (recipe_id, label_id) VALUES (55, 9);

INSERT INTO Recipe_Equipment (recipe_id, equipment_id) VALUES (55, 25);

INSERT INTO Recipe_Equipment (recipe_id, equipment_id) VALUES (55, 23);

INSERT INTO Recipe_Equipment (recipe_id, equipment_id) VALUES (55, 16);

INSERT INTO Recipe_Equipment (recipe_id, equipment_id) VALUES (55, 17);

INSERT INTO Recipe_Equipment (recipe_id, equipment_id) VALUES (55, 45);

INSERT INTO Recipe_Equipment (recipe_id, equipment_id) VALUES (55, 37);

INSERT INTO Recipe_Equipment (recipe_id, equipment_id) VALUES (55, 10);

INSERT INTO Recipe_Equipment (recipe_id, equipment_id) VALUES (55, 42);

INSERT INTO Recipe_Equipment (recipe_id, equipment_id) VALUES (55, 30);

INSERT INTO Recipe_Equipment (recipe_id, equipment_id) VALUES (55, 40);

INSERT INTO Recipe_Ingredient (recipe_id, ingredient_id, portion) VALUES (55, 80, 6);

INSERT INTO Recipe_Ingredient (recipe_id, ingredient_id, portion) VALUES (55, 6, 1);

INSERT INTO Recipe_Ingredient (recipe_id, ingredient_id, portion) VALUES (55, 142, 1);

INSERT INTO Recipe_Ingredient (recipe_id, ingredient_id, portion) VALUES (55, 109, 5);

INSERT INTO Recipe_Ingredient (recipe_id, ingredient_id, portion) VALUES (55, 18, 3);

INSERT INTO Recipe_Ingredient (recipe_id, ingredient_id, portion) VALUES (55, 186, 8);

INSERT INTO Recipe_Ingredient (recipe_id, ingredient_id, portion) VALUES (55, 69, 5);

INSERT INTO Recipe_Ingredient (recipe_id, ingredient_id, portion) VALUES (55, 1, 2);

INSERT INTO Recipe_Ingredient (recipe_id, ingredient_id, portion) VALUES (55, 195, 2);

INSERT INTO Recipe_Ingredient (recipe_id, ingredient_id, portion) VALUES (55, 65, 3);

INSERT INTO Recipe_Ingredient (recipe_id, ingredient_id, portion) VALUES (55, 26, 5);

INSERT INTO Recipe_Ingredient (recipe_id, ingredient_id, portion) VALUES (55, 165, 2);

INSERT INTO Recipe_Ingredient (recipe_id, ingredient_id, portion) VALUES (55, 184, 8);

INSERT INTO Recipe_Ingredient (recipe_id, ingredient_id, portion) VALUES (55, 135, 3);

INSERT INTO Recipe_Ingredient (recipe_id, ingredient_id, portion) VALUES (55, 44, 3);

INSERT INTO Recipe_Ingredient (recipe_id, ingredient_id, portion) VALUES (55, 72, 5);

INSERT INTO Recipe_Thematic_Unit (recipe_id, thematic_unit_id) VALUES (55, 13);

INSERT INTO Recipe (recipe_type, name, national_cuisine_id, difficulty_level, description, tip1, cooking_time, prep_time, portions, basic_ingredient_id, image_id) VALUES ('pastry', 'Blueberry Pie', 11, 2, 'Read good miss good know. Employee accept turn property husband institution.', 'you need a lot of bowls', 26, 32, 8, 51, 84);

INSERT INTO Step (recipe_id, order_number, description) VALUES (56, 1, 'Student consider certainly matter shake rest.');

INSERT INTO Step (recipe_id, order_number, description) VALUES (56, 2, 'Team water impact quality name.');

INSERT INTO Step (recipe_id, order_number, description) VALUES (56, 3, 'News better deal home my.');

INSERT INTO Step (recipe_id, order_number, description) VALUES (56, 4, 'Relate more would eye wonder sit.');

INSERT INTO Step (recipe_id, order_number, description) VALUES (56, 5, 'Subject food bad full dark product.');

INSERT INTO Step (recipe_id, order_number, description) VALUES (56, 6, 'Fly guess field parent cold theory everyone.');

INSERT INTO Step (recipe_id, order_number, description) VALUES (56, 7, 'Look management writer something poor dinner.');

INSERT INTO Step (recipe_id, order_number, description) VALUES (56, 8, 'Billion account level hold quickly movement mind.');

INSERT INTO Nutritional_Info (recipe_id, fat_per_portion, carbs_per_portion, protein_per_portion) VALUES (56, 313, 177, 243);

INSERT INTO Recipe_Meal_Type (recipe_id, meal_type_id) VALUES (56, 3);

INSERT INTO Recipe_Label (recipe_id, label_id) VALUES (56, 7);

INSERT INTO Recipe_Label (recipe_id, label_id) VALUES (56, 2);

INSERT INTO Recipe_Label (recipe_id, label_id) VALUES (56, 3);

INSERT INTO Recipe_Equipment (recipe_id, equipment_id) VALUES (56, 11);

INSERT INTO Recipe_Equipment (recipe_id, equipment_id) VALUES (56, 36);

INSERT INTO Recipe_Equipment (recipe_id, equipment_id) VALUES (56, 23);

INSERT INTO Recipe_Ingredient (recipe_id, ingredient_id, portion) VALUES (56, 153, 5);

INSERT INTO Recipe_Ingredient (recipe_id, ingredient_id, portion) VALUES (56, 53, 6);

INSERT INTO Recipe_Ingredient (recipe_id, ingredient_id, portion) VALUES (56, 158, 8);

INSERT INTO Recipe_Ingredient (recipe_id, ingredient_id, portion) VALUES (56, 50, 1);

INSERT INTO Recipe_Ingredient (recipe_id, ingredient_id, portion) VALUES (56, 59, 1);

INSERT INTO Recipe_Ingredient (recipe_id, ingredient_id, portion) VALUES (56, 96, 4);

INSERT INTO Recipe_Ingredient (recipe_id, ingredient_id, portion) VALUES (56, 155, 3);

INSERT INTO Recipe_Ingredient (recipe_id, ingredient_id, portion) VALUES (56, 170, 4);

INSERT INTO Recipe_Ingredient (recipe_id, ingredient_id, portion) VALUES (56, 63, 7);

INSERT INTO Recipe_Ingredient (recipe_id, ingredient_id, portion) VALUES (56, 62, 8);

INSERT INTO Recipe_Ingredient (recipe_id, ingredient_id, portion) VALUES (56, 174, 3);

INSERT INTO Recipe_Ingredient (recipe_id, ingredient_id, portion) VALUES (56, 66, 5);

INSERT INTO Recipe_Ingredient (recipe_id, ingredient_id, portion) VALUES (56, 44, 2);

INSERT INTO Recipe_Ingredient (recipe_id, ingredient_id, portion) VALUES (56, 190, 8);

INSERT INTO Recipe_Ingredient (recipe_id, ingredient_id, portion) VALUES (56, 95, 3);

INSERT INTO Recipe_Ingredient (recipe_id, ingredient_id, portion) VALUES (56, 51, 7);

INSERT INTO Recipe_Thematic_Unit (recipe_id, thematic_unit_id) VALUES (56, 8);

INSERT INTO Recipe_Thematic_Unit (recipe_id, thematic_unit_id) VALUES (56, 2);

INSERT INTO Recipe_Thematic_Unit (recipe_id, thematic_unit_id) VALUES (56, 4);

INSERT INTO Recipe (recipe_type, name, national_cuisine_id, difficulty_level, description, tip1, cooking_time, prep_time, portions, basic_ingredient_id, image_id) VALUES ('cooking', 'Chocolate Pudding', 11, 1, 'Throw onto gas behavior appear ability order. Second perhaps wait order score whole create. Fall federal everybody well charge.', 'you need small cups', 29, 2, 5, 127, 85);

INSERT INTO Step (recipe_id, order_number, description) VALUES (57, 1, 'Financial some point choose woman.');

INSERT INTO Step (recipe_id, order_number, description) VALUES (57, 2, 'Character community security forward contain assume store.');

INSERT INTO Step (recipe_id, order_number, description) VALUES (57, 3, 'White surface painting.');

INSERT INTO Step (recipe_id, order_number, description) VALUES (57, 4, 'Generation simply establish series.');

INSERT INTO Step (recipe_id, order_number, description) VALUES (57, 5, 'Here along process two carry.');

INSERT INTO Step (recipe_id, order_number, description) VALUES (57, 6, 'Near significant should cost network himself machine.');

INSERT INTO Step (recipe_id, order_number, description) VALUES (57, 7, 'Police chance fight full plan.');

INSERT INTO Nutritional_Info (recipe_id, fat_per_portion, carbs_per_portion, protein_per_portion) VALUES (57, 255, 33, 111);

INSERT INTO Recipe_Meal_Type (recipe_id, meal_type_id) VALUES (57, 5);

INSERT INTO Recipe_Meal_Type (recipe_id, meal_type_id) VALUES (57, 6);

INSERT INTO Recipe_Meal_Type (recipe_id, meal_type_id) VALUES (57, 4);

INSERT INTO Recipe_Label (recipe_id, label_id) VALUES (57, 7);

INSERT INTO Recipe_Label (recipe_id, label_id) VALUES (57, 8);

INSERT INTO Recipe_Equipment (recipe_id, equipment_id) VALUES (57, 32);

INSERT INTO Recipe_Equipment (recipe_id, equipment_id) VALUES (57, 28);

INSERT INTO Recipe_Ingredient (recipe_id, ingredient_id, portion) VALUES (57, 20, 4);

INSERT INTO Recipe_Ingredient (recipe_id, ingredient_id, portion) VALUES (57, 80, 1);

INSERT INTO Recipe_Ingredient (recipe_id, ingredient_id, portion) VALUES (57, 171, 1);

INSERT INTO Recipe_Thematic_Unit (recipe_id, thematic_unit_id) VALUES (57, 11);

INSERT INTO Recipe_Thematic_Unit (recipe_id, thematic_unit_id) VALUES (57, 13);

INSERT INTO Recipe_Thematic_Unit (recipe_id, thematic_unit_id) VALUES (57, 1);

INSERT INTO Recipe (recipe_type, name, national_cuisine_id, difficulty_level, description, tip1, tip2, tip3, cooking_time, prep_time, portions, basic_ingredient_id, image_id) VALUES ('cooking', 'Browned Butter Beets', 11, 5, 'Ok allow foot admit. Stuff president on environment quickly.', 'better after 2 days', 'better after 2 days', 'you need an oven', 149, 6, 5, 86, 86);

INSERT INTO Step (recipe_id, order_number, description) VALUES (58, 1, 'Gun statement different factor.');

INSERT INTO Step (recipe_id, order_number, description) VALUES (58, 2, 'Finally mouth they test television next return.');

INSERT INTO Step (recipe_id, order_number, description) VALUES (58, 3, 'Reach receive contain read future Democrat science.');

INSERT INTO Step (recipe_id, order_number, description) VALUES (58, 4, 'Space leave arrive will despite his.');

INSERT INTO Step (recipe_id, order_number, description) VALUES (58, 5, 'Reduce it let stand already arrive.');

INSERT INTO Step (recipe_id, order_number, description) VALUES (58, 6, 'Heavy look become truth point item our.');

INSERT INTO Step (recipe_id, order_number, description) VALUES (58, 7, 'Hard tree husband responsibility Congress.');

INSERT INTO Step (recipe_id, order_number, description) VALUES (58, 8, 'Paper need strong nation ahead.');

INSERT INTO Nutritional_Info (recipe_id, fat_per_portion, carbs_per_portion, protein_per_portion) VALUES (58, 69, 105, 143);

INSERT INTO Recipe_Meal_Type (recipe_id, meal_type_id) VALUES (58, 6);

INSERT INTO Recipe_Meal_Type (recipe_id, meal_type_id) VALUES (58, 1);

INSERT INTO Recipe_Label (recipe_id, label_id) VALUES (58, 2);

INSERT INTO Recipe_Label (recipe_id, label_id) VALUES (58, 10);

INSERT INTO Recipe_Label (recipe_id, label_id) VALUES (58, 8);

INSERT INTO Recipe_Equipment (recipe_id, equipment_id) VALUES (58, 41);

INSERT INTO Recipe_Equipment (recipe_id, equipment_id) VALUES (58, 9);

INSERT INTO Recipe_Equipment (recipe_id, equipment_id) VALUES (58, 44);

INSERT INTO Recipe_Equipment (recipe_id, equipment_id) VALUES (58, 29);

INSERT INTO Recipe_Equipment (recipe_id, equipment_id) VALUES (58, 42);

INSERT INTO Recipe_Equipment (recipe_id, equipment_id) VALUES (58, 11);

INSERT INTO Recipe_Equipment (recipe_id, equipment_id) VALUES (58, 50);

INSERT INTO Recipe_Equipment (recipe_id, equipment_id) VALUES (58, 49);

INSERT INTO Recipe_Equipment (recipe_id, equipment_id) VALUES (58, 30);

INSERT INTO Recipe_Equipment (recipe_id, equipment_id) VALUES (58, 48);

INSERT INTO Recipe_Ingredient (recipe_id, ingredient_id, portion) VALUES (58, 85, 5);

INSERT INTO Recipe_Ingredient (recipe_id, ingredient_id, portion) VALUES (58, 108, 7);

INSERT INTO Recipe_Ingredient (recipe_id, ingredient_id, portion) VALUES (58, 77, 3);

INSERT INTO Recipe_Ingredient (recipe_id, ingredient_id, portion) VALUES (58, 68, 4);

INSERT INTO Recipe_Ingredient (recipe_id, ingredient_id, portion) VALUES (58, 83, 3);

INSERT INTO Recipe_Ingredient (recipe_id, ingredient_id, portion) VALUES (58, 104, 4);

INSERT INTO Recipe_Ingredient (recipe_id, ingredient_id, portion) VALUES (58, 122, 6);

INSERT INTO Recipe_Ingredient (recipe_id, ingredient_id, portion) VALUES (58, 26, 5);

INSERT INTO Recipe_Thematic_Unit (recipe_id, thematic_unit_id) VALUES (58, 15);

INSERT INTO Recipe_Thematic_Unit (recipe_id, thematic_unit_id) VALUES (58, 11);

INSERT INTO Recipe (recipe_type, name, national_cuisine_id, difficulty_level, description, tip1, tip2, tip3, cooking_time, prep_time, portions, basic_ingredient_id, image_id) VALUES ('cooking', 'Turkey Soup with Homemade Noodles', 11, 3, 'Where place doctor future perform college control. Future same chance operation. Base interest poor state probably detail. Stand model alone continue nature.', 'better with butter instead of milk', 'you can store iy outside the fridge', 'better when fresh', 69, 22, 5, 158, 87);

INSERT INTO Step (recipe_id, order_number, description) VALUES (59, 1, 'Choose treat evening air positive who clearly force.');

INSERT INTO Step (recipe_id, order_number, description) VALUES (59, 2, 'Truth experience drop record relate indeed history long.');

INSERT INTO Step (recipe_id, order_number, description) VALUES (59, 3, 'Their cost capital table clearly organization.');

INSERT INTO Step (recipe_id, order_number, description) VALUES (59, 4, 'Range character participant worker technology as.');

INSERT INTO Step (recipe_id, order_number, description) VALUES (59, 5, 'Likely up baby political offer indicate away.');

INSERT INTO Step (recipe_id, order_number, description) VALUES (59, 6, 'Inside economic ten environment example young.');

INSERT INTO Step (recipe_id, order_number, description) VALUES (59, 7, 'Play around deep seek spend concern morning.');

INSERT INTO Step (recipe_id, order_number, description) VALUES (59, 8, 'Think magazine society whose.');

INSERT INTO Nutritional_Info (recipe_id, fat_per_portion, carbs_per_portion, protein_per_portion) VALUES (59, 183, 13, 83);

INSERT INTO Recipe_Meal_Type (recipe_id, meal_type_id) VALUES (59, 1);

INSERT INTO Recipe_Meal_Type (recipe_id, meal_type_id) VALUES (59, 6);

INSERT INTO Recipe_Label (recipe_id, label_id) VALUES (59, 6);

INSERT INTO Recipe_Label (recipe_id, label_id) VALUES (59, 9);

INSERT INTO Recipe_Label (recipe_id, label_id) VALUES (59, 8);

INSERT INTO Recipe_Label (recipe_id, label_id) VALUES (59, 7);

INSERT INTO Recipe_Equipment (recipe_id, equipment_id) VALUES (59, 13);

INSERT INTO Recipe_Equipment (recipe_id, equipment_id) VALUES (59, 42);

INSERT INTO Recipe_Equipment (recipe_id, equipment_id) VALUES (59, 49);

INSERT INTO Recipe_Equipment (recipe_id, equipment_id) VALUES (59, 39);

INSERT INTO Recipe_Equipment (recipe_id, equipment_id) VALUES (59, 35);

INSERT INTO Recipe_Ingredient (recipe_id, ingredient_id, portion) VALUES (59, 111, 4);

INSERT INTO Recipe_Ingredient (recipe_id, ingredient_id, portion) VALUES (59, 196, 5);

INSERT INTO Recipe_Ingredient (recipe_id, ingredient_id, portion) VALUES (59, 103, 4);

INSERT INTO Recipe_Ingredient (recipe_id, ingredient_id, portion) VALUES (59, 118, 3);

INSERT INTO Recipe_Ingredient (recipe_id, ingredient_id, portion) VALUES (59, 143, 1);

INSERT INTO Recipe_Ingredient (recipe_id, ingredient_id, portion) VALUES (59, 27, 8);

INSERT INTO Recipe_Ingredient (recipe_id, ingredient_id, portion) VALUES (59, 198, 1);

INSERT INTO Recipe_Ingredient (recipe_id, ingredient_id, portion) VALUES (59, 42, 5);

INSERT INTO Recipe_Ingredient (recipe_id, ingredient_id, portion) VALUES (59, 150, 5);

INSERT INTO Recipe_Ingredient (recipe_id, ingredient_id, portion) VALUES (59, 10, 5);

INSERT INTO Recipe_Ingredient (recipe_id, ingredient_id, portion) VALUES (59, 23, 4);

INSERT INTO Recipe_Ingredient (recipe_id, ingredient_id, portion) VALUES (59, 2, 5);

INSERT INTO Recipe_Ingredient (recipe_id, ingredient_id, portion) VALUES (59, 110, 4);

INSERT INTO Recipe_Ingredient (recipe_id, ingredient_id, portion) VALUES (59, 28, 7);

INSERT INTO Recipe_Ingredient (recipe_id, ingredient_id, portion) VALUES (59, 48, 4);

INSERT INTO Recipe_Ingredient (recipe_id, ingredient_id, portion) VALUES (59, 100, 1);

INSERT INTO Recipe_Ingredient (recipe_id, ingredient_id, portion) VALUES (59, 139, 4);

INSERT INTO Recipe_Ingredient (recipe_id, ingredient_id, portion) VALUES (59, 127, 5);

INSERT INTO Recipe_Ingredient (recipe_id, ingredient_id, portion) VALUES (59, 137, 5);

INSERT INTO Recipe_Thematic_Unit (recipe_id, thematic_unit_id) VALUES (59, 13);

INSERT INTO Recipe (recipe_type, name, national_cuisine_id, difficulty_level, description, tip1, tip2, cooking_time, prep_time, portions, basic_ingredient_id, image_id) VALUES ('pastry', 'Home fries', 12, 2, 'Artist stop road finally maintain finally financial. Course set would car lay central size some. Fill avoid let owner fact.', 'better without sugar', 'you need small cups', 128, 9, 3, 61, 88);

INSERT INTO Step (recipe_id, order_number, description) VALUES (60, 1, 'Imagine author pick vote.');

INSERT INTO Step (recipe_id, order_number, description) VALUES (60, 2, 'Not agreement baby who like consider.');

INSERT INTO Step (recipe_id, order_number, description) VALUES (60, 3, 'Street crime contain item.');

INSERT INTO Step (recipe_id, order_number, description) VALUES (60, 4, 'Grow heart now perhaps live them Republican still.');

INSERT INTO Step (recipe_id, order_number, description) VALUES (60, 5, 'More line region everyone movie couple institution if.');

INSERT INTO Step (recipe_id, order_number, description) VALUES (60, 6, 'Impact Congress economic low heavy pass.');

INSERT INTO Step (recipe_id, order_number, description) VALUES (60, 7, 'Nothing economy according budget.');

INSERT INTO Step (recipe_id, order_number, description) VALUES (60, 8, 'Federal produce series show respond huge well speak.');

INSERT INTO Nutritional_Info (recipe_id, fat_per_portion, carbs_per_portion, protein_per_portion) VALUES (60, 274, 40, 84);

INSERT INTO Recipe_Meal_Type (recipe_id, meal_type_id) VALUES (60, 5);

INSERT INTO Recipe_Label (recipe_id, label_id) VALUES (60, 3);

INSERT INTO Recipe_Label (recipe_id, label_id) VALUES (60, 7);

INSERT INTO Recipe_Label (recipe_id, label_id) VALUES (60, 4);

INSERT INTO Recipe_Label (recipe_id, label_id) VALUES (60, 6);

INSERT INTO Recipe_Equipment (recipe_id, equipment_id) VALUES (60, 7);

INSERT INTO Recipe_Equipment (recipe_id, equipment_id) VALUES (60, 49);

INSERT INTO Recipe_Equipment (recipe_id, equipment_id) VALUES (60, 9);

INSERT INTO Recipe_Equipment (recipe_id, equipment_id) VALUES (60, 39);

INSERT INTO Recipe_Equipment (recipe_id, equipment_id) VALUES (60, 11);

INSERT INTO Recipe_Equipment (recipe_id, equipment_id) VALUES (60, 33);

INSERT INTO Recipe_Equipment (recipe_id, equipment_id) VALUES (60, 5);

INSERT INTO Recipe_Equipment (recipe_id, equipment_id) VALUES (60, 25);

INSERT INTO Recipe_Ingredient (recipe_id, ingredient_id, portion) VALUES (60, 116, 3);

INSERT INTO Recipe_Ingredient (recipe_id, ingredient_id, portion) VALUES (60, 139, 5);

INSERT INTO Recipe_Ingredient (recipe_id, ingredient_id, portion) VALUES (60, 196, 3);

INSERT INTO Recipe_Ingredient (recipe_id, ingredient_id, portion) VALUES (60, 181, 2);

INSERT INTO Recipe_Ingredient (recipe_id, ingredient_id, portion) VALUES (60, 183, 5);

INSERT INTO Recipe_Thematic_Unit (recipe_id, thematic_unit_id) VALUES (60, 2);

INSERT INTO Recipe_Thematic_Unit (recipe_id, thematic_unit_id) VALUES (60, 6);

INSERT INTO Recipe (recipe_type, name, national_cuisine_id, difficulty_level, description, tip1, tip2, tip3, cooking_time, prep_time, portions, basic_ingredient_id, image_id) VALUES ('cooking', 'Chocolate Raspberry Torte', 12, 5, 'Word our value pass tough set kitchen. Day debate administration rise certainly. Never happen view wear contain window.', 'you have to be careful not to let it get stack', 'better with feta cheese', 'better with gloves', 62, 5, 6, 195, 89);

INSERT INTO Step (recipe_id, order_number, description) VALUES (61, 1, 'Yeah way dark decide whatever find discuss.');

INSERT INTO Step (recipe_id, order_number, description) VALUES (61, 2, 'Follow sister your treat Mr special.');

INSERT INTO Step (recipe_id, order_number, description) VALUES (61, 3, 'Tell crime especially.');

INSERT INTO Step (recipe_id, order_number, description) VALUES (61, 4, 'Cup toward type view agent.');

INSERT INTO Step (recipe_id, order_number, description) VALUES (61, 5, 'Card view last three find.');

INSERT INTO Step (recipe_id, order_number, description) VALUES (61, 6, 'Politics tonight unit but somebody.');

INSERT INTO Nutritional_Info (recipe_id, fat_per_portion, carbs_per_portion, protein_per_portion) VALUES (61, 275, 121, 130);

INSERT INTO Recipe_Meal_Type (recipe_id, meal_type_id) VALUES (61, 3);

INSERT INTO Recipe_Label (recipe_id, label_id) VALUES (61, 8);

INSERT INTO Recipe_Equipment (recipe_id, equipment_id) VALUES (61, 1);

INSERT INTO Recipe_Equipment (recipe_id, equipment_id) VALUES (61, 6);

INSERT INTO Recipe_Equipment (recipe_id, equipment_id) VALUES (61, 3);

INSERT INTO Recipe_Equipment (recipe_id, equipment_id) VALUES (61, 41);

INSERT INTO Recipe_Equipment (recipe_id, equipment_id) VALUES (61, 26);

INSERT INTO Recipe_Equipment (recipe_id, equipment_id) VALUES (61, 45);

INSERT INTO Recipe_Equipment (recipe_id, equipment_id) VALUES (61, 47);

INSERT INTO Recipe_Equipment (recipe_id, equipment_id) VALUES (61, 8);

INSERT INTO Recipe_Ingredient (recipe_id, ingredient_id, portion) VALUES (61, 86, 8);

INSERT INTO Recipe_Ingredient (recipe_id, ingredient_id, portion) VALUES (61, 185, 5);

INSERT INTO Recipe_Ingredient (recipe_id, ingredient_id, portion) VALUES (61, 87, 6);

INSERT INTO Recipe_Ingredient (recipe_id, ingredient_id, portion) VALUES (61, 196, 5);

INSERT INTO Recipe_Ingredient (recipe_id, ingredient_id, portion) VALUES (61, 148, 2);

INSERT INTO Recipe_Ingredient (recipe_id, ingredient_id, portion) VALUES (61, 190, 4);

INSERT INTO Recipe_Ingredient (recipe_id, ingredient_id, portion) VALUES (61, 113, 5);

INSERT INTO Recipe_Ingredient (recipe_id, ingredient_id, portion) VALUES (61, 35, 1);

INSERT INTO Recipe_Ingredient (recipe_id, ingredient_id, portion) VALUES (61, 56, 1);

INSERT INTO Recipe_Ingredient (recipe_id, ingredient_id, portion) VALUES (61, 125, 4);

INSERT INTO Recipe_Ingredient (recipe_id, ingredient_id, portion) VALUES (61, 3, 3);

INSERT INTO Recipe_Thematic_Unit (recipe_id, thematic_unit_id) VALUES (61, 10);

INSERT INTO Recipe_Thematic_Unit (recipe_id, thematic_unit_id) VALUES (61, 8);

INSERT INTO Recipe (recipe_type, name, national_cuisine_id, difficulty_level, description, tip1, cooking_time, prep_time, portions, basic_ingredient_id, image_id) VALUES ('cooking', 'Golden Latte', 12, 5, 'Before tend cover important expert structure. Usually media job office manage to gun policy.', 'you need salt', 79, 26, 6, 172, 90);

INSERT INTO Step (recipe_id, order_number, description) VALUES (62, 1, 'Help none mean less win station.');

INSERT INTO Nutritional_Info (recipe_id, fat_per_portion, carbs_per_portion, protein_per_portion) VALUES (62, 327, 142, 220);

INSERT INTO Recipe_Meal_Type (recipe_id, meal_type_id) VALUES (62, 5);

INSERT INTO Recipe_Meal_Type (recipe_id, meal_type_id) VALUES (62, 4);

INSERT INTO Recipe_Meal_Type (recipe_id, meal_type_id) VALUES (62, 3);

INSERT INTO Recipe_Label (recipe_id, label_id) VALUES (62, 4);

INSERT INTO Recipe_Equipment (recipe_id, equipment_id) VALUES (62, 3);

INSERT INTO Recipe_Equipment (recipe_id, equipment_id) VALUES (62, 23);

INSERT INTO Recipe_Equipment (recipe_id, equipment_id) VALUES (62, 47);

INSERT INTO Recipe_Equipment (recipe_id, equipment_id) VALUES (62, 50);

INSERT INTO Recipe_Ingredient (recipe_id, ingredient_id, portion) VALUES (62, 142, 1);

INSERT INTO Recipe_Ingredient (recipe_id, ingredient_id, portion) VALUES (62, 75, 3);

INSERT INTO Recipe_Ingredient (recipe_id, ingredient_id, portion) VALUES (62, 7, 3);

INSERT INTO Recipe_Ingredient (recipe_id, ingredient_id, portion) VALUES (62, 38, 8);

INSERT INTO Recipe_Ingredient (recipe_id, ingredient_id, portion) VALUES (62, 197, 5);

INSERT INTO Recipe_Ingredient (recipe_id, ingredient_id, portion) VALUES (62, 41, 5);

INSERT INTO Recipe_Ingredient (recipe_id, ingredient_id, portion) VALUES (62, 116, 2);

INSERT INTO Recipe_Ingredient (recipe_id, ingredient_id, portion) VALUES (62, 150, 8);

INSERT INTO Recipe_Ingredient (recipe_id, ingredient_id, portion) VALUES (62, 170, 4);

INSERT INTO Recipe_Ingredient (recipe_id, ingredient_id, portion) VALUES (62, 161, 2);

INSERT INTO Recipe_Ingredient (recipe_id, ingredient_id, portion) VALUES (62, 127, 4);

INSERT INTO Recipe_Ingredient (recipe_id, ingredient_id, portion) VALUES (62, 49, 1);

INSERT INTO Recipe_Ingredient (recipe_id, ingredient_id, portion) VALUES (62, 20, 5);

INSERT INTO Recipe_Ingredient (recipe_id, ingredient_id, portion) VALUES (62, 152, 5);

INSERT INTO Recipe_Ingredient (recipe_id, ingredient_id, portion) VALUES (62, 37, 6);

INSERT INTO Recipe_Ingredient (recipe_id, ingredient_id, portion) VALUES (62, 115, 6);

INSERT INTO Recipe_Ingredient (recipe_id, ingredient_id, portion) VALUES (62, 3, 6);

INSERT INTO Recipe_Thematic_Unit (recipe_id, thematic_unit_id) VALUES (62, 12);

INSERT INTO Recipe (recipe_type, name, national_cuisine_id, difficulty_level, description, tip1, tip2, cooking_time, prep_time, portions, basic_ingredient_id, image_id) VALUES ('cooking', 'Fig Shake', 12, 3, 'Her detail capital alone save. That seem manager whole imagine yes law.', 'better with gloves', 'better after 2 days', 136, 17, 3, 111, 91);

INSERT INTO Step (recipe_id, order_number, description) VALUES (63, 1, 'Station cost nothing conference.');

INSERT INTO Step (recipe_id, order_number, description) VALUES (63, 2, 'Director practice small support thank.');

INSERT INTO Step (recipe_id, order_number, description) VALUES (63, 3, 'Service magazine discover share throughout door.');

INSERT INTO Step (recipe_id, order_number, description) VALUES (63, 4, 'Drop travel house people may collection.');

INSERT INTO Step (recipe_id, order_number, description) VALUES (63, 5, 'Raise ever page might.');

INSERT INTO Step (recipe_id, order_number, description) VALUES (63, 6, 'Site pay message spend action.');

INSERT INTO Step (recipe_id, order_number, description) VALUES (63, 7, 'Site trade than body.');

INSERT INTO Nutritional_Info (recipe_id, fat_per_portion, carbs_per_portion, protein_per_portion) VALUES (63, 286, 110, 152);

INSERT INTO Recipe_Meal_Type (recipe_id, meal_type_id) VALUES (63, 2);

INSERT INTO Recipe_Label (recipe_id, label_id) VALUES (63, 2);

INSERT INTO Recipe_Equipment (recipe_id, equipment_id) VALUES (63, 36);

INSERT INTO Recipe_Equipment (recipe_id, equipment_id) VALUES (63, 31);

INSERT INTO Recipe_Equipment (recipe_id, equipment_id) VALUES (63, 20);

INSERT INTO Recipe_Equipment (recipe_id, equipment_id) VALUES (63, 43);

INSERT INTO Recipe_Equipment (recipe_id, equipment_id) VALUES (63, 49);

INSERT INTO Recipe_Equipment (recipe_id, equipment_id) VALUES (63, 14);

INSERT INTO Recipe_Equipment (recipe_id, equipment_id) VALUES (63, 41);

INSERT INTO Recipe_Equipment (recipe_id, equipment_id) VALUES (63, 39);

INSERT INTO Recipe_Equipment (recipe_id, equipment_id) VALUES (63, 5);

INSERT INTO Recipe_Ingredient (recipe_id, ingredient_id, portion) VALUES (63, 157, 2);

INSERT INTO Recipe_Ingredient (recipe_id, ingredient_id, portion) VALUES (63, 111, 8);

INSERT INTO Recipe_Ingredient (recipe_id, ingredient_id, portion) VALUES (63, 131, 1);

INSERT INTO Recipe_Ingredient (recipe_id, ingredient_id, portion) VALUES (63, 78, 1);

INSERT INTO Recipe_Ingredient (recipe_id, ingredient_id, portion) VALUES (63, 64, 5);

INSERT INTO Recipe_Thematic_Unit (recipe_id, thematic_unit_id) VALUES (63, 13);

INSERT INTO Recipe_Thematic_Unit (recipe_id, thematic_unit_id) VALUES (63, 12);

INSERT INTO Recipe (recipe_type, name, national_cuisine_id, difficulty_level, description, tip1, cooking_time, prep_time, portions, basic_ingredient_id, image_id) VALUES ('pastry', 'Lentil Soup', 12, 5, 'Board hair why executive health brother. Blood realize church join toward former choose. Sure increase better many leave.', 'good with honey', 72, 30, 6, 51, 92);

INSERT INTO Step (recipe_id, order_number, description) VALUES (64, 1, 'Plant change those public behavior.');

INSERT INTO Step (recipe_id, order_number, description) VALUES (64, 2, 'Four air today whole fund station think.');

INSERT INTO Step (recipe_id, order_number, description) VALUES (64, 3, 'Season partner thousand several event.');

INSERT INTO Step (recipe_id, order_number, description) VALUES (64, 4, 'Large future majority hotel.');

INSERT INTO Step (recipe_id, order_number, description) VALUES (64, 5, 'Position list believe area speech adult idea analysis.');

INSERT INTO Step (recipe_id, order_number, description) VALUES (64, 6, 'Doctor trial air think.');

INSERT INTO Step (recipe_id, order_number, description) VALUES (64, 7, 'Opportunity sometimes building.');

INSERT INTO Step (recipe_id, order_number, description) VALUES (64, 8, 'International natural court east vote involve south.');

INSERT INTO Nutritional_Info (recipe_id, fat_per_portion, carbs_per_portion, protein_per_portion) VALUES (64, 198, 184, 214);

INSERT INTO Recipe_Meal_Type (recipe_id, meal_type_id) VALUES (64, 6);

INSERT INTO Recipe_Meal_Type (recipe_id, meal_type_id) VALUES (64, 2);

INSERT INTO Recipe_Meal_Type (recipe_id, meal_type_id) VALUES (64, 3);

INSERT INTO Recipe_Label (recipe_id, label_id) VALUES (64, 7);

INSERT INTO Recipe_Label (recipe_id, label_id) VALUES (64, 8);

INSERT INTO Recipe_Equipment (recipe_id, equipment_id) VALUES (64, 25);

INSERT INTO Recipe_Equipment (recipe_id, equipment_id) VALUES (64, 8);

INSERT INTO Recipe_Equipment (recipe_id, equipment_id) VALUES (64, 47);

INSERT INTO Recipe_Equipment (recipe_id, equipment_id) VALUES (64, 30);

INSERT INTO Recipe_Equipment (recipe_id, equipment_id) VALUES (64, 44);

INSERT INTO Recipe_Equipment (recipe_id, equipment_id) VALUES (64, 10);

INSERT INTO Recipe_Equipment (recipe_id, equipment_id) VALUES (64, 43);

INSERT INTO Recipe_Equipment (recipe_id, equipment_id) VALUES (64, 2);

INSERT INTO Recipe_Equipment (recipe_id, equipment_id) VALUES (64, 41);

INSERT INTO Recipe_Equipment (recipe_id, equipment_id) VALUES (64, 36);

INSERT INTO Recipe_Ingredient (recipe_id, ingredient_id, portion) VALUES (64, 164, 8);

INSERT INTO Recipe_Ingredient (recipe_id, ingredient_id, portion) VALUES (64, 141, 2);

INSERT INTO Recipe_Ingredient (recipe_id, ingredient_id, portion) VALUES (64, 121, 6);

INSERT INTO Recipe_Ingredient (recipe_id, ingredient_id, portion) VALUES (64, 95, 2);

INSERT INTO Recipe_Ingredient (recipe_id, ingredient_id, portion) VALUES (64, 90, 4);

INSERT INTO Recipe_Ingredient (recipe_id, ingredient_id, portion) VALUES (64, 22, 8);

INSERT INTO Recipe_Ingredient (recipe_id, ingredient_id, portion) VALUES (64, 51, 8);

INSERT INTO Recipe_Ingredient (recipe_id, ingredient_id, portion) VALUES (64, 149, 1);

INSERT INTO Recipe_Ingredient (recipe_id, ingredient_id, portion) VALUES (64, 58, 5);

INSERT INTO Recipe_Ingredient (recipe_id, ingredient_id, portion) VALUES (64, 135, 1);

INSERT INTO Recipe_Ingredient (recipe_id, ingredient_id, portion) VALUES (64, 79, 4);

INSERT INTO Recipe_Ingredient (recipe_id, ingredient_id, portion) VALUES (64, 6, 6);

INSERT INTO Recipe_Ingredient (recipe_id, ingredient_id, portion) VALUES (64, 67, 5);

INSERT INTO Recipe_Ingredient (recipe_id, ingredient_id, portion) VALUES (64, 37, 7);

INSERT INTO Recipe_Ingredient (recipe_id, ingredient_id, portion) VALUES (64, 45, 1);

INSERT INTO Recipe_Thematic_Unit (recipe_id, thematic_unit_id) VALUES (64, 11);

INSERT INTO Recipe (recipe_type, name, national_cuisine_id, difficulty_level, description, tip1, tip2, cooking_time, prep_time, portions, basic_ingredient_id, image_id) VALUES ('pastry', 'Buckwheat Tabboulah', 13, 4, 'Develop throughout Congress individual available require item. Price to deep meeting cup area rate. Practice several within matter year suggest from race.', 'you need small cups', 'better with butter instead of milk', 60, 26, 1, 2, 93);

INSERT INTO Step (recipe_id, order_number, description) VALUES (65, 1, 'Room two thousand manage.');

INSERT INTO Step (recipe_id, order_number, description) VALUES (65, 2, 'Particularly how everybody stuff others value.');

INSERT INTO Step (recipe_id, order_number, description) VALUES (65, 3, 'Leg fill serious claim perhaps station direction society.');

INSERT INTO Step (recipe_id, order_number, description) VALUES (65, 4, 'Almost rule fight speak.');

INSERT INTO Step (recipe_id, order_number, description) VALUES (65, 5, 'Meet bit sing player.');

INSERT INTO Step (recipe_id, order_number, description) VALUES (65, 6, 'Third them fish identify himself everyone money.');

INSERT INTO Step (recipe_id, order_number, description) VALUES (65, 7, 'History region try such full trial.');

INSERT INTO Nutritional_Info (recipe_id, fat_per_portion, carbs_per_portion, protein_per_portion) VALUES (65, 124, 120, 234);

INSERT INTO Recipe_Meal_Type (recipe_id, meal_type_id) VALUES (65, 6);

INSERT INTO Recipe_Meal_Type (recipe_id, meal_type_id) VALUES (65, 5);

INSERT INTO Recipe_Meal_Type (recipe_id, meal_type_id) VALUES (65, 1);

INSERT INTO Recipe_Label (recipe_id, label_id) VALUES (65, 6);

INSERT INTO Recipe_Label (recipe_id, label_id) VALUES (65, 4);

INSERT INTO Recipe_Equipment (recipe_id, equipment_id) VALUES (65, 48);

INSERT INTO Recipe_Equipment (recipe_id, equipment_id) VALUES (65, 37);

INSERT INTO Recipe_Equipment (recipe_id, equipment_id) VALUES (65, 17);

INSERT INTO Recipe_Equipment (recipe_id, equipment_id) VALUES (65, 8);

INSERT INTO Recipe_Equipment (recipe_id, equipment_id) VALUES (65, 31);

INSERT INTO Recipe_Equipment (recipe_id, equipment_id) VALUES (65, 32);

INSERT INTO Recipe_Ingredient (recipe_id, ingredient_id, portion) VALUES (65, 28, 6);

INSERT INTO Recipe_Ingredient (recipe_id, ingredient_id, portion) VALUES (65, 35, 7);

INSERT INTO Recipe_Ingredient (recipe_id, ingredient_id, portion) VALUES (65, 127, 2);

INSERT INTO Recipe_Ingredient (recipe_id, ingredient_id, portion) VALUES (65, 109, 3);

INSERT INTO Recipe_Ingredient (recipe_id, ingredient_id, portion) VALUES (65, 197, 2);

INSERT INTO Recipe_Ingredient (recipe_id, ingredient_id, portion) VALUES (65, 22, 4);

INSERT INTO Recipe_Ingredient (recipe_id, ingredient_id, portion) VALUES (65, 84, 4);

INSERT INTO Recipe_Ingredient (recipe_id, ingredient_id, portion) VALUES (65, 82, 2);

INSERT INTO Recipe_Ingredient (recipe_id, ingredient_id, portion) VALUES (65, 193, 1);

INSERT INTO Recipe_Ingredient (recipe_id, ingredient_id, portion) VALUES (65, 173, 7);

INSERT INTO Recipe_Ingredient (recipe_id, ingredient_id, portion) VALUES (65, 165, 6);

INSERT INTO Recipe_Ingredient (recipe_id, ingredient_id, portion) VALUES (65, 89, 3);

INSERT INTO Recipe_Ingredient (recipe_id, ingredient_id, portion) VALUES (65, 80, 7);

INSERT INTO Recipe_Ingredient (recipe_id, ingredient_id, portion) VALUES (65, 117, 7);

INSERT INTO Recipe_Ingredient (recipe_id, ingredient_id, portion) VALUES (65, 86, 1);

INSERT INTO Recipe_Ingredient (recipe_id, ingredient_id, portion) VALUES (65, 154, 5);

INSERT INTO Recipe_Ingredient (recipe_id, ingredient_id, portion) VALUES (65, 191, 7);

INSERT INTO Recipe_Thematic_Unit (recipe_id, thematic_unit_id) VALUES (65, 7);

INSERT INTO Recipe_Thematic_Unit (recipe_id, thematic_unit_id) VALUES (65, 6);

INSERT INTO Recipe_Thematic_Unit (recipe_id, thematic_unit_id) VALUES (65, 13);

INSERT INTO Recipe (recipe_type, name, national_cuisine_id, difficulty_level, description, tip1, tip2, cooking_time, prep_time, portions, basic_ingredient_id, image_id) VALUES ('pastry', 'Lentil Rice Bowls with Egg', 13, 5, 'Late resource training where recognize best town. Sound summer product partner defense action product.', 'good with honey', 'it needs a fridge', 110, 6, 6, 120, 94);

INSERT INTO Step (recipe_id, order_number, description) VALUES (66, 1, 'Ask dream know keep.');

INSERT INTO Step (recipe_id, order_number, description) VALUES (66, 2, 'Media according kind support them money result.');

INSERT INTO Nutritional_Info (recipe_id, fat_per_portion, carbs_per_portion, protein_per_portion) VALUES (66, 191, 97, 198);

INSERT INTO Recipe_Meal_Type (recipe_id, meal_type_id) VALUES (66, 5);

INSERT INTO Recipe_Label (recipe_id, label_id) VALUES (66, 8);

INSERT INTO Recipe_Label (recipe_id, label_id) VALUES (66, 2);

INSERT INTO Recipe_Label (recipe_id, label_id) VALUES (66, 3);

INSERT INTO Recipe_Equipment (recipe_id, equipment_id) VALUES (66, 14);

INSERT INTO Recipe_Equipment (recipe_id, equipment_id) VALUES (66, 24);

INSERT INTO Recipe_Equipment (recipe_id, equipment_id) VALUES (66, 22);

INSERT INTO Recipe_Equipment (recipe_id, equipment_id) VALUES (66, 11);

INSERT INTO Recipe_Ingredient (recipe_id, ingredient_id, portion) VALUES (66, 91, 5);

INSERT INTO Recipe_Ingredient (recipe_id, ingredient_id, portion) VALUES (66, 65, 5);

INSERT INTO Recipe_Ingredient (recipe_id, ingredient_id, portion) VALUES (66, 170, 5);

INSERT INTO Recipe_Ingredient (recipe_id, ingredient_id, portion) VALUES (66, 180, 8);

INSERT INTO Recipe_Ingredient (recipe_id, ingredient_id, portion) VALUES (66, 35, 7);

INSERT INTO Recipe_Ingredient (recipe_id, ingredient_id, portion) VALUES (66, 100, 7);

INSERT INTO Recipe_Ingredient (recipe_id, ingredient_id, portion) VALUES (66, 4, 7);

INSERT INTO Recipe_Ingredient (recipe_id, ingredient_id, portion) VALUES (66, 159, 2);

INSERT INTO Recipe_Ingredient (recipe_id, ingredient_id, portion) VALUES (66, 7, 1);

INSERT INTO Recipe_Ingredient (recipe_id, ingredient_id, portion) VALUES (66, 74, 4);

INSERT INTO Recipe_Ingredient (recipe_id, ingredient_id, portion) VALUES (66, 23, 7);

INSERT INTO Recipe_Ingredient (recipe_id, ingredient_id, portion) VALUES (66, 16, 4);

INSERT INTO Recipe_Ingredient (recipe_id, ingredient_id, portion) VALUES (66, 102, 8);

INSERT INTO Recipe_Ingredient (recipe_id, ingredient_id, portion) VALUES (66, 90, 5);

INSERT INTO Recipe_Thematic_Unit (recipe_id, thematic_unit_id) VALUES (66, 10);

INSERT INTO Recipe (recipe_type, name, national_cuisine_id, difficulty_level, description, tip1, tip2, tip3, cooking_time, prep_time, portions, basic_ingredient_id, image_id) VALUES ('pastry', 'Italian Vegetable Lentil Soup', 13, 3, 'Choose produce raise behind. Yet middle actually rise. Factor agree statement reduce agreement five.', 'you can store iy outside the fridge', 'better with feta cheese', 'you need 2 people to make it', 120, 24, 8, 40, 95);

INSERT INTO Step (recipe_id, order_number, description) VALUES (67, 1, 'Executive account opportunity the.');

INSERT INTO Step (recipe_id, order_number, description) VALUES (67, 2, 'Able network current company.');

INSERT INTO Step (recipe_id, order_number, description) VALUES (67, 3, 'Question onto help city each.');

INSERT INTO Step (recipe_id, order_number, description) VALUES (67, 4, 'Society hour thus strategy tough building.');

INSERT INTO Step (recipe_id, order_number, description) VALUES (67, 5, 'Total security blood present fine budget wide any.');

INSERT INTO Step (recipe_id, order_number, description) VALUES (67, 6, 'Tell sense character or moment also.');

INSERT INTO Nutritional_Info (recipe_id, fat_per_portion, carbs_per_portion, protein_per_portion) VALUES (67, 219, 73, 219);

INSERT INTO Recipe_Meal_Type (recipe_id, meal_type_id) VALUES (67, 4);

INSERT INTO Recipe_Meal_Type (recipe_id, meal_type_id) VALUES (67, 5);

INSERT INTO Recipe_Label (recipe_id, label_id) VALUES (67, 8);

INSERT INTO Recipe_Label (recipe_id, label_id) VALUES (67, 5);

INSERT INTO Recipe_Label (recipe_id, label_id) VALUES (67, 7);

INSERT INTO Recipe_Equipment (recipe_id, equipment_id) VALUES (67, 33);

INSERT INTO Recipe_Equipment (recipe_id, equipment_id) VALUES (67, 41);

INSERT INTO Recipe_Equipment (recipe_id, equipment_id) VALUES (67, 8);

INSERT INTO Recipe_Equipment (recipe_id, equipment_id) VALUES (67, 13);

INSERT INTO Recipe_Equipment (recipe_id, equipment_id) VALUES (67, 43);

INSERT INTO Recipe_Equipment (recipe_id, equipment_id) VALUES (67, 25);

INSERT INTO Recipe_Equipment (recipe_id, equipment_id) VALUES (67, 31);

INSERT INTO Recipe_Equipment (recipe_id, equipment_id) VALUES (67, 37);

INSERT INTO Recipe_Ingredient (recipe_id, ingredient_id, portion) VALUES (67, 154, 4);

INSERT INTO Recipe_Ingredient (recipe_id, ingredient_id, portion) VALUES (67, 43, 1);

INSERT INTO Recipe_Ingredient (recipe_id, ingredient_id, portion) VALUES (67, 77, 4);

INSERT INTO Recipe_Ingredient (recipe_id, ingredient_id, portion) VALUES (67, 131, 4);

INSERT INTO Recipe_Thematic_Unit (recipe_id, thematic_unit_id) VALUES (67, 5);

INSERT INTO Recipe_Thematic_Unit (recipe_id, thematic_unit_id) VALUES (67, 6);

INSERT INTO Recipe (recipe_type, name, national_cuisine_id, difficulty_level, description, tip1, cooking_time, prep_time, portions, basic_ingredient_id, image_id) VALUES ('cooking', 'One Pot Chicken & Potatoes', 13, 5, 'Less method cup challenge democratic light too. National everyone if generation many project.', 'better with a blender', 129, 23, 1, 6, 96);

INSERT INTO Step (recipe_id, order_number, description) VALUES (68, 1, 'Democrat wind also head as hotel.');

INSERT INTO Step (recipe_id, order_number, description) VALUES (68, 2, 'Rather air especially quite.');

INSERT INTO Step (recipe_id, order_number, description) VALUES (68, 3, 'Difference still sense to after wall.');

INSERT INTO Step (recipe_id, order_number, description) VALUES (68, 4, 'Can back nor identify seek.');

INSERT INTO Step (recipe_id, order_number, description) VALUES (68, 5, 'Movie own much soon like drop street less.');

INSERT INTO Step (recipe_id, order_number, description) VALUES (68, 6, 'Business among charge parent my place that none.');

INSERT INTO Step (recipe_id, order_number, description) VALUES (68, 7, 'Their where brother candidate full hard.');

INSERT INTO Nutritional_Info (recipe_id, fat_per_portion, carbs_per_portion, protein_per_portion) VALUES (68, 373, 120, 21);

INSERT INTO Recipe_Meal_Type (recipe_id, meal_type_id) VALUES (68, 1);

INSERT INTO Recipe_Label (recipe_id, label_id) VALUES (68, 3);

INSERT INTO Recipe_Label (recipe_id, label_id) VALUES (68, 5);

INSERT INTO Recipe_Equipment (recipe_id, equipment_id) VALUES (68, 49);

INSERT INTO Recipe_Ingredient (recipe_id, ingredient_id, portion) VALUES (68, 90, 8);

INSERT INTO Recipe_Ingredient (recipe_id, ingredient_id, portion) VALUES (68, 186, 6);

INSERT INTO Recipe_Ingredient (recipe_id, ingredient_id, portion) VALUES (68, 130, 3);

INSERT INTO Recipe_Ingredient (recipe_id, ingredient_id, portion) VALUES (68, 32, 7);

INSERT INTO Recipe_Ingredient (recipe_id, ingredient_id, portion) VALUES (68, 46, 6);

INSERT INTO Recipe_Ingredient (recipe_id, ingredient_id, portion) VALUES (68, 17, 6);

INSERT INTO Recipe_Ingredient (recipe_id, ingredient_id, portion) VALUES (68, 71, 4);

INSERT INTO Recipe_Ingredient (recipe_id, ingredient_id, portion) VALUES (68, 31, 2);

INSERT INTO Recipe_Ingredient (recipe_id, ingredient_id, portion) VALUES (68, 144, 6);

INSERT INTO Recipe_Ingredient (recipe_id, ingredient_id, portion) VALUES (68, 126, 2);

INSERT INTO Recipe_Ingredient (recipe_id, ingredient_id, portion) VALUES (68, 156, 2);

INSERT INTO Recipe_Ingredient (recipe_id, ingredient_id, portion) VALUES (68, 81, 5);

INSERT INTO Recipe_Thematic_Unit (recipe_id, thematic_unit_id) VALUES (68, 4);

INSERT INTO Recipe_Thematic_Unit (recipe_id, thematic_unit_id) VALUES (68, 10);

INSERT INTO Recipe_Thematic_Unit (recipe_id, thematic_unit_id) VALUES (68, 14);

INSERT INTO Recipe (recipe_type, name, national_cuisine_id, difficulty_level, description, tip1, tip2, cooking_time, prep_time, portions, basic_ingredient_id, image_id) VALUES ('pastry', 'Sweet Korean Lentils', 13, 3, 'Drive force measure. Vote week in Congress. Subject season various environmental defense to.', 'you need to use your hands', 'good with honey', 87, 6, 3, 155, 97);

INSERT INTO Step (recipe_id, order_number, description) VALUES (69, 1, 'According new likely trip our probably ahead let.');

INSERT INTO Nutritional_Info (recipe_id, fat_per_portion, carbs_per_portion, protein_per_portion) VALUES (69, 360, 26, 59);

INSERT INTO Recipe_Meal_Type (recipe_id, meal_type_id) VALUES (69, 3);

INSERT INTO Recipe_Label (recipe_id, label_id) VALUES (69, 5);

INSERT INTO Recipe_Equipment (recipe_id, equipment_id) VALUES (69, 24);

INSERT INTO Recipe_Equipment (recipe_id, equipment_id) VALUES (69, 36);

INSERT INTO Recipe_Equipment (recipe_id, equipment_id) VALUES (69, 7);

INSERT INTO Recipe_Equipment (recipe_id, equipment_id) VALUES (69, 19);

INSERT INTO Recipe_Equipment (recipe_id, equipment_id) VALUES (69, 13);

INSERT INTO Recipe_Equipment (recipe_id, equipment_id) VALUES (69, 45);

INSERT INTO Recipe_Equipment (recipe_id, equipment_id) VALUES (69, 25);

INSERT INTO Recipe_Ingredient (recipe_id, ingredient_id, portion) VALUES (69, 178, 5);

INSERT INTO Recipe_Thematic_Unit (recipe_id, thematic_unit_id) VALUES (69, 4);

INSERT INTO Recipe_Thematic_Unit (recipe_id, thematic_unit_id) VALUES (69, 6);

INSERT INTO Recipe_Thematic_Unit (recipe_id, thematic_unit_id) VALUES (69, 8);

INSERT INTO Recipe (recipe_type, name, national_cuisine_id, difficulty_level, description, tip1, cooking_time, prep_time, portions, basic_ingredient_id, image_id) VALUES ('cooking', 'Buckwheat Beetroot Salad', 14, 5, 'How black example remain certain system can. Even reflect deep itself. Nature charge represent great work consumer.', 'you need to use your hands', 64, 1, 3, 171, 98);

INSERT INTO Step (recipe_id, order_number, description) VALUES (70, 1, 'Team his Congress compare hour community.');

INSERT INTO Nutritional_Info (recipe_id, fat_per_portion, carbs_per_portion, protein_per_portion) VALUES (70, 181, 55, 210);

INSERT INTO Recipe_Meal_Type (recipe_id, meal_type_id) VALUES (70, 4);

INSERT INTO Recipe_Meal_Type (recipe_id, meal_type_id) VALUES (70, 6);

INSERT INTO Recipe_Label (recipe_id, label_id) VALUES (70, 7);

INSERT INTO Recipe_Label (recipe_id, label_id) VALUES (70, 4);

INSERT INTO Recipe_Label (recipe_id, label_id) VALUES (70, 1);

INSERT INTO Recipe_Label (recipe_id, label_id) VALUES (70, 5);

INSERT INTO Recipe_Equipment (recipe_id, equipment_id) VALUES (70, 43);

INSERT INTO Recipe_Equipment (recipe_id, equipment_id) VALUES (70, 26);

INSERT INTO Recipe_Equipment (recipe_id, equipment_id) VALUES (70, 40);

INSERT INTO Recipe_Equipment (recipe_id, equipment_id) VALUES (70, 2);

INSERT INTO Recipe_Equipment (recipe_id, equipment_id) VALUES (70, 50);

INSERT INTO Recipe_Equipment (recipe_id, equipment_id) VALUES (70, 34);

INSERT INTO Recipe_Ingredient (recipe_id, ingredient_id, portion) VALUES (70, 75, 1);

INSERT INTO Recipe_Ingredient (recipe_id, ingredient_id, portion) VALUES (70, 151, 8);

INSERT INTO Recipe_Ingredient (recipe_id, ingredient_id, portion) VALUES (70, 199, 3);

INSERT INTO Recipe_Ingredient (recipe_id, ingredient_id, portion) VALUES (70, 122, 7);

INSERT INTO Recipe_Ingredient (recipe_id, ingredient_id, portion) VALUES (70, 150, 4);

INSERT INTO Recipe_Ingredient (recipe_id, ingredient_id, portion) VALUES (70, 76, 7);

INSERT INTO Recipe_Ingredient (recipe_id, ingredient_id, portion) VALUES (70, 7, 7);

INSERT INTO Recipe_Ingredient (recipe_id, ingredient_id, portion) VALUES (70, 88, 7);

INSERT INTO Recipe_Ingredient (recipe_id, ingredient_id, portion) VALUES (70, 81, 3);

INSERT INTO Recipe_Ingredient (recipe_id, ingredient_id, portion) VALUES (70, 83, 5);

INSERT INTO Recipe_Ingredient (recipe_id, ingredient_id, portion) VALUES (70, 193, 1);

INSERT INTO Recipe_Thematic_Unit (recipe_id, thematic_unit_id) VALUES (70, 1);

INSERT INTO Recipe_Thematic_Unit (recipe_id, thematic_unit_id) VALUES (70, 8);

INSERT INTO Recipe (recipe_type, name, national_cuisine_id, difficulty_level, description, tip1, tip2, tip3, cooking_time, prep_time, portions, basic_ingredient_id, image_id) VALUES ('pastry', 'New Potato Lentil Salad', 14, 2, 'Care enough debate class. Child watch sense put.', 'you can store iy outside the fridge', 'better with slow cooking', 'better with butter instead of milk', 102, 2, 6, 194, 99);

INSERT INTO Step (recipe_id, order_number, description) VALUES (71, 1, 'Help interview buy.');

INSERT INTO Step (recipe_id, order_number, description) VALUES (71, 2, 'Investment will risk.');

INSERT INTO Step (recipe_id, order_number, description) VALUES (71, 3, 'Drive option civil consider.');

INSERT INTO Nutritional_Info (recipe_id, fat_per_portion, carbs_per_portion, protein_per_portion) VALUES (71, 251, 91, 97);

INSERT INTO Recipe_Meal_Type (recipe_id, meal_type_id) VALUES (71, 4);

INSERT INTO Recipe_Meal_Type (recipe_id, meal_type_id) VALUES (71, 2);

INSERT INTO Recipe_Meal_Type (recipe_id, meal_type_id) VALUES (71, 6);

INSERT INTO Recipe_Label (recipe_id, label_id) VALUES (71, 2);

INSERT INTO Recipe_Label (recipe_id, label_id) VALUES (71, 5);

INSERT INTO Recipe_Label (recipe_id, label_id) VALUES (71, 8);

INSERT INTO Recipe_Equipment (recipe_id, equipment_id) VALUES (71, 43);

INSERT INTO Recipe_Equipment (recipe_id, equipment_id) VALUES (71, 44);

INSERT INTO Recipe_Equipment (recipe_id, equipment_id) VALUES (71, 14);

INSERT INTO Recipe_Equipment (recipe_id, equipment_id) VALUES (71, 12);

INSERT INTO Recipe_Equipment (recipe_id, equipment_id) VALUES (71, 24);

INSERT INTO Recipe_Equipment (recipe_id, equipment_id) VALUES (71, 19);

INSERT INTO Recipe_Equipment (recipe_id, equipment_id) VALUES (71, 7);

INSERT INTO Recipe_Equipment (recipe_id, equipment_id) VALUES (71, 49);

INSERT INTO Recipe_Equipment (recipe_id, equipment_id) VALUES (71, 17);

INSERT INTO Recipe_Ingredient (recipe_id, ingredient_id, portion) VALUES (71, 110, 2);

INSERT INTO Recipe_Ingredient (recipe_id, ingredient_id, portion) VALUES (71, 151, 2);

INSERT INTO Recipe_Ingredient (recipe_id, ingredient_id, portion) VALUES (71, 181, 5);

INSERT INTO Recipe_Ingredient (recipe_id, ingredient_id, portion) VALUES (71, 177, 1);

INSERT INTO Recipe_Ingredient (recipe_id, ingredient_id, portion) VALUES (71, 108, 7);

INSERT INTO Recipe_Ingredient (recipe_id, ingredient_id, portion) VALUES (71, 176, 2);

INSERT INTO Recipe_Ingredient (recipe_id, ingredient_id, portion) VALUES (71, 192, 8);

INSERT INTO Recipe_Ingredient (recipe_id, ingredient_id, portion) VALUES (71, 90, 5);

INSERT INTO Recipe_Ingredient (recipe_id, ingredient_id, portion) VALUES (71, 120, 4);

INSERT INTO Recipe_Ingredient (recipe_id, ingredient_id, portion) VALUES (71, 77, 1);

INSERT INTO Recipe_Ingredient (recipe_id, ingredient_id, portion) VALUES (71, 71, 6);

INSERT INTO Recipe_Ingredient (recipe_id, ingredient_id, portion) VALUES (71, 193, 2);

INSERT INTO Recipe_Ingredient (recipe_id, ingredient_id, portion) VALUES (71, 45, 4);

INSERT INTO Recipe_Thematic_Unit (recipe_id, thematic_unit_id) VALUES (71, 15);

INSERT INTO Recipe (recipe_type, name, national_cuisine_id, difficulty_level, description, tip1, tip2, cooking_time, prep_time, portions, basic_ingredient_id, image_id) VALUES ('pastry', 'Ham & Potato Soup', 14, 1, 'Specific white anything season blue. I decision against. Just scientist reveal carry.', 'you need an oven', 'you need to use your hands', 101, 9, 7, 188, 100);

INSERT INTO Step (recipe_id, order_number, description) VALUES (72, 1, 'Man throughout expert ok major fall movie election.');

INSERT INTO Step (recipe_id, order_number, description) VALUES (72, 2, 'Scientist before thought fast administration my or.');

INSERT INTO Step (recipe_id, order_number, description) VALUES (72, 3, 'Instead agent skill far economic close.');

INSERT INTO Step (recipe_id, order_number, description) VALUES (72, 4, 'Thus during as spring.');

INSERT INTO Nutritional_Info (recipe_id, fat_per_portion, carbs_per_portion, protein_per_portion) VALUES (72, 373, 133, 155);

INSERT INTO Recipe_Meal_Type (recipe_id, meal_type_id) VALUES (72, 5);

INSERT INTO Recipe_Meal_Type (recipe_id, meal_type_id) VALUES (72, 2);

INSERT INTO Recipe_Label (recipe_id, label_id) VALUES (72, 2);

INSERT INTO Recipe_Label (recipe_id, label_id) VALUES (72, 5);

INSERT INTO Recipe_Label (recipe_id, label_id) VALUES (72, 10);

INSERT INTO Recipe_Equipment (recipe_id, equipment_id) VALUES (72, 38);

INSERT INTO Recipe_Equipment (recipe_id, equipment_id) VALUES (72, 46);

INSERT INTO Recipe_Equipment (recipe_id, equipment_id) VALUES (72, 20);

INSERT INTO Recipe_Equipment (recipe_id, equipment_id) VALUES (72, 29);

INSERT INTO Recipe_Equipment (recipe_id, equipment_id) VALUES (72, 27);

INSERT INTO Recipe_Ingredient (recipe_id, ingredient_id, portion) VALUES (72, 97, 1);

INSERT INTO Recipe_Ingredient (recipe_id, ingredient_id, portion) VALUES (72, 166, 6);

INSERT INTO Recipe_Ingredient (recipe_id, ingredient_id, portion) VALUES (72, 20, 3);

INSERT INTO Recipe_Ingredient (recipe_id, ingredient_id, portion) VALUES (72, 138, 7);

INSERT INTO Recipe_Ingredient (recipe_id, ingredient_id, portion) VALUES (72, 31, 8);

INSERT INTO Recipe_Ingredient (recipe_id, ingredient_id, portion) VALUES (72, 79, 7);

INSERT INTO Recipe_Ingredient (recipe_id, ingredient_id, portion) VALUES (72, 89, 4);

INSERT INTO Recipe_Ingredient (recipe_id, ingredient_id, portion) VALUES (72, 134, 6);

INSERT INTO Recipe_Ingredient (recipe_id, ingredient_id, portion) VALUES (72, 162, 5);

INSERT INTO Recipe_Ingredient (recipe_id, ingredient_id, portion) VALUES (72, 153, 1);

INSERT INTO Recipe_Ingredient (recipe_id, ingredient_id, portion) VALUES (72, 123, 5);

INSERT INTO Recipe_Ingredient (recipe_id, ingredient_id, portion) VALUES (72, 127, 3);

INSERT INTO Recipe_Ingredient (recipe_id, ingredient_id, portion) VALUES (72, 13, 8);

INSERT INTO Recipe_Ingredient (recipe_id, ingredient_id, portion) VALUES (72, 33, 3);

INSERT INTO Recipe_Ingredient (recipe_id, ingredient_id, portion) VALUES (72, 61, 2);

INSERT INTO Recipe_Thematic_Unit (recipe_id, thematic_unit_id) VALUES (72, 3);

INSERT INTO Recipe (recipe_type, name, national_cuisine_id, difficulty_level, description, tip1, cooking_time, prep_time, portions, basic_ingredient_id, image_id) VALUES ('pastry', 'Lemon Dill Potatoes', 14, 2, 'Type someone improve in. Fast decade herself various.', 'better with slow cooking', 50, 10, 7, 159, 101);

INSERT INTO Step (recipe_id, order_number, description) VALUES (73, 1, 'Tv score partner.');

INSERT INTO Nutritional_Info (recipe_id, fat_per_portion, carbs_per_portion, protein_per_portion) VALUES (73, 334, 15, 188);

INSERT INTO Recipe_Meal_Type (recipe_id, meal_type_id) VALUES (73, 4);

INSERT INTO Recipe_Meal_Type (recipe_id, meal_type_id) VALUES (73, 6);

INSERT INTO Recipe_Label (recipe_id, label_id) VALUES (73, 9);

INSERT INTO Recipe_Label (recipe_id, label_id) VALUES (73, 1);

INSERT INTO Recipe_Label (recipe_id, label_id) VALUES (73, 4);

INSERT INTO Recipe_Label (recipe_id, label_id) VALUES (73, 5);

INSERT INTO Recipe_Equipment (recipe_id, equipment_id) VALUES (73, 25);

INSERT INTO Recipe_Equipment (recipe_id, equipment_id) VALUES (73, 34);

INSERT INTO Recipe_Equipment (recipe_id, equipment_id) VALUES (73, 49);

INSERT INTO Recipe_Equipment (recipe_id, equipment_id) VALUES (73, 5);

INSERT INTO Recipe_Equipment (recipe_id, equipment_id) VALUES (73, 33);

INSERT INTO Recipe_Equipment (recipe_id, equipment_id) VALUES (73, 46);

INSERT INTO Recipe_Equipment (recipe_id, equipment_id) VALUES (73, 9);

INSERT INTO Recipe_Ingredient (recipe_id, ingredient_id, portion) VALUES (73, 75, 6);

INSERT INTO Recipe_Ingredient (recipe_id, ingredient_id, portion) VALUES (73, 136, 4);

INSERT INTO Recipe_Ingredient (recipe_id, ingredient_id, portion) VALUES (73, 12, 1);

INSERT INTO Recipe_Ingredient (recipe_id, ingredient_id, portion) VALUES (73, 122, 3);

INSERT INTO Recipe_Ingredient (recipe_id, ingredient_id, portion) VALUES (73, 82, 5);

INSERT INTO Recipe_Ingredient (recipe_id, ingredient_id, portion) VALUES (73, 163, 2);

INSERT INTO Recipe_Ingredient (recipe_id, ingredient_id, portion) VALUES (73, 13, 1);

INSERT INTO Recipe_Ingredient (recipe_id, ingredient_id, portion) VALUES (73, 74, 2);

INSERT INTO Recipe_Ingredient (recipe_id, ingredient_id, portion) VALUES (73, 14, 6);

INSERT INTO Recipe_Ingredient (recipe_id, ingredient_id, portion) VALUES (73, 144, 2);

INSERT INTO Recipe_Ingredient (recipe_id, ingredient_id, portion) VALUES (73, 73, 3);

INSERT INTO Recipe_Ingredient (recipe_id, ingredient_id, portion) VALUES (73, 117, 5);

INSERT INTO Recipe_Ingredient (recipe_id, ingredient_id, portion) VALUES (73, 154, 4);

INSERT INTO Recipe_Ingredient (recipe_id, ingredient_id, portion) VALUES (73, 166, 2);

INSERT INTO Recipe_Ingredient (recipe_id, ingredient_id, portion) VALUES (73, 111, 3);

INSERT INTO Recipe_Ingredient (recipe_id, ingredient_id, portion) VALUES (73, 68, 3);

INSERT INTO Recipe_Ingredient (recipe_id, ingredient_id, portion) VALUES (73, 49, 1);

INSERT INTO Recipe_Ingredient (recipe_id, ingredient_id, portion) VALUES (73, 172, 5);

INSERT INTO Recipe_Thematic_Unit (recipe_id, thematic_unit_id) VALUES (73, 12);

INSERT INTO Recipe (recipe_type, name, national_cuisine_id, difficulty_level, description, tip1, cooking_time, prep_time, portions, basic_ingredient_id, image_id) VALUES ('pastry', 'BBQ Lentils', 14, 5, 'Project million table hard have. Red management cause reality factor.', 'better with slow cooking', 52, 2, 4, 17, 102);

INSERT INTO Step (recipe_id, order_number, description) VALUES (74, 1, 'Low same pattern practice else just determine contain.');

INSERT INTO Step (recipe_id, order_number, description) VALUES (74, 2, 'Room free local garden fine.');

INSERT INTO Step (recipe_id, order_number, description) VALUES (74, 3, 'Each until quite another whether.');

INSERT INTO Nutritional_Info (recipe_id, fat_per_portion, carbs_per_portion, protein_per_portion) VALUES (74, 163, 42, 160);

INSERT INTO Recipe_Meal_Type (recipe_id, meal_type_id) VALUES (74, 3);

INSERT INTO Recipe_Meal_Type (recipe_id, meal_type_id) VALUES (74, 4);

INSERT INTO Recipe_Label (recipe_id, label_id) VALUES (74, 3);

INSERT INTO Recipe_Equipment (recipe_id, equipment_id) VALUES (74, 9);

INSERT INTO Recipe_Equipment (recipe_id, equipment_id) VALUES (74, 3);

INSERT INTO Recipe_Equipment (recipe_id, equipment_id) VALUES (74, 40);

INSERT INTO Recipe_Equipment (recipe_id, equipment_id) VALUES (74, 38);

INSERT INTO Recipe_Ingredient (recipe_id, ingredient_id, portion) VALUES (74, 93, 1);

INSERT INTO Recipe_Ingredient (recipe_id, ingredient_id, portion) VALUES (74, 8, 3);

INSERT INTO Recipe_Ingredient (recipe_id, ingredient_id, portion) VALUES (74, 108, 7);

INSERT INTO Recipe_Ingredient (recipe_id, ingredient_id, portion) VALUES (74, 15, 4);

INSERT INTO Recipe_Ingredient (recipe_id, ingredient_id, portion) VALUES (74, 22, 8);

INSERT INTO Recipe_Ingredient (recipe_id, ingredient_id, portion) VALUES (74, 80, 2);

INSERT INTO Recipe_Ingredient (recipe_id, ingredient_id, portion) VALUES (74, 163, 7);

INSERT INTO Recipe_Thematic_Unit (recipe_id, thematic_unit_id) VALUES (74, 14);

INSERT INTO Recipe_Thematic_Unit (recipe_id, thematic_unit_id) VALUES (74, 3);

INSERT INTO Recipe (recipe_type, name, national_cuisine_id, difficulty_level, description, tip1, cooking_time, prep_time, portions, basic_ingredient_id, image_id) VALUES ('cooking', 'Healthy Buckwheat Soup', 15, 5, 'For field special official where two nation.', 'better after 2 days', 79, 33, 3, 145, 103);

INSERT INTO Step (recipe_id, order_number, description) VALUES (75, 1, 'Teacher research example environmental statement practice.');

INSERT INTO Step (recipe_id, order_number, description) VALUES (75, 2, 'Probably through black pressure.');

INSERT INTO Step (recipe_id, order_number, description) VALUES (75, 3, 'Start act who woman home play.');

INSERT INTO Step (recipe_id, order_number, description) VALUES (75, 4, 'Among relate president poor debate eat maybe.');

INSERT INTO Step (recipe_id, order_number, description) VALUES (75, 5, 'Hold box machine.');

INSERT INTO Step (recipe_id, order_number, description) VALUES (75, 6, 'Last message without part ground success.');

INSERT INTO Step (recipe_id, order_number, description) VALUES (75, 7, 'Value interview second reason argue smile.');

INSERT INTO Nutritional_Info (recipe_id, fat_per_portion, carbs_per_portion, protein_per_portion) VALUES (75, 35, 27, 209);

INSERT INTO Recipe_Meal_Type (recipe_id, meal_type_id) VALUES (75, 2);

INSERT INTO Recipe_Label (recipe_id, label_id) VALUES (75, 10);

INSERT INTO Recipe_Label (recipe_id, label_id) VALUES (75, 8);

INSERT INTO Recipe_Label (recipe_id, label_id) VALUES (75, 4);

INSERT INTO Recipe_Label (recipe_id, label_id) VALUES (75, 6);

INSERT INTO Recipe_Equipment (recipe_id, equipment_id) VALUES (75, 28);

INSERT INTO Recipe_Equipment (recipe_id, equipment_id) VALUES (75, 16);

INSERT INTO Recipe_Equipment (recipe_id, equipment_id) VALUES (75, 32);

INSERT INTO Recipe_Equipment (recipe_id, equipment_id) VALUES (75, 43);

INSERT INTO Recipe_Equipment (recipe_id, equipment_id) VALUES (75, 24);

INSERT INTO Recipe_Ingredient (recipe_id, ingredient_id, portion) VALUES (75, 168, 4);

INSERT INTO Recipe_Ingredient (recipe_id, ingredient_id, portion) VALUES (75, 197, 7);

INSERT INTO Recipe_Ingredient (recipe_id, ingredient_id, portion) VALUES (75, 5, 8);

INSERT INTO Recipe_Ingredient (recipe_id, ingredient_id, portion) VALUES (75, 162, 2);

INSERT INTO Recipe_Ingredient (recipe_id, ingredient_id, portion) VALUES (75, 50, 5);

INSERT INTO Recipe_Ingredient (recipe_id, ingredient_id, portion) VALUES (75, 76, 3);

INSERT INTO Recipe_Ingredient (recipe_id, ingredient_id, portion) VALUES (75, 133, 8);

INSERT INTO Recipe_Ingredient (recipe_id, ingredient_id, portion) VALUES (75, 166, 7);

INSERT INTO Recipe_Ingredient (recipe_id, ingredient_id, portion) VALUES (75, 126, 8);

INSERT INTO Recipe_Ingredient (recipe_id, ingredient_id, portion) VALUES (75, 181, 5);

INSERT INTO Recipe_Ingredient (recipe_id, ingredient_id, portion) VALUES (75, 121, 2);

INSERT INTO Recipe_Ingredient (recipe_id, ingredient_id, portion) VALUES (75, 93, 5);

INSERT INTO Recipe_Ingredient (recipe_id, ingredient_id, portion) VALUES (75, 89, 4);

INSERT INTO Recipe_Ingredient (recipe_id, ingredient_id, portion) VALUES (75, 188, 1);

INSERT INTO Recipe_Ingredient (recipe_id, ingredient_id, portion) VALUES (75, 178, 8);

INSERT INTO Recipe_Thematic_Unit (recipe_id, thematic_unit_id) VALUES (75, 12);

INSERT INTO Recipe_Thematic_Unit (recipe_id, thematic_unit_id) VALUES (75, 4);

INSERT INTO Recipe (recipe_type, name, national_cuisine_id, difficulty_level, description, tip1, tip2, tip3, cooking_time, prep_time, portions, basic_ingredient_id, image_id) VALUES ('pastry', 'Buckwheat Chicken Pilaf', 15, 5, 'Be responsibility fact certainly character. Be gas parent education put herself beat.', 'better after 2 days', 'you can use leftovers', 'you need small cups', 66, 26, 7, 188, 104);

INSERT INTO Step (recipe_id, order_number, description) VALUES (76, 1, 'Plant day six rest off travel series change.');

INSERT INTO Step (recipe_id, order_number, description) VALUES (76, 2, 'Republican imagine him thought.');

INSERT INTO Step (recipe_id, order_number, description) VALUES (76, 3, 'Image professional nature bad business thought head.');

INSERT INTO Nutritional_Info (recipe_id, fat_per_portion, carbs_per_portion, protein_per_portion) VALUES (76, 94, 181, 61);

INSERT INTO Recipe_Meal_Type (recipe_id, meal_type_id) VALUES (76, 6);

INSERT INTO Recipe_Meal_Type (recipe_id, meal_type_id) VALUES (76, 5);

INSERT INTO Recipe_Label (recipe_id, label_id) VALUES (76, 2);

INSERT INTO Recipe_Label (recipe_id, label_id) VALUES (76, 5);

INSERT INTO Recipe_Label (recipe_id, label_id) VALUES (76, 1);

INSERT INTO Recipe_Label (recipe_id, label_id) VALUES (76, 3);

INSERT INTO Recipe_Equipment (recipe_id, equipment_id) VALUES (76, 13);

INSERT INTO Recipe_Equipment (recipe_id, equipment_id) VALUES (76, 7);

INSERT INTO Recipe_Equipment (recipe_id, equipment_id) VALUES (76, 21);

INSERT INTO Recipe_Equipment (recipe_id, equipment_id) VALUES (76, 11);

INSERT INTO Recipe_Equipment (recipe_id, equipment_id) VALUES (76, 18);

INSERT INTO Recipe_Equipment (recipe_id, equipment_id) VALUES (76, 15);

INSERT INTO Recipe_Equipment (recipe_id, equipment_id) VALUES (76, 17);

INSERT INTO Recipe_Equipment (recipe_id, equipment_id) VALUES (76, 1);

INSERT INTO Recipe_Equipment (recipe_id, equipment_id) VALUES (76, 10);

INSERT INTO Recipe_Ingredient (recipe_id, ingredient_id, portion) VALUES (76, 35, 8);

INSERT INTO Recipe_Thematic_Unit (recipe_id, thematic_unit_id) VALUES (76, 14);

INSERT INTO Recipe_Thematic_Unit (recipe_id, thematic_unit_id) VALUES (76, 2);

INSERT INTO Recipe_Thematic_Unit (recipe_id, thematic_unit_id) VALUES (76, 13);

INSERT INTO Recipe (recipe_type, name, national_cuisine_id, difficulty_level, description, tip1, cooking_time, prep_time, portions, basic_ingredient_id, image_id) VALUES ('cooking', 'Vegetable Noodle Soup', 15, 1, 'Use standard sport address under your. Himself turn line lose per produce someone. History buy character later president put woman business.', 'you can store iy outside the fridge', 64, 7, 4, 179, 105);

INSERT INTO Step (recipe_id, order_number, description) VALUES (77, 1, 'Find growth film deep.');

INSERT INTO Step (recipe_id, order_number, description) VALUES (77, 2, 'Claim military month.');

INSERT INTO Step (recipe_id, order_number, description) VALUES (77, 3, 'Seven specific research choose former.');

INSERT INTO Nutritional_Info (recipe_id, fat_per_portion, carbs_per_portion, protein_per_portion) VALUES (77, 171, 196, 178);

INSERT INTO Recipe_Meal_Type (recipe_id, meal_type_id) VALUES (77, 2);

INSERT INTO Recipe_Label (recipe_id, label_id) VALUES (77, 5);

INSERT INTO Recipe_Equipment (recipe_id, equipment_id) VALUES (77, 31);

INSERT INTO Recipe_Equipment (recipe_id, equipment_id) VALUES (77, 27);

INSERT INTO Recipe_Equipment (recipe_id, equipment_id) VALUES (77, 2);

INSERT INTO Recipe_Equipment (recipe_id, equipment_id) VALUES (77, 16);

INSERT INTO Recipe_Equipment (recipe_id, equipment_id) VALUES (77, 41);

INSERT INTO Recipe_Ingredient (recipe_id, ingredient_id, portion) VALUES (77, 142, 7);

INSERT INTO Recipe_Ingredient (recipe_id, ingredient_id, portion) VALUES (77, 124, 2);

INSERT INTO Recipe_Ingredient (recipe_id, ingredient_id, portion) VALUES (77, 200, 3);

INSERT INTO Recipe_Ingredient (recipe_id, ingredient_id, portion) VALUES (77, 56, 4);

INSERT INTO Recipe_Ingredient (recipe_id, ingredient_id, portion) VALUES (77, 6, 6);

INSERT INTO Recipe_Ingredient (recipe_id, ingredient_id, portion) VALUES (77, 115, 3);

INSERT INTO Recipe_Ingredient (recipe_id, ingredient_id, portion) VALUES (77, 101, 5);

INSERT INTO Recipe_Ingredient (recipe_id, ingredient_id, portion) VALUES (77, 54, 1);

INSERT INTO Recipe_Ingredient (recipe_id, ingredient_id, portion) VALUES (77, 117, 2);

INSERT INTO Recipe_Ingredient (recipe_id, ingredient_id, portion) VALUES (77, 75, 8);

INSERT INTO Recipe_Ingredient (recipe_id, ingredient_id, portion) VALUES (77, 145, 3);

INSERT INTO Recipe_Ingredient (recipe_id, ingredient_id, portion) VALUES (77, 125, 6);

INSERT INTO Recipe_Ingredient (recipe_id, ingredient_id, portion) VALUES (77, 99, 2);

INSERT INTO Recipe_Ingredient (recipe_id, ingredient_id, portion) VALUES (77, 81, 6);

INSERT INTO Recipe_Ingredient (recipe_id, ingredient_id, portion) VALUES (77, 139, 4);

INSERT INTO Recipe_Thematic_Unit (recipe_id, thematic_unit_id) VALUES (77, 4);

INSERT INTO Recipe (recipe_type, name, national_cuisine_id, difficulty_level, description, tip1, cooking_time, prep_time, portions, basic_ingredient_id, image_id) VALUES ('pastry', 'Bacon and Honey Potato Salad', 15, 1, 'Four bed off sure best. School onto dinner fear firm organization sometimes east.', 'you need to use your hands', 46, 9, 2, 13, 106);

INSERT INTO Step (recipe_id, order_number, description) VALUES (78, 1, 'Each off management could everything nation fund.');

INSERT INTO Step (recipe_id, order_number, description) VALUES (78, 2, 'Material little establish smile behind degree require doctor.');

INSERT INTO Nutritional_Info (recipe_id, fat_per_portion, carbs_per_portion, protein_per_portion) VALUES (78, 260, 63, 111);

INSERT INTO Recipe_Meal_Type (recipe_id, meal_type_id) VALUES (78, 5);

INSERT INTO Recipe_Label (recipe_id, label_id) VALUES (78, 7);

INSERT INTO Recipe_Equipment (recipe_id, equipment_id) VALUES (78, 36);

INSERT INTO Recipe_Equipment (recipe_id, equipment_id) VALUES (78, 38);

INSERT INTO Recipe_Equipment (recipe_id, equipment_id) VALUES (78, 30);

INSERT INTO Recipe_Equipment (recipe_id, equipment_id) VALUES (78, 27);

INSERT INTO Recipe_Equipment (recipe_id, equipment_id) VALUES (78, 19);

INSERT INTO Recipe_Equipment (recipe_id, equipment_id) VALUES (78, 21);

INSERT INTO Recipe_Ingredient (recipe_id, ingredient_id, portion) VALUES (78, 183, 4);

INSERT INTO Recipe_Ingredient (recipe_id, ingredient_id, portion) VALUES (78, 194, 5);

INSERT INTO Recipe_Ingredient (recipe_id, ingredient_id, portion) VALUES (78, 102, 2);

INSERT INTO Recipe_Ingredient (recipe_id, ingredient_id, portion) VALUES (78, 117, 4);

INSERT INTO Recipe_Ingredient (recipe_id, ingredient_id, portion) VALUES (78, 149, 6);

INSERT INTO Recipe_Ingredient (recipe_id, ingredient_id, portion) VALUES (78, 20, 2);

INSERT INTO Recipe_Ingredient (recipe_id, ingredient_id, portion) VALUES (78, 12, 2);

INSERT INTO Recipe_Ingredient (recipe_id, ingredient_id, portion) VALUES (78, 29, 6);

INSERT INTO Recipe_Ingredient (recipe_id, ingredient_id, portion) VALUES (78, 189, 6);

INSERT INTO Recipe_Ingredient (recipe_id, ingredient_id, portion) VALUES (78, 58, 5);

INSERT INTO Recipe_Ingredient (recipe_id, ingredient_id, portion) VALUES (78, 184, 7);

INSERT INTO Recipe_Ingredient (recipe_id, ingredient_id, portion) VALUES (78, 151, 8);

INSERT INTO Recipe_Ingredient (recipe_id, ingredient_id, portion) VALUES (78, 140, 5);

INSERT INTO Recipe_Ingredient (recipe_id, ingredient_id, portion) VALUES (78, 89, 8);

INSERT INTO Recipe_Ingredient (recipe_id, ingredient_id, portion) VALUES (78, 38, 3);

INSERT INTO Recipe_Ingredient (recipe_id, ingredient_id, portion) VALUES (78, 47, 6);

INSERT INTO Recipe_Thematic_Unit (recipe_id, thematic_unit_id) VALUES (78, 15);

INSERT INTO Recipe (recipe_type, name, national_cuisine_id, difficulty_level, description, tip1, tip2, cooking_time, prep_time, portions, basic_ingredient_id, image_id) VALUES ('pastry', 'Pretzel Sticks', 15, 5, 'Popular determine region region. Mouth political writer interesting step unit necessary community.', 'better without sugar', 'good with honey', 135, 16, 2, 38, 107);

INSERT INTO Step (recipe_id, order_number, description) VALUES (79, 1, 'Thing that every music center often major.');

INSERT INTO Step (recipe_id, order_number, description) VALUES (79, 2, 'Charge picture message interesting where always opportunity throw.');

INSERT INTO Step (recipe_id, order_number, description) VALUES (79, 3, 'Talk probably middle station.');

INSERT INTO Step (recipe_id, order_number, description) VALUES (79, 4, 'Mr bring thing difference military democratic month five.');

INSERT INTO Nutritional_Info (recipe_id, fat_per_portion, carbs_per_portion, protein_per_portion) VALUES (79, 77, 152, 233);

INSERT INTO Recipe_Meal_Type (recipe_id, meal_type_id) VALUES (79, 5);

INSERT INTO Recipe_Label (recipe_id, label_id) VALUES (79, 8);

INSERT INTO Recipe_Label (recipe_id, label_id) VALUES (79, 9);

INSERT INTO Recipe_Label (recipe_id, label_id) VALUES (79, 5);

INSERT INTO Recipe_Equipment (recipe_id, equipment_id) VALUES (79, 33);

INSERT INTO Recipe_Equipment (recipe_id, equipment_id) VALUES (79, 22);

INSERT INTO Recipe_Equipment (recipe_id, equipment_id) VALUES (79, 9);

INSERT INTO Recipe_Equipment (recipe_id, equipment_id) VALUES (79, 25);

INSERT INTO Recipe_Equipment (recipe_id, equipment_id) VALUES (79, 20);

INSERT INTO Recipe_Equipment (recipe_id, equipment_id) VALUES (79, 6);

INSERT INTO Recipe_Equipment (recipe_id, equipment_id) VALUES (79, 37);

INSERT INTO Recipe_Equipment (recipe_id, equipment_id) VALUES (79, 29);

INSERT INTO Recipe_Equipment (recipe_id, equipment_id) VALUES (79, 3);

INSERT INTO Recipe_Ingredient (recipe_id, ingredient_id, portion) VALUES (79, 90, 7);

INSERT INTO Recipe_Ingredient (recipe_id, ingredient_id, portion) VALUES (79, 57, 4);

INSERT INTO Recipe_Ingredient (recipe_id, ingredient_id, portion) VALUES (79, 158, 8);

INSERT INTO Recipe_Ingredient (recipe_id, ingredient_id, portion) VALUES (79, 122, 6);

INSERT INTO Recipe_Ingredient (recipe_id, ingredient_id, portion) VALUES (79, 1, 2);

INSERT INTO Recipe_Ingredient (recipe_id, ingredient_id, portion) VALUES (79, 124, 5);

INSERT INTO Recipe_Ingredient (recipe_id, ingredient_id, portion) VALUES (79, 33, 2);

INSERT INTO Recipe_Ingredient (recipe_id, ingredient_id, portion) VALUES (79, 89, 3);

INSERT INTO Recipe_Ingredient (recipe_id, ingredient_id, portion) VALUES (79, 167, 7);

INSERT INTO Recipe_Ingredient (recipe_id, ingredient_id, portion) VALUES (79, 52, 2);

INSERT INTO Recipe_Ingredient (recipe_id, ingredient_id, portion) VALUES (79, 82, 6);

INSERT INTO Recipe_Ingredient (recipe_id, ingredient_id, portion) VALUES (79, 5, 1);

INSERT INTO Recipe_Ingredient (recipe_id, ingredient_id, portion) VALUES (79, 56, 8);

INSERT INTO Recipe_Ingredient (recipe_id, ingredient_id, portion) VALUES (79, 32, 1);

INSERT INTO Recipe_Ingredient (recipe_id, ingredient_id, portion) VALUES (79, 176, 4);

INSERT INTO Recipe_Ingredient (recipe_id, ingredient_id, portion) VALUES (79, 39, 3);

INSERT INTO Recipe_Thematic_Unit (recipe_id, thematic_unit_id) VALUES (79, 7);

INSERT INTO Recipe (recipe_type, name, national_cuisine_id, difficulty_level, description, tip1, cooking_time, prep_time, portions, basic_ingredient_id, image_id) VALUES ('cooking', 'Golden French Lentil Soup', 16, 2, 'Agent decade these do. Piece standard explain article bill into why.', 'better when fresh', 122, 29, 1, 31, 108);

INSERT INTO Step (recipe_id, order_number, description) VALUES (80, 1, 'Wonder especially really campaign decision early system.');

INSERT INTO Step (recipe_id, order_number, description) VALUES (80, 2, 'Dinner network very word drug investment she.');

INSERT INTO Nutritional_Info (recipe_id, fat_per_portion, carbs_per_portion, protein_per_portion) VALUES (80, 242, 80, 175);

INSERT INTO Recipe_Meal_Type (recipe_id, meal_type_id) VALUES (80, 2);

INSERT INTO Recipe_Meal_Type (recipe_id, meal_type_id) VALUES (80, 6);

INSERT INTO Recipe_Label (recipe_id, label_id) VALUES (80, 3);

INSERT INTO Recipe_Label (recipe_id, label_id) VALUES (80, 7);

INSERT INTO Recipe_Equipment (recipe_id, equipment_id) VALUES (80, 20);

INSERT INTO Recipe_Ingredient (recipe_id, ingredient_id, portion) VALUES (80, 95, 7);

INSERT INTO Recipe_Ingredient (recipe_id, ingredient_id, portion) VALUES (80, 58, 4);

INSERT INTO Recipe_Ingredient (recipe_id, ingredient_id, portion) VALUES (80, 68, 7);

INSERT INTO Recipe_Ingredient (recipe_id, ingredient_id, portion) VALUES (80, 91, 1);

INSERT INTO Recipe_Thematic_Unit (recipe_id, thematic_unit_id) VALUES (80, 9);

INSERT INTO Recipe (recipe_type, name, national_cuisine_id, difficulty_level, description, tip1, tip2, cooking_time, prep_time, portions, basic_ingredient_id, image_id) VALUES ('cooking', 'Lentil Shepherds Pie', 16, 4, 'Education campaign organization amount plant through minute. Many significant hit big western pressure.', 'you have to be careful not to let it get stack', 'good with honey', 138, 25, 8, 141, 109);

INSERT INTO Step (recipe_id, order_number, description) VALUES (81, 1, 'But citizen catch side.');

INSERT INTO Step (recipe_id, order_number, description) VALUES (81, 2, 'Build hard lead quite.');

INSERT INTO Step (recipe_id, order_number, description) VALUES (81, 3, 'News this note brother.');

INSERT INTO Step (recipe_id, order_number, description) VALUES (81, 4, 'Statement walk staff south half next.');

INSERT INTO Step (recipe_id, order_number, description) VALUES (81, 5, 'Trip writer sit painting season serve.');

INSERT INTO Nutritional_Info (recipe_id, fat_per_portion, carbs_per_portion, protein_per_portion) VALUES (81, 358, 165, 200);

INSERT INTO Recipe_Meal_Type (recipe_id, meal_type_id) VALUES (81, 5);

INSERT INTO Recipe_Meal_Type (recipe_id, meal_type_id) VALUES (81, 4);

INSERT INTO Recipe_Label (recipe_id, label_id) VALUES (81, 1);

INSERT INTO Recipe_Equipment (recipe_id, equipment_id) VALUES (81, 33);

INSERT INTO Recipe_Equipment (recipe_id, equipment_id) VALUES (81, 50);

INSERT INTO Recipe_Equipment (recipe_id, equipment_id) VALUES (81, 17);

INSERT INTO Recipe_Ingredient (recipe_id, ingredient_id, portion) VALUES (81, 6, 7);

INSERT INTO Recipe_Ingredient (recipe_id, ingredient_id, portion) VALUES (81, 147, 6);

INSERT INTO Recipe_Ingredient (recipe_id, ingredient_id, portion) VALUES (81, 95, 3);

INSERT INTO Recipe_Ingredient (recipe_id, ingredient_id, portion) VALUES (81, 45, 7);

INSERT INTO Recipe_Ingredient (recipe_id, ingredient_id, portion) VALUES (81, 138, 1);

INSERT INTO Recipe_Ingredient (recipe_id, ingredient_id, portion) VALUES (81, 171, 5);

INSERT INTO Recipe_Ingredient (recipe_id, ingredient_id, portion) VALUES (81, 26, 8);

INSERT INTO Recipe_Ingredient (recipe_id, ingredient_id, portion) VALUES (81, 135, 1);

INSERT INTO Recipe_Ingredient (recipe_id, ingredient_id, portion) VALUES (81, 64, 7);

INSERT INTO Recipe_Ingredient (recipe_id, ingredient_id, portion) VALUES (81, 140, 2);

INSERT INTO Recipe_Ingredient (recipe_id, ingredient_id, portion) VALUES (81, 194, 6);

INSERT INTO Recipe_Ingredient (recipe_id, ingredient_id, portion) VALUES (81, 11, 2);

INSERT INTO Recipe_Ingredient (recipe_id, ingredient_id, portion) VALUES (81, 20, 1);

INSERT INTO Recipe_Ingredient (recipe_id, ingredient_id, portion) VALUES (81, 4, 2);

INSERT INTO Recipe_Ingredient (recipe_id, ingredient_id, portion) VALUES (81, 1, 8);

INSERT INTO Recipe_Ingredient (recipe_id, ingredient_id, portion) VALUES (81, 2, 6);

INSERT INTO Recipe_Thematic_Unit (recipe_id, thematic_unit_id) VALUES (81, 5);

INSERT INTO Recipe_Thematic_Unit (recipe_id, thematic_unit_id) VALUES (81, 2);

INSERT INTO Recipe (recipe_type, name, national_cuisine_id, difficulty_level, description, tip1, tip2, cooking_time, prep_time, portions, basic_ingredient_id, image_id) VALUES ('cooking', 'Honey Lime Chicken', 16, 4, 'Current raise difference sound past surface notice. Agency television see positive section require successful big. Into they cover really.', 'you need a lot of time', 'you need to be patient', 48, 6, 8, 82, 110);

INSERT INTO Step (recipe_id, order_number, description) VALUES (82, 1, 'Month radio today bank various song party.');

INSERT INTO Nutritional_Info (recipe_id, fat_per_portion, carbs_per_portion, protein_per_portion) VALUES (82, 145, 137, 72);

INSERT INTO Recipe_Meal_Type (recipe_id, meal_type_id) VALUES (82, 4);

INSERT INTO Recipe_Label (recipe_id, label_id) VALUES (82, 2);

INSERT INTO Recipe_Label (recipe_id, label_id) VALUES (82, 9);

INSERT INTO Recipe_Equipment (recipe_id, equipment_id) VALUES (82, 40);

INSERT INTO Recipe_Equipment (recipe_id, equipment_id) VALUES (82, 5);

INSERT INTO Recipe_Ingredient (recipe_id, ingredient_id, portion) VALUES (82, 18, 7);

INSERT INTO Recipe_Ingredient (recipe_id, ingredient_id, portion) VALUES (82, 104, 8);

INSERT INTO Recipe_Ingredient (recipe_id, ingredient_id, portion) VALUES (82, 136, 4);

INSERT INTO Recipe_Ingredient (recipe_id, ingredient_id, portion) VALUES (82, 57, 5);

INSERT INTO Recipe_Ingredient (recipe_id, ingredient_id, portion) VALUES (82, 103, 8);

INSERT INTO Recipe_Ingredient (recipe_id, ingredient_id, portion) VALUES (82, 70, 6);

INSERT INTO Recipe_Ingredient (recipe_id, ingredient_id, portion) VALUES (82, 88, 8);

INSERT INTO Recipe_Ingredient (recipe_id, ingredient_id, portion) VALUES (82, 183, 2);

INSERT INTO Recipe_Ingredient (recipe_id, ingredient_id, portion) VALUES (82, 47, 3);

INSERT INTO Recipe_Thematic_Unit (recipe_id, thematic_unit_id) VALUES (82, 4);

INSERT INTO Recipe_Thematic_Unit (recipe_id, thematic_unit_id) VALUES (82, 13);

INSERT INTO Recipe (recipe_type, name, national_cuisine_id, difficulty_level, description, tip1, cooking_time, prep_time, portions, basic_ingredient_id, image_id) VALUES ('pastry', 'Lentil Curry', 16, 1, 'Major radio show high wait picture him.', 'better with feta cheese', 109, 11, 5, 91, 111);

INSERT INTO Step (recipe_id, order_number, description) VALUES (83, 1, 'Market care step fall.');

INSERT INTO Step (recipe_id, order_number, description) VALUES (83, 2, 'Action fire recently play.');

INSERT INTO Step (recipe_id, order_number, description) VALUES (83, 3, 'Heavy concern car yet serious magazine democratic.');

INSERT INTO Step (recipe_id, order_number, description) VALUES (83, 4, 'Accept line total set both around far recently.');

INSERT INTO Step (recipe_id, order_number, description) VALUES (83, 5, 'Drug woman computer arrive help.');

INSERT INTO Step (recipe_id, order_number, description) VALUES (83, 6, 'Price out section life prepare road cover.');

INSERT INTO Nutritional_Info (recipe_id, fat_per_portion, carbs_per_portion, protein_per_portion) VALUES (83, 377, 87, 38);

INSERT INTO Recipe_Meal_Type (recipe_id, meal_type_id) VALUES (83, 5);

INSERT INTO Recipe_Label (recipe_id, label_id) VALUES (83, 4);

INSERT INTO Recipe_Equipment (recipe_id, equipment_id) VALUES (83, 18);

INSERT INTO Recipe_Equipment (recipe_id, equipment_id) VALUES (83, 21);

INSERT INTO Recipe_Equipment (recipe_id, equipment_id) VALUES (83, 29);

INSERT INTO Recipe_Ingredient (recipe_id, ingredient_id, portion) VALUES (83, 185, 5);

INSERT INTO Recipe_Ingredient (recipe_id, ingredient_id, portion) VALUES (83, 57, 7);

INSERT INTO Recipe_Ingredient (recipe_id, ingredient_id, portion) VALUES (83, 149, 4);

INSERT INTO Recipe_Ingredient (recipe_id, ingredient_id, portion) VALUES (83, 47, 6);

INSERT INTO Recipe_Ingredient (recipe_id, ingredient_id, portion) VALUES (83, 58, 3);

INSERT INTO Recipe_Ingredient (recipe_id, ingredient_id, portion) VALUES (83, 127, 6);

INSERT INTO Recipe_Ingredient (recipe_id, ingredient_id, portion) VALUES (83, 26, 1);

INSERT INTO Recipe_Ingredient (recipe_id, ingredient_id, portion) VALUES (83, 83, 2);

INSERT INTO Recipe_Ingredient (recipe_id, ingredient_id, portion) VALUES (83, 194, 7);

INSERT INTO Recipe_Ingredient (recipe_id, ingredient_id, portion) VALUES (83, 4, 4);

INSERT INTO Recipe_Ingredient (recipe_id, ingredient_id, portion) VALUES (83, 109, 1);

INSERT INTO Recipe_Ingredient (recipe_id, ingredient_id, portion) VALUES (83, 81, 4);

INSERT INTO Recipe_Ingredient (recipe_id, ingredient_id, portion) VALUES (83, 152, 7);

INSERT INTO Recipe_Ingredient (recipe_id, ingredient_id, portion) VALUES (83, 9, 3);

INSERT INTO Recipe_Ingredient (recipe_id, ingredient_id, portion) VALUES (83, 85, 2);

INSERT INTO Recipe_Ingredient (recipe_id, ingredient_id, portion) VALUES (83, 164, 5);

INSERT INTO Recipe_Ingredient (recipe_id, ingredient_id, portion) VALUES (83, 198, 4);

INSERT INTO Recipe_Ingredient (recipe_id, ingredient_id, portion) VALUES (83, 115, 7);

INSERT INTO Recipe_Thematic_Unit (recipe_id, thematic_unit_id) VALUES (83, 7);

INSERT INTO Recipe (recipe_type, name, national_cuisine_id, difficulty_level, description, tip1, cooking_time, prep_time, portions, basic_ingredient_id, image_id) VALUES ('cooking', 'Dutch Oven Bread', 16, 1, 'Box two standard over rest. Attention allow avoid story character seat edge.', 'you need an oven', 141, 39, 7, 119, 112);

INSERT INTO Step (recipe_id, order_number, description) VALUES (84, 1, 'Result forward certainly prove produce for.');

INSERT INTO Step (recipe_id, order_number, description) VALUES (84, 2, 'Face interest during necessary each we.');

INSERT INTO Step (recipe_id, order_number, description) VALUES (84, 3, 'Standard rock then similar walk hair.');

INSERT INTO Step (recipe_id, order_number, description) VALUES (84, 4, 'Knowledge water tax lot fish religious.');

INSERT INTO Step (recipe_id, order_number, description) VALUES (84, 5, 'Whatever occur hundred understand place sound.');

INSERT INTO Nutritional_Info (recipe_id, fat_per_portion, carbs_per_portion, protein_per_portion) VALUES (84, 112, 185, 60);

INSERT INTO Recipe_Meal_Type (recipe_id, meal_type_id) VALUES (84, 2);

INSERT INTO Recipe_Meal_Type (recipe_id, meal_type_id) VALUES (84, 6);

INSERT INTO Recipe_Meal_Type (recipe_id, meal_type_id) VALUES (84, 1);

INSERT INTO Recipe_Label (recipe_id, label_id) VALUES (84, 4);

INSERT INTO Recipe_Label (recipe_id, label_id) VALUES (84, 9);

INSERT INTO Recipe_Label (recipe_id, label_id) VALUES (84, 10);

INSERT INTO Recipe_Equipment (recipe_id, equipment_id) VALUES (84, 23);

INSERT INTO Recipe_Equipment (recipe_id, equipment_id) VALUES (84, 32);

INSERT INTO Recipe_Equipment (recipe_id, equipment_id) VALUES (84, 31);

INSERT INTO Recipe_Equipment (recipe_id, equipment_id) VALUES (84, 16);

INSERT INTO Recipe_Equipment (recipe_id, equipment_id) VALUES (84, 37);

INSERT INTO Recipe_Equipment (recipe_id, equipment_id) VALUES (84, 38);

INSERT INTO Recipe_Ingredient (recipe_id, ingredient_id, portion) VALUES (84, 136, 1);

INSERT INTO Recipe_Ingredient (recipe_id, ingredient_id, portion) VALUES (84, 162, 1);

INSERT INTO Recipe_Ingredient (recipe_id, ingredient_id, portion) VALUES (84, 83, 3);

INSERT INTO Recipe_Ingredient (recipe_id, ingredient_id, portion) VALUES (84, 46, 5);

INSERT INTO Recipe_Ingredient (recipe_id, ingredient_id, portion) VALUES (84, 114, 8);

INSERT INTO Recipe_Ingredient (recipe_id, ingredient_id, portion) VALUES (84, 125, 4);

INSERT INTO Recipe_Ingredient (recipe_id, ingredient_id, portion) VALUES (84, 35, 7);

INSERT INTO Recipe_Ingredient (recipe_id, ingredient_id, portion) VALUES (84, 92, 8);

INSERT INTO Recipe_Ingredient (recipe_id, ingredient_id, portion) VALUES (84, 52, 8);

INSERT INTO Recipe_Ingredient (recipe_id, ingredient_id, portion) VALUES (84, 126, 8);

INSERT INTO Recipe_Ingredient (recipe_id, ingredient_id, portion) VALUES (84, 7, 1);

INSERT INTO Recipe_Ingredient (recipe_id, ingredient_id, portion) VALUES (84, 96, 7);

INSERT INTO Recipe_Ingredient (recipe_id, ingredient_id, portion) VALUES (84, 173, 1);

INSERT INTO Recipe_Ingredient (recipe_id, ingredient_id, portion) VALUES (84, 171, 6);

INSERT INTO Recipe_Ingredient (recipe_id, ingredient_id, portion) VALUES (84, 105, 8);

INSERT INTO Recipe_Ingredient (recipe_id, ingredient_id, portion) VALUES (84, 177, 5);

INSERT INTO Recipe_Ingredient (recipe_id, ingredient_id, portion) VALUES (84, 67, 2);

INSERT INTO Recipe_Ingredient (recipe_id, ingredient_id, portion) VALUES (84, 88, 4);

INSERT INTO Recipe_Ingredient (recipe_id, ingredient_id, portion) VALUES (84, 116, 3);

INSERT INTO Recipe_Thematic_Unit (recipe_id, thematic_unit_id) VALUES (84, 9);

INSERT INTO Recipe_Thematic_Unit (recipe_id, thematic_unit_id) VALUES (84, 7);

INSERT INTO Recipe (recipe_type, name, national_cuisine_id, difficulty_level, description, tip1, tip2, tip3, cooking_time, prep_time, portions, basic_ingredient_id, image_id) VALUES ('pastry', 'Potato Apple Roast', 17, 2, 'Crime those meeting fire support. Final practice power near. College oil item increase modern.', 'you can use leftovers', 'you need 2 people to make it', 'you need an oven', 148, 31, 2, 74, 113);

INSERT INTO Step (recipe_id, order_number, description) VALUES (85, 1, 'Suffer heavy order type begin.');

INSERT INTO Nutritional_Info (recipe_id, fat_per_portion, carbs_per_portion, protein_per_portion) VALUES (85, 191, 37, 46);

INSERT INTO Recipe_Meal_Type (recipe_id, meal_type_id) VALUES (85, 1);

INSERT INTO Recipe_Label (recipe_id, label_id) VALUES (85, 7);

INSERT INTO Recipe_Label (recipe_id, label_id) VALUES (85, 10);

INSERT INTO Recipe_Equipment (recipe_id, equipment_id) VALUES (85, 24);

INSERT INTO Recipe_Equipment (recipe_id, equipment_id) VALUES (85, 26);

INSERT INTO Recipe_Ingredient (recipe_id, ingredient_id, portion) VALUES (85, 78, 8);

INSERT INTO Recipe_Ingredient (recipe_id, ingredient_id, portion) VALUES (85, 167, 4);

INSERT INTO Recipe_Ingredient (recipe_id, ingredient_id, portion) VALUES (85, 113, 4);

INSERT INTO Recipe_Ingredient (recipe_id, ingredient_id, portion) VALUES (85, 39, 6);

INSERT INTO Recipe_Ingredient (recipe_id, ingredient_id, portion) VALUES (85, 199, 5);

INSERT INTO Recipe_Ingredient (recipe_id, ingredient_id, portion) VALUES (85, 133, 3);

INSERT INTO Recipe_Ingredient (recipe_id, ingredient_id, portion) VALUES (85, 148, 2);

INSERT INTO Recipe_Ingredient (recipe_id, ingredient_id, portion) VALUES (85, 162, 5);

INSERT INTO Recipe_Ingredient (recipe_id, ingredient_id, portion) VALUES (85, 129, 1);

INSERT INTO Recipe_Ingredient (recipe_id, ingredient_id, portion) VALUES (85, 52, 7);

INSERT INTO Recipe_Thematic_Unit (recipe_id, thematic_unit_id) VALUES (85, 12);

INSERT INTO Recipe_Thematic_Unit (recipe_id, thematic_unit_id) VALUES (85, 1);

INSERT INTO Recipe (recipe_type, name, national_cuisine_id, difficulty_level, description, tip1, cooking_time, prep_time, portions, basic_ingredient_id, image_id) VALUES ('cooking', 'Baking Powder Biscuits', 17, 3, 'Minute send community toward population college author year. Lose politics successful when worry. Write raise either business sure rather police into. Event behavior system.', 'better after 2 days', 17, 44, 3, 92, 114);

INSERT INTO Step (recipe_id, order_number, description) VALUES (86, 1, 'Word officer world recent.');

INSERT INTO Step (recipe_id, order_number, description) VALUES (86, 2, 'Plan smile institution old.');

INSERT INTO Step (recipe_id, order_number, description) VALUES (86, 3, 'Do north wonder.');

INSERT INTO Step (recipe_id, order_number, description) VALUES (86, 4, 'He experience card prevent mention ball throw.');

INSERT INTO Step (recipe_id, order_number, description) VALUES (86, 5, 'Lot his ground positive two film around.');

INSERT INTO Step (recipe_id, order_number, description) VALUES (86, 6, 'Good expert medical different door understand line.');

INSERT INTO Nutritional_Info (recipe_id, fat_per_portion, carbs_per_portion, protein_per_portion) VALUES (86, 114, 63, 187);

INSERT INTO Recipe_Meal_Type (recipe_id, meal_type_id) VALUES (86, 5);

INSERT INTO Recipe_Label (recipe_id, label_id) VALUES (86, 10);

INSERT INTO Recipe_Label (recipe_id, label_id) VALUES (86, 5);

INSERT INTO Recipe_Label (recipe_id, label_id) VALUES (86, 6);

INSERT INTO Recipe_Label (recipe_id, label_id) VALUES (86, 9);

INSERT INTO Recipe_Equipment (recipe_id, equipment_id) VALUES (86, 25);

INSERT INTO Recipe_Equipment (recipe_id, equipment_id) VALUES (86, 24);

INSERT INTO Recipe_Equipment (recipe_id, equipment_id) VALUES (86, 19);

INSERT INTO Recipe_Ingredient (recipe_id, ingredient_id, portion) VALUES (86, 42, 7);

INSERT INTO Recipe_Ingredient (recipe_id, ingredient_id, portion) VALUES (86, 65, 2);

INSERT INTO Recipe_Thematic_Unit (recipe_id, thematic_unit_id) VALUES (86, 14);

INSERT INTO Recipe (recipe_type, name, national_cuisine_id, difficulty_level, description, tip1, cooking_time, prep_time, portions, basic_ingredient_id, image_id) VALUES ('cooking', 'Sugar Cookies', 17, 1, 'Mission heart when these range wish. City by something. Teacher attorney happy special.', 'you need a lot of time', 54, 18, 5, 173, 115);

INSERT INTO Step (recipe_id, order_number, description) VALUES (87, 1, 'Music source sign those if keep attention.');

INSERT INTO Step (recipe_id, order_number, description) VALUES (87, 2, 'Suddenly purpose like.');

INSERT INTO Nutritional_Info (recipe_id, fat_per_portion, carbs_per_portion, protein_per_portion) VALUES (87, 172, 65, 209);

INSERT INTO Recipe_Meal_Type (recipe_id, meal_type_id) VALUES (87, 5);

INSERT INTO Recipe_Label (recipe_id, label_id) VALUES (87, 2);

INSERT INTO Recipe_Label (recipe_id, label_id) VALUES (87, 8);

INSERT INTO Recipe_Label (recipe_id, label_id) VALUES (87, 1);

INSERT INTO Recipe_Label (recipe_id, label_id) VALUES (87, 7);

INSERT INTO Recipe_Equipment (recipe_id, equipment_id) VALUES (87, 42);

INSERT INTO Recipe_Equipment (recipe_id, equipment_id) VALUES (87, 24);

INSERT INTO Recipe_Equipment (recipe_id, equipment_id) VALUES (87, 18);

INSERT INTO Recipe_Ingredient (recipe_id, ingredient_id, portion) VALUES (87, 47, 3);

INSERT INTO Recipe_Ingredient (recipe_id, ingredient_id, portion) VALUES (87, 7, 7);

INSERT INTO Recipe_Ingredient (recipe_id, ingredient_id, portion) VALUES (87, 59, 6);

INSERT INTO Recipe_Ingredient (recipe_id, ingredient_id, portion) VALUES (87, 122, 2);

INSERT INTO Recipe_Ingredient (recipe_id, ingredient_id, portion) VALUES (87, 154, 8);

INSERT INTO Recipe_Ingredient (recipe_id, ingredient_id, portion) VALUES (87, 188, 7);

INSERT INTO Recipe_Ingredient (recipe_id, ingredient_id, portion) VALUES (87, 94, 8);

INSERT INTO Recipe_Ingredient (recipe_id, ingredient_id, portion) VALUES (87, 101, 6);

INSERT INTO Recipe_Ingredient (recipe_id, ingredient_id, portion) VALUES (87, 189, 8);

INSERT INTO Recipe_Thematic_Unit (recipe_id, thematic_unit_id) VALUES (87, 14);

INSERT INTO Recipe_Thematic_Unit (recipe_id, thematic_unit_id) VALUES (87, 15);

INSERT INTO Recipe (recipe_type, name, national_cuisine_id, difficulty_level, description, tip1, cooking_time, prep_time, portions, basic_ingredient_id, image_id) VALUES ('pastry', 'Potato Curry', 17, 2, 'Heart our save rich. Course institution pretty reason. Company system develop turn series charge own anyone.', 'better without sugar', 149, 42, 5, 117, 116);

INSERT INTO Step (recipe_id, order_number, description) VALUES (88, 1, 'Floor form among perform fast service.');

INSERT INTO Step (recipe_id, order_number, description) VALUES (88, 2, 'This sell parent campaign surface practice.');

INSERT INTO Step (recipe_id, order_number, description) VALUES (88, 3, 'Instead anyone hotel head although.');

INSERT INTO Nutritional_Info (recipe_id, fat_per_portion, carbs_per_portion, protein_per_portion) VALUES (88, 86, 151, 175);

INSERT INTO Recipe_Meal_Type (recipe_id, meal_type_id) VALUES (88, 3);

INSERT INTO Recipe_Label (recipe_id, label_id) VALUES (88, 4);

INSERT INTO Recipe_Label (recipe_id, label_id) VALUES (88, 8);

INSERT INTO Recipe_Label (recipe_id, label_id) VALUES (88, 1);

INSERT INTO Recipe_Label (recipe_id, label_id) VALUES (88, 10);

INSERT INTO Recipe_Equipment (recipe_id, equipment_id) VALUES (88, 18);

INSERT INTO Recipe_Equipment (recipe_id, equipment_id) VALUES (88, 23);

INSERT INTO Recipe_Equipment (recipe_id, equipment_id) VALUES (88, 14);

INSERT INTO Recipe_Equipment (recipe_id, equipment_id) VALUES (88, 36);

INSERT INTO Recipe_Equipment (recipe_id, equipment_id) VALUES (88, 24);

INSERT INTO Recipe_Equipment (recipe_id, equipment_id) VALUES (88, 19);

INSERT INTO Recipe_Equipment (recipe_id, equipment_id) VALUES (88, 42);

INSERT INTO Recipe_Equipment (recipe_id, equipment_id) VALUES (88, 8);

INSERT INTO Recipe_Ingredient (recipe_id, ingredient_id, portion) VALUES (88, 158, 5);

INSERT INTO Recipe_Ingredient (recipe_id, ingredient_id, portion) VALUES (88, 131, 6);

INSERT INTO Recipe_Ingredient (recipe_id, ingredient_id, portion) VALUES (88, 34, 3);

INSERT INTO Recipe_Ingredient (recipe_id, ingredient_id, portion) VALUES (88, 174, 7);

INSERT INTO Recipe_Ingredient (recipe_id, ingredient_id, portion) VALUES (88, 79, 6);

INSERT INTO Recipe_Ingredient (recipe_id, ingredient_id, portion) VALUES (88, 181, 5);

INSERT INTO Recipe_Ingredient (recipe_id, ingredient_id, portion) VALUES (88, 75, 1);

INSERT INTO Recipe_Ingredient (recipe_id, ingredient_id, portion) VALUES (88, 123, 7);

INSERT INTO Recipe_Ingredient (recipe_id, ingredient_id, portion) VALUES (88, 65, 7);

INSERT INTO Recipe_Ingredient (recipe_id, ingredient_id, portion) VALUES (88, 142, 1);

INSERT INTO Recipe_Ingredient (recipe_id, ingredient_id, portion) VALUES (88, 92, 3);

INSERT INTO Recipe_Ingredient (recipe_id, ingredient_id, portion) VALUES (88, 159, 7);

INSERT INTO Recipe_Thematic_Unit (recipe_id, thematic_unit_id) VALUES (88, 2);

INSERT INTO Recipe_Thematic_Unit (recipe_id, thematic_unit_id) VALUES (88, 6);

INSERT INTO Recipe_Thematic_Unit (recipe_id, thematic_unit_id) VALUES (88, 4);

INSERT INTO Recipe (recipe_type, name, national_cuisine_id, difficulty_level, description, tip1, cooking_time, prep_time, portions, basic_ingredient_id, image_id) VALUES ('cooking', 'Bucatini all Amatriciana', 17, 3, 'Attorney beautiful expert card significant quite. Cultural town could couple. Each toward summer boy home.', 'better with butter instead of milk', 73, 28, 2, 70, 117);

INSERT INTO Step (recipe_id, order_number, description) VALUES (89, 1, 'Our worker development close.');

INSERT INTO Step (recipe_id, order_number, description) VALUES (89, 2, 'Staff including hard few color.');

INSERT INTO Step (recipe_id, order_number, description) VALUES (89, 3, 'Success move machine.');

INSERT INTO Nutritional_Info (recipe_id, fat_per_portion, carbs_per_portion, protein_per_portion) VALUES (89, 375, 132, 244);

INSERT INTO Recipe_Meal_Type (recipe_id, meal_type_id) VALUES (89, 6);

INSERT INTO Recipe_Meal_Type (recipe_id, meal_type_id) VALUES (89, 3);

INSERT INTO Recipe_Meal_Type (recipe_id, meal_type_id) VALUES (89, 2);

INSERT INTO Recipe_Label (recipe_id, label_id) VALUES (89, 6);

INSERT INTO Recipe_Label (recipe_id, label_id) VALUES (89, 9);

INSERT INTO Recipe_Label (recipe_id, label_id) VALUES (89, 4);

INSERT INTO Recipe_Label (recipe_id, label_id) VALUES (89, 2);

INSERT INTO Recipe_Equipment (recipe_id, equipment_id) VALUES (89, 42);

INSERT INTO Recipe_Equipment (recipe_id, equipment_id) VALUES (89, 47);

INSERT INTO Recipe_Equipment (recipe_id, equipment_id) VALUES (89, 1);

INSERT INTO Recipe_Equipment (recipe_id, equipment_id) VALUES (89, 39);

INSERT INTO Recipe_Equipment (recipe_id, equipment_id) VALUES (89, 19);

INSERT INTO Recipe_Equipment (recipe_id, equipment_id) VALUES (89, 45);

INSERT INTO Recipe_Ingredient (recipe_id, ingredient_id, portion) VALUES (89, 117, 3);

INSERT INTO Recipe_Ingredient (recipe_id, ingredient_id, portion) VALUES (89, 42, 2);

INSERT INTO Recipe_Ingredient (recipe_id, ingredient_id, portion) VALUES (89, 163, 7);

INSERT INTO Recipe_Ingredient (recipe_id, ingredient_id, portion) VALUES (89, 62, 5);

INSERT INTO Recipe_Ingredient (recipe_id, ingredient_id, portion) VALUES (89, 44, 4);

INSERT INTO Recipe_Ingredient (recipe_id, ingredient_id, portion) VALUES (89, 126, 5);

INSERT INTO Recipe_Ingredient (recipe_id, ingredient_id, portion) VALUES (89, 116, 3);

INSERT INTO Recipe_Ingredient (recipe_id, ingredient_id, portion) VALUES (89, 143, 2);

INSERT INTO Recipe_Ingredient (recipe_id, ingredient_id, portion) VALUES (89, 8, 2);

INSERT INTO Recipe_Ingredient (recipe_id, ingredient_id, portion) VALUES (89, 168, 7);

INSERT INTO Recipe_Ingredient (recipe_id, ingredient_id, portion) VALUES (89, 23, 5);

INSERT INTO Recipe_Ingredient (recipe_id, ingredient_id, portion) VALUES (89, 165, 7);

INSERT INTO Recipe_Thematic_Unit (recipe_id, thematic_unit_id) VALUES (89, 15);

INSERT INTO Recipe_Thematic_Unit (recipe_id, thematic_unit_id) VALUES (89, 13);

INSERT INTO Recipe_Thematic_Unit (recipe_id, thematic_unit_id) VALUES (89, 6);

INSERT INTO Recipe (recipe_type, name, national_cuisine_id, difficulty_level, description, tip1, cooking_time, prep_time, portions, basic_ingredient_id, image_id) VALUES ('cooking', 'Brioche Chocolate Rolls', 18, 5, 'Drive page way white thank education. Design deal how soon tough prove.', 'you need to use your hands', 71, 26, 8, 54, 118);

INSERT INTO Step (recipe_id, order_number, description) VALUES (90, 1, 'Hospital present too light.');

INSERT INTO Step (recipe_id, order_number, description) VALUES (90, 2, 'Number watch them cause eye.');

INSERT INTO Step (recipe_id, order_number, description) VALUES (90, 3, 'Water herself blood for pretty.');

INSERT INTO Step (recipe_id, order_number, description) VALUES (90, 4, 'Thing she term music.');

INSERT INTO Step (recipe_id, order_number, description) VALUES (90, 5, 'Rate challenge anything business.');

INSERT INTO Nutritional_Info (recipe_id, fat_per_portion, carbs_per_portion, protein_per_portion) VALUES (90, 163, 30, 215);

INSERT INTO Recipe_Meal_Type (recipe_id, meal_type_id) VALUES (90, 1);

INSERT INTO Recipe_Label (recipe_id, label_id) VALUES (90, 5);

INSERT INTO Recipe_Label (recipe_id, label_id) VALUES (90, 3);

INSERT INTO Recipe_Equipment (recipe_id, equipment_id) VALUES (90, 41);

INSERT INTO Recipe_Equipment (recipe_id, equipment_id) VALUES (90, 16);

INSERT INTO Recipe_Equipment (recipe_id, equipment_id) VALUES (90, 44);

INSERT INTO Recipe_Equipment (recipe_id, equipment_id) VALUES (90, 5);

INSERT INTO Recipe_Equipment (recipe_id, equipment_id) VALUES (90, 36);

INSERT INTO Recipe_Equipment (recipe_id, equipment_id) VALUES (90, 12);

INSERT INTO Recipe_Equipment (recipe_id, equipment_id) VALUES (90, 32);

INSERT INTO Recipe_Equipment (recipe_id, equipment_id) VALUES (90, 6);

INSERT INTO Recipe_Equipment (recipe_id, equipment_id) VALUES (90, 11);

INSERT INTO Recipe_Ingredient (recipe_id, ingredient_id, portion) VALUES (90, 153, 8);

INSERT INTO Recipe_Ingredient (recipe_id, ingredient_id, portion) VALUES (90, 133, 7);

INSERT INTO Recipe_Ingredient (recipe_id, ingredient_id, portion) VALUES (90, 27, 2);

INSERT INTO Recipe_Ingredient (recipe_id, ingredient_id, portion) VALUES (90, 190, 3);

INSERT INTO Recipe_Ingredient (recipe_id, ingredient_id, portion) VALUES (90, 120, 7);

INSERT INTO Recipe_Ingredient (recipe_id, ingredient_id, portion) VALUES (90, 20, 4);

INSERT INTO Recipe_Ingredient (recipe_id, ingredient_id, portion) VALUES (90, 123, 8);

INSERT INTO Recipe_Thematic_Unit (recipe_id, thematic_unit_id) VALUES (90, 14);

INSERT INTO Recipe_Thematic_Unit (recipe_id, thematic_unit_id) VALUES (90, 6);

INSERT INTO Recipe (recipe_type, name, national_cuisine_id, difficulty_level, description, tip1, cooking_time, prep_time, portions, basic_ingredient_id, image_id) VALUES ('pastry', 'Naan', 18, 3, 'May least enough them consider affect official. Message Republican black about. Within theory on sea American type.', 'you need to use your hands', 77, 8, 4, 193, 119);

INSERT INTO Step (recipe_id, order_number, description) VALUES (91, 1, 'Cold crime whatever throughout stay product.');

INSERT INTO Step (recipe_id, order_number, description) VALUES (91, 2, 'Ever way note.');

INSERT INTO Step (recipe_id, order_number, description) VALUES (91, 3, 'Imagine culture available option owner.');

INSERT INTO Step (recipe_id, order_number, description) VALUES (91, 4, 'Control religious necessary structure.');

INSERT INTO Step (recipe_id, order_number, description) VALUES (91, 5, 'Tree four keep series can small.');

INSERT INTO Step (recipe_id, order_number, description) VALUES (91, 6, 'Plan treat director financial sister.');

INSERT INTO Step (recipe_id, order_number, description) VALUES (91, 7, 'Daughter then yes happen.');

INSERT INTO Step (recipe_id, order_number, description) VALUES (91, 8, 'Return character resource take administration six.');

INSERT INTO Nutritional_Info (recipe_id, fat_per_portion, carbs_per_portion, protein_per_portion) VALUES (91, 51, 122, 175);

INSERT INTO Recipe_Meal_Type (recipe_id, meal_type_id) VALUES (91, 6);

INSERT INTO Recipe_Meal_Type (recipe_id, meal_type_id) VALUES (91, 4);

INSERT INTO Recipe_Label (recipe_id, label_id) VALUES (91, 10);

INSERT INTO Recipe_Label (recipe_id, label_id) VALUES (91, 6);

INSERT INTO Recipe_Label (recipe_id, label_id) VALUES (91, 1);

INSERT INTO Recipe_Equipment (recipe_id, equipment_id) VALUES (91, 25);

INSERT INTO Recipe_Equipment (recipe_id, equipment_id) VALUES (91, 12);

INSERT INTO Recipe_Equipment (recipe_id, equipment_id) VALUES (91, 3);

INSERT INTO Recipe_Equipment (recipe_id, equipment_id) VALUES (91, 50);

INSERT INTO Recipe_Equipment (recipe_id, equipment_id) VALUES (91, 2);

INSERT INTO Recipe_Equipment (recipe_id, equipment_id) VALUES (91, 46);

INSERT INTO Recipe_Equipment (recipe_id, equipment_id) VALUES (91, 21);

INSERT INTO Recipe_Equipment (recipe_id, equipment_id) VALUES (91, 32);

INSERT INTO Recipe_Ingredient (recipe_id, ingredient_id, portion) VALUES (91, 183, 1);

INSERT INTO Recipe_Ingredient (recipe_id, ingredient_id, portion) VALUES (91, 12, 5);

INSERT INTO Recipe_Ingredient (recipe_id, ingredient_id, portion) VALUES (91, 115, 8);

INSERT INTO Recipe_Ingredient (recipe_id, ingredient_id, portion) VALUES (91, 141, 8);

INSERT INTO Recipe_Ingredient (recipe_id, ingredient_id, portion) VALUES (91, 13, 1);

INSERT INTO Recipe_Thematic_Unit (recipe_id, thematic_unit_id) VALUES (91, 5);

INSERT INTO Recipe (recipe_type, name, national_cuisine_id, difficulty_level, description, tip1, tip2, tip3, cooking_time, prep_time, portions, basic_ingredient_id, image_id) VALUES ('pastry', 'Lemon Poppy Seed Scones', 18, 5, 'What brother shoulder team cold practice cause. Kind rather he amount case require eat. Always because until policy direction.', 'better after 2 days', 'better with butter instead of milk', 'you can store iy outside the fridge', 108, 4, 5, 199, 120);

INSERT INTO Step (recipe_id, order_number, description) VALUES (92, 1, 'Arm across sit.');

INSERT INTO Step (recipe_id, order_number, description) VALUES (92, 2, 'Adult fight section natural safe health fire.');

INSERT INTO Step (recipe_id, order_number, description) VALUES (92, 3, 'Bit season form task.');

INSERT INTO Step (recipe_id, order_number, description) VALUES (92, 4, 'Property already research training.');

INSERT INTO Step (recipe_id, order_number, description) VALUES (92, 5, 'Score ago compare.');

INSERT INTO Step (recipe_id, order_number, description) VALUES (92, 6, 'Across reality show skill represent which process.');

INSERT INTO Step (recipe_id, order_number, description) VALUES (92, 7, 'Rule system writer treatment possible.');

INSERT INTO Step (recipe_id, order_number, description) VALUES (92, 8, 'Some agree find why glass.');

INSERT INTO Nutritional_Info (recipe_id, fat_per_portion, carbs_per_portion, protein_per_portion) VALUES (92, 362, 61, 134);

INSERT INTO Recipe_Meal_Type (recipe_id, meal_type_id) VALUES (92, 6);

INSERT INTO Recipe_Label (recipe_id, label_id) VALUES (92, 4);

INSERT INTO Recipe_Label (recipe_id, label_id) VALUES (92, 5);

INSERT INTO Recipe_Label (recipe_id, label_id) VALUES (92, 1);

INSERT INTO Recipe_Equipment (recipe_id, equipment_id) VALUES (92, 25);

INSERT INTO Recipe_Equipment (recipe_id, equipment_id) VALUES (92, 15);

INSERT INTO Recipe_Equipment (recipe_id, equipment_id) VALUES (92, 42);

INSERT INTO Recipe_Ingredient (recipe_id, ingredient_id, portion) VALUES (92, 194, 8);

INSERT INTO Recipe_Ingredient (recipe_id, ingredient_id, portion) VALUES (92, 54, 3);

INSERT INTO Recipe_Ingredient (recipe_id, ingredient_id, portion) VALUES (92, 161, 2);

INSERT INTO Recipe_Ingredient (recipe_id, ingredient_id, portion) VALUES (92, 189, 1);

INSERT INTO Recipe_Ingredient (recipe_id, ingredient_id, portion) VALUES (92, 124, 8);

INSERT INTO Recipe_Ingredient (recipe_id, ingredient_id, portion) VALUES (92, 198, 6);

INSERT INTO Recipe_Ingredient (recipe_id, ingredient_id, portion) VALUES (92, 160, 5);

INSERT INTO Recipe_Ingredient (recipe_id, ingredient_id, portion) VALUES (92, 101, 7);

INSERT INTO Recipe_Ingredient (recipe_id, ingredient_id, portion) VALUES (92, 100, 7);

INSERT INTO Recipe_Ingredient (recipe_id, ingredient_id, portion) VALUES (92, 163, 8);

INSERT INTO Recipe_Ingredient (recipe_id, ingredient_id, portion) VALUES (92, 76, 1);

INSERT INTO Recipe_Ingredient (recipe_id, ingredient_id, portion) VALUES (92, 36, 6);

INSERT INTO Recipe_Thematic_Unit (recipe_id, thematic_unit_id) VALUES (92, 6);

INSERT INTO Recipe_Thematic_Unit (recipe_id, thematic_unit_id) VALUES (92, 2);

INSERT INTO Recipe (recipe_type, name, national_cuisine_id, difficulty_level, description, tip1, cooking_time, prep_time, portions, basic_ingredient_id, image_id) VALUES ('cooking', 'Balsamic Dijon Root Vegetables', 18, 1, 'Course employee traditional here.', 'better with gloves', 119, 11, 5, 154, 121);

INSERT INTO Step (recipe_id, order_number, description) VALUES (93, 1, 'Make report policy everyone its.');

INSERT INTO Step (recipe_id, order_number, description) VALUES (93, 2, 'Drop call page.');

INSERT INTO Step (recipe_id, order_number, description) VALUES (93, 3, 'Feeling happen work want.');

INSERT INTO Step (recipe_id, order_number, description) VALUES (93, 4, 'Line indicate today never she.');

INSERT INTO Nutritional_Info (recipe_id, fat_per_portion, carbs_per_portion, protein_per_portion) VALUES (93, 110, 65, 38);

INSERT INTO Recipe_Meal_Type (recipe_id, meal_type_id) VALUES (93, 5);

INSERT INTO Recipe_Meal_Type (recipe_id, meal_type_id) VALUES (93, 2);

INSERT INTO Recipe_Meal_Type (recipe_id, meal_type_id) VALUES (93, 3);

INSERT INTO Recipe_Label (recipe_id, label_id) VALUES (93, 8);

INSERT INTO Recipe_Label (recipe_id, label_id) VALUES (93, 7);

INSERT INTO Recipe_Label (recipe_id, label_id) VALUES (93, 2);

INSERT INTO Recipe_Label (recipe_id, label_id) VALUES (93, 3);

INSERT INTO Recipe_Equipment (recipe_id, equipment_id) VALUES (93, 24);

INSERT INTO Recipe_Equipment (recipe_id, equipment_id) VALUES (93, 49);

INSERT INTO Recipe_Equipment (recipe_id, equipment_id) VALUES (93, 26);

INSERT INTO Recipe_Equipment (recipe_id, equipment_id) VALUES (93, 11);

INSERT INTO Recipe_Equipment (recipe_id, equipment_id) VALUES (93, 25);

INSERT INTO Recipe_Equipment (recipe_id, equipment_id) VALUES (93, 45);

INSERT INTO Recipe_Equipment (recipe_id, equipment_id) VALUES (93, 16);

INSERT INTO Recipe_Equipment (recipe_id, equipment_id) VALUES (93, 36);

INSERT INTO Recipe_Equipment (recipe_id, equipment_id) VALUES (93, 18);

INSERT INTO Recipe_Ingredient (recipe_id, ingredient_id, portion) VALUES (93, 113, 
8);

INSERT INTO Recipe_Ingredient (recipe_id, ingredient_id, portion) VALUES (93, 170, 5);

INSERT INTO Recipe_Thematic_Unit (recipe_id, thematic_unit_id) VALUES (93, 15);

INSERT INTO Recipe (recipe_type, name, national_cuisine_id, difficulty_level, description, tip1, cooking_time, prep_time, portions, basic_ingredient_id, image_id) VALUES ('cooking', 'Best Baked Chicken Legs', 18, 3, 'Area agent dinner pay spend night. Claim property statement agency cold his. People send consumer.', 'better with feta cheese', 92, 23, 5, 77, 122);

INSERT INTO Step (recipe_id, order_number, description) VALUES (94, 1, 'Call hard plan late popular recently grow then.');

INSERT INTO Nutritional_Info (recipe_id, fat_per_portion, carbs_per_portion, protein_per_portion) VALUES (94, 392, 148, 59);

INSERT INTO Recipe_Meal_Type (recipe_id, meal_type_id) VALUES (94, 1);

INSERT INTO Recipe_Meal_Type (recipe_id, meal_type_id) VALUES (94, 5);

INSERT INTO Recipe_Meal_Type (recipe_id, meal_type_id) VALUES (94, 6);

INSERT INTO Recipe_Label (recipe_id, label_id) VALUES (94, 1);

INSERT INTO Recipe_Label (recipe_id, label_id) VALUES (94, 8);

INSERT INTO Recipe_Equipment (recipe_id, equipment_id) VALUES (94, 21);

INSERT INTO Recipe_Ingredient (recipe_id, ingredient_id, portion) VALUES (94, 62, 7);

INSERT INTO Recipe_Thematic_Unit (recipe_id, thematic_unit_id) VALUES (94, 13);

INSERT INTO Recipe_Thematic_Unit (recipe_id, thematic_unit_id) VALUES (94, 11);

INSERT INTO Recipe (recipe_type, name, national_cuisine_id, difficulty_level, description, tip1, tip2, cooking_time, prep_time, portions, basic_ingredient_id, image_id) VALUES ('pastry', 'Spanish Lentil Soup', 19, 5, 'Language place once accept. Similar tough middle court adult open them. Brother nor teacher establish table do.', 'you need 2 people to make it', 'better after 2 days', 126, 2, 2, 21, 123);

INSERT INTO Step (recipe_id, order_number, description) VALUES (95, 1, 'Right level story society decision drug.');

INSERT INTO Nutritional_Info (recipe_id, fat_per_portion, carbs_per_portion, protein_per_portion) VALUES (95, 171, 174, 173);

INSERT INTO Recipe_Meal_Type (recipe_id, meal_type_id) VALUES (95, 3);

INSERT INTO Recipe_Label (recipe_id, label_id) VALUES (95, 6);

INSERT INTO Recipe_Label (recipe_id, label_id) VALUES (95, 4);

INSERT INTO Recipe_Label (recipe_id, label_id) VALUES (95, 7);

INSERT INTO Recipe_Label (recipe_id, label_id) VALUES (95, 8);

INSERT INTO Recipe_Equipment (recipe_id, equipment_id) VALUES (95, 14);

INSERT INTO Recipe_Equipment (recipe_id, equipment_id) VALUES (95, 16);

INSERT INTO Recipe_Equipment (recipe_id, equipment_id) VALUES (95, 49);

INSERT INTO Recipe_Equipment (recipe_id, equipment_id) VALUES (95, 18);

INSERT INTO Recipe_Equipment (recipe_id, equipment_id) VALUES (95, 8);

INSERT INTO Recipe_Equipment (recipe_id, equipment_id) VALUES (95, 39);

INSERT INTO Recipe_Ingredient (recipe_id, ingredient_id, portion) VALUES (95, 116, 8);

INSERT INTO Recipe_Ingredient (recipe_id, ingredient_id, portion) VALUES (95, 54, 7);

INSERT INTO Recipe_Ingredient (recipe_id, ingredient_id, portion) VALUES (95, 176, 2);

INSERT INTO Recipe_Ingredient (recipe_id, ingredient_id, portion) VALUES (95, 65, 4);

INSERT INTO Recipe_Ingredient (recipe_id, ingredient_id, portion) VALUES (95, 195, 5);

INSERT INTO Recipe_Ingredient (recipe_id, ingredient_id, portion) VALUES (95, 129, 6);

INSERT INTO Recipe_Ingredient (recipe_id, ingredient_id, portion) VALUES (95, 1, 8);

INSERT INTO Recipe_Ingredient (recipe_id, ingredient_id, portion) VALUES (95, 40, 7);

INSERT INTO Recipe_Ingredient (recipe_id, ingredient_id, portion) VALUES (95, 64, 3);

INSERT INTO Recipe_Ingredient (recipe_id, ingredient_id, portion) VALUES (95, 58, 4);

INSERT INTO Recipe_Ingredient (recipe_id, ingredient_id, portion) VALUES (95, 46, 5);

INSERT INTO Recipe_Ingredient (recipe_id, ingredient_id, portion) VALUES (95, 117, 8);

INSERT INTO Recipe_Ingredient (recipe_id, ingredient_id, portion) VALUES (95, 103, 8);

INSERT INTO Recipe_Ingredient (recipe_id, ingredient_id, portion) VALUES (95, 19, 8);

INSERT INTO Recipe_Ingredient (recipe_id, ingredient_id, portion) VALUES (95, 28, 7);

INSERT INTO Recipe_Ingredient (recipe_id, ingredient_id, portion) VALUES (95, 139, 7);

INSERT INTO Recipe_Ingredient (recipe_id, ingredient_id, portion) VALUES (95, 84, 6);

INSERT INTO Recipe_Ingredient (recipe_id, ingredient_id, portion) VALUES (95, 154, 4);

INSERT INTO Recipe_Ingredient (recipe_id, ingredient_id, portion) VALUES (95, 193, 3);

INSERT INTO Recipe_Ingredient (recipe_id, ingredient_id, portion) VALUES (95, 36, 8);

INSERT INTO Recipe_Thematic_Unit (recipe_id, thematic_unit_id) VALUES (95, 3);

INSERT INTO Recipe_Thematic_Unit (recipe_id, thematic_unit_id) VALUES (95, 9);

INSERT INTO Recipe_Thematic_Unit (recipe_id, thematic_unit_id) VALUES (95, 2);

INSERT INTO Recipe (recipe_type, name, national_cuisine_id, difficulty_level, description, tip1, cooking_time, prep_time, portions, basic_ingredient_id, image_id) VALUES ('pastry', 'Chocolate Chip Irish Soda Bread', 19, 4, 'Something child into PM data. Make professional before north various water actually. Green may suffer standard stay clearly. Situation produce part from.', 'better with slow cooking', 109, 33, 8, 13, 124);

INSERT INTO Step (recipe_id, order_number, description) VALUES (96, 1, 'Walk book remain deal.');

INSERT INTO Step (recipe_id, order_number, description) VALUES (96, 2, 'Trip argue keep decade history leader treat we.');

INSERT INTO Step (recipe_id, order_number, description) VALUES (96, 3, 'Would medical do.');

INSERT INTO Step (recipe_id, order_number, description) VALUES (96, 4, 'Medical near across game.');

INSERT INTO Step (recipe_id, order_number, description) VALUES (96, 5, 'Major environment itself fear.');

INSERT INTO Step (recipe_id, order_number, description) VALUES (96, 6, 'Member political style experience political range.');

INSERT INTO Step (recipe_id, order_number, description) VALUES (96, 7, 'Choose design safe color why yourself toward.');

INSERT INTO Step (recipe_id, order_number, description) VALUES (96, 8, 'Popular next state since present.');

INSERT INTO Nutritional_Info (recipe_id, fat_per_portion, carbs_per_portion, protein_per_portion) VALUES (96, 218, 173, 134);

INSERT INTO Recipe_Meal_Type (recipe_id, meal_type_id) VALUES (96, 3);

INSERT INTO Recipe_Meal_Type (recipe_id, meal_type_id) VALUES (96, 6);

INSERT INTO Recipe_Label (recipe_id, label_id) VALUES (96, 6);

INSERT INTO Recipe_Equipment (recipe_id, equipment_id) VALUES (96, 21);

INSERT INTO Recipe_Equipment (recipe_id, equipment_id) VALUES (96, 18);

INSERT INTO Recipe_Equipment (recipe_id, equipment_id) VALUES (96, 2);

INSERT INTO Recipe_Equipment (recipe_id, equipment_id) VALUES (96, 15);

INSERT INTO Recipe_Equipment (recipe_id, equipment_id) VALUES (96, 41);

INSERT INTO Recipe_Ingredient (recipe_id, ingredient_id, portion) VALUES (96, 57, 4);

INSERT INTO Recipe_Ingredient (recipe_id, ingredient_id, portion) VALUES (96, 45, 5);

INSERT INTO Recipe_Ingredient (recipe_id, ingredient_id, portion) VALUES (96, 169, 2);

INSERT INTO Recipe_Ingredient (recipe_id, ingredient_id, portion) VALUES (96, 48, 2);

INSERT INTO Recipe_Ingredient (recipe_id, ingredient_id, portion) VALUES (96, 103, 8);

INSERT INTO Recipe_Ingredient (recipe_id, ingredient_id, portion) VALUES (96, 14, 1);

INSERT INTO Recipe_Thematic_Unit (recipe_id, thematic_unit_id) VALUES (96, 11);

INSERT INTO Recipe (recipe_type, name, national_cuisine_id, difficulty_level, description, tip1, cooking_time, prep_time, portions, basic_ingredient_id, image_id) VALUES ('cooking', 'Malteese Gilatti', 19, 4, 'Describe civil its year. Others under billion seven personal possible. Manage organization hour shake as protect maybe.', 'in the fridge for 3 days', 117, 30, 1, 101, 125);

INSERT INTO Step (recipe_id, order_number, description) VALUES (97, 1, 'Not open some catch baby simply born.');

INSERT INTO Step (recipe_id, order_number, description) VALUES (97, 2, 'Full bill end professor value available check.');

INSERT INTO Step (recipe_id, order_number, description) VALUES (97, 3, 'Cover kid news listen.');

INSERT INTO Step (recipe_id, order_number, description) VALUES (97, 4, 'East or professor matter simply with.');

INSERT INTO Step (recipe_id, order_number, description) VALUES (97, 5, 'Draw agree simply walk join decision.');

INSERT INTO Step (recipe_id, order_number, description) VALUES (97, 6, 'Ok thought once car.');

INSERT INTO Step (recipe_id, order_number, description) VALUES (97, 7, 'Wife fast dog.');

INSERT INTO Step (recipe_id, order_number, description) VALUES (97, 8, 'West about heavy by organization enough.');

INSERT INTO Nutritional_Info (recipe_id, fat_per_portion, carbs_per_portion, protein_per_portion) VALUES (97, 353, 55, 196);

INSERT INTO Recipe_Meal_Type (recipe_id, meal_type_id) VALUES (97, 1);

INSERT INTO Recipe_Meal_Type (recipe_id, meal_type_id) VALUES (97, 2);

INSERT INTO Recipe_Label (recipe_id, label_id) VALUES (97, 3);

INSERT INTO Recipe_Label (recipe_id, label_id) VALUES (97, 10);

INSERT INTO Recipe_Label (recipe_id, label_id) VALUES (97, 7);

INSERT INTO Recipe_Label (recipe_id, label_id) VALUES (97, 2);

INSERT INTO Recipe_Equipment (recipe_id, equipment_id) VALUES (97, 17);

INSERT INTO Recipe_Equipment (recipe_id, equipment_id) VALUES (97, 50);

INSERT INTO Recipe_Equipment (recipe_id, equipment_id) VALUES (97, 25);

INSERT INTO Recipe_Equipment (recipe_id, equipment_id) VALUES (97, 31);

INSERT INTO Recipe_Ingredient (recipe_id, ingredient_id, portion) VALUES (97, 172, 7);

INSERT INTO Recipe_Ingredient (recipe_id, ingredient_id, portion) VALUES (97, 182, 5);

INSERT INTO Recipe_Ingredient (recipe_id, ingredient_id, portion) VALUES (97, 98, 4);

INSERT INTO Recipe_Ingredient (recipe_id, ingredient_id, portion) VALUES (97, 50, 2);

INSERT INTO Recipe_Thematic_Unit (recipe_id, thematic_unit_id) VALUES (97, 3);

INSERT INTO Recipe_Thematic_Unit (recipe_id, thematic_unit_id) VALUES (97, 6);

INSERT INTO Recipe_Thematic_Unit (recipe_id, thematic_unit_id) VALUES (97, 8);

INSERT INTO Recipe (recipe_type, name, national_cuisine_id, difficulty_level, description, tip1, cooking_time, prep_time, portions, basic_ingredient_id, image_id) VALUES ('cooking', 'Buckwheat Carrot and Onion', 19, 4, 'International paper bill friend maybe activity. Three moment then book pattern themselves firm.', 'it needs a fridge', 31, 32, 6, 123, 126);

INSERT INTO Step (recipe_id, order_number, description) VALUES (98, 1, 'Sport message none program condition pick quite worry.');

INSERT INTO Step (recipe_id, order_number, description) VALUES (98, 2, 'He study fear son source foot where.');

INSERT INTO Step (recipe_id, order_number, description) VALUES (98, 3, 'Often receive goal if produce foot lead new.');

INSERT INTO Nutritional_Info (recipe_id, fat_per_portion, carbs_per_portion, protein_per_portion) VALUES (98, 239, 131, 62);

INSERT INTO Recipe_Meal_Type (recipe_id, meal_type_id) VALUES (98, 1);

INSERT INTO Recipe_Meal_Type (recipe_id, meal_type_id) VALUES (98, 3);

INSERT INTO Recipe_Label (recipe_id, label_id) VALUES (98, 7);

INSERT INTO Recipe_Label (recipe_id, label_id) VALUES (98, 9);

INSERT INTO Recipe_Label (recipe_id, label_id) VALUES (98, 5);

INSERT INTO Recipe_Equipment (recipe_id, equipment_id) VALUES (98, 32);

INSERT INTO Recipe_Equipment (recipe_id, equipment_id) VALUES (98, 14);

INSERT INTO Recipe_Ingredient (recipe_id, ingredient_id, portion) VALUES (98, 43, 1);

INSERT INTO Recipe_Ingredient (recipe_id, ingredient_id, portion) VALUES (98, 51, 5);

INSERT INTO Recipe_Ingredient (recipe_id, ingredient_id, portion) VALUES (98, 173, 2);

INSERT INTO Recipe_Thematic_Unit (recipe_id, thematic_unit_id) VALUES (98, 13);

INSERT INTO Recipe (recipe_type, name, national_cuisine_id, difficulty_level, description, tip1, cooking_time, prep_time, portions, basic_ingredient_id, image_id) VALUES ('pastry', 'Sweet Potatoes with Yogurt and Chickpeas', 19, 4, 'But director wish benefit beyond moment. Kid small computer college. Citizen long between unit.', 'you can use leftovers', 35, 30, 3, 47, 127);

INSERT INTO Step (recipe_id, order_number, description) VALUES (99, 1, 'Hundred apply people live health.');

INSERT INTO Nutritional_Info (recipe_id, fat_per_portion, carbs_per_portion, protein_per_portion) VALUES (99, 270, 63, 223);

INSERT INTO Recipe_Meal_Type (recipe_id, meal_type_id) VALUES (99, 6);

INSERT INTO Recipe_Label (recipe_id, label_id) VALUES (99, 5);

INSERT INTO Recipe_Label (recipe_id, label_id) VALUES (99, 3);

INSERT INTO Recipe_Equipment (recipe_id, equipment_id) VALUES (99, 20);

INSERT INTO Recipe_Equipment (recipe_id, equipment_id) VALUES (99, 45);

INSERT INTO Recipe_Equipment (recipe_id, equipment_id) VALUES (99, 16);

INSERT INTO Recipe_Equipment (recipe_id, equipment_id) VALUES (99, 31);

INSERT INTO Recipe_Equipment (recipe_id, equipment_id) VALUES (99, 37);

INSERT INTO Recipe_Equipment (recipe_id, equipment_id) VALUES (99, 30);

INSERT INTO Recipe_Equipment (recipe_id, equipment_id) VALUES (99, 44);

INSERT INTO Recipe_Equipment (recipe_id, equipment_id) VALUES (99, 33);

INSERT INTO Recipe_Equipment (recipe_id, equipment_id) VALUES (99, 36);

INSERT INTO Recipe_Ingredient (recipe_id, ingredient_id, portion) VALUES (99, 45, 4);

INSERT INTO Recipe_Ingredient (recipe_id, ingredient_id, portion) VALUES (99, 67, 3);

INSERT INTO Recipe_Ingredient (recipe_id, ingredient_id, portion) VALUES (99, 159, 3);

INSERT INTO Recipe_Ingredient (recipe_id, ingredient_id, portion) VALUES (99, 52, 1);

INSERT INTO Recipe_Thematic_Unit (recipe_id, thematic_unit_id) VALUES (99, 8);

INSERT INTO Recipe_Thematic_Unit (recipe_id, thematic_unit_id) VALUES (99, 5);

INSERT INTO Recipe (recipe_type, name, national_cuisine_id, difficulty_level, description, tip1, tip2, cooking_time, prep_time, portions, basic_ingredient_id, image_id) VALUES ('cooking', 'Spanish Chickpeas', 20, 4, 'Indicate radio but. Sure happy enjoy behind cause evidence. Church policy certainly price our far.', 'better with slow cooking', 'you need a lot of time', 125, 17, 7, 4, 128);

INSERT INTO Step (recipe_id, order_number, description) VALUES (100, 1, 'Action audience wind contain bank fear type.');

INSERT INTO Step (recipe_id, order_number, description) VALUES (100, 2, 'Yourself herself most face tonight yet another including.');

INSERT INTO Step (recipe_id, order_number, description) VALUES (100, 3, 'Born west fight than other amount check.');

INSERT INTO Step (recipe_id, order_number, description) VALUES (100, 4, 'Study western kid possible city standard.');

INSERT INTO Step (recipe_id, order_number, description) VALUES (100, 5, 'Nearly develop little appear.');

INSERT INTO Nutritional_Info (recipe_id, fat_per_portion, carbs_per_portion, protein_per_portion) VALUES (100, 294, 143, 162);

INSERT INTO Recipe_Meal_Type (recipe_id, meal_type_id) VALUES (100, 1);

INSERT INTO Recipe_Label (recipe_id, label_id) VALUES (100, 9);

INSERT INTO Recipe_Equipment (recipe_id, equipment_id) VALUES (100, 27);

INSERT INTO Recipe_Equipment (recipe_id, equipment_id) VALUES (100, 24);

INSERT INTO Recipe_Equipment (recipe_id, equipment_id) VALUES (100, 42);

INSERT INTO Recipe_Equipment (recipe_id, equipment_id) VALUES (100, 9);

INSERT INTO Recipe_Equipment (recipe_id, equipment_id) VALUES (100, 47);

INSERT INTO Recipe_Equipment (recipe_id, equipment_id) VALUES (100, 35);

INSERT INTO Recipe_Equipment (recipe_id, equipment_id) VALUES (100, 48);

INSERT INTO Recipe_Equipment (recipe_id, equipment_id) VALUES (100, 46);

INSERT INTO Recipe_Equipment (recipe_id, equipment_id) VALUES (100, 40);

INSERT INTO Recipe_Ingredient (recipe_id, ingredient_id, portion) VALUES (100, 149, 7);

INSERT INTO Recipe_Ingredient (recipe_id, ingredient_id, portion) VALUES (100, 83, 2);

INSERT INTO Recipe_Ingredient (recipe_id, ingredient_id, portion) VALUES (100, 51, 5);

INSERT INTO Recipe_Ingredient (recipe_id, ingredient_id, portion) VALUES (100, 136, 7);

INSERT INTO Recipe_Ingredient (recipe_id, ingredient_id, portion) VALUES (100, 102, 3);

INSERT INTO Recipe_Ingredient (recipe_id, ingredient_id, portion) VALUES (100, 104, 6);

INSERT INTO Recipe_Ingredient (recipe_id, ingredient_id, portion) VALUES (100, 87, 7);

INSERT INTO Recipe_Ingredient (recipe_id, ingredient_id, portion) VALUES (100, 110, 6);

INSERT INTO Recipe_Ingredient (recipe_id, ingredient_id, portion) VALUES (100, 160, 6);

INSERT INTO Recipe_Ingredient (recipe_id, ingredient_id, portion) VALUES (100, 6, 7);

INSERT INTO Recipe_Ingredient (recipe_id, ingredient_id, portion) VALUES (100, 82, 4);

INSERT INTO Recipe_Ingredient (recipe_id, ingredient_id, portion) VALUES (100, 112, 2);

INSERT INTO Recipe_Ingredient (recipe_id, ingredient_id, portion) VALUES (100, 13, 2);

INSERT INTO Recipe_Ingredient (recipe_id, ingredient_id, portion) VALUES (100, 189, 1);

INSERT INTO Recipe_Ingredient (recipe_id, ingredient_id, portion) VALUES (100, 100, 1);

INSERT INTO Recipe_Ingredient (recipe_id, ingredient_id, portion) VALUES (100, 98, 8);

INSERT INTO Recipe_Ingredient (recipe_id, ingredient_id, portion) VALUES (100, 48, 8);

INSERT INTO Recipe_Ingredient (recipe_id, ingredient_id, portion) VALUES (100, 54, 4);

INSERT INTO Recipe_Ingredient (recipe_id, ingredient_id, portion) VALUES (100, 145, 6);

INSERT INTO Recipe_Thematic_Unit (recipe_id, thematic_unit_id) VALUES (100, 8);

INSERT INTO Recipe_Thematic_Unit (recipe_id, thematic_unit_id) VALUES (100, 4);
