
BEGIN;
INSERT INTO Recipe (recipe_type, name, national_cuisine_id, difficulty_level, description, tip1, cooking_time, prep_time, portions, basic_ingredient_id, image_id) VALUES ('cooking', 'Jamaican Jerk Chicken', 1, 1, 'Boy pull certain certainly behavior. Movement fill society respond. Rock material everything organization which process although.', 'good with honey', 44, 1, 5, 163, 29);

INSERT INTO Step (recipe_id, order_number, description) VALUES (1, 1, 'Continue century might tax place see imagine.');

INSERT INTO Step (recipe_id, order_number, description) VALUES (1, 2, 'Amount school part tree cut kind skin.');

INSERT INTO Step (recipe_id, order_number, description) VALUES (1, 3, 'Skill economic significant rise exist.');

INSERT INTO Step (recipe_id, order_number, description) VALUES (1, 4, 'Fast authority reveal.');

INSERT INTO Step (recipe_id, order_number, description) VALUES (1, 5, 'Individual exactly other part far letter figure.');

INSERT INTO Step (recipe_id, order_number, description) VALUES (1, 6, 'Year condition sister occur about staff.');

INSERT INTO Step (recipe_id, order_number, description) VALUES (1, 7, 'Though today memory pressure should piece key.');

INSERT INTO Step (recipe_id, order_number, description) VALUES (1, 8, 'Any bar enjoy parent fact idea.');

INSERT INTO Nutritional_Info (recipe_id, fat_per_portion, carbs_per_portion, protein_per_portion) VALUES (1, 56, 71, 60);

INSERT INTO Recipe_Meal_Type (recipe_id, meal_type_id) VALUES (1, 5);

INSERT INTO Recipe_Meal_Type (recipe_id, meal_type_id) VALUES (1, 2);

INSERT INTO Recipe_Label (recipe_id, label_id) VALUES (1, 2);

INSERT INTO Recipe_Label (recipe_id, label_id) VALUES (1, 6);

INSERT INTO Recipe_Label (recipe_id, label_id) VALUES (1, 10);

INSERT INTO Recipe_Equipment (recipe_id, equipment_id) VALUES (1, 18);

INSERT INTO Recipe_Equipment (recipe_id, equipment_id) VALUES (1, 35);

INSERT INTO Recipe_Equipment (recipe_id, equipment_id) VALUES (1, 22);

INSERT INTO Recipe_Equipment (recipe_id, equipment_id) VALUES (1, 30);

INSERT INTO Recipe_Equipment (recipe_id, equipment_id) VALUES (1, 49);

INSERT INTO Recipe_Equipment (recipe_id, equipment_id) VALUES (1, 27);

INSERT INTO Recipe_Ingredient (recipe_id, ingredient_id, portion) VALUES (1, 24, 1);

INSERT INTO Recipe_Ingredient (recipe_id, ingredient_id, portion) VALUES (1, 26, 4);

INSERT INTO Recipe_Ingredient (recipe_id, ingredient_id, portion) VALUES (1, 65, 4);

INSERT INTO Recipe_Ingredient (recipe_id, ingredient_id, portion) VALUES (1, 133, 3);

INSERT INTO Recipe_Thematic_Unit (recipe_id, thematic_unit_id) VALUES (1, 4);

INSERT INTO Recipe_Thematic_Unit (recipe_id, thematic_unit_id) VALUES (1, 2);

INSERT INTO Recipe_Thematic_Unit (recipe_id, thematic_unit_id) VALUES (1, 7);

INSERT INTO Recipe (recipe_type, name, national_cuisine_id, difficulty_level, description, tip1, tip2, tip3, cooking_time, prep_time, portions, basic_ingredient_id, image_id) VALUES ('cooking', 'Pasta Salad', 1, 2, 'Season teach as contain staff. Modern today fact six card stop need. Morning great industry field research painting.', 'you can use leftovers', 'you need a lot of bowls', 'you need to be patient', 108, 20, 5, 88, 30);

INSERT INTO Step (recipe_id, order_number, description) VALUES (2, 1, 'Thank take could poor institution mean purpose.');

INSERT INTO Step (recipe_id, order_number, description) VALUES (2, 2, 'Ground past tax who close memory take.');

INSERT INTO Step (recipe_id, order_number, description) VALUES (2, 3, 'Name road candidate among anything police deal.');

INSERT INTO Step (recipe_id, order_number, description) VALUES (2, 4, 'Big reach safe party research.');

INSERT INTO Step (recipe_id, order_number, description) VALUES (2, 5, 'Work hair question quite yeah best.');

INSERT INTO Step (recipe_id, order_number, description) VALUES (2, 6, 'Value police should.');

INSERT INTO Step (recipe_id, order_number, description) VALUES (2, 7, 'Toward serve remain throughout kid catch these country.');

INSERT INTO Nutritional_Info (recipe_id, fat_per_portion, carbs_per_portion, protein_per_portion) VALUES (2, 266, 96, 194);

INSERT INTO Recipe_Meal_Type (recipe_id, meal_type_id) VALUES (2, 6);

INSERT INTO Recipe_Label (recipe_id, label_id) VALUES (2, 10);

INSERT INTO Recipe_Equipment (recipe_id, equipment_id) VALUES (2, 1);

INSERT INTO Recipe_Equipment (recipe_id, equipment_id) VALUES (2, 6);

INSERT INTO Recipe_Equipment (recipe_id, equipment_id) VALUES (2, 15);

INSERT INTO Recipe_Equipment (recipe_id, equipment_id) VALUES (2, 49);

INSERT INTO Recipe_Equipment (recipe_id, equipment_id) VALUES (2, 34);

INSERT INTO Recipe_Equipment (recipe_id, equipment_id) VALUES (2, 19);

INSERT INTO Recipe_Equipment (recipe_id, equipment_id) VALUES (2, 22);

INSERT INTO Recipe_Equipment (recipe_id, equipment_id) VALUES (2, 9);

INSERT INTO Recipe_Equipment (recipe_id, equipment_id) VALUES (2, 29);

INSERT INTO Recipe_Ingredient (recipe_id, ingredient_id, portion) VALUES (2, 114, 7);

INSERT INTO Recipe_Ingredient (recipe_id, ingredient_id, portion) VALUES (2, 30, 5);

INSERT INTO Recipe_Ingredient (recipe_id, ingredient_id, portion) VALUES (2, 85, 1);

INSERT INTO Recipe_Ingredient (recipe_id, ingredient_id, portion) VALUES (2, 122, 5);

INSERT INTO Recipe_Ingredient (recipe_id, ingredient_id, portion) VALUES (2, 189, 5);

INSERT INTO Recipe_Ingredient (recipe_id, ingredient_id, portion) VALUES (2, 7, 1);

INSERT INTO Recipe_Ingredient (recipe_id, ingredient_id, portion) VALUES (2, 69, 1);

INSERT INTO Recipe_Ingredient (recipe_id, ingredient_id, portion) VALUES (2, 44, 5);

INSERT INTO Recipe_Ingredient (recipe_id, ingredient_id, portion) VALUES (2, 63, 1);

INSERT INTO Recipe_Ingredient (recipe_id, ingredient_id, portion) VALUES (2, 142, 7);

INSERT INTO Recipe_Ingredient (recipe_id, ingredient_id, portion) VALUES (2, 26, 5);

INSERT INTO Recipe_Ingredient (recipe_id, ingredient_id, portion) VALUES (2, 41, 8);

INSERT INTO Recipe_Ingredient (recipe_id, ingredient_id, portion) VALUES (2, 89, 2);

INSERT INTO Recipe_Thematic_Unit (recipe_id, thematic_unit_id) VALUES (2, 13);

INSERT INTO Recipe_Thematic_Unit (recipe_id, thematic_unit_id) VALUES (2, 3);

INSERT INTO Recipe (recipe_type, name, national_cuisine_id, difficulty_level, description, tip1, cooking_time, prep_time, portions, basic_ingredient_id, image_id) VALUES ('pastry', 'Lasagna', 1, 5, 'Baby property light computer matter worry issue. International contain little no the fine full. Significant pass drop.', 'it needs a fridge', 57, 34, 3, 128, 31);

INSERT INTO Step (recipe_id, order_number, description) VALUES (3, 1, 'Onto these successful section center.');

INSERT INTO Step (recipe_id, order_number, description) VALUES (3, 2, 'Say other sense job watch born.');

INSERT INTO Step (recipe_id, order_number, description) VALUES (3, 3, 'Young by success plan various partner newspaper.');

INSERT INTO Step (recipe_id, order_number, description) VALUES (3, 4, 'Save drop during give.');

INSERT INTO Nutritional_Info (recipe_id, fat_per_portion, carbs_per_portion, protein_per_portion) VALUES (3, 33, 148, 117);

INSERT INTO Recipe_Meal_Type (recipe_id, meal_type_id) VALUES (3, 3);

INSERT INTO Recipe_Meal_Type (recipe_id, meal_type_id) VALUES (3, 1);

INSERT INTO Recipe_Label (recipe_id, label_id) VALUES (3, 1);

INSERT INTO Recipe_Label (recipe_id, label_id) VALUES (3, 6);

INSERT INTO Recipe_Label (recipe_id, label_id) VALUES (3, 4);

INSERT INTO Recipe_Label (recipe_id, label_id) VALUES (3, 9);

INSERT INTO Recipe_Equipment (recipe_id, equipment_id) VALUES (3, 12);

INSERT INTO Recipe_Equipment (recipe_id, equipment_id) VALUES (3, 46);

INSERT INTO Recipe_Equipment (recipe_id, equipment_id) VALUES (3, 27);

INSERT INTO Recipe_Equipment (recipe_id, equipment_id) VALUES (3, 16);

INSERT INTO Recipe_Equipment (recipe_id, equipment_id) VALUES (3, 50);

INSERT INTO Recipe_Equipment (recipe_id, equipment_id) VALUES (3, 3);

INSERT INTO Recipe_Ingredient (recipe_id, ingredient_id, portion) VALUES (3, 117, 5);

INSERT INTO Recipe_Ingredient (recipe_id, ingredient_id, portion) VALUES (3, 149, 3);

INSERT INTO Recipe_Ingredient (recipe_id, ingredient_id, portion) VALUES (3, 12, 4);

INSERT INTO Recipe_Ingredient (recipe_id, ingredient_id, portion) VALUES (3, 154, 5);

INSERT INTO Recipe_Ingredient (recipe_id, ingredient_id, portion) VALUES (3, 162, 8);

INSERT INTO Recipe_Ingredient (recipe_id, ingredient_id, portion) VALUES (3, 23, 3);

INSERT INTO Recipe_Ingredient (recipe_id, ingredient_id, portion) VALUES (3, 96, 5);

INSERT INTO Recipe_Ingredient (recipe_id, ingredient_id, portion) VALUES (3, 136, 2);

INSERT INTO Recipe_Ingredient (recipe_id, ingredient_id, portion) VALUES (3, 43, 4);

INSERT INTO Recipe_Ingredient (recipe_id, ingredient_id, portion) VALUES (3, 150, 8);

INSERT INTO Recipe_Ingredient (recipe_id, ingredient_id, portion) VALUES (3, 133, 5);

INSERT INTO Recipe_Ingredient (recipe_id, ingredient_id, portion) VALUES (3, 160, 7);

INSERT INTO Recipe_Ingredient (recipe_id, ingredient_id, portion) VALUES (3, 100, 7);

INSERT INTO Recipe_Ingredient (recipe_id, ingredient_id, portion) VALUES (3, 68, 3);

INSERT INTO Recipe_Ingredient (recipe_id, ingredient_id, portion) VALUES (3, 139, 4);

INSERT INTO Recipe_Ingredient (recipe_id, ingredient_id, portion) VALUES (3, 178, 6);

INSERT INTO Recipe_Ingredient (recipe_id, ingredient_id, portion) VALUES (3, 83, 3);

INSERT INTO Recipe_Thematic_Unit (recipe_id, thematic_unit_id) VALUES (3, 4);

INSERT INTO Recipe_Thematic_Unit (recipe_id, thematic_unit_id) VALUES (3, 7);

INSERT INTO Recipe_Thematic_Unit (recipe_id, thematic_unit_id) VALUES (3, 10);

INSERT INTO Recipe (recipe_type, name, national_cuisine_id, difficulty_level, description, tip1, tip2, tip3, cooking_time, prep_time, portions, basic_ingredient_id, image_id) VALUES ('pastry', 'Hearty Pancakes', 1, 1, 'Seek most me continue medical social. Office before bring natural.', 'you need to use your hands', 'good with honey', 'you need an oven', 143, 27, 3, 113, 32);

INSERT INTO Step (recipe_id, order_number, description) VALUES (4, 1, 'Vote stay especially authority argue.');

INSERT INTO Step (recipe_id, order_number, description) VALUES (4, 2, 'Here budget guess remember language page.');

INSERT INTO Step (recipe_id, order_number, description) VALUES (4, 3, 'Every into economy upon line adult.');

INSERT INTO Step (recipe_id, order_number, description) VALUES (4, 4, 'Entire camera interview.');

INSERT INTO Step (recipe_id, order_number, description) VALUES (4, 5, 'Alone total list political.');

INSERT INTO Nutritional_Info (recipe_id, fat_per_portion, carbs_per_portion, protein_per_portion) VALUES (4, 55, 44, 240);

INSERT INTO Recipe_Meal_Type (recipe_id, meal_type_id) VALUES (4, 3);

INSERT INTO Recipe_Meal_Type (recipe_id, meal_type_id) VALUES (4, 4);

INSERT INTO Recipe_Meal_Type (recipe_id, meal_type_id) VALUES (4, 6);

INSERT INTO Recipe_Label (recipe_id, label_id) VALUES (4, 1);

INSERT INTO Recipe_Label (recipe_id, label_id) VALUES (4, 4);

INSERT INTO Recipe_Equipment (recipe_id, equipment_id) VALUES (4, 14);

INSERT INTO Recipe_Equipment (recipe_id, equipment_id) VALUES (4, 19);

INSERT INTO Recipe_Ingredient (recipe_id, ingredient_id, portion) VALUES (4, 5, 5);

INSERT INTO Recipe_Ingredient (recipe_id, ingredient_id, portion) VALUES (4, 107, 8);

INSERT INTO Recipe_Ingredient (recipe_id, ingredient_id, portion) VALUES (4, 129, 8);

INSERT INTO Recipe_Ingredient (recipe_id, ingredient_id, portion) VALUES (4, 192, 3);

INSERT INTO Recipe_Ingredient (recipe_id, ingredient_id, portion) VALUES (4, 62, 6);

INSERT INTO Recipe_Ingredient (recipe_id, ingredient_id, portion) VALUES (4, 91, 7);

INSERT INTO Recipe_Ingredient (recipe_id, ingredient_id, portion) VALUES (4, 15, 1);

INSERT INTO Recipe_Ingredient (recipe_id, ingredient_id, portion) VALUES (4, 113, 5);

INSERT INTO Recipe_Ingredient (recipe_id, ingredient_id, portion) VALUES (4, 63, 2);

INSERT INTO Recipe_Ingredient (recipe_id, ingredient_id, portion) VALUES (4, 42, 8);

INSERT INTO Recipe_Ingredient (recipe_id, ingredient_id, portion) VALUES (4, 61, 6);

INSERT INTO Recipe_Ingredient (recipe_id, ingredient_id, portion) VALUES (4, 36, 3);

INSERT INTO Recipe_Ingredient (recipe_id, ingredient_id, portion) VALUES (4, 149, 6);

INSERT INTO Recipe_Ingredient (recipe_id, ingredient_id, portion) VALUES (4, 117, 5);

INSERT INTO Recipe_Ingredient (recipe_id, ingredient_id, portion) VALUES (4, 16, 6);

INSERT INTO Recipe_Thematic_Unit (recipe_id, thematic_unit_id) VALUES (4, 12);

INSERT INTO Recipe_Thematic_Unit (recipe_id, thematic_unit_id) VALUES (4, 13);

INSERT INTO Recipe (recipe_type, name, national_cuisine_id, difficulty_level, description, tip1, tip2, tip3, cooking_time, prep_time, portions, basic_ingredient_id, image_id) VALUES ('pastry', 'Summer Garden Couscous Salad', 2, 4, 'Give difficult something find nature. Manage answer sort expect visit.', 'you need a lot of bowls', 'better with slow cooking', 'better when fresh', 129, 40, 8, 162, 33);

INSERT INTO Step (recipe_id, order_number, description) VALUES (5, 1, 'Near kid young number family player.');

INSERT INTO Step (recipe_id, order_number, description) VALUES (5, 2, 'Begin executive Mrs offer rich end.');

INSERT INTO Step (recipe_id, order_number, description) VALUES (5, 3, 'Science watch size heavy matter born.');

INSERT INTO Step (recipe_id, order_number, description) VALUES (5, 4, 'Assume employee us ten gun ready up.');

INSERT INTO Step (recipe_id, order_number, description) VALUES (5, 5, 'Everyone floor character scientist receive rise.');

INSERT INTO Step (recipe_id, order_number, description) VALUES (5, 6, 'Protect final nothing official thus baby Republican.');

INSERT INTO Step (recipe_id, order_number, description) VALUES (5, 7, 'School its agency accept late.');

INSERT INTO Nutritional_Info (recipe_id, fat_per_portion, carbs_per_portion, protein_per_portion) VALUES (5, 396, 26, 163);

INSERT INTO Recipe_Meal_Type (recipe_id, meal_type_id) VALUES (5, 3);

INSERT INTO Recipe_Meal_Type (recipe_id, meal_type_id) VALUES (5, 2);

INSERT INTO Recipe_Label (recipe_id, label_id) VALUES (5, 1);

INSERT INTO Recipe_Label (recipe_id, label_id) VALUES (5, 8);

INSERT INTO Recipe_Label (recipe_id, label_id) VALUES (5, 4);

INSERT INTO Recipe_Equipment (recipe_id, equipment_id) VALUES (5, 11);

INSERT INTO Recipe_Equipment (recipe_id, equipment_id) VALUES (5, 10);

INSERT INTO Recipe_Equipment (recipe_id, equipment_id) VALUES (5, 7);

INSERT INTO Recipe_Equipment (recipe_id, equipment_id) VALUES (5, 25);

INSERT INTO Recipe_Equipment (recipe_id, equipment_id) VALUES (5, 15);

INSERT INTO Recipe_Equipment (recipe_id, equipment_id) VALUES (5, 2);

INSERT INTO Recipe_Equipment (recipe_id, equipment_id) VALUES (5, 12);

INSERT INTO Recipe_Ingredient (recipe_id, ingredient_id, portion) VALUES (5, 156, 5);

INSERT INTO Recipe_Ingredient (recipe_id, ingredient_id, portion) VALUES (5, 5, 2);

INSERT INTO Recipe_Ingredient (recipe_id, ingredient_id, portion) VALUES (5, 117, 8);

INSERT INTO Recipe_Thematic_Unit (recipe_id, thematic_unit_id) VALUES (5, 9);

INSERT INTO Recipe_Thematic_Unit (recipe_id, thematic_unit_id) VALUES (5, 3);

INSERT INTO Recipe_Thematic_Unit (recipe_id, thematic_unit_id) VALUES (5, 14);

INSERT INTO Recipe (recipe_type, name, national_cuisine_id, difficulty_level, description, tip1, tip2, cooking_time, prep_time, portions, basic_ingredient_id, image_id) VALUES ('pastry', 'Squash Corn Chowder', 2, 4, 'Mention night office early eight cover let. Health window change news general live. Question exactly group save staff story style.', 'you need a lot of time', 'you need 2 people to make it', 46, 30, 6, 3, 34);

INSERT INTO Step (recipe_id, order_number, description) VALUES (6, 1, 'Director believe water appear early.');

INSERT INTO Step (recipe_id, order_number, description) VALUES (6, 2, 'Trip new public painting off.');

INSERT INTO Step (recipe_id, order_number, description) VALUES (6, 3, 'Form power government few drug.');

INSERT INTO Step (recipe_id, order_number, description) VALUES (6, 4, 'List make none knowledge man.');

INSERT INTO Step (recipe_id, order_number, description) VALUES (6, 5, 'Allow behind collection start.');

INSERT INTO Step (recipe_id, order_number, description) VALUES (6, 6, 'Home high before again far Democrat.');

INSERT INTO Nutritional_Info (recipe_id, fat_per_portion, carbs_per_portion, protein_per_portion) VALUES (6, 245, 98, 76);

INSERT INTO Recipe_Meal_Type (recipe_id, meal_type_id) VALUES (6, 6);

INSERT INTO Recipe_Meal_Type (recipe_id, meal_type_id) VALUES (6, 3);

INSERT INTO Recipe_Meal_Type (recipe_id, meal_type_id) VALUES (6, 5);

INSERT INTO Recipe_Label (recipe_id, label_id) VALUES (6, 3);

INSERT INTO Recipe_Label (recipe_id, label_id) VALUES (6, 4);

INSERT INTO Recipe_Label (recipe_id, label_id) VALUES (6, 7);

INSERT INTO Recipe_Equipment (recipe_id, equipment_id) VALUES (6, 16);

INSERT INTO Recipe_Ingredient (recipe_id, ingredient_id, portion) VALUES (6, 182, 7);

INSERT INTO Recipe_Ingredient (recipe_id, ingredient_id, portion) VALUES (6, 115, 5);

INSERT INTO Recipe_Ingredient (recipe_id, ingredient_id, portion) VALUES (6, 2, 6);

INSERT INTO Recipe_Ingredient (recipe_id, ingredient_id, portion) VALUES (6, 100, 4);

INSERT INTO Recipe_Ingredient (recipe_id, ingredient_id, portion) VALUES (6, 174, 4);

INSERT INTO Recipe_Ingredient (recipe_id, ingredient_id, portion) VALUES (6, 23, 6);

INSERT INTO Recipe_Ingredient (recipe_id, ingredient_id, portion) VALUES (6, 32, 2);

INSERT INTO Recipe_Ingredient (recipe_id, ingredient_id, portion) VALUES (6, 12, 4);

INSERT INTO Recipe_Ingredient (recipe_id, ingredient_id, portion) VALUES (6, 54, 3);

INSERT INTO Recipe_Ingredient (recipe_id, ingredient_id, portion) VALUES (6, 146, 4);

INSERT INTO Recipe_Ingredient (recipe_id, ingredient_id, portion) VALUES (6, 55, 8);

INSERT INTO Recipe_Ingredient (recipe_id, ingredient_id, portion) VALUES (6, 64, 6);

INSERT INTO Recipe_Ingredient (recipe_id, ingredient_id, portion) VALUES (6, 169, 7);

INSERT INTO Recipe_Ingredient (recipe_id, ingredient_id, portion) VALUES (6, 188, 2);

INSERT INTO Recipe_Ingredient (recipe_id, ingredient_id, portion) VALUES (6, 113, 5);

INSERT INTO Recipe_Ingredient (recipe_id, ingredient_id, portion) VALUES (6, 50, 6);

INSERT INTO Recipe_Ingredient (recipe_id, ingredient_id, portion) VALUES (6, 125, 1);

INSERT INTO Recipe_Ingredient (recipe_id, ingredient_id, portion) VALUES (6, 33, 1);

INSERT INTO Recipe_Ingredient (recipe_id, ingredient_id, portion) VALUES (6, 41, 1);

INSERT INTO Recipe_Ingredient (recipe_id, ingredient_id, portion) VALUES (6, 7, 5);

INSERT INTO Recipe_Thematic_Unit (recipe_id, thematic_unit_id) VALUES (6, 6);

INSERT INTO Recipe_Thematic_Unit (recipe_id, thematic_unit_id) VALUES (6, 10);

INSERT INTO Recipe (recipe_type, name, national_cuisine_id, difficulty_level, description, tip1, cooking_time, prep_time, portions, basic_ingredient_id, image_id) VALUES ('pastry', 'White beans, tomatoes, and spinach', 2, 2, 'Save standard authority group home road indeed teach. From decide field partner once step. Table go get mean single.', 'you need a lot of time', 148, 21, 5, 102, 35);

INSERT INTO Step (recipe_id, order_number, description) VALUES (7, 1, 'Term national who star billion machine from certainly.');

INSERT INTO Step (recipe_id, order_number, description) VALUES (7, 2, 'Music hotel might statement.');

INSERT INTO Step (recipe_id, order_number, description) VALUES (7, 3, 'Partner project pick maybe born clear.');

INSERT INTO Step (recipe_id, order_number, description) VALUES (7, 4, 'Remember choice such material doctor everyone pay.');

INSERT INTO Step (recipe_id, order_number, description) VALUES (7, 5, 'And trial career fish win serious above.');

INSERT INTO Step (recipe_id, order_number, description) VALUES (7, 6, 'Summer reduce individual relate parent.');

INSERT INTO Nutritional_Info (recipe_id, fat_per_portion, carbs_per_portion, protein_per_portion) VALUES (7, 398, 76, 234);

INSERT INTO Recipe_Meal_Type (recipe_id, meal_type_id) VALUES (7, 1);

INSERT INTO Recipe_Label (recipe_id, label_id) VALUES (7, 10);

INSERT INTO Recipe_Label (recipe_id, label_id) VALUES (7, 3);

INSERT INTO Recipe_Label (recipe_id, label_id) VALUES (7, 4);

INSERT INTO Recipe_Equipment (recipe_id, equipment_id) VALUES (7, 27);

INSERT INTO Recipe_Equipment (recipe_id, equipment_id) VALUES (7, 33);

INSERT INTO Recipe_Equipment (recipe_id, equipment_id) VALUES (7, 14);

INSERT INTO Recipe_Equipment (recipe_id, equipment_id) VALUES (7, 11);

INSERT INTO Recipe_Equipment (recipe_id, equipment_id) VALUES (7, 32);

INSERT INTO Recipe_Equipment (recipe_id, equipment_id) VALUES (7, 46);

INSERT INTO Recipe_Equipment (recipe_id, equipment_id) VALUES (7, 39);

INSERT INTO Recipe_Equipment (recipe_id, equipment_id) VALUES (7, 3);

INSERT INTO Recipe_Equipment (recipe_id, equipment_id) VALUES (7, 21);

INSERT INTO Recipe_Ingredient (recipe_id, ingredient_id, portion) VALUES (7, 194, 6);

INSERT INTO Recipe_Ingredient (recipe_id, ingredient_id, portion) VALUES (7, 19, 8);

INSERT INTO Recipe_Ingredient (recipe_id, ingredient_id, portion) VALUES (7, 21, 3);

INSERT INTO Recipe_Ingredient (recipe_id, ingredient_id, portion) VALUES (7, 140, 5);

INSERT INTO Recipe_Ingredient (recipe_id, ingredient_id, portion) VALUES (7, 58, 4);

INSERT INTO Recipe_Ingredient (recipe_id, ingredient_id, portion) VALUES (7, 40, 8);

INSERT INTO Recipe_Ingredient (recipe_id, ingredient_id, portion) VALUES (7, 36, 8);

INSERT INTO Recipe_Ingredient (recipe_id, ingredient_id, portion) VALUES (7, 118, 1);

INSERT INTO Recipe_Ingredient (recipe_id, ingredient_id, portion) VALUES (7, 119, 8);

INSERT INTO Recipe_Ingredient (recipe_id, ingredient_id, portion) VALUES (7, 80, 3);

INSERT INTO Recipe_Ingredient (recipe_id, ingredient_id, portion) VALUES (7, 94, 7);

INSERT INTO Recipe_Ingredient (recipe_id, ingredient_id, portion) VALUES (7, 44, 2);

INSERT INTO Recipe_Ingredient (recipe_id, ingredient_id, portion) VALUES (7, 120, 3);

INSERT INTO Recipe_Ingredient (recipe_id, ingredient_id, portion) VALUES (7, 180, 4);

INSERT INTO Recipe_Ingredient (recipe_id, ingredient_id, portion) VALUES (7, 75, 1);

INSERT INTO Recipe_Ingredient (recipe_id, ingredient_id, portion) VALUES (7, 170, 1);

INSERT INTO Recipe_Ingredient (recipe_id, ingredient_id, portion) VALUES (7, 143, 4);

INSERT INTO Recipe_Ingredient (recipe_id, ingredient_id, portion) VALUES (7, 107, 4);

INSERT INTO Recipe_Ingredient (recipe_id, ingredient_id, portion) VALUES (7, 22, 7);

INSERT INTO Recipe_Thematic_Unit (recipe_id, thematic_unit_id) VALUES (7, 9);

INSERT INTO Recipe (recipe_type, name, national_cuisine_id, difficulty_level, description, tip1, tip2, tip3, cooking_time, prep_time, portions, basic_ingredient_id, image_id) VALUES ('cooking', 'Spaghetti', 2, 3, 'Five back most issue late.', 'it needs a fridge', 'you need to be patient', 'you need small cups', 64, 28, 2, 115, 36);

INSERT INTO Step (recipe_id, order_number, description) VALUES (8, 1, 'Along campaign audience.');

INSERT INTO Step (recipe_id, order_number, description) VALUES (8, 2, 'Resource visit civil cell approach mention.');

INSERT INTO Step (recipe_id, order_number, description) VALUES (8, 3, 'Remember believe recently activity media.');

INSERT INTO Step (recipe_id, order_number, description) VALUES (8, 4, 'Left community we style fight together certainly.');

INSERT INTO Step (recipe_id, order_number, description) VALUES (8, 5, 'Mean sport prevent team walk decade.');

INSERT INTO Step (recipe_id, order_number, description) VALUES (8, 6, 'Teacher reason cost challenge.');

INSERT INTO Nutritional_Info (recipe_id, fat_per_portion, carbs_per_portion, protein_per_portion) VALUES (8, 297, 91, 88);

INSERT INTO Recipe_Meal_Type (recipe_id, meal_type_id) VALUES (8, 1);

INSERT INTO Recipe_Label (recipe_id, label_id) VALUES (8, 5);

INSERT INTO Recipe_Label (recipe_id, label_id) VALUES (8, 10);

INSERT INTO Recipe_Label (recipe_id, label_id) VALUES (8, 2);

INSERT INTO Recipe_Label (recipe_id, label_id) VALUES (8, 8);

INSERT INTO Recipe_Equipment (recipe_id, equipment_id) VALUES (8, 38);

INSERT INTO Recipe_Ingredient (recipe_id, ingredient_id, portion) VALUES (8, 173, 6);

INSERT INTO Recipe_Ingredient (recipe_id, ingredient_id, portion) VALUES (8, 30, 8);

INSERT INTO Recipe_Ingredient (recipe_id, ingredient_id, portion) VALUES (8, 185, 5);

INSERT INTO Recipe_Ingredient (recipe_id, ingredient_id, portion) VALUES (8, 89, 3);

INSERT INTO Recipe_Ingredient (recipe_id, ingredient_id, portion) VALUES (8, 6, 2);

INSERT INTO Recipe_Ingredient (recipe_id, ingredient_id, portion) VALUES (8, 190, 1);

INSERT INTO Recipe_Ingredient (recipe_id, ingredient_id, portion) VALUES (8, 141, 5);

INSERT INTO Recipe_Thematic_Unit (recipe_id, thematic_unit_id) VALUES (8, 7);

INSERT INTO Recipe_Thematic_Unit (recipe_id, thematic_unit_id) VALUES (8, 2);

INSERT INTO Recipe (recipe_type, name, national_cuisine_id, difficulty_level, description, tip1, tip2, tip3, cooking_time, prep_time, portions, basic_ingredient_id, image_id) VALUES ('cooking', 'Scones', 2, 4, 'Between fact life. Kid finish loss grow.', 'you can use leftovers', 'you need small cups', 'better with butter instead of milk', 37, 34, 7, 163, 37);

INSERT INTO Step (recipe_id, order_number, description) VALUES (9, 1, 'Behavior day president sing.');

INSERT INTO Nutritional_Info (recipe_id, fat_per_portion, carbs_per_portion, protein_per_portion) VALUES (9, 118, 136, 190);

INSERT INTO Recipe_Meal_Type (recipe_id, meal_type_id) VALUES (9, 6);

INSERT INTO Recipe_Meal_Type (recipe_id, meal_type_id) VALUES (9, 5);

INSERT INTO Recipe_Meal_Type (recipe_id, meal_type_id) VALUES (9, 2);

INSERT INTO Recipe_Label (recipe_id, label_id) VALUES (9, 3);

INSERT INTO Recipe_Label (recipe_id, label_id) VALUES (9, 8);

INSERT INTO Recipe_Label (recipe_id, label_id) VALUES (9, 7);

INSERT INTO Recipe_Label (recipe_id, label_id) VALUES (9, 6);

INSERT INTO Recipe_Equipment (recipe_id, equipment_id) VALUES (9, 4);

INSERT INTO Recipe_Ingredient (recipe_id, ingredient_id, portion) VALUES (9, 136, 6);

INSERT INTO Recipe_Ingredient (recipe_id, ingredient_id, portion) VALUES (9, 7, 4);

INSERT INTO Recipe_Ingredient (recipe_id, ingredient_id, portion) VALUES (9, 61, 3);

INSERT INTO Recipe_Ingredient (recipe_id, ingredient_id, portion) VALUES (9, 76, 2);

INSERT INTO Recipe_Ingredient (recipe_id, ingredient_id, portion) VALUES (9, 139, 5);

INSERT INTO Recipe_Ingredient (recipe_id, ingredient_id, portion) VALUES (9, 9, 8);

INSERT INTO Recipe_Ingredient (recipe_id, ingredient_id, portion) VALUES (9, 60, 6);

INSERT INTO Recipe_Ingredient (recipe_id, ingredient_id, portion) VALUES (9, 166, 6);

INSERT INTO Recipe_Ingredient (recipe_id, ingredient_id, portion) VALUES (9, 162, 6);

INSERT INTO Recipe_Ingredient (recipe_id, ingredient_id, portion) VALUES (9, 182, 7);

INSERT INTO Recipe_Ingredient (recipe_id, ingredient_id, portion) VALUES (9, 99, 1);

INSERT INTO Recipe_Ingredient (recipe_id, ingredient_id, portion) VALUES (9, 163, 6);

INSERT INTO Recipe_Ingredient (recipe_id, ingredient_id, portion) VALUES (9, 40, 1);

INSERT INTO Recipe_Ingredient (recipe_id, ingredient_id, portion) VALUES (9, 197, 3);

INSERT INTO Recipe_Ingredient (recipe_id, ingredient_id, portion) VALUES (9, 79, 1);

INSERT INTO Recipe_Ingredient (recipe_id, ingredient_id, portion) VALUES (9, 177, 3);

INSERT INTO Recipe_Ingredient (recipe_id, ingredient_id, portion) VALUES (9, 109, 4);

INSERT INTO Recipe_Ingredient (recipe_id, ingredient_id, portion) VALUES (9, 183, 1);

INSERT INTO Recipe_Ingredient (recipe_id, ingredient_id, portion) VALUES (9, 189, 4);

INSERT INTO Recipe_Thematic_Unit (recipe_id, thematic_unit_id) VALUES (9, 1);

INSERT INTO Recipe (recipe_type, name, national_cuisine_id, difficulty_level, description, tip1, tip2, cooking_time, prep_time, portions, basic_ingredient_id, image_id) VALUES ('cooking', 'Pizza', 3, 4, 'Memory into move set certainly. Lot listen oil take three city I. Fish firm pass yard sort move person thousand.', 'good with honey', 'you need a lot of time', 144, 32, 7, 32, 38);

INSERT INTO Step (recipe_id, order_number, description) VALUES (10, 1, 'Opportunity yet his about.');

INSERT INTO Step (recipe_id, order_number, description) VALUES (10, 2, 'Truth word medical mention.');

INSERT INTO Step (recipe_id, order_number, description) VALUES (10, 3, 'Full pressure face hour.');

INSERT INTO Step (recipe_id, order_number, description) VALUES (10, 4, 'Decade even author price meet agent performance Mrs.');

INSERT INTO Step (recipe_id, order_number, description) VALUES (10, 5, 'Sister one trip from thought him.');

INSERT INTO Step (recipe_id, order_number, description) VALUES (10, 6, 'Power chance air.');

INSERT INTO Step (recipe_id, order_number, description) VALUES (10, 7, 'Population go lead side American experience while.');

INSERT INTO Nutritional_Info (recipe_id, fat_per_portion, carbs_per_portion, protein_per_portion) VALUES (10, 376, 159, 175);

INSERT INTO Recipe_Meal_Type (recipe_id, meal_type_id) VALUES (10, 1);

INSERT INTO Recipe_Meal_Type (recipe_id, meal_type_id) VALUES (10, 3);

INSERT INTO Recipe_Meal_Type (recipe_id, meal_type_id) VALUES (10, 6);

INSERT INTO Recipe_Label (recipe_id, label_id) VALUES (10, 1);

INSERT INTO Recipe_Label (recipe_id, label_id) VALUES (10, 6);

INSERT INTO Recipe_Label (recipe_id, label_id) VALUES (10, 8);

INSERT INTO Recipe_Equipment (recipe_id, equipment_id) VALUES (10, 34);

INSERT INTO Recipe_Equipment (recipe_id, equipment_id) VALUES (10, 43);

INSERT INTO Recipe_Equipment (recipe_id, equipment_id) VALUES (10, 37);

INSERT INTO Recipe_Equipment (recipe_id, equipment_id) VALUES (10, 27);

INSERT INTO Recipe_Equipment (recipe_id, equipment_id) VALUES (10, 16);

INSERT INTO Recipe_Equipment (recipe_id, equipment_id) VALUES (10, 7);

INSERT INTO Recipe_Ingredient (recipe_id, ingredient_id, portion) VALUES (10, 15, 8);

INSERT INTO Recipe_Ingredient (recipe_id, ingredient_id, portion) VALUES (10, 25, 5);

INSERT INTO Recipe_Ingredient (recipe_id, ingredient_id, portion) VALUES (10, 79, 3);

INSERT INTO Recipe_Ingredient (recipe_id, ingredient_id, portion) VALUES (10, 88, 4);

INSERT INTO Recipe_Ingredient (recipe_id, ingredient_id, portion) VALUES (10, 173, 5);

INSERT INTO Recipe_Ingredient (recipe_id, ingredient_id, portion) VALUES (10, 184, 7);

INSERT INTO Recipe_Ingredient (recipe_id, ingredient_id, portion) VALUES (10, 178, 8);

INSERT INTO Recipe_Ingredient (recipe_id, ingredient_id, portion) VALUES (10, 22, 6);

INSERT INTO Recipe_Ingredient (recipe_id, ingredient_id, portion) VALUES (10, 152, 2);

INSERT INTO Recipe_Ingredient (recipe_id, ingredient_id, portion) VALUES (10, 44, 3);

INSERT INTO Recipe_Ingredient (recipe_id, ingredient_id, portion) VALUES (10, 161, 7);

INSERT INTO Recipe_Ingredient (recipe_id, ingredient_id, portion) VALUES (10, 169, 3);

INSERT INTO Recipe_Ingredient (recipe_id, ingredient_id, portion) VALUES (10, 1, 5);

INSERT INTO Recipe_Ingredient (recipe_id, ingredient_id, portion) VALUES (10, 92, 8);

INSERT INTO Recipe_Ingredient (recipe_id, ingredient_id, portion) VALUES (10, 108, 3);

INSERT INTO Recipe_Ingredient (recipe_id, ingredient_id, portion) VALUES (10, 93, 7);

INSERT INTO Recipe_Ingredient (recipe_id, ingredient_id, portion) VALUES (10, 50, 1);

INSERT INTO Recipe_Thematic_Unit (recipe_id, thematic_unit_id) VALUES (10, 13);

INSERT INTO Recipe_Thematic_Unit (recipe_id, thematic_unit_id) VALUES (10, 14);

INSERT INTO Recipe (recipe_type, name, national_cuisine_id, difficulty_level, description, tip1, tip2, cooking_time, prep_time, portions, basic_ingredient_id, image_id) VALUES ('pastry', 'Stir-Fry', 3, 2, 'Occur where fall. Talk machine win across when half.', 'better with a blender', 'better when fresh', 97, 31, 7, 179, 39);

INSERT INTO Step (recipe_id, order_number, description) VALUES (11, 1, 'Choose under remain daughter how.');

INSERT INTO Step (recipe_id, order_number, description) VALUES (11, 2, 'So article box score.');

INSERT INTO Step (recipe_id, order_number, description) VALUES (11, 3, 'Guess its student half type.');

INSERT INTO Step (recipe_id, order_number, description) VALUES (11, 4, 'Half after manage ever.');

INSERT INTO Nutritional_Info (recipe_id, fat_per_portion, carbs_per_portion, protein_per_portion) VALUES (11, 255, 158, 199);

INSERT INTO Recipe_Meal_Type (recipe_id, meal_type_id) VALUES (11, 1);

INSERT INTO Recipe_Meal_Type (recipe_id, meal_type_id) VALUES (11, 5);

INSERT INTO Recipe_Meal_Type (recipe_id, meal_type_id) VALUES (11, 2);

INSERT INTO Recipe_Label (recipe_id, label_id) VALUES (11, 5);

INSERT INTO Recipe_Equipment (recipe_id, equipment_id) VALUES (11, 18);

INSERT INTO Recipe_Equipment (recipe_id, equipment_id) VALUES (11, 47);

INSERT INTO Recipe_Equipment (recipe_id, equipment_id) VALUES (11, 2);

INSERT INTO Recipe_Equipment (recipe_id, equipment_id) VALUES (11, 13);

INSERT INTO Recipe_Equipment (recipe_id, equipment_id) VALUES (11, 4);

INSERT INTO Recipe_Equipment (recipe_id, equipment_id) VALUES (11, 50);

INSERT INTO Recipe_Equipment (recipe_id, equipment_id) VALUES (11, 8);

INSERT INTO Recipe_Equipment (recipe_id, equipment_id) VALUES (11, 35);

INSERT INTO Recipe_Equipment (recipe_id, equipment_id) VALUES (11, 14);

INSERT INTO Recipe_Ingredient (recipe_id, ingredient_id, portion) VALUES (11, 159, 5);

INSERT INTO Recipe_Ingredient (recipe_id, ingredient_id, portion) VALUES (11, 57, 3);

INSERT INTO Recipe_Ingredient (recipe_id, ingredient_id, portion) VALUES (11, 111, 8);

INSERT INTO Recipe_Ingredient (recipe_id, ingredient_id, portion) VALUES (11, 184, 3);

INSERT INTO Recipe_Ingredient (recipe_id, ingredient_id, portion) VALUES (11, 43, 8);

INSERT INTO Recipe_Ingredient (recipe_id, ingredient_id, portion) VALUES (11, 63, 3);

INSERT INTO Recipe_Ingredient (recipe_id, ingredient_id, portion) VALUES (11, 122, 4);

INSERT INTO Recipe_Ingredient (recipe_id, ingredient_id, portion) VALUES (11, 10, 6);

INSERT INTO Recipe_Thematic_Unit (recipe_id, thematic_unit_id) VALUES (11, 6);

INSERT INTO Recipe_Thematic_Unit (recipe_id, thematic_unit_id) VALUES (11, 15);

INSERT INTO Recipe_Thematic_Unit (recipe_id, thematic_unit_id) VALUES (11, 9);

INSERT INTO Recipe (recipe_type, name, national_cuisine_id, difficulty_level, description, tip1, tip2, cooking_time, prep_time, portions, basic_ingredient_id, image_id) VALUES ('pastry', 'Rustic Italian Tortellini Soup', 3, 2, 'Action bill but suggest after early. Bad agree look effort trouble eight year.', 'better with gloves', 'you need a lot of bowls', 133, 39, 5, 89, 40);

INSERT INTO Step (recipe_id, order_number, description) VALUES (12, 1, 'Expect many include.');

INSERT INTO Step (recipe_id, order_number, description) VALUES (12, 2, 'Produce fear box quality thousand Democrat.');

INSERT INTO Step (recipe_id, order_number, description) VALUES (12, 3, 'Them budget network specific.');

INSERT INTO Step (recipe_id, order_number, description) VALUES (12, 4, 'Across little between foreign rather paper its.');

INSERT INTO Step (recipe_id, order_number, description) VALUES (12, 5, 'Reach home drug adult glass become.');

INSERT INTO Step (recipe_id, order_number, description) VALUES (12, 6, 'Idea morning painting fish cup.');

INSERT INTO Step (recipe_id, order_number, description) VALUES (12, 7, 'Medical party during happy significant administration method remember.');

INSERT INTO Step (recipe_id, order_number, description) VALUES (12, 8, 'Add subject here consumer employee important.');

INSERT INTO Nutritional_Info (recipe_id, fat_per_portion, carbs_per_portion, protein_per_portion) VALUES (12, 87, 170, 52);

INSERT INTO Recipe_Meal_Type (recipe_id, meal_type_id) VALUES (12, 6);

INSERT INTO Recipe_Meal_Type (recipe_id, meal_type_id) VALUES (12, 2);

INSERT INTO Recipe_Meal_Type (recipe_id, meal_type_id) VALUES (12, 5);

INSERT INTO Recipe_Label (recipe_id, label_id) VALUES (12, 2);

INSERT INTO Recipe_Label (recipe_id, label_id) VALUES (12, 10);

INSERT INTO Recipe_Label (recipe_id, label_id) VALUES (12, 1);

INSERT INTO Recipe_Label (recipe_id, label_id) VALUES (12, 9);

INSERT INTO Recipe_Equipment (recipe_id, equipment_id) VALUES (12, 42);

INSERT INTO Recipe_Equipment (recipe_id, equipment_id) VALUES (12, 47);

INSERT INTO Recipe_Equipment (recipe_id, equipment_id) VALUES (12, 36);

INSERT INTO Recipe_Ingredient (recipe_id, ingredient_id, portion) VALUES (12, 90, 6);

INSERT INTO Recipe_Ingredient (recipe_id, ingredient_id, portion) VALUES (12, 96, 2);

INSERT INTO Recipe_Ingredient (recipe_id, ingredient_id, portion) VALUES (12, 13, 8);

INSERT INTO Recipe_Ingredient (recipe_id, ingredient_id, portion) VALUES (12, 157, 8);

INSERT INTO Recipe_Thematic_Unit (recipe_id, thematic_unit_id) VALUES (12, 11);

INSERT INTO Recipe_Thematic_Unit (recipe_id, thematic_unit_id) VALUES (12, 12);

INSERT INTO Recipe_Thematic_Unit (recipe_id, thematic_unit_id) VALUES (12, 10);

INSERT INTO Recipe (recipe_type, name, national_cuisine_id, difficulty_level, description, tip1, tip2, cooking_time, prep_time, portions, basic_ingredient_id, image_id) VALUES ('cooking', 'Swedish Meatballs', 3, 5, 'Office fast imagine want among. Accept still only always throw simply fish. Skill police son Democrat vote free.', 'better with slow cooking', 'you can store iy outside the fridge', 65, 1, 3, 65, 41);

INSERT INTO Step (recipe_id, order_number, description) VALUES (13, 1, 'Student glass history that world wrong believe.');

INSERT INTO Step (recipe_id, order_number, description) VALUES (13, 2, 'Statement modern meeting matter relationship.');

INSERT INTO Step (recipe_id, order_number, description) VALUES (13, 3, 'Water realize art.');

INSERT INTO Step (recipe_id, order_number, description) VALUES (13, 4, 'Also health call dinner.');

INSERT INTO Step (recipe_id, order_number, description) VALUES (13, 5, 'Tax head center key second.');

INSERT INTO Step (recipe_id, order_number, description) VALUES (13, 6, 'Window claim agent character happen public campaign.');

INSERT INTO Nutritional_Info (recipe_id, fat_per_portion, carbs_per_portion, protein_per_portion) VALUES (13, 183, 66, 69);

INSERT INTO Recipe_Meal_Type (recipe_id, meal_type_id) VALUES (13, 3);

INSERT INTO Recipe_Meal_Type (recipe_id, meal_type_id) VALUES (13, 2);

INSERT INTO Recipe_Meal_Type (recipe_id, meal_type_id) VALUES (13, 5);

INSERT INTO Recipe_Label (recipe_id, label_id) VALUES (13, 10);

INSERT INTO Recipe_Label (recipe_id, label_id) VALUES (13, 2);

INSERT INTO Recipe_Equipment (recipe_id, equipment_id) VALUES (13, 35);

INSERT INTO Recipe_Equipment (recipe_id, equipment_id) VALUES (13, 3);

INSERT INTO Recipe_Equipment (recipe_id, equipment_id) VALUES (13, 11);

INSERT INTO Recipe_Equipment (recipe_id, equipment_id) VALUES (13, 50);

INSERT INTO Recipe_Ingredient (recipe_id, ingredient_id, portion) VALUES (13, 2, 6);

INSERT INTO Recipe_Ingredient (recipe_id, ingredient_id, portion) VALUES (13, 101, 3);

INSERT INTO Recipe_Ingredient (recipe_id, ingredient_id, portion) VALUES (13, 76, 2);

INSERT INTO Recipe_Ingredient (recipe_id, ingredient_id, portion) VALUES (13, 5, 3);

INSERT INTO Recipe_Ingredient (recipe_id, ingredient_id, portion) VALUES (13, 23, 8);

INSERT INTO Recipe_Ingredient (recipe_id, ingredient_id, portion) VALUES (13, 79, 4);

INSERT INTO Recipe_Ingredient (recipe_id, ingredient_id, portion) VALUES (13, 70, 2);

INSERT INTO Recipe_Ingredient (recipe_id, ingredient_id, portion) VALUES (13, 169, 7);

INSERT INTO Recipe_Ingredient (recipe_id, ingredient_id, portion) VALUES (13, 85, 1);

INSERT INTO Recipe_Ingredient (recipe_id, ingredient_id, portion) VALUES (13, 66, 2);

INSERT INTO Recipe_Ingredient (recipe_id, ingredient_id, portion) VALUES (13, 181, 6);

INSERT INTO Recipe_Ingredient (recipe_id, ingredient_id, portion) VALUES (13, 18, 3);

INSERT INTO Recipe_Ingredient (recipe_id, ingredient_id, portion) VALUES (13, 146, 6);

INSERT INTO Recipe_Ingredient (recipe_id, ingredient_id, portion) VALUES (13, 59, 6);

INSERT INTO Recipe_Ingredient (recipe_id, ingredient_id, portion) VALUES (13, 38, 2);

INSERT INTO Recipe_Ingredient (recipe_id, ingredient_id, portion) VALUES (13, 139, 4);

INSERT INTO Recipe_Ingredient (recipe_id, ingredient_id, portion) VALUES (13, 97, 2);

INSERT INTO Recipe_Ingredient (recipe_id, ingredient_id, portion) VALUES (13, 182, 7);

INSERT INTO Recipe_Ingredient (recipe_id, ingredient_id, portion) VALUES (13, 16, 2);

INSERT INTO Recipe_Thematic_Unit (recipe_id, thematic_unit_id) VALUES (13, 10);

INSERT INTO Recipe_Thematic_Unit (recipe_id, thematic_unit_id) VALUES (13, 14);

INSERT INTO Recipe_Thematic_Unit (recipe_id, thematic_unit_id) VALUES (13, 4);

INSERT INTO Recipe (recipe_type, name, national_cuisine_id, difficulty_level, description, tip1, tip2, cooking_time, prep_time, portions, basic_ingredient_id, image_id) VALUES ('pastry', 'Barley Beef Skillet', 3, 4, 'Room ten music attorney popular skin.', 'you need to use your hands', 'better with a blender', 107, 17, 1, 189, 42);

INSERT INTO Step (recipe_id, order_number, description) VALUES (14, 1, 'Industry simply understand cost or later exactly.');

INSERT INTO Step (recipe_id, order_number, description) VALUES (14, 2, 'Almost fight where per.');

INSERT INTO Step (recipe_id, order_number, description) VALUES (14, 3, 'Imagine easy forget night then nation.');

INSERT INTO Step (recipe_id, order_number, description) VALUES (14, 4, 'National hard new tell method next concern.');

INSERT INTO Step (recipe_id, order_number, description) VALUES (14, 5, 'Network employee movement clear station western where.');

INSERT INTO Step (recipe_id, order_number, description) VALUES (14, 6, 'Image attention story newspaper off reach.');

INSERT INTO Nutritional_Info (recipe_id, fat_per_portion, carbs_per_portion, protein_per_portion) VALUES (14, 132, 96, 177);

INSERT INTO Recipe_Meal_Type (recipe_id, meal_type_id) VALUES (14, 1);

INSERT INTO Recipe_Label (recipe_id, label_id) VALUES (14, 10);

INSERT INTO Recipe_Equipment (recipe_id, equipment_id) VALUES (14, 49);

INSERT INTO Recipe_Ingredient (recipe_id, ingredient_id, portion) VALUES (14, 164, 8);

INSERT INTO Recipe_Ingredient (recipe_id, ingredient_id, portion) VALUES (14, 96, 8);

INSERT INTO Recipe_Ingredient (recipe_id, ingredient_id, portion) VALUES (14, 13, 7);

INSERT INTO Recipe_Ingredient (recipe_id, ingredient_id, portion) VALUES (14, 19, 8);

INSERT INTO Recipe_Ingredient (recipe_id, ingredient_id, portion) VALUES (14, 128, 8);

INSERT INTO Recipe_Ingredient (recipe_id, ingredient_id, portion) VALUES (14, 100, 5);

INSERT INTO Recipe_Ingredient (recipe_id, ingredient_id, portion) VALUES (14, 4, 5);

INSERT INTO Recipe_Ingredient (recipe_id, ingredient_id, portion) VALUES (14, 9, 4);

INSERT INTO Recipe_Ingredient (recipe_id, ingredient_id, portion) VALUES (14, 70, 1);

INSERT INTO Recipe_Ingredient (recipe_id, ingredient_id, portion) VALUES (14, 67, 3);

INSERT INTO Recipe_Ingredient (recipe_id, ingredient_id, portion) VALUES (14, 50, 6);

INSERT INTO Recipe_Ingredient (recipe_id, ingredient_id, portion) VALUES (14, 48, 5);

INSERT INTO Recipe_Ingredient (recipe_id, ingredient_id, portion) VALUES (14, 168, 7);

INSERT INTO Recipe_Thematic_Unit (recipe_id, thematic_unit_id) VALUES (14, 6);

INSERT INTO Recipe (recipe_type, name, national_cuisine_id, difficulty_level, description, tip1, cooking_time, prep_time, portions, basic_ingredient_id, image_id) VALUES ('pastry', 'Southwest Beef & Rice Skillet', 4, 3, 'Piece network yeah executive bar wide top. Soon population morning information. Democratic dinner weight leg pull enjoy.', 'you need a lot of bowls', 53, 21, 2, 36, 43);

INSERT INTO Step (recipe_id, order_number, description) VALUES (15, 1, 'It forward than store total development.');

INSERT INTO Step (recipe_id, order_number, description) VALUES (15, 2, 'Company work computer conference always wear whole.');

INSERT INTO Step (recipe_id, order_number, description) VALUES (15, 3, 'Live feel where long a.');

INSERT INTO Step (recipe_id, order_number, description) VALUES (15, 4, 'Trouble lawyer do performance much open.');

INSERT INTO Step (recipe_id, order_number, description) VALUES (15, 5, 'Research see business thing mind if.');

INSERT INTO Nutritional_Info (recipe_id, fat_per_portion, carbs_per_portion, protein_per_portion) VALUES (15, 335, 178, 228);

INSERT INTO Recipe_Meal_Type (recipe_id, meal_type_id) VALUES (15, 3);

INSERT INTO Recipe_Meal_Type (recipe_id, meal_type_id) VALUES (15, 5);

INSERT INTO Recipe_Meal_Type (recipe_id, meal_type_id) VALUES (15, 6);

INSERT INTO Recipe_Label (recipe_id, label_id) VALUES (15, 9);

INSERT INTO Recipe_Label (recipe_id, label_id) VALUES (15, 3);

INSERT INTO Recipe_Label (recipe_id, label_id) VALUES (15, 8);

INSERT INTO Recipe_Equipment (recipe_id, equipment_id) VALUES (15, 45);

INSERT INTO Recipe_Equipment (recipe_id, equipment_id) VALUES (15, 50);

INSERT INTO Recipe_Equipment (recipe_id, equipment_id) VALUES (15, 4);

INSERT INTO Recipe_Equipment (recipe_id, equipment_id) VALUES (15, 13);

INSERT INTO Recipe_Equipment (recipe_id, equipment_id) VALUES (15, 33);

INSERT INTO Recipe_Equipment (recipe_id, equipment_id) VALUES (15, 19);

INSERT INTO Recipe_Ingredient (recipe_id, ingredient_id, portion) VALUES (15, 68, 3);

INSERT INTO Recipe_Ingredient (recipe_id, ingredient_id, portion) VALUES (15, 151, 6);

INSERT INTO Recipe_Ingredient (recipe_id, ingredient_id, portion) VALUES (15, 142, 1);

INSERT INTO Recipe_Ingredient (recipe_id, ingredient_id, portion) VALUES (15, 55, 3);

INSERT INTO Recipe_Ingredient (recipe_id, ingredient_id, portion) VALUES (15, 133, 4);

INSERT INTO Recipe_Ingredient (recipe_id, ingredient_id, portion) VALUES (15, 35, 1);

INSERT INTO Recipe_Ingredient (recipe_id, ingredient_id, portion) VALUES (15, 23, 6);

INSERT INTO Recipe_Ingredient (recipe_id, ingredient_id, portion) VALUES (15, 122, 1);

INSERT INTO Recipe_Ingredient (recipe_id, ingredient_id, portion) VALUES (15, 167, 4);

INSERT INTO Recipe_Ingredient (recipe_id, ingredient_id, portion) VALUES (15, 140, 3);

INSERT INTO Recipe_Ingredient (recipe_id, ingredient_id, portion) VALUES (15, 7, 4);

INSERT INTO Recipe_Ingredient (recipe_id, ingredient_id, portion) VALUES (15, 112, 2);

INSERT INTO Recipe_Ingredient (recipe_id, ingredient_id, portion) VALUES (15, 126, 8);

INSERT INTO Recipe_Ingredient (recipe_id, ingredient_id, portion) VALUES (15, 31, 2);

INSERT INTO Recipe_Ingredient (recipe_id, ingredient_id, portion) VALUES (15, 154, 3);

INSERT INTO Recipe_Ingredient (recipe_id, ingredient_id, portion) VALUES (15, 94, 7);

INSERT INTO Recipe_Ingredient (recipe_id, ingredient_id, portion) VALUES (15, 178, 6);

INSERT INTO Recipe_Ingredient (recipe_id, ingredient_id, portion) VALUES (15, 132, 3);

INSERT INTO Recipe_Ingredient (recipe_id, ingredient_id, portion) VALUES (15, 10, 3);

INSERT INTO Recipe_Ingredient (recipe_id, ingredient_id, portion) VALUES (15, 88, 2);

INSERT INTO Recipe_Thematic_Unit (recipe_id, thematic_unit_id) VALUES (15, 7);

INSERT INTO Recipe_Thematic_Unit (recipe_id, thematic_unit_id) VALUES (15, 14);

INSERT INTO Recipe (recipe_type, name, national_cuisine_id, difficulty_level, description, tip1, tip2, cooking_time, prep_time, portions, basic_ingredient_id, image_id) VALUES ('cooking', 'Glazed Pork Chops with Corn Bread Dressing', 4, 3, 'Positive issue car leader. Magazine then position listen development issue.', 'you have to be careful not to let it get stack', 'good with honey', 95, 41, 8, 84, 44);

INSERT INTO Step (recipe_id, order_number, description) VALUES (16, 1, 'These industry easy best data church if.');

INSERT INTO Step (recipe_id, order_number, description) VALUES (16, 2, 'Decade also much.');

INSERT INTO Step (recipe_id, order_number, description) VALUES (16, 3, 'Smile vote same politics.');

INSERT INTO Nutritional_Info (recipe_id, fat_per_portion, carbs_per_portion, protein_per_portion) VALUES (16, 327, 38, 55);

INSERT INTO Recipe_Meal_Type (recipe_id, meal_type_id) VALUES (16, 4);

INSERT INTO Recipe_Label (recipe_id, label_id) VALUES (16, 9);

INSERT INTO Recipe_Label (recipe_id, label_id) VALUES (16, 6);

INSERT INTO Recipe_Label (recipe_id, label_id) VALUES (16, 10);

INSERT INTO Recipe_Equipment (recipe_id, equipment_id) VALUES (16, 8);

INSERT INTO Recipe_Equipment (recipe_id, equipment_id) VALUES (16, 6);

INSERT INTO Recipe_Equipment (recipe_id, equipment_id) VALUES (16, 27);

INSERT INTO Recipe_Equipment (recipe_id, equipment_id) VALUES (16, 29);

INSERT INTO Recipe_Equipment (recipe_id, equipment_id) VALUES (16, 35);

INSERT INTO Recipe_Equipment (recipe_id, equipment_id) VALUES (16, 7);

INSERT INTO Recipe_Equipment (recipe_id, equipment_id) VALUES (16, 38);

INSERT INTO Recipe_Ingredient (recipe_id, ingredient_id, portion) VALUES (16, 160, 1);

INSERT INTO Recipe_Ingredient (recipe_id, ingredient_id, portion) VALUES (16, 105, 8);

INSERT INTO Recipe_Ingredient (recipe_id, ingredient_id, portion) VALUES (16, 154, 7);

INSERT INTO Recipe_Thematic_Unit (recipe_id, thematic_unit_id) VALUES (16, 15);

INSERT INTO Recipe_Thematic_Unit (recipe_id, thematic_unit_id) VALUES (16, 3);

INSERT INTO Recipe_Thematic_Unit (recipe_id, thematic_unit_id) VALUES (16, 14);

INSERT INTO Recipe (recipe_type, name, national_cuisine_id, difficulty_level, description, tip1, tip2, cooking_time, prep_time, portions, basic_ingredient_id, image_id) VALUES ('cooking', 'Fried Rice', 4, 3, 'Yeah rather less event western. Decision face worker pattern same. Expert light opportunity health include assume address.', 'better after 2 days', 'good with honey', 37, 44, 3, 145, 45);

INSERT INTO Step (recipe_id, order_number, description) VALUES (17, 1, 'Long support last white star.');

INSERT INTO Nutritional_Info (recipe_id, fat_per_portion, carbs_per_portion, protein_per_portion) VALUES (17, 127, 199, 213);

INSERT INTO Recipe_Meal_Type (recipe_id, meal_type_id) VALUES (17, 4);

INSERT INTO Recipe_Meal_Type (recipe_id, meal_type_id) VALUES (17, 5);

INSERT INTO Recipe_Meal_Type (recipe_id, meal_type_id) VALUES (17, 2);

INSERT INTO Recipe_Label (recipe_id, label_id) VALUES (17, 1);

INSERT INTO Recipe_Label (recipe_id, label_id) VALUES (17, 5);

INSERT INTO Recipe_Label (recipe_id, label_id) VALUES (17, 8);

INSERT INTO Recipe_Equipment (recipe_id, equipment_id) VALUES (17, 17);

INSERT INTO Recipe_Equipment (recipe_id, equipment_id) VALUES (17, 37);

INSERT INTO Recipe_Equipment (recipe_id, equipment_id) VALUES (17, 30);

INSERT INTO Recipe_Equipment (recipe_id, equipment_id) VALUES (17, 21);

INSERT INTO Recipe_Equipment (recipe_id, equipment_id) VALUES (17, 36);

INSERT INTO Recipe_Equipment (recipe_id, equipment_id) VALUES (17, 7);

INSERT INTO Recipe_Equipment (recipe_id, equipment_id) VALUES (17, 22);

INSERT INTO Recipe_Ingredient (recipe_id, ingredient_id, portion) VALUES (17, 163, 4);

INSERT INTO Recipe_Ingredient (recipe_id, ingredient_id, portion) VALUES (17, 197, 5);

INSERT INTO Recipe_Ingredient (recipe_id, ingredient_id, portion) VALUES (17, 106, 1);

INSERT INTO Recipe_Ingredient (recipe_id, ingredient_id, portion) VALUES (17, 132, 5);

INSERT INTO Recipe_Thematic_Unit (recipe_id, thematic_unit_id) VALUES (17, 3);

INSERT INTO Recipe_Thematic_Unit (recipe_id, thematic_unit_id) VALUES (17, 8);

INSERT INTO Recipe (recipe_type, name, national_cuisine_id, difficulty_level, description, tip1, tip2, cooking_time, prep_time, portions, basic_ingredient_id, image_id) VALUES ('cooking', 'Zesty Sausage & Beans', 4, 5, 'Soon pay agency difficult participant power down. Most movement true song.', 'better with gloves', 'you need 2 people to make it', 50, 29, 5, 103, 46);

INSERT INTO Step (recipe_id, order_number, description) VALUES (18, 1, 'Brother how type end.');

INSERT INTO Step (recipe_id, order_number, description) VALUES (18, 2, 'Issue crime future station song soon one.');

INSERT INTO Step (recipe_id, order_number, description) VALUES (18, 3, 'Cultural suddenly type rate type.');

INSERT INTO Nutritional_Info (recipe_id, fat_per_portion, carbs_per_portion, protein_per_portion) VALUES (18, 112, 133, 183);

INSERT INTO Recipe_Meal_Type (recipe_id, meal_type_id) VALUES (18, 2);

INSERT INTO Recipe_Label (recipe_id, label_id) VALUES (18, 1);

INSERT INTO Recipe_Label (recipe_id, label_id) VALUES (18, 7);

INSERT INTO Recipe_Equipment (recipe_id, equipment_id) VALUES (18, 9);

INSERT INTO Recipe_Equipment (recipe_id, equipment_id) VALUES (18, 34);

INSERT INTO Recipe_Equipment (recipe_id, equipment_id) VALUES (18, 37);

INSERT INTO Recipe_Equipment (recipe_id, equipment_id) VALUES (18, 40);

INSERT INTO Recipe_Equipment (recipe_id, equipment_id) VALUES (18, 38);

INSERT INTO Recipe_Equipment (recipe_id, equipment_id) VALUES (18, 36);

INSERT INTO Recipe_Ingredient (recipe_id, ingredient_id, portion) VALUES (18, 163, 2);

INSERT INTO Recipe_Ingredient (recipe_id, ingredient_id, portion) VALUES (18, 181, 4);

INSERT INTO Recipe_Ingredient (recipe_id, ingredient_id, portion) VALUES (18, 38, 6);

INSERT INTO Recipe_Ingredient (recipe_id, ingredient_id, portion) VALUES (18, 171, 2);

INSERT INTO Recipe_Ingredient (recipe_id, ingredient_id, portion) VALUES (18, 24, 7);

INSERT INTO Recipe_Ingredient (recipe_id, ingredient_id, portion) VALUES (18, 82, 1);

INSERT INTO Recipe_Ingredient (recipe_id, ingredient_id, portion) VALUES (18, 175, 6);

INSERT INTO Recipe_Ingredient (recipe_id, ingredient_id, portion) VALUES (18, 162, 5);

INSERT INTO Recipe_Ingredient (recipe_id, ingredient_id, portion) VALUES (18, 166, 5);

INSERT INTO Recipe_Ingredient (recipe_id, ingredient_id, portion) VALUES (18, 37, 5);

INSERT INTO Recipe_Ingredient (recipe_id, ingredient_id, portion) VALUES (18, 133, 3);

INSERT INTO Recipe_Ingredient (recipe_id, ingredient_id, portion) VALUES (18, 59, 2);

INSERT INTO Recipe_Ingredient (recipe_id, ingredient_id, portion) VALUES (18, 51, 2);

INSERT INTO Recipe_Ingredient (recipe_id, ingredient_id, portion) VALUES (18, 182, 5);

INSERT INTO Recipe_Ingredient (recipe_id, ingredient_id, portion) VALUES (18, 56, 1);

INSERT INTO Recipe_Ingredient (recipe_id, ingredient_id, portion) VALUES (18, 173, 6);

INSERT INTO Recipe_Ingredient (recipe_id, ingredient_id, portion) VALUES (18, 157, 1);

INSERT INTO Recipe_Ingredient (recipe_id, ingredient_id, portion) VALUES (18, 23, 4);

INSERT INTO Recipe_Thematic_Unit (recipe_id, thematic_unit_id) VALUES (18, 8);

INSERT INTO Recipe_Thematic_Unit (recipe_id, thematic_unit_id) VALUES (18, 12);

INSERT INTO Recipe (recipe_type, name, national_cuisine_id, difficulty_level, description, tip1, cooking_time, prep_time, portions, basic_ingredient_id, image_id) VALUES ('cooking', 'Prosciutto Pasta Toss', 4, 5, 'Best tree trade share. Certain high long provide positive. Around where enjoy them dog government.', 'good with honey', 48, 30, 5, 12, 47);

INSERT INTO Step (recipe_id, order_number, description) VALUES (19, 1, 'Down glass focus page if star he.');

INSERT INTO Step (recipe_id, order_number, description) VALUES (19, 2, 'Leader ever kind explain piece cultural a.');

INSERT INTO Nutritional_Info (recipe_id, fat_per_portion, carbs_per_portion, protein_per_portion) VALUES (19, 287, 120, 86);

INSERT INTO Recipe_Meal_Type (recipe_id, meal_type_id) VALUES (19, 5);

INSERT INTO Recipe_Meal_Type (recipe_id, meal_type_id) VALUES (19, 6);

INSERT INTO Recipe_Label (recipe_id, label_id) VALUES (19, 2);

INSERT INTO Recipe_Label (recipe_id, label_id) VALUES (19, 8);

INSERT INTO Recipe_Label (recipe_id, label_id) VALUES (19, 6);

INSERT INTO Recipe_Equipment (recipe_id, equipment_id) VALUES (19, 14);

INSERT INTO Recipe_Equipment (recipe_id, equipment_id) VALUES (19, 20);

INSERT INTO Recipe_Equipment (recipe_id, equipment_id) VALUES (19, 21);

INSERT INTO Recipe_Equipment (recipe_id, equipment_id) VALUES (19, 1);

INSERT INTO Recipe_Equipment (recipe_id, equipment_id) VALUES (19, 18);

INSERT INTO Recipe_Equipment (recipe_id, equipment_id) VALUES (19, 49);

INSERT INTO Recipe_Equipment (recipe_id, equipment_id) VALUES (19, 24);

INSERT INTO Recipe_Equipment (recipe_id, equipment_id) VALUES (19, 30);

INSERT INTO Recipe_Equipment (recipe_id, equipment_id) VALUES (19, 29);

INSERT INTO Recipe_Ingredient (recipe_id, ingredient_id, portion) VALUES (19, 39, 5);

INSERT INTO Recipe_Ingredient (recipe_id, ingredient_id, portion) VALUES (19, 15, 6);

INSERT INTO Recipe_Ingredient (recipe_id, ingredient_id, portion) VALUES (19, 32, 7);

INSERT INTO Recipe_Ingredient (recipe_id, ingredient_id, portion) VALUES (19, 162, 7);

INSERT INTO Recipe_Ingredient (recipe_id, ingredient_id, portion) VALUES (19, 24, 5);

INSERT INTO Recipe_Ingredient (recipe_id, ingredient_id, portion) VALUES (19, 116, 5);

INSERT INTO Recipe_Ingredient (recipe_id, ingredient_id, portion) VALUES (19, 40, 4);

INSERT INTO Recipe_Ingredient (recipe_id, ingredient_id, portion) VALUES (19, 189, 8);

INSERT INTO Recipe_Thematic_Unit (recipe_id, thematic_unit_id) VALUES (19, 15);

INSERT INTO Recipe_Thematic_Unit (recipe_id, thematic_unit_id) VALUES (19, 14);

INSERT INTO Recipe (recipe_type, name, national_cuisine_id, difficulty_level, description, tip1, tip2, tip3, cooking_time, prep_time, portions, basic_ingredient_id, image_id) VALUES ('pastry', 'Cashew Chicken with Noodles', 5, 3, 'Star music talk service. Why drug social maybe. See large fact group central until.', 'better with butter instead of milk', 'better with gloves', 'good with honey', 54, 3, 1, 171, 48);

INSERT INTO Step (recipe_id, order_number, description) VALUES (20, 1, 'Prepare task rest write recent.');

INSERT INTO Step (recipe_id, order_number, description) VALUES (20, 2, 'Wonder thank couple.');

INSERT INTO Step (recipe_id, order_number, description) VALUES (20, 3, 'Consider wide nearly arrive market article nature.');

INSERT INTO Step (recipe_id, order_number, description) VALUES (20, 4, 'Way southern everyone member.');

INSERT INTO Step (recipe_id, order_number, description) VALUES (20, 5, 'Message by amount in.');

INSERT INTO Step (recipe_id, order_number, description) VALUES (20, 6, 'Could better at song wear may.');

INSERT INTO Step (recipe_id, order_number, description) VALUES (20, 7, 'Raise newspaper contain ever.');

INSERT INTO Nutritional_Info (recipe_id, fat_per_portion, carbs_per_portion, protein_per_portion) VALUES (20, 229, 111, 221);

INSERT INTO Recipe_Meal_Type (recipe_id, meal_type_id) VALUES (20, 5);

INSERT INTO Recipe_Label (recipe_id, label_id) VALUES (20, 9);

INSERT INTO Recipe_Label (recipe_id, label_id) VALUES (20, 2);

INSERT INTO Recipe_Equipment (recipe_id, equipment_id) VALUES (20, 33);

INSERT INTO Recipe_Equipment (recipe_id, equipment_id) VALUES (20, 16);

INSERT INTO Recipe_Equipment (recipe_id, equipment_id) VALUES (20, 29);

INSERT INTO Recipe_Equipment (recipe_id, equipment_id) VALUES (20, 6);

INSERT INTO Recipe_Equipment (recipe_id, equipment_id) VALUES (20, 10);

INSERT INTO Recipe_Ingredient (recipe_id, ingredient_id, portion) VALUES (20, 54, 1);

INSERT INTO Recipe_Thematic_Unit (recipe_id, thematic_unit_id) VALUES (20, 2);

INSERT INTO Recipe (recipe_type, name, national_cuisine_id, difficulty_level, description, tip1, tip2, cooking_time, prep_time, portions, basic_ingredient_id, image_id) VALUES ('cooking', 'Herb Chicken with Honey Butter', 5, 4, 'Suffer admit doctor against analysis believe leg. Room product say simple run news player.', 'you need salt', 'you need 2 people to make it', 53, 32, 3, 44, 49);

INSERT INTO Step (recipe_id, order_number, description) VALUES (21, 1, 'Conference station marriage unit seat free natural day.');

INSERT INTO Step (recipe_id, order_number, description) VALUES (21, 2, 'Pm him over vote likely.');

INSERT INTO Step (recipe_id, order_number, description) VALUES (21, 3, 'Shake reflect special music thought why.');

INSERT INTO Step (recipe_id, order_number, description) VALUES (21, 4, 'Nice positive media.');

INSERT INTO Step (recipe_id, order_number, description) VALUES (21, 5, 'Cultural society capital finally watch read authority.');

INSERT INTO Nutritional_Info (recipe_id, fat_per_portion, carbs_per_portion, protein_per_portion) VALUES (21, 88, 146, 25);

INSERT INTO Recipe_Meal_Type (recipe_id, meal_type_id) VALUES (21, 6);

INSERT INTO Recipe_Label (recipe_id, label_id) VALUES (21, 8);

INSERT INTO Recipe_Equipment (recipe_id, equipment_id) VALUES (21, 2);

INSERT INTO Recipe_Equipment (recipe_id, equipment_id) VALUES (21, 44);

INSERT INTO Recipe_Ingredient (recipe_id, ingredient_id, portion) VALUES (21, 101, 2);

INSERT INTO Recipe_Ingredient (recipe_id, ingredient_id, portion) VALUES (21, 18, 6);

INSERT INTO Recipe_Ingredient (recipe_id, ingredient_id, portion) VALUES (21, 115, 4);

INSERT INTO Recipe_Ingredient (recipe_id, ingredient_id, portion) VALUES (21, 187, 4);

INSERT INTO Recipe_Ingredient (recipe_id, ingredient_id, portion) VALUES (21, 20, 6);

INSERT INTO Recipe_Ingredient (recipe_id, ingredient_id, portion) VALUES (21, 102, 1);

INSERT INTO Recipe_Ingredient (recipe_id, ingredient_id, portion) VALUES (21, 86, 8);

INSERT INTO Recipe_Ingredient (recipe_id, ingredient_id, portion) VALUES (21, 58, 1);

INSERT INTO Recipe_Ingredient (recipe_id, ingredient_id, portion) VALUES (21, 43, 3);

INSERT INTO Recipe_Ingredient (recipe_id, ingredient_id, portion) VALUES (21, 179, 8);

INSERT INTO Recipe_Ingredient (recipe_id, ingredient_id, portion) VALUES (21, 37, 2);

INSERT INTO Recipe_Ingredient (recipe_id, ingredient_id, portion) VALUES (21, 173, 6);

INSERT INTO Recipe_Thematic_Unit (recipe_id, thematic_unit_id) VALUES (21, 12);

INSERT INTO Recipe (recipe_type, name, national_cuisine_id, difficulty_level, description, tip1, tip2, cooking_time, prep_time, portions, basic_ingredient_id, image_id) VALUES ('cooking', 'French Toast', 5, 2, 'Ask occur green political. Question deep tree partner term many color study. Federal cut accept last stuff.', 'you have to be careful not to let it get stack', 'you can use leftovers', 79, 40, 6, 153, 50);

INSERT INTO Step (recipe_id, order_number, description) VALUES (22, 1, 'Interest suddenly serve become talk improve bank.');

INSERT INTO Step (recipe_id, order_number, description) VALUES (22, 2, 'Conference these stay top six.');

INSERT INTO Step (recipe_id, order_number, description) VALUES (22, 3, 'Lot way space a throughout agency.');

INSERT INTO Step (recipe_id, order_number, description) VALUES (22, 4, 'Everyone factor how determine everything protect us.');

INSERT INTO Step (recipe_id, order_number, description) VALUES (22, 5, 'Center go main.');

INSERT INTO Step (recipe_id, order_number, description) VALUES (22, 6, 'Fill best interesting politics employee.');

INSERT INTO Step (recipe_id, order_number, description) VALUES (22, 7, 'Thus language himself pattern occur move want.');

INSERT INTO Nutritional_Info (recipe_id, fat_per_portion, carbs_per_portion, protein_per_portion) VALUES (22, 196, 139, 60);

INSERT INTO Recipe_Meal_Type (recipe_id, meal_type_id) VALUES (22, 2);

INSERT INTO Recipe_Meal_Type (recipe_id, meal_type_id) VALUES (22, 4);

INSERT INTO Recipe_Label (recipe_id, label_id) VALUES (22, 4);

INSERT INTO Recipe_Label (recipe_id, label_id) VALUES (22, 3);

INSERT INTO Recipe_Label (recipe_id, label_id) VALUES (22, 9);

INSERT INTO Recipe_Equipment (recipe_id, equipment_id) VALUES (22, 22);

INSERT INTO Recipe_Equipment (recipe_id, equipment_id) VALUES (22, 19);

INSERT INTO Recipe_Equipment (recipe_id, equipment_id) VALUES (22, 44);

INSERT INTO Recipe_Equipment (recipe_id, equipment_id) VALUES (22, 12);

INSERT INTO Recipe_Equipment (recipe_id, equipment_id) VALUES (22, 23);

INSERT INTO Recipe_Equipment (recipe_id, equipment_id) VALUES (22, 46);

INSERT INTO Recipe_Equipment (recipe_id, equipment_id) VALUES (22, 34);

INSERT INTO Recipe_Equipment (recipe_id, equipment_id) VALUES (22, 3);

INSERT INTO Recipe_Ingredient (recipe_id, ingredient_id, portion) VALUES (22, 122, 6);

INSERT INTO Recipe_Ingredient (recipe_id, ingredient_id, portion) VALUES (22, 103, 2);

INSERT INTO Recipe_Ingredient (recipe_id, ingredient_id, portion) VALUES (22, 188, 3);

INSERT INTO Recipe_Ingredient (recipe_id, ingredient_id, portion) VALUES (22, 180, 5);

INSERT INTO Recipe_Ingredient (recipe_id, ingredient_id, portion) VALUES (22, 152, 5);

INSERT INTO Recipe_Ingredient (recipe_id, ingredient_id, portion) VALUES (22, 50, 5);

INSERT INTO Recipe_Ingredient (recipe_id, ingredient_id, portion) VALUES (22, 31, 1);

INSERT INTO Recipe_Ingredient (recipe_id, ingredient_id, portion) VALUES (22, 91, 5);

INSERT INTO Recipe_Ingredient (recipe_id, ingredient_id, portion) VALUES (22, 161, 7);

INSERT INTO Recipe_Ingredient (recipe_id, ingredient_id, portion) VALUES (22, 68, 5);

INSERT INTO Recipe_Ingredient (recipe_id, ingredient_id, portion) VALUES (22, 81, 6);

INSERT INTO Recipe_Ingredient (recipe_id, ingredient_id, portion) VALUES (22, 142, 3);

INSERT INTO Recipe_Ingredient (recipe_id, ingredient_id, portion) VALUES (22, 47, 6);

INSERT INTO Recipe_Ingredient (recipe_id, ingredient_id, portion) VALUES (22, 101, 6);

INSERT INTO Recipe_Ingredient (recipe_id, ingredient_id, portion) VALUES (22, 6, 1);

INSERT INTO Recipe_Ingredient (recipe_id, ingredient_id, portion) VALUES (22, 49, 7);

INSERT INTO Recipe_Ingredient (recipe_id, ingredient_id, portion) VALUES (22, 74, 5);

INSERT INTO Recipe_Ingredient (recipe_id, ingredient_id, portion) VALUES (22, 159, 2);

INSERT INTO Recipe_Ingredient (recipe_id, ingredient_id, portion) VALUES (22, 137, 3);

INSERT INTO Recipe_Ingredient (recipe_id, ingredient_id, portion) VALUES (22, 72, 4);

INSERT INTO Recipe_Thematic_Unit (recipe_id, thematic_unit_id) VALUES (22, 14);

INSERT INTO Recipe_Thematic_Unit (recipe_id, thematic_unit_id) VALUES (22, 11);

INSERT INTO Recipe (recipe_type, name, national_cuisine_id, difficulty_level, description, tip1, tip2, cooking_time, prep_time, portions, basic_ingredient_id, image_id) VALUES ('cooking', 'Swedish Pancakes', 5, 5, 'Specific natural perhaps western page much. Standard every shake. Head any agreement western toward a nor.', 'better with feta cheese', 'you need salt', 123, 35, 8, 183, 51);

INSERT INTO Step (recipe_id, order_number, description) VALUES (23, 1, 'General point form no audience.');

INSERT INTO Step (recipe_id, order_number, description) VALUES (23, 2, 'Coach until affect.');

INSERT INTO Step (recipe_id, order_number, description) VALUES (23, 3, 'Mother keep face foreign quality difference.');

INSERT INTO Step (recipe_id, order_number, description) VALUES (23, 4, 'Arrive here evening gun pattern.');

INSERT INTO Step (recipe_id, order_number, description) VALUES (23, 5, 'Sound research great.');

INSERT INTO Step (recipe_id, order_number, description) VALUES (23, 6, 'Us her medical hit yes policy voice politics.');

INSERT INTO Step (recipe_id, order_number, description) VALUES (23, 7, 'Either reason act human.');

INSERT INTO Nutritional_Info (recipe_id, fat_per_portion, carbs_per_portion, protein_per_portion) VALUES (23, 59, 169, 150);

INSERT INTO Recipe_Meal_Type (recipe_id, meal_type_id) VALUES (23, 2);

INSERT INTO Recipe_Meal_Type (recipe_id, meal_type_id) VALUES (23, 6);

INSERT INTO Recipe_Label (recipe_id, label_id) VALUES (23, 2);

INSERT INTO Recipe_Equipment (recipe_id, equipment_id) VALUES (23, 35);

INSERT INTO Recipe_Equipment (recipe_id, equipment_id) VALUES (23, 15);

INSERT INTO Recipe_Equipment (recipe_id, equipment_id) VALUES (23, 9);

INSERT INTO Recipe_Equipment (recipe_id, equipment_id) VALUES (23, 26);

INSERT INTO Recipe_Equipment (recipe_id, equipment_id) VALUES (23, 27);

INSERT INTO Recipe_Equipment (recipe_id, equipment_id) VALUES (23, 20);

INSERT INTO Recipe_Ingredient (recipe_id, ingredient_id, portion) VALUES (23, 95, 7);

INSERT INTO Recipe_Ingredient (recipe_id, ingredient_id, portion) VALUES (23, 102, 6);

INSERT INTO Recipe_Thematic_Unit (recipe_id, thematic_unit_id) VALUES (23, 1);

INSERT INTO Recipe (recipe_type, name, national_cuisine_id, difficulty_level, description, tip1, tip2, cooking_time, prep_time, portions, basic_ingredient_id, image_id) VALUES ('pastry', 'Baked Cheddar Eggs & Potatoes', 5, 3, 'Mention nice music.', 'better with slow cooking', 'you need to use your hands', 144, 30, 5, 147, 52);

INSERT INTO Step (recipe_id, order_number, description) VALUES (24, 1, 'Scientist report generation suggest color.');

INSERT INTO Step (recipe_id, order_number, description) VALUES (24, 2, 'Customer responsibility human everyone TV enter whom.');

INSERT INTO Step (recipe_id, order_number, description) VALUES (24, 3, 'Be right radio sister thus.');

INSERT INTO Step (recipe_id, order_number, description) VALUES (24, 4, 'Poor anyone here reason hear.');

INSERT INTO Step (recipe_id, order_number, description) VALUES (24, 5, 'Always audience situation suggest such.');

INSERT INTO Step (recipe_id, order_number, description) VALUES (24, 6, 'Wide contain short class black oil mention.');

INSERT INTO Step (recipe_id, order_number, description) VALUES (24, 7, 'Evening paper half speech appear.');

INSERT INTO Nutritional_Info (recipe_id, fat_per_portion, carbs_per_portion, protein_per_portion) VALUES (24, 341, 118, 181);

INSERT INTO Recipe_Meal_Type (recipe_id, meal_type_id) VALUES (24, 1);

INSERT INTO Recipe_Label (recipe_id, label_id) VALUES (24, 1);

INSERT INTO Recipe_Label (recipe_id, label_id) VALUES (24, 8);

INSERT INTO Recipe_Label (recipe_id, label_id) VALUES (24, 4);

INSERT INTO Recipe_Equipment (recipe_id, equipment_id) VALUES (24, 16);

INSERT INTO Recipe_Equipment (recipe_id, equipment_id) VALUES (24, 44);

INSERT INTO Recipe_Ingredient (recipe_id, ingredient_id, portion) VALUES (24, 19, 3);

INSERT INTO Recipe_Thematic_Unit (recipe_id, thematic_unit_id) VALUES (24, 13);

INSERT INTO Recipe_Thematic_Unit (recipe_id, thematic_unit_id) VALUES (24, 11);

INSERT INTO Recipe (recipe_type, name, national_cuisine_id, difficulty_level, description, tip1, cooking_time, prep_time, portions, basic_ingredient_id, image_id) VALUES ('cooking', 'Baked Mostaccioli', 6, 1, 'Ability against together get. Fear into attention cell whom job. Citizen stock leg expect would resource growth.', 'better with slow cooking', 66, 11, 8, 63, 53);

INSERT INTO Step (recipe_id, order_number, description) VALUES (25, 1, 'Work population population provide home.');

INSERT INTO Step (recipe_id, order_number, description) VALUES (25, 2, 'Nation administration position local.');

INSERT INTO Step (recipe_id, order_number, description) VALUES (25, 3, 'Those parent during begin.');

INSERT INTO Step (recipe_id, order_number, description) VALUES (25, 4, 'Control TV thought follow policy stuff drop color.');

INSERT INTO Step (recipe_id, order_number, description) VALUES (25, 5, 'Team foreign arm however little.');

INSERT INTO Step (recipe_id, order_number, description) VALUES (25, 6, 'Visit sign travel but option own.');

INSERT INTO Nutritional_Info (recipe_id, fat_per_portion, carbs_per_portion, protein_per_portion) VALUES (25, 302, 124, 78);

INSERT INTO Recipe_Meal_Type (recipe_id, meal_type_id) VALUES (25, 4);

INSERT INTO Recipe_Meal_Type (recipe_id, meal_type_id) VALUES (25, 1);

INSERT INTO Recipe_Meal_Type (recipe_id, meal_type_id) VALUES (25, 2);

INSERT INTO Recipe_Label (recipe_id, label_id) VALUES (25, 1);

INSERT INTO Recipe_Equipment (recipe_id, equipment_id) VALUES (25, 30);

INSERT INTO Recipe_Equipment (recipe_id, equipment_id) VALUES (25, 13);

INSERT INTO Recipe_Equipment (recipe_id, equipment_id) VALUES (25, 50);

INSERT INTO Recipe_Equipment (recipe_id, equipment_id) VALUES (25, 19);

INSERT INTO Recipe_Equipment (recipe_id, equipment_id) VALUES (25, 10);

INSERT INTO Recipe_Equipment (recipe_id, equipment_id) VALUES (25, 17);

INSERT INTO Recipe_Equipment (recipe_id, equipment_id) VALUES (25, 16);

INSERT INTO Recipe_Equipment (recipe_id, equipment_id) VALUES (25, 25);

INSERT INTO Recipe_Equipment (recipe_id, equipment_id) VALUES (25, 12);

INSERT INTO Recipe_Equipment (recipe_id, equipment_id) VALUES (25, 27);

INSERT INTO Recipe_Ingredient (recipe_id, ingredient_id, portion) VALUES (25, 95, 2);

INSERT INTO Recipe_Ingredient (recipe_id, ingredient_id, portion) VALUES (25, 10, 8);

INSERT INTO Recipe_Ingredient (recipe_id, ingredient_id, portion) VALUES (25, 13, 5);

INSERT INTO Recipe_Ingredient (recipe_id, ingredient_id, portion) VALUES (25, 109, 5);

INSERT INTO Recipe_Thematic_Unit (recipe_id, thematic_unit_id) VALUES (25, 13);

INSERT INTO Recipe (recipe_type, name, national_cuisine_id, difficulty_level, description, tip1, tip2, tip3, cooking_time, prep_time, portions, basic_ingredient_id, image_id) VALUES ('pastry', 'Ravioli with Snap Peas', 6, 2, 'Manage really accept peace organization glass. Relate system example scene maybe experience side week.', 'you can use leftovers', 'you need 2 people to make it', 'it needs a fridge', 111, 37, 7, 194, 54);

INSERT INTO Step (recipe_id, order_number, description) VALUES (26, 1, 'Where image suddenly while us.');

INSERT INTO Nutritional_Info (recipe_id, fat_per_portion, carbs_per_portion, protein_per_portion) VALUES (26, 256, 148, 146);

INSERT INTO Recipe_Meal_Type (recipe_id, meal_type_id) VALUES (26, 5);

INSERT INTO Recipe_Meal_Type (recipe_id, meal_type_id) VALUES (26, 4);

INSERT INTO Recipe_Meal_Type (recipe_id, meal_type_id) VALUES (26, 3);

INSERT INTO Recipe_Label (recipe_id, label_id) VALUES (26, 6);

INSERT INTO Recipe_Label (recipe_id, label_id) VALUES (26, 7);

INSERT INTO Recipe_Label (recipe_id, label_id) VALUES (26, 1);

INSERT INTO Recipe_Label (recipe_id, label_id) VALUES (26, 9);

INSERT INTO Recipe_Equipment (recipe_id, equipment_id) VALUES (26, 9);

INSERT INTO Recipe_Equipment (recipe_id, equipment_id) VALUES (26, 37);

INSERT INTO Recipe_Equipment (recipe_id, equipment_id) VALUES (26, 45);

INSERT INTO Recipe_Equipment (recipe_id, equipment_id) VALUES (26, 42);

INSERT INTO Recipe_Equipment (recipe_id, equipment_id) VALUES (26, 25);

INSERT INTO Recipe_Ingredient (recipe_id, ingredient_id, portion) VALUES (26, 56, 6);

INSERT INTO Recipe_Ingredient (recipe_id, ingredient_id, portion) VALUES (26, 1, 3);

INSERT INTO Recipe_Ingredient (recipe_id, ingredient_id, portion) VALUES (26, 138, 4);

INSERT INTO Recipe_Ingredient (recipe_id, ingredient_id, portion) VALUES (26, 165, 7);

INSERT INTO Recipe_Ingredient (recipe_id, ingredient_id, portion) VALUES (26, 34, 6);

INSERT INTO Recipe_Ingredient (recipe_id, ingredient_id, portion) VALUES (26, 44, 4);

INSERT INTO Recipe_Ingredient (recipe_id, ingredient_id, portion) VALUES (26, 197, 4);

INSERT INTO Recipe_Ingredient (recipe_id, ingredient_id, portion) VALUES (26, 186, 5);

INSERT INTO Recipe_Ingredient (recipe_id, ingredient_id, portion) VALUES (26, 190, 7);

INSERT INTO Recipe_Ingredient (recipe_id, ingredient_id, portion) VALUES (26, 81, 3);

INSERT INTO Recipe_Ingredient (recipe_id, ingredient_id, portion) VALUES (26, 132, 8);

INSERT INTO Recipe_Ingredient (recipe_id, ingredient_id, portion) VALUES (26, 88, 8);

INSERT INTO Recipe_Ingredient (recipe_id, ingredient_id, portion) VALUES (26, 146, 2);

INSERT INTO Recipe_Ingredient (recipe_id, ingredient_id, portion) VALUES (26, 183, 3);

INSERT INTO Recipe_Ingredient (recipe_id, ingredient_id, portion) VALUES (26, 50, 8);

INSERT INTO Recipe_Thematic_Unit (recipe_id, thematic_unit_id) VALUES (26, 8);

INSERT INTO Recipe_Thematic_Unit (recipe_id, thematic_unit_id) VALUES (26, 5);

INSERT INTO Recipe_Thematic_Unit (recipe_id, thematic_unit_id) VALUES (26, 11);

INSERT INTO Recipe (recipe_type, name, national_cuisine_id, difficulty_level, description, tip1, cooking_time, prep_time, portions, basic_ingredient_id, image_id) VALUES ('cooking', 'Cloverleaf Rolls', 6, 3, 'Approach participant international help term decision anything. Can turn business medical author officer.', 'better with feta cheese', 107, 34, 5, 120, 55);

INSERT INTO Step (recipe_id, order_number, description) VALUES (27, 1, 'Sing training she himself public truth.');

INSERT INTO Step (recipe_id, order_number, description) VALUES (27, 2, 'From go evidence loss half.');

INSERT INTO Step (recipe_id, order_number, description) VALUES (27, 3, 'Any environmental draw conference leave year other staff.');

INSERT INTO Nutritional_Info (recipe_id, fat_per_portion, carbs_per_portion, protein_per_portion) VALUES (27, 326, 73, 52);

INSERT INTO Recipe_Meal_Type (recipe_id, meal_type_id) VALUES (27, 6);

INSERT INTO Recipe_Label (recipe_id, label_id) VALUES (27, 7);

INSERT INTO Recipe_Label (recipe_id, label_id) VALUES (27, 4);

INSERT INTO Recipe_Label (recipe_id, label_id) VALUES (27, 1);

INSERT INTO Recipe_Equipment (recipe_id, equipment_id) VALUES (27, 48);

INSERT INTO Recipe_Equipment (recipe_id, equipment_id) VALUES (27, 33);

INSERT INTO Recipe_Equipment (recipe_id, equipment_id) VALUES (27, 23);

INSERT INTO Recipe_Equipment (recipe_id, equipment_id) VALUES (27, 11);

INSERT INTO Recipe_Equipment (recipe_id, equipment_id) VALUES (27, 13);

INSERT INTO Recipe_Equipment (recipe_id, equipment_id) VALUES (27, 47);

INSERT INTO Recipe_Equipment (recipe_id, equipment_id) VALUES (27, 24);

INSERT INTO Recipe_Equipment (recipe_id, equipment_id) VALUES (27, 36);

INSERT INTO Recipe_Equipment (recipe_id, equipment_id) VALUES (27, 4);

INSERT INTO Recipe_Equipment (recipe_id, equipment_id) VALUES (27, 6);

INSERT INTO Recipe_Ingredient (recipe_id, ingredient_id, portion) VALUES (27, 196, 6);

INSERT INTO Recipe_Ingredient (recipe_id, ingredient_id, portion) VALUES (27, 131, 7);

INSERT INTO Recipe_Ingredient (recipe_id, ingredient_id, portion) VALUES (27, 159, 2);

INSERT INTO Recipe_Ingredient (recipe_id, ingredient_id, portion) VALUES (27, 59, 6);

INSERT INTO Recipe_Ingredient (recipe_id, ingredient_id, portion) VALUES (27, 13, 2);

INSERT INTO Recipe_Ingredient (recipe_id, ingredient_id, portion) VALUES (27, 89, 1);

INSERT INTO Recipe_Ingredient (recipe_id, ingredient_id, portion) VALUES (27, 21, 1);

INSERT INTO Recipe_Ingredient (recipe_id, ingredient_id, portion) VALUES (27, 5, 2);

INSERT INTO Recipe_Ingredient (recipe_id, ingredient_id, portion) VALUES (27, 58, 3);

INSERT INTO Recipe_Ingredient (recipe_id, ingredient_id, portion) VALUES (27, 138, 6);

INSERT INTO Recipe_Ingredient (recipe_id, ingredient_id, portion) VALUES (27, 61, 4);

INSERT INTO Recipe_Ingredient (recipe_id, ingredient_id, portion) VALUES (27, 84, 2);

INSERT INTO Recipe_Ingredient (recipe_id, ingredient_id, portion) VALUES (27, 127, 1);

INSERT INTO Recipe_Thematic_Unit (recipe_id, thematic_unit_id) VALUES (27, 2);

INSERT INTO Recipe_Thematic_Unit (recipe_id, thematic_unit_id) VALUES (27, 10);

INSERT INTO Recipe_Thematic_Unit (recipe_id, thematic_unit_id) VALUES (27, 8);

INSERT INTO Recipe (recipe_type, name, national_cuisine_id, difficulty_level, description, tip1, tip2, tip3, cooking_time, prep_time, portions, basic_ingredient_id, image_id) VALUES ('cooking', 'Greek Yogurt and Honey Blueberry Muffins', 6, 3, 'Thought decade by rule we including. Happy herself manager already music.', 'it needs a fridge', 'you need a lot of time', 'you need an oven', 39, 39, 6, 58, 56);

INSERT INTO Step (recipe_id, order_number, description) VALUES (28, 1, 'More idea raise.');

INSERT INTO Step (recipe_id, order_number, description) VALUES (28, 2, 'Debate safe whose them hold someone.');

INSERT INTO Nutritional_Info (recipe_id, fat_per_portion, carbs_per_portion, protein_per_portion) VALUES (28, 284, 188, 174);

INSERT INTO Recipe_Meal_Type (recipe_id, meal_type_id) VALUES (28, 2);

INSERT INTO Recipe_Meal_Type (recipe_id, meal_type_id) VALUES (28, 3);

INSERT INTO Recipe_Meal_Type (recipe_id, meal_type_id) VALUES (28, 4);

INSERT INTO Recipe_Label (recipe_id, label_id) VALUES (28, 4);

INSERT INTO Recipe_Label (recipe_id, label_id) VALUES (28, 8);

INSERT INTO Recipe_Label (recipe_id, label_id) VALUES (28, 10);

INSERT INTO Recipe_Equipment (recipe_id, equipment_id) VALUES (28, 27);

INSERT INTO Recipe_Equipment (recipe_id, equipment_id) VALUES (28, 38);

INSERT INTO Recipe_Equipment (recipe_id, equipment_id) VALUES (28, 32);

INSERT INTO Recipe_Equipment (recipe_id, equipment_id) VALUES (28, 1);

INSERT INTO Recipe_Equipment (recipe_id, equipment_id) VALUES (28, 29);

INSERT INTO Recipe_Ingredient (recipe_id, ingredient_id, portion) VALUES (28, 18, 5);

INSERT INTO Recipe_Ingredient (recipe_id, ingredient_id, portion) VALUES (28, 15, 3);

INSERT INTO Recipe_Thematic_Unit (recipe_id, thematic_unit_id) VALUES (28, 13);

INSERT INTO Recipe_Thematic_Unit (recipe_id, thematic_unit_id) VALUES (28, 11);

INSERT INTO Recipe (recipe_type, name, national_cuisine_id, difficulty_level, description, tip1, tip2, cooking_time, prep_time, portions, basic_ingredient_id, image_id) VALUES ('pastry', 'Whole Grain Waffles', 6, 3, 'Old pretty authority such indicate new. Term consumer ground miss ball feeling owner.', 'you need salt', 'better without sugar', 50, 13, 4, 65, 57);

INSERT INTO Step (recipe_id, order_number, description) VALUES (29, 1, 'Present data note today avoid.');

INSERT INTO Step (recipe_id, order_number, description) VALUES (29, 2, 'Reveal listen thousand kitchen send record explain.');

INSERT INTO Step (recipe_id, order_number, description) VALUES (29, 3, 'Specific board program should issue base history.');

INSERT INTO Step (recipe_id, order_number, description) VALUES (29, 4, 'Face argue each place meet office.');

INSERT INTO Step (recipe_id, order_number, description) VALUES (29, 5, 'Economic as response can back.');

INSERT INTO Step (recipe_id, order_number, description) VALUES (29, 6, 'Pick career affect describe wear sit nice.');

INSERT INTO Nutritional_Info (recipe_id, fat_per_portion, carbs_per_portion, protein_per_portion) VALUES (29, 76, 80, 29);

INSERT INTO Recipe_Meal_Type (recipe_id, meal_type_id) VALUES (29, 2);

INSERT INTO Recipe_Label (recipe_id, label_id) VALUES (29, 9);

INSERT INTO Recipe_Equipment (recipe_id, equipment_id) VALUES (29, 28);

INSERT INTO Recipe_Equipment (recipe_id, equipment_id) VALUES (29, 5);

INSERT INTO Recipe_Equipment (recipe_id, equipment_id) VALUES (29, 48);

INSERT INTO Recipe_Equipment (recipe_id, equipment_id) VALUES (29, 30);

INSERT INTO Recipe_Equipment (recipe_id, equipment_id) VALUES (29, 11);

INSERT INTO Recipe_Ingredient (recipe_id, ingredient_id, portion) VALUES (29, 131, 4);

INSERT INTO Recipe_Ingredient (recipe_id, ingredient_id, portion) VALUES (29, 61, 6);

INSERT INTO Recipe_Ingredient (recipe_id, ingredient_id, portion) VALUES (29, 44, 7);

INSERT INTO Recipe_Ingredient (recipe_id, ingredient_id, portion) VALUES (29, 176, 2);

INSERT INTO Recipe_Ingredient (recipe_id, ingredient_id, portion) VALUES (29, 3, 4);

INSERT INTO Recipe_Ingredient (recipe_id, ingredient_id, portion) VALUES (29, 68, 1);

INSERT INTO Recipe_Ingredient (recipe_id, ingredient_id, portion) VALUES (29, 22, 2);

INSERT INTO Recipe_Ingredient (recipe_id, ingredient_id, portion) VALUES (29, 73, 7);

INSERT INTO Recipe_Ingredient (recipe_id, ingredient_id, portion) VALUES (29, 16, 1);

INSERT INTO Recipe_Ingredient (recipe_id, ingredient_id, portion) VALUES (29, 147, 2);

INSERT INTO Recipe_Ingredient (recipe_id, ingredient_id, portion) VALUES (29, 27, 7);

INSERT INTO Recipe_Ingredient (recipe_id, ingredient_id, portion) VALUES (29, 99, 3);

INSERT INTO Recipe_Ingredient (recipe_id, ingredient_id, portion) VALUES (29, 113, 1);

INSERT INTO Recipe_Ingredient (recipe_id, ingredient_id, portion) VALUES (29, 64, 5);

INSERT INTO Recipe_Ingredient (recipe_id, ingredient_id, portion) VALUES (29, 175, 6);

INSERT INTO Recipe_Ingredient (recipe_id, ingredient_id, portion) VALUES (29, 174, 4);

INSERT INTO Recipe_Ingredient (recipe_id, ingredient_id, portion) VALUES (29, 126, 2);

INSERT INTO Recipe_Thematic_Unit (recipe_id, thematic_unit_id) VALUES (29, 14);

INSERT INTO Recipe_Thematic_Unit (recipe_id, thematic_unit_id) VALUES (29, 5);

INSERT INTO Recipe (recipe_type, name, national_cuisine_id, difficulty_level, description, tip1, cooking_time, prep_time, portions, basic_ingredient_id, image_id) VALUES ('pastry', 'Lemon Bars', 7, 4, 'Officer tonight human somebody yard carry century. Sister return mean when clear. Particular lawyer seat cost mention heart part.', 'better without sugar', 75, 19, 6, 170, 58);

INSERT INTO Step (recipe_id, order_number, description) VALUES (30, 1, 'Image available name woman teach present.');

INSERT INTO Step (recipe_id, order_number, description) VALUES (30, 2, 'Tell professional sell care page.');

INSERT INTO Step (recipe_id, order_number, description) VALUES (30, 3, 'Even fund hard authority different include.');

INSERT INTO Step (recipe_id, order_number, description) VALUES (30, 4, 'Husband great dream spend word.');

INSERT INTO Step (recipe_id, order_number, description) VALUES (30, 5, 'Rock rule accept indeed discover goal.');

INSERT INTO Step (recipe_id, order_number, description) VALUES (30, 6, 'Message senior agent for yet investment.');

INSERT INTO Nutritional_Info (recipe_id, fat_per_portion, carbs_per_portion, protein_per_portion) VALUES (30, 181, 134, 151);

INSERT INTO Recipe_Meal_Type (recipe_id, meal_type_id) VALUES (30, 2);

INSERT INTO Recipe_Meal_Type (recipe_id, meal_type_id) VALUES (30, 5);

INSERT INTO Recipe_Meal_Type (recipe_id, meal_type_id) VALUES (30, 4);

INSERT INTO Recipe_Label (recipe_id, label_id) VALUES (30, 9);

INSERT INTO Recipe_Label (recipe_id, label_id) VALUES (30, 8);

INSERT INTO Recipe_Label (recipe_id, label_id) VALUES (30, 6);

INSERT INTO Recipe_Label (recipe_id, label_id) VALUES (30, 7);

INSERT INTO Recipe_Equipment (recipe_id, equipment_id) VALUES (30, 45);

INSERT INTO Recipe_Equipment (recipe_id, equipment_id) VALUES (30, 42);

INSERT INTO Recipe_Equipment (recipe_id, equipment_id) VALUES (30, 47);

INSERT INTO Recipe_Equipment (recipe_id, equipment_id) VALUES (30, 35);

INSERT INTO Recipe_Equipment (recipe_id, equipment_id) VALUES (30, 6);

INSERT INTO Recipe_Ingredient (recipe_id, ingredient_id, portion) VALUES (30, 192, 1);

INSERT INTO Recipe_Ingredient (recipe_id, ingredient_id, portion) VALUES (30, 62, 3);

INSERT INTO Recipe_Ingredient (recipe_id, ingredient_id, portion) VALUES (30, 156, 4);

INSERT INTO Recipe_Ingredient (recipe_id, ingredient_id, portion) VALUES (30, 67, 5);

INSERT INTO Recipe_Ingredient (recipe_id, ingredient_id, portion) VALUES (30, 22, 3);

INSERT INTO Recipe_Ingredient (recipe_id, ingredient_id, portion) VALUES (30, 86, 8);

INSERT INTO Recipe_Ingredient (recipe_id, ingredient_id, portion) VALUES (30, 59, 1);

INSERT INTO Recipe_Ingredient (recipe_id, ingredient_id, portion) VALUES (30, 96, 2);

INSERT INTO Recipe_Ingredient (recipe_id, ingredient_id, portion) VALUES (30, 35, 8);

INSERT INTO Recipe_Ingredient (recipe_id, ingredient_id, portion) VALUES (30, 31, 8);

INSERT INTO Recipe_Ingredient (recipe_id, ingredient_id, portion) VALUES (30, 39, 2);

INSERT INTO Recipe_Ingredient (recipe_id, ingredient_id, portion) VALUES (30, 102, 7);

INSERT INTO Recipe_Thematic_Unit (recipe_id, thematic_unit_id) VALUES (30, 4);

INSERT INTO Recipe_Thematic_Unit (recipe_id, thematic_unit_id) VALUES (30, 8);

INSERT INTO Recipe_Thematic_Unit (recipe_id, thematic_unit_id) VALUES (30, 5);

INSERT INTO Recipe (recipe_type, name, national_cuisine_id, difficulty_level, description, tip1, tip2, cooking_time, prep_time, portions, basic_ingredient_id, image_id) VALUES ('pastry', 'Qahaq Cookies', 7, 5, 'Couple poor effort model friend same. Marriage imagine behind strong list bag good.', 'you need to be patient', 'you need an oven', 93, 7, 2, 62, 59);

INSERT INTO Step (recipe_id, order_number, description) VALUES (31, 1, 'View ok occur hair morning responsibility.');

INSERT INTO Nutritional_Info (recipe_id, fat_per_portion, carbs_per_portion, protein_per_portion) VALUES (31, 70, 60, 67);

INSERT INTO Recipe_Meal_Type (recipe_id, meal_type_id) VALUES (31, 5);

INSERT INTO Recipe_Label (recipe_id, label_id) VALUES (31, 4);

INSERT INTO Recipe_Label (recipe_id, label_id) VALUES (31, 2);

INSERT INTO Recipe_Equipment (recipe_id, equipment_id) VALUES (31, 33);

INSERT INTO Recipe_Equipment (recipe_id, equipment_id) VALUES (31, 45);

INSERT INTO Recipe_Equipment (recipe_id, equipment_id) VALUES (31, 13);

INSERT INTO Recipe_Equipment (recipe_id, equipment_id) VALUES (31, 25);

INSERT INTO Recipe_Equipment (recipe_id, equipment_id) VALUES (31, 20);

INSERT INTO Recipe_Equipment (recipe_id, equipment_id) VALUES (31, 1);

INSERT INTO Recipe_Equipment (recipe_id, equipment_id) VALUES (31, 15);

INSERT INTO Recipe_Ingredient (recipe_id, ingredient_id, portion) VALUES (31, 35, 7);

INSERT INTO Recipe_Ingredient (recipe_id, ingredient_id, portion) VALUES (31, 152, 4);

INSERT INTO Recipe_Ingredient (recipe_id, ingredient_id, portion) VALUES (31, 188, 1);

INSERT INTO Recipe_Ingredient (recipe_id, ingredient_id, portion) VALUES (31, 95, 8);

INSERT INTO Recipe_Ingredient (recipe_id, ingredient_id, portion) VALUES (31, 123, 7);

INSERT INTO Recipe_Ingredient (recipe_id, ingredient_id, portion) VALUES (31, 141, 2);

INSERT INTO Recipe_Ingredient (recipe_id, ingredient_id, portion) VALUES (31, 110, 2);

INSERT INTO Recipe_Ingredient (recipe_id, ingredient_id, portion) VALUES (31, 102, 4);

INSERT INTO Recipe_Ingredient (recipe_id, ingredient_id, portion) VALUES (31, 36, 2);

INSERT INTO Recipe_Ingredient (recipe_id, ingredient_id, portion) VALUES (31, 78, 2);

INSERT INTO Recipe_Ingredient (recipe_id, ingredient_id, portion) VALUES (31, 199, 2);

INSERT INTO Recipe_Ingredient (recipe_id, ingredient_id, portion) VALUES (31, 106, 6);

INSERT INTO Recipe_Thematic_Unit (recipe_id, thematic_unit_id) VALUES (31, 9);

INSERT INTO Recipe (recipe_type, name, national_cuisine_id, difficulty_level, description, tip1, cooking_time, prep_time, portions, basic_ingredient_id, image_id) VALUES ('cooking', 'Blondies with Nutella', 7, 5, 'Job with wind opportunity person stage. Want perform finally approach body him prevent still.', 'better after 2 days', 37, 1, 4, 184, 60);

INSERT INTO Step (recipe_id, order_number, description) VALUES (32, 1, 'With medical rate Mrs value.');

INSERT INTO Step (recipe_id, order_number, description) VALUES (32, 2, 'Eye company business throughout than up.');

INSERT INTO Step (recipe_id, order_number, description) VALUES (32, 3, 'Second soldier wear.');

INSERT INTO Step (recipe_id, order_number, description) VALUES (32, 4, 'Modern alone daughter enough teach sea long.');

INSERT INTO Step (recipe_id, order_number, description) VALUES (32, 5, 'Year significant wrong hot health.');

INSERT INTO Step (recipe_id, order_number, description) VALUES (32, 6, 'Into billion agency future build.');

INSERT INTO Nutritional_Info (recipe_id, fat_per_portion, carbs_per_portion, protein_per_portion) VALUES (32, 228, 197, 230);

INSERT INTO Recipe_Meal_Type (recipe_id, meal_type_id) VALUES (32, 2);

INSERT INTO Recipe_Label (recipe_id, label_id) VALUES (32, 5);

INSERT INTO Recipe_Label (recipe_id, label_id) VALUES (32, 7);

INSERT INTO Recipe_Label (recipe_id, label_id) VALUES (32, 9);

INSERT INTO Recipe_Equipment (recipe_id, equipment_id) VALUES (32, 37);

INSERT INTO Recipe_Equipment (recipe_id, equipment_id) VALUES (32, 16);

INSERT INTO Recipe_Equipment (recipe_id, equipment_id) VALUES (32, 35);

INSERT INTO Recipe_Equipment (recipe_id, equipment_id) VALUES (32, 48);

INSERT INTO Recipe_Equipment (recipe_id, equipment_id) VALUES (32, 38);

INSERT INTO Recipe_Equipment (recipe_id, equipment_id) VALUES (32, 3);

INSERT INTO Recipe_Ingredient (recipe_id, ingredient_id, portion) VALUES (32, 77, 8);

INSERT INTO Recipe_Ingredient (recipe_id, ingredient_id, portion) VALUES (32, 182, 7);

INSERT INTO Recipe_Ingredient (recipe_id, ingredient_id, portion) VALUES (32, 53, 7);

INSERT INTO Recipe_Ingredient (recipe_id, ingredient_id, portion) VALUES (32, 179, 6);

INSERT INTO Recipe_Ingredient (recipe_id, ingredient_id, portion) VALUES (32, 180, 1);

INSERT INTO Recipe_Ingredient (recipe_id, ingredient_id, portion) VALUES (32, 54, 5);

INSERT INTO Recipe_Ingredient (recipe_id, ingredient_id, portion) VALUES (32, 150, 5);

INSERT INTO Recipe_Ingredient (recipe_id, ingredient_id, portion) VALUES (32, 37, 7);

INSERT INTO Recipe_Ingredient (recipe_id, ingredient_id, portion) VALUES (32, 133, 4);

INSERT INTO Recipe_Ingredient (recipe_id, ingredient_id, portion) VALUES (32, 28, 2);

INSERT INTO Recipe_Ingredient (recipe_id, ingredient_id, portion) VALUES (32, 12, 5);

INSERT INTO Recipe_Ingredient (recipe_id, ingredient_id, portion) VALUES (32, 79, 2);

INSERT INTO Recipe_Ingredient (recipe_id, ingredient_id, portion) VALUES (32, 31, 1);

INSERT INTO Recipe_Ingredient (recipe_id, ingredient_id, portion) VALUES (32, 116, 1);

INSERT INTO Recipe_Ingredient (recipe_id, ingredient_id, portion) VALUES (32, 46, 6);

INSERT INTO Recipe_Ingredient (recipe_id, ingredient_id, portion) VALUES (32, 135, 1);

INSERT INTO Recipe_Thematic_Unit (recipe_id, thematic_unit_id) VALUES (32, 12);

INSERT INTO Recipe (recipe_type, name, national_cuisine_id, difficulty_level, description, tip1, tip2, tip3, cooking_time, prep_time, portions, basic_ingredient_id, image_id) VALUES ('cooking', 'Hot Chocolate', 7, 2, 'Price word technology glass laugh way. Year civil bag instead those.', 'you need a lot of bowls', 'you need a lot of time', 'better with feta cheese', 148, 45, 3, 126, 61);

INSERT INTO Step (recipe_id, order_number, description) VALUES (33, 1, 'And rule expert.');

INSERT INTO Nutritional_Info (recipe_id, fat_per_portion, carbs_per_portion, protein_per_portion) VALUES (33, 201, 67, 221);

INSERT INTO Recipe_Meal_Type (recipe_id, meal_type_id) VALUES (33, 2);

INSERT INTO Recipe_Meal_Type (recipe_id, meal_type_id) VALUES (33, 4);

INSERT INTO Recipe_Label (recipe_id, label_id) VALUES (33, 2);

INSERT INTO Recipe_Label (recipe_id, label_id) VALUES (33, 10);

INSERT INTO Recipe_Label (recipe_id, label_id) VALUES (33, 7);

INSERT INTO Recipe_Label (recipe_id, label_id) VALUES (33, 4);

INSERT INTO Recipe_Equipment (recipe_id, equipment_id) VALUES (33, 47);

INSERT INTO Recipe_Equipment (recipe_id, equipment_id) VALUES (33, 21);

INSERT INTO Recipe_Equipment (recipe_id, equipment_id) VALUES (33, 18);

INSERT INTO Recipe_Equipment (recipe_id, equipment_id) VALUES (33, 48);

INSERT INTO Recipe_Equipment (recipe_id, equipment_id) VALUES (33, 3);

INSERT INTO Recipe_Ingredient (recipe_id, ingredient_id, portion) VALUES (33, 32, 1);

INSERT INTO Recipe_Ingredient (recipe_id, ingredient_id, portion) VALUES (33, 192, 4);

INSERT INTO Recipe_Ingredient (recipe_id, ingredient_id, portion) VALUES (33, 99, 4);

INSERT INTO Recipe_Ingredient (recipe_id, ingredient_id, portion) VALUES (33, 88, 7);

INSERT INTO Recipe_Ingredient (recipe_id, ingredient_id, portion) VALUES (33, 100, 3);

INSERT INTO Recipe_Ingredient (recipe_id, ingredient_id, portion) VALUES (33, 85, 1);

INSERT INTO Recipe_Ingredient (recipe_id, ingredient_id, portion) VALUES (33, 150, 8);

INSERT INTO Recipe_Ingredient (recipe_id, ingredient_id, portion) VALUES (33, 22, 3);

INSERT INTO Recipe_Ingredient (recipe_id, ingredient_id, portion) VALUES (33, 159, 3);

INSERT INTO Recipe_Ingredient (recipe_id, ingredient_id, portion) VALUES (33, 114, 7);

INSERT INTO Recipe_Ingredient (recipe_id, ingredient_id, portion) VALUES (33, 188, 4);

INSERT INTO Recipe_Ingredient (recipe_id, ingredient_id, portion) VALUES (33, 184, 8);

INSERT INTO Recipe_Ingredient (recipe_id, ingredient_id, portion) VALUES (33, 48, 3);

INSERT INTO Recipe_Ingredient (recipe_id, ingredient_id, portion) VALUES (33, 41, 4);

INSERT INTO Recipe_Thematic_Unit (recipe_id, thematic_unit_id) VALUES (33, 11);

INSERT INTO Recipe (recipe_type, name, national_cuisine_id, difficulty_level, description, tip1, tip2, tip3, cooking_time, prep_time, portions, basic_ingredient_id, image_id) VALUES ('cooking', 'Chocolate Mousse', 7, 2, 'Treatment standard happen result. Hospital amount late must industry. American free officer Democrat Mrs.', 'better without sugar', 'you can use leftovers', 'you need to use your hands', 124, 38, 8, 138, 62);

INSERT INTO Step (recipe_id, order_number, description) VALUES (34, 1, 'Me mean fact figure us me.');

INSERT INTO Step (recipe_id, order_number, description) VALUES (34, 2, 'Usually system kind meet population its local rule.');

INSERT INTO Step (recipe_id, order_number, description) VALUES (34, 3, 'Hard suddenly such.');

INSERT INTO Step (recipe_id, order_number, description) VALUES (34, 4, 'Because clearly notice but use.');

INSERT INTO Step (recipe_id, order_number, description) VALUES (34, 5, 'Police reality method act lot.');

INSERT INTO Step (recipe_id, order_number, description) VALUES (34, 6, 'Kind here world send difficult.');

INSERT INTO Step (recipe_id, order_number, description) VALUES (34, 7, 'Against create dog reveal.');

INSERT INTO Step (recipe_id, order_number, description) VALUES (34, 8, 'Very without prove although cost style.');

INSERT INTO Nutritional_Info (recipe_id, fat_per_portion, carbs_per_portion, protein_per_portion) VALUES (34, 318, 56, 99);

INSERT INTO Recipe_Meal_Type (recipe_id, meal_type_id) VALUES (34, 6);

INSERT INTO Recipe_Meal_Type (recipe_id, meal_type_id) VALUES (34, 4);

INSERT INTO Recipe_Label (recipe_id, label_id) VALUES (34, 6);

INSERT INTO Recipe_Label (recipe_id, label_id) VALUES (34, 2);

INSERT INTO Recipe_Equipment (recipe_id, equipment_id) VALUES (34, 7);

INSERT INTO Recipe_Ingredient (recipe_id, ingredient_id, portion) VALUES (34, 151, 3);

INSERT INTO Recipe_Ingredient (recipe_id, ingredient_id, portion) VALUES (34, 183, 6);

INSERT INTO Recipe_Ingredient (recipe_id, ingredient_id, portion) VALUES (34, 58, 2);

INSERT INTO Recipe_Ingredient (recipe_id, ingredient_id, portion) VALUES (34, 63, 2);

INSERT INTO Recipe_Ingredient (recipe_id, ingredient_id, portion) VALUES (34, 139, 4);

INSERT INTO Recipe_Ingredient (recipe_id, ingredient_id, portion) VALUES (34, 124, 1);

INSERT INTO Recipe_Ingredient (recipe_id, ingredient_id, portion) VALUES (34, 92, 6);

INSERT INTO Recipe_Ingredient (recipe_id, ingredient_id, portion) VALUES (34, 10, 8);

INSERT INTO Recipe_Ingredient (recipe_id, ingredient_id, portion) VALUES (34, 70, 2);

INSERT INTO Recipe_Ingredient (recipe_id, ingredient_id, portion) VALUES (34, 29, 4);

INSERT INTO Recipe_Ingredient (recipe_id, ingredient_id, portion) VALUES (34, 12, 2);

INSERT INTO Recipe_Ingredient (recipe_id, ingredient_id, portion) VALUES (34, 184, 4);

INSERT INTO Recipe_Ingredient (recipe_id, ingredient_id, portion) VALUES (34, 137, 3);

INSERT INTO Recipe_Ingredient (recipe_id, ingredient_id, portion) VALUES (34, 161, 2);

INSERT INTO Recipe_Ingredient (recipe_id, ingredient_id, portion) VALUES (34, 149, 3);

INSERT INTO Recipe_Ingredient (recipe_id, ingredient_id, portion) VALUES (34, 57, 3);

INSERT INTO Recipe_Ingredient (recipe_id, ingredient_id, portion) VALUES (34, 147, 7);

INSERT INTO Recipe_Ingredient (recipe_id, ingredient_id, portion) VALUES (34, 95, 6);

INSERT INTO Recipe_Ingredient (recipe_id, ingredient_id, portion) VALUES (34, 180, 6);

INSERT INTO Recipe_Ingredient (recipe_id, ingredient_id, portion) VALUES (34, 39, 5);

INSERT INTO Recipe_Thematic_Unit (recipe_id, thematic_unit_id) VALUES (34, 15);

INSERT INTO Recipe (recipe_type, name, national_cuisine_id, difficulty_level, description, tip1, tip2, tip3, cooking_time, prep_time, portions, basic_ingredient_id, image_id) VALUES ('pastry', 'Smores Cookie Bars', 8, 4, 'After she music. True avoid baby miss majority state.', 'in the fridge for 3 days', 'you have to be careful not to let it get stack', 'you need to use your hands', 100, 22, 2, 41, 63);

INSERT INTO Step (recipe_id, order_number, description) VALUES (35, 1, 'Nearly air how offer should.');

INSERT INTO Nutritional_Info (recipe_id, fat_per_portion, carbs_per_portion, protein_per_portion) VALUES (35, 372, 24, 203);

INSERT INTO Recipe_Meal_Type (recipe_id, meal_type_id) VALUES (35, 2);

INSERT INTO Recipe_Label (recipe_id, label_id) VALUES (35, 3);

INSERT INTO Recipe_Label (recipe_id, label_id) VALUES (35, 6);

INSERT INTO Recipe_Equipment (recipe_id, equipment_id) VALUES (35, 44);

INSERT INTO Recipe_Equipment (recipe_id, equipment_id) VALUES (35, 33);

INSERT INTO Recipe_Equipment (recipe_id, equipment_id) VALUES (35, 11);

INSERT INTO Recipe_Equipment (recipe_id, equipment_id) VALUES (35, 36);

INSERT INTO Recipe_Equipment (recipe_id, equipment_id) VALUES (35, 19);

INSERT INTO Recipe_Equipment (recipe_id, equipment_id) VALUES (35, 41);

INSERT INTO Recipe_Equipment (recipe_id, equipment_id) VALUES (35, 28);

INSERT INTO Recipe_Equipment (recipe_id, equipment_id) VALUES (35, 18);

INSERT INTO Recipe_Equipment (recipe_id, equipment_id) VALUES (35, 23);

INSERT INTO Recipe_Equipment (recipe_id, equipment_id) VALUES (35, 35);

INSERT INTO Recipe_Ingredient (recipe_id, ingredient_id, portion) VALUES (35, 189, 1);

INSERT INTO Recipe_Ingredient (recipe_id, ingredient_id, portion) VALUES (35, 18, 8);

INSERT INTO Recipe_Ingredient (recipe_id, ingredient_id, portion) VALUES (35, 194, 8);

INSERT INTO Recipe_Thematic_Unit (recipe_id, thematic_unit_id) VALUES (35, 14);

INSERT INTO Recipe (recipe_type, name, national_cuisine_id, difficulty_level, description, tip1, tip2, cooking_time, prep_time, portions, basic_ingredient_id, image_id) VALUES ('pastry', 'Orange Chicken', 8, 3, 'Author wall special mouth. State relate hit ground long enjoy appear.', 'you need a lot of time', 'in the fridge for 3 days', 17, 12, 2, 66, 64);

INSERT INTO Step (recipe_id, order_number, description) VALUES (36, 1, 'Meeting fish drop happy certainly production.');

INSERT INTO Step (recipe_id, order_number, description) VALUES (36, 2, 'From single light conference.');

INSERT INTO Step (recipe_id, order_number, description) VALUES (36, 3, 'Push case debate fight base join point.');

INSERT INTO Step (recipe_id, order_number, description) VALUES (36, 4, 'Around figure option national.');

INSERT INTO Step (recipe_id, order_number, description) VALUES (36, 5, 'Industry could debate professor bill performance candidate.');

INSERT INTO Nutritional_Info (recipe_id, fat_per_portion, carbs_per_portion, protein_per_portion) VALUES (36, 290, 70, 43);

INSERT INTO Recipe_Meal_Type (recipe_id, meal_type_id) VALUES (36, 3);

INSERT INTO Recipe_Meal_Type (recipe_id, meal_type_id) VALUES (36, 2);

INSERT INTO Recipe_Label (recipe_id, label_id) VALUES (36, 2);

INSERT INTO Recipe_Equipment (recipe_id, equipment_id) VALUES (36, 41);

INSERT INTO Recipe_Equipment (recipe_id, equipment_id) VALUES (36, 45);

INSERT INTO Recipe_Equipment (recipe_id, equipment_id) VALUES (36, 10);

INSERT INTO Recipe_Equipment (recipe_id, equipment_id) VALUES (36, 7);

INSERT INTO Recipe_Equipment (recipe_id, equipment_id) VALUES (36, 25);

INSERT INTO Recipe_Equipment (recipe_id, equipment_id) VALUES (36, 44);

INSERT INTO Recipe_Equipment (recipe_id, equipment_id) VALUES (36, 38);

INSERT INTO Recipe_Equipment (recipe_id, equipment_id) VALUES (36, 2);

INSERT INTO Recipe_Equipment (recipe_id, equipment_id) VALUES (36, 31);

INSERT INTO Recipe_Ingredient (recipe_id, ingredient_id, portion) VALUES (36, 27, 1);

INSERT INTO Recipe_Ingredient (recipe_id, ingredient_id, portion) VALUES (36, 34, 2);

INSERT INTO Recipe_Ingredient (recipe_id, ingredient_id, portion) VALUES (36, 37, 3);

INSERT INTO Recipe_Ingredient (recipe_id, ingredient_id, portion) VALUES (36, 1, 6);

INSERT INTO Recipe_Ingredient (recipe_id, ingredient_id, portion) VALUES (36, 73, 1);

INSERT INTO Recipe_Ingredient (recipe_id, ingredient_id, portion) VALUES (36, 166, 8);

INSERT INTO Recipe_Ingredient (recipe_id, ingredient_id, portion) VALUES (36, 119, 3);

INSERT INTO Recipe_Ingredient (recipe_id, ingredient_id, portion) VALUES (36, 47, 2);

INSERT INTO Recipe_Ingredient (recipe_id, ingredient_id, portion) VALUES (36, 160, 1);

INSERT INTO Recipe_Ingredient (recipe_id, ingredient_id, portion) VALUES (36, 190, 6);

INSERT INTO Recipe_Ingredient (recipe_id, ingredient_id, portion) VALUES (36, 192, 8);

INSERT INTO Recipe_Ingredient (recipe_id, ingredient_id, portion) VALUES (36, 104, 4);

INSERT INTO Recipe_Ingredient (recipe_id, ingredient_id, portion) VALUES (36, 95, 7);

INSERT INTO Recipe_Ingredient (recipe_id, ingredient_id, portion) VALUES (36, 106, 2);

INSERT INTO Recipe_Ingredient (recipe_id, ingredient_id, portion) VALUES (36, 43, 7);

INSERT INTO Recipe_Ingredient (recipe_id, ingredient_id, portion) VALUES (36, 16, 7);

INSERT INTO Recipe_Ingredient (recipe_id, ingredient_id, portion) VALUES (36, 78, 2);

INSERT INTO Recipe_Ingredient (recipe_id, ingredient_id, portion) VALUES (36, 102, 6);

INSERT INTO Recipe_Ingredient (recipe_id, ingredient_id, portion) VALUES (36, 97, 5);

INSERT INTO Recipe_Thematic_Unit (recipe_id, thematic_unit_id) VALUES (36, 3);

INSERT INTO Recipe_Thematic_Unit (recipe_id, thematic_unit_id) VALUES (36, 1);

INSERT INTO Recipe (recipe_type, name, national_cuisine_id, difficulty_level, description, tip1, tip2, tip3, cooking_time, prep_time, portions, basic_ingredient_id, image_id) VALUES ('pastry', 'Tostadas', 8, 5, 'Provide admit half catch production return. National financial action me.', 'you need small cups', 'better with a blender', 'better with a blender', 76, 10, 1, 38, 65);

INSERT INTO Step (recipe_id, order_number, description) VALUES (37, 1, 'Film cell pretty other message task.');

INSERT INTO Step (recipe_id, order_number, description) VALUES (37, 2, 'Middle young certainly.');

INSERT INTO Step (recipe_id, order_number, description) VALUES (37, 3, 'Report could hour old.');

INSERT INTO Nutritional_Info (recipe_id, fat_per_portion, carbs_per_portion, protein_per_portion) VALUES (37, 229, 64, 67);

INSERT INTO Recipe_Meal_Type (recipe_id, meal_type_id) VALUES (37, 1);

INSERT INTO Recipe_Label (recipe_id, label_id) VALUES (37, 10);

INSERT INTO Recipe_Label (recipe_id, label_id) VALUES (37, 6);

INSERT INTO Recipe_Equipment (recipe_id, equipment_id) VALUES (37, 41);

INSERT INTO Recipe_Equipment (recipe_id, equipment_id) VALUES (37, 39);

INSERT INTO Recipe_Equipment (recipe_id, equipment_id) VALUES (37, 10);

INSERT INTO Recipe_Equipment (recipe_id, equipment_id) VALUES (37, 35);

INSERT INTO Recipe_Equipment (recipe_id, equipment_id) VALUES (37, 5);

INSERT INTO Recipe_Equipment (recipe_id, equipment_id) VALUES (37, 3);

INSERT INTO Recipe_Equipment (recipe_id, equipment_id) VALUES (37, 45);

INSERT INTO Recipe_Equipment (recipe_id, equipment_id) VALUES (37, 47);

INSERT INTO Recipe_Equipment (recipe_id, equipment_id) VALUES (37, 7);

INSERT INTO Recipe_Ingredient (recipe_id, ingredient_id, portion) VALUES (37, 164, 7);

INSERT INTO Recipe_Ingredient (recipe_id, ingredient_id, portion) VALUES (37, 185, 5);

INSERT INTO Recipe_Ingredient (recipe_id, ingredient_id, portion) VALUES (37, 53, 1);

INSERT INTO Recipe_Ingredient (recipe_id, ingredient_id, portion) VALUES (37, 38, 4);

INSERT INTO Recipe_Ingredient (recipe_id, ingredient_id, portion) VALUES (37, 175, 8);

INSERT INTO Recipe_Ingredient (recipe_id, ingredient_id, portion) VALUES (37, 23, 5);

INSERT INTO Recipe_Ingredient (recipe_id, ingredient_id, portion) VALUES (37, 8, 7);

INSERT INTO Recipe_Ingredient (recipe_id, ingredient_id, portion) VALUES (37, 151, 8);

INSERT INTO Recipe_Ingredient (recipe_id, ingredient_id, portion) VALUES (37, 123, 4);

INSERT INTO Recipe_Thematic_Unit (recipe_id, thematic_unit_id) VALUES (37, 6);

INSERT INTO Recipe_Thematic_Unit (recipe_id, thematic_unit_id) VALUES (37, 4);

INSERT INTO Recipe (recipe_type, name, national_cuisine_id, difficulty_level, description, tip1, tip2, tip3, cooking_time, prep_time, portions, basic_ingredient_id, image_id) VALUES ('pastry', 'Black Bean Stuffed Sweet Potatoes', 8, 1, 'Report hot then director. Professor far where consumer.', 'better with a blender', 'you need to be patient', 'better with a blender', 85, 44, 4, 5, 66);

INSERT INTO Step (recipe_id, order_number, description) VALUES (38, 1, 'Exist small draw debate hit data.');

INSERT INTO Step (recipe_id, order_number, description) VALUES (38, 2, 'Hospital thought artist likely difference shake common.');

INSERT INTO Step (recipe_id, order_number, description) VALUES (38, 3, 'Place area allow.');

INSERT INTO Nutritional_Info (recipe_id, fat_per_portion, carbs_per_portion, protein_per_portion) VALUES (38, 289, 116, 140);

INSERT INTO Recipe_Meal_Type (recipe_id, meal_type_id) VALUES (38, 3);

INSERT INTO Recipe_Label (recipe_id, label_id) VALUES (38, 3);

INSERT INTO Recipe_Label (recipe_id, label_id) VALUES (38, 7);

INSERT INTO Recipe_Label (recipe_id, label_id) VALUES (38, 6);

INSERT INTO Recipe_Label (recipe_id, label_id) VALUES (38, 1);

INSERT INTO Recipe_Equipment (recipe_id, equipment_id) VALUES (38, 14);

INSERT INTO Recipe_Equipment (recipe_id, equipment_id) VALUES (38, 22);

INSERT INTO Recipe_Equipment (recipe_id, equipment_id) VALUES (38, 31);

INSERT INTO Recipe_Equipment (recipe_id, equipment_id) VALUES (38, 5);

INSERT INTO Recipe_Equipment (recipe_id, equipment_id) VALUES (38, 15);

INSERT INTO Recipe_Equipment (recipe_id, equipment_id) VALUES (38, 1);

INSERT INTO Recipe_Equipment (recipe_id, equipment_id) VALUES (38, 33);

INSERT INTO Recipe_Equipment (recipe_id, equipment_id) VALUES (38, 6);

INSERT INTO Recipe_Ingredient (recipe_id, ingredient_id, portion) VALUES (38, 16, 8);

INSERT INTO Recipe_Ingredient (recipe_id, ingredient_id, portion) VALUES (38, 43, 1);

INSERT INTO Recipe_Ingredient (recipe_id, ingredient_id, portion) VALUES (38, 22, 6);

INSERT INTO Recipe_Thematic_Unit (recipe_id, thematic_unit_id) VALUES (38, 1);

INSERT INTO Recipe (recipe_type, name, national_cuisine_id, difficulty_level, description, tip1, cooking_time, prep_time, portions, basic_ingredient_id, image_id) VALUES ('pastry', 'Asian Shredded Beef', 8, 4, 'Drug keep agree dog soon than shoulder. Account dark offer career eye nearly brother.', 'you need salt', 59, 20, 2, 180, 67);

INSERT INTO Step (recipe_id, order_number, description) VALUES (39, 1, 'Black step current.');

INSERT INTO Step (recipe_id, order_number, description) VALUES (39, 2, 'Speak news like test.');

INSERT INTO Step (recipe_id, order_number, description) VALUES (39, 3, 'Something then activity group.');

INSERT INTO Step (recipe_id, order_number, description) VALUES (39, 4, 'Second tree sing care.');

INSERT INTO Nutritional_Info (recipe_id, fat_per_portion, carbs_per_portion, protein_per_portion) VALUES (39, 325, 111, 24);

INSERT INTO Recipe_Meal_Type (recipe_id, meal_type_id) VALUES (39, 5);

INSERT INTO Recipe_Meal_Type (recipe_id, meal_type_id) VALUES (39, 4);

INSERT INTO Recipe_Label (recipe_id, label_id) VALUES (39, 10);

INSERT INTO Recipe_Equipment (recipe_id, equipment_id) VALUES (39, 20);

INSERT INTO Recipe_Equipment (recipe_id, equipment_id) VALUES (39, 42);

INSERT INTO Recipe_Equipment (recipe_id, equipment_id) VALUES (39, 23);

INSERT INTO Recipe_Equipment (recipe_id, equipment_id) VALUES (39, 18);

INSERT INTO Recipe_Equipment (recipe_id, equipment_id) VALUES (39, 38);

INSERT INTO Recipe_Equipment (recipe_id, equipment_id) VALUES (39, 43);

INSERT INTO Recipe_Equipment (recipe_id, equipment_id) VALUES (39, 12);

INSERT INTO Recipe_Equipment (recipe_id, equipment_id) VALUES (39, 3);

INSERT INTO Recipe_Equipment (recipe_id, equipment_id) VALUES (39, 16);

INSERT INTO Recipe_Ingredient (recipe_id, ingredient_id, portion) VALUES (39, 129, 8);

INSERT INTO Recipe_Ingredient (recipe_id, ingredient_id, portion) VALUES (39, 66, 1);

INSERT INTO Recipe_Thematic_Unit (recipe_id, thematic_unit_id) VALUES (39, 9);

INSERT INTO Recipe_Thematic_Unit (recipe_id, thematic_unit_id) VALUES (39, 4);

INSERT INTO Recipe_Thematic_Unit (recipe_id, thematic_unit_id) VALUES (39, 14);

INSERT INTO Recipe (recipe_type, name, national_cuisine_id, difficulty_level, description, tip1, tip2, cooking_time, prep_time, portions, basic_ingredient_id, image_id) VALUES ('cooking', 'Capellini with sausage, spinach, and jalapeno', 9, 3, 'Many notice off always maybe smile point. Wind reason parent most agent either. Opportunity last probably local guy.', 'you need to be patient', 'better with slow cooking', 100, 22, 5, 146, 68);

INSERT INTO Step (recipe_id, order_number, description) VALUES (40, 1, 'Bag event staff.');

INSERT INTO Step (recipe_id, order_number, description) VALUES (40, 2, 'Nature week far people concern.');

INSERT INTO Step (recipe_id, order_number, description) VALUES (40, 3, 'Top all wind star buy.');

INSERT INTO Step (recipe_id, order_number, description) VALUES (40, 4, 'Act ago decide during quickly lead administration.');

INSERT INTO Step (recipe_id, order_number, description) VALUES (40, 5, 'During purpose talk result agency.');

INSERT INTO Step (recipe_id, order_number, description) VALUES (40, 6, 'Force law man source.');

INSERT INTO Nutritional_Info (recipe_id, fat_per_portion, carbs_per_portion, protein_per_portion) VALUES (40, 364, 16, 36);

INSERT INTO Recipe_Meal_Type (recipe_id, meal_type_id) VALUES (40, 5);

INSERT INTO Recipe_Meal_Type (recipe_id, meal_type_id) VALUES (40, 6);

INSERT INTO Recipe_Label (recipe_id, label_id) VALUES (40, 8);

INSERT INTO Recipe_Label (recipe_id, label_id) VALUES (40, 2);

INSERT INTO Recipe_Equipment (recipe_id, equipment_id) VALUES (40, 18);

INSERT INTO Recipe_Equipment (recipe_id, equipment_id) VALUES (40, 45);

INSERT INTO Recipe_Equipment (recipe_id, equipment_id) VALUES (40, 5);

INSERT INTO Recipe_Equipment (recipe_id, equipment_id) VALUES (40, 50);

INSERT INTO Recipe_Equipment (recipe_id, equipment_id) VALUES (40, 43);

INSERT INTO Recipe_Ingredient (recipe_id, ingredient_id, portion) VALUES (40, 5, 1);

INSERT INTO Recipe_Ingredient (recipe_id, ingredient_id, portion) VALUES (40, 128, 8);

INSERT INTO Recipe_Ingredient (recipe_id, ingredient_id, portion) VALUES (40, 1, 6);

INSERT INTO Recipe_Ingredient (recipe_id, ingredient_id, portion) VALUES (40, 49, 2);

INSERT INTO Recipe_Ingredient (recipe_id, ingredient_id, portion) VALUES (40, 84, 8);

INSERT INTO Recipe_Ingredient (recipe_id, ingredient_id, portion) VALUES (40, 37, 7);

INSERT INTO Recipe_Ingredient (recipe_id, ingredient_id, portion) VALUES (40, 194, 3);

INSERT INTO Recipe_Ingredient (recipe_id, ingredient_id, portion) VALUES (40, 47, 2);

INSERT INTO Recipe_Ingredient (recipe_id, ingredient_id, portion) VALUES (40, 93, 1);

INSERT INTO Recipe_Ingredient (recipe_id, ingredient_id, portion) VALUES (40, 120, 6);

INSERT INTO Recipe_Ingredient (recipe_id, ingredient_id, portion) VALUES (40, 195, 4);

INSERT INTO Recipe_Ingredient (recipe_id, ingredient_id, portion) VALUES (40, 20, 4);

INSERT INTO Recipe_Ingredient (recipe_id, ingredient_id, portion) VALUES (40, 38, 4);

INSERT INTO Recipe_Ingredient (recipe_id, ingredient_id, portion) VALUES (40, 109, 2);

INSERT INTO Recipe_Ingredient (recipe_id, ingredient_id, portion) VALUES (40, 83, 6);

INSERT INTO Recipe_Ingredient (recipe_id, ingredient_id, portion) VALUES (40, 121, 4);

INSERT INTO Recipe_Thematic_Unit (recipe_id, thematic_unit_id) VALUES (40, 6);

INSERT INTO Recipe_Thematic_Unit (recipe_id, thematic_unit_id) VALUES (40, 14);

INSERT INTO Recipe (recipe_type, name, national_cuisine_id, difficulty_level, description, tip1, tip2, cooking_time, prep_time, portions, basic_ingredient_id, image_id) VALUES ('cooking', 'Crispy Chicken with Kale', 9, 3, 'Him issue song add realize citizen. Administration our pressure behind effort minute. Theory everybody process tree sit own.', 'good with honey', 'better with a blender', 105, 40, 6, 138, 69);

INSERT INTO Step (recipe_id, order_number, description) VALUES (41, 1, 'Trouble pattern buy you forward or.');

INSERT INTO Step (recipe_id, order_number, description) VALUES (41, 2, 'Upon be peace growth.');

INSERT INTO Step (recipe_id, order_number, description) VALUES (41, 3, 'Serious carry trade democratic office pay change authority.');

INSERT INTO Step (recipe_id, order_number, description) VALUES (41, 4, 'Great price exist professor black through.');

INSERT INTO Step (recipe_id, order_number, description) VALUES (41, 5, 'Respond leader strategy account section tax total.');

INSERT INTO Step (recipe_id, order_number, description) VALUES (41, 6, 'Radio my adult particularly.');

INSERT INTO Nutritional_Info (recipe_id, fat_per_portion, carbs_per_portion, protein_per_portion) VALUES (41, 281, 60, 51);

INSERT INTO Recipe_Meal_Type (recipe_id, meal_type_id) VALUES (41, 6);

INSERT INTO Recipe_Label (recipe_id, label_id) VALUES (41, 3);

INSERT INTO Recipe_Label (recipe_id, label_id) VALUES (41, 6);

INSERT INTO Recipe_Label (recipe_id, label_id) VALUES (41, 10);

INSERT INTO Recipe_Label (recipe_id, label_id) VALUES (41, 9);

INSERT INTO Recipe_Equipment (recipe_id, equipment_id) VALUES (41, 35);

INSERT INTO Recipe_Equipment (recipe_id, equipment_id) VALUES (41, 29);

INSERT INTO Recipe_Equipment (recipe_id, equipment_id) VALUES (41, 26);

INSERT INTO Recipe_Equipment (recipe_id, equipment_id) VALUES (41, 17);

INSERT INTO Recipe_Ingredient (recipe_id, ingredient_id, portion) VALUES (41, 101, 7);

INSERT INTO Recipe_Ingredient (recipe_id, ingredient_id, portion) VALUES (41, 50, 8);

INSERT INTO Recipe_Ingredient (recipe_id, ingredient_id, portion) VALUES (41, 186, 6);

INSERT INTO Recipe_Ingredient (recipe_id, ingredient_id, portion) VALUES (41, 70, 1);

INSERT INTO Recipe_Ingredient (recipe_id, ingredient_id, portion) VALUES (41, 129, 7);

INSERT INTO Recipe_Ingredient (recipe_id, ingredient_id, portion) VALUES (41, 22, 6);

INSERT INTO Recipe_Ingredient (recipe_id, ingredient_id, portion) VALUES (41, 161, 3);

INSERT INTO Recipe_Ingredient (recipe_id, ingredient_id, portion) VALUES (41, 122, 7);

INSERT INTO Recipe_Ingredient (recipe_id, ingredient_id, portion) VALUES (41, 173, 5);

INSERT INTO Recipe_Ingredient (recipe_id, ingredient_id, portion) VALUES (41, 131, 3);

INSERT INTO Recipe_Ingredient (recipe_id, ingredient_id, portion) VALUES (41, 57, 2);

INSERT INTO Recipe_Ingredient (recipe_id, ingredient_id, portion) VALUES (41, 126, 2);

INSERT INTO Recipe_Ingredient (recipe_id, ingredient_id, portion) VALUES (41, 76, 1);

INSERT INTO Recipe_Ingredient (recipe_id, ingredient_id, portion) VALUES (41, 190, 1);

INSERT INTO Recipe_Ingredient (recipe_id, ingredient_id, portion) VALUES (41, 39, 8);

INSERT INTO Recipe_Thematic_Unit (recipe_id, thematic_unit_id) VALUES (41, 5);

INSERT INTO Recipe_Thematic_Unit (recipe_id, thematic_unit_id) VALUES (41, 9);

INSERT INTO Recipe (recipe_type, name, national_cuisine_id, difficulty_level, description, tip1, tip2, tip3, cooking_time, prep_time, portions, basic_ingredient_id, image_id) VALUES ('pastry', 'Roast Chicken Grain Bowl', 9, 4, 'Tv allow wear. Table city physical scene business enjoy important. Act sure general eat garden. Apply at economy strong teach choose.', 'you have to be careful not to let it get stack', 'in the fridge for 3 days', 'you can store iy outside the fridge', 99, 30, 5, 163, 70);

INSERT INTO Step (recipe_id, order_number, description) VALUES (42, 1, 'Father assume commercial public which most.');

INSERT INTO Step (recipe_id, order_number, description) VALUES (42, 2, 'Within feeling key car professor.');

INSERT INTO Step (recipe_id, order_number, description) VALUES (42, 3, 'Woman pay speech public popular.');

INSERT INTO Step (recipe_id, order_number, description) VALUES (42, 4, 'Level attorney share throughout also beat.');

INSERT INTO Step (recipe_id, order_number, description) VALUES (42, 5, 'Finish employee surface will more home although.');

INSERT INTO Nutritional_Info (recipe_id, fat_per_portion, carbs_per_portion, protein_per_portion) VALUES (42, 323, 19, 163);

INSERT INTO Recipe_Meal_Type (recipe_id, meal_type_id) VALUES (42, 5);

INSERT INTO Recipe_Label (recipe_id, label_id) VALUES (42, 8);

INSERT INTO Recipe_Label (recipe_id, label_id) VALUES (42, 2);

INSERT INTO Recipe_Equipment (recipe_id, equipment_id) VALUES (42, 35);

INSERT INTO Recipe_Equipment (recipe_id, equipment_id) VALUES (42, 36);

INSERT INTO Recipe_Equipment (recipe_id, equipment_id) VALUES (42, 19);

INSERT INTO Recipe_Equipment (recipe_id, equipment_id) VALUES (42, 11);

INSERT INTO Recipe_Equipment (recipe_id, equipment_id) VALUES (42, 7);

INSERT INTO Recipe_Equipment (recipe_id, equipment_id) VALUES (42, 42);

INSERT INTO Recipe_Equipment (recipe_id, equipment_id) VALUES (42, 49);

INSERT INTO Recipe_Equipment (recipe_id, equipment_id) VALUES (42, 20);

INSERT INTO Recipe_Equipment (recipe_id, equipment_id) VALUES (42, 37);

INSERT INTO Recipe_Equipment (recipe_id, equipment_id) VALUES (42, 5);

INSERT INTO Recipe_Ingredient (recipe_id, ingredient_id, portion) VALUES (42, 121, 2);

INSERT INTO Recipe_Ingredient (recipe_id, ingredient_id, portion) VALUES (42, 145, 8);

INSERT INTO Recipe_Ingredient (recipe_id, ingredient_id, portion) VALUES (42, 29, 8);

INSERT INTO Recipe_Ingredient (recipe_id, ingredient_id, portion) VALUES (42, 195, 2);

INSERT INTO Recipe_Ingredient (recipe_id, ingredient_id, portion) VALUES (42, 102, 1);

INSERT INTO Recipe_Ingredient (recipe_id, ingredient_id, portion) VALUES (42, 148, 1);

INSERT INTO Recipe_Ingredient (recipe_id, ingredient_id, portion) VALUES (42, 180, 7);

INSERT INTO Recipe_Ingredient (recipe_id, ingredient_id, portion) VALUES (42, 56, 6);

INSERT INTO Recipe_Thematic_Unit (recipe_id, thematic_unit_id) VALUES (42, 11);

INSERT INTO Recipe_Thematic_Unit (recipe_id, thematic_unit_id) VALUES (42, 13);

INSERT INTO Recipe (recipe_type, name, national_cuisine_id, difficulty_level, description, tip1, tip2, tip3, cooking_time, prep_time, portions, basic_ingredient_id, image_id) VALUES ('pastry', 'Chicken thighs with barley and peas', 9, 4, 'Spend guy phone employee thought pass. Own expect record product party small sometimes follow. Air teacher idea option so.', 'you can store iy outside the fridge', 'better without sugar', 'you need a lot of time', 16, 18, 3, 137, 71);

INSERT INTO Step (recipe_id, order_number, description) VALUES (43, 1, 'Too all back fill old attention.');

INSERT INTO Step (recipe_id, order_number, description) VALUES (43, 2, 'Billion TV allow whose party form value.');

INSERT INTO Step (recipe_id, order_number, description) VALUES (43, 3, 'Recent simple table matter.');

INSERT INTO Step (recipe_id, order_number, description) VALUES (43, 4, 'Sell heavy tell couple.');

INSERT INTO Step (recipe_id, order_number, description) VALUES (43, 5, 'Hotel detail event.');

INSERT INTO Nutritional_Info (recipe_id, fat_per_portion, carbs_per_portion, protein_per_portion) VALUES (43, 81, 60, 67);

INSERT INTO Recipe_Meal_Type (recipe_id, meal_type_id) VALUES (43, 2);

INSERT INTO Recipe_Meal_Type (recipe_id, meal_type_id) VALUES (43, 5);

INSERT INTO Recipe_Label (recipe_id, label_id) VALUES (43, 4);

INSERT INTO Recipe_Equipment (recipe_id, equipment_id) VALUES (43, 2);

INSERT INTO Recipe_Equipment (recipe_id, equipment_id) VALUES (43, 26);

INSERT INTO Recipe_Equipment (recipe_id, equipment_id) VALUES (43, 49);

INSERT INTO Recipe_Equipment (recipe_id, equipment_id) VALUES (43, 33);

INSERT INTO Recipe_Equipment (recipe_id, equipment_id) VALUES (43, 42);

INSERT INTO Recipe_Equipment (recipe_id, equipment_id) VALUES (43, 9);

INSERT INTO Recipe_Equipment (recipe_id, equipment_id) VALUES (43, 48);

INSERT INTO Recipe_Equipment (recipe_id, equipment_id) VALUES (43, 6);

INSERT INTO Recipe_Equipment (recipe_id, equipment_id) VALUES (43, 34);

INSERT INTO Recipe_Ingredient (recipe_id, ingredient_id, portion) VALUES (43, 130, 1);

INSERT INTO Recipe_Ingredient (recipe_id, ingredient_id, portion) VALUES (43, 81, 6);

INSERT INTO Recipe_Ingredient (recipe_id, ingredient_id, portion) VALUES (43, 9, 7);

INSERT INTO Recipe_Ingredient (recipe_id, ingredient_id, portion) VALUES (43, 110, 2);

INSERT INTO Recipe_Ingredient (recipe_id, ingredient_id, portion) VALUES (43, 70, 8);

INSERT INTO Recipe_Ingredient (recipe_id, ingredient_id, portion) VALUES (43, 96, 3);

INSERT INTO Recipe_Ingredient (recipe_id, ingredient_id, portion) VALUES (43, 75, 5);

INSERT INTO Recipe_Ingredient (recipe_id, ingredient_id, portion) VALUES (43, 181, 8);

INSERT INTO Recipe_Thematic_Unit (recipe_id, thematic_unit_id) VALUES (43, 8);

INSERT INTO Recipe_Thematic_Unit (recipe_id, thematic_unit_id) VALUES (43, 13);

INSERT INTO Recipe (recipe_type, name, national_cuisine_id, difficulty_level, description, tip1, tip2, cooking_time, prep_time, portions, basic_ingredient_id, image_id) VALUES ('cooking', 'Rice noodles with meatballs and bok choy', 9, 2, 'Side remain create hear. Treat society eight kitchen exactly ok person debate. Natural tree condition newspaper much result well.', 'better with feta cheese', 'you need an oven', 145, 10, 3, 139, 72);

INSERT INTO Step (recipe_id, order_number, description) VALUES (44, 1, 'Skill level which listen.');

INSERT INTO Step (recipe_id, order_number, description) VALUES (44, 2, 'Free could and often method factor.');

INSERT INTO Step (recipe_id, order_number, description) VALUES (44, 3, 'Perhaps time certainly likely field.');

INSERT INTO Step (recipe_id, order_number, description) VALUES (44, 4, 'Red be might available major.');

INSERT INTO Step (recipe_id, order_number, description) VALUES (44, 5, 'Certain name expect tonight system coach perhaps.');

INSERT INTO Step (recipe_id, order_number, description) VALUES (44, 6, 'Family bank past friend blue response.');

INSERT INTO Nutritional_Info (recipe_id, fat_per_portion, carbs_per_portion, protein_per_portion) VALUES (44, 121, 75, 91);

INSERT INTO Recipe_Meal_Type (recipe_id, meal_type_id) VALUES (44, 3);

INSERT INTO Recipe_Label (recipe_id, label_id) VALUES (44, 10);

INSERT INTO Recipe_Label (recipe_id, label_id) VALUES (44, 1);

INSERT INTO Recipe_Label (recipe_id, label_id) VALUES (44, 3);

INSERT INTO Recipe_Equipment (recipe_id, equipment_id) VALUES (44, 50);

INSERT INTO Recipe_Equipment (recipe_id, equipment_id) VALUES (44, 19);

INSERT INTO Recipe_Equipment (recipe_id, equipment_id) VALUES (44, 29);

INSERT INTO Recipe_Ingredient (recipe_id, ingredient_id, portion) VALUES (44, 120, 1);

INSERT INTO Recipe_Ingredient (recipe_id, ingredient_id, portion) VALUES (44, 91, 7);

INSERT INTO Recipe_Ingredient (recipe_id, ingredient_id, portion) VALUES (44, 136, 7);

INSERT INTO Recipe_Ingredient (recipe_id, ingredient_id, portion) VALUES (44, 148, 6);

INSERT INTO Recipe_Ingredient (recipe_id, ingredient_id, portion) VALUES (44, 167, 8);

INSERT INTO Recipe_Ingredient (recipe_id, ingredient_id, portion) VALUES (44, 107, 3);

INSERT INTO Recipe_Ingredient (recipe_id, ingredient_id, portion) VALUES (44, 190, 4);

INSERT INTO Recipe_Ingredient (recipe_id, ingredient_id, portion) VALUES (44, 135, 2);

INSERT INTO Recipe_Ingredient (recipe_id, ingredient_id, portion) VALUES (44, 27, 4);

INSERT INTO Recipe_Ingredient (recipe_id, ingredient_id, portion) VALUES (44, 102, 3);

INSERT INTO Recipe_Ingredient (recipe_id, ingredient_id, portion) VALUES (44, 40, 2);

INSERT INTO Recipe_Ingredient (recipe_id, ingredient_id, portion) VALUES (44, 196, 8);

INSERT INTO Recipe_Ingredient (recipe_id, ingredient_id, portion) VALUES (44, 134, 6);

INSERT INTO Recipe_Ingredient (recipe_id, ingredient_id, portion) VALUES (44, 96, 8);

INSERT INTO Recipe_Thematic_Unit (recipe_id, thematic_unit_id) VALUES (44, 14);

INSERT INTO Recipe_Thematic_Unit (recipe_id, thematic_unit_id) VALUES (44, 6);

INSERT INTO Recipe_Thematic_Unit (recipe_id, thematic_unit_id) VALUES (44, 5);

INSERT INTO Recipe (recipe_type, name, national_cuisine_id, difficulty_level, description, tip1, tip2, tip3, cooking_time, prep_time, portions, basic_ingredient_id, image_id) VALUES ('cooking', 'Paprika Pork with Roasted Potatoes and Dill Cream', 10, 3, 'Situation manager season yard. Gas ready wrong. Stuff including production effect think institution protect.', 'you need small cups', 'better with butter instead of milk', 'you need salt', 75, 23, 8, 35, 73);

INSERT INTO Step (recipe_id, order_number, description) VALUES (45, 1, 'Early later whether miss population local better.');

INSERT INTO Step (recipe_id, order_number, description) VALUES (45, 2, 'Miss range develop contain lawyer.');

INSERT INTO Step (recipe_id, order_number, description) VALUES (45, 3, 'Must high card together probably even figure.');

INSERT INTO Step (recipe_id, order_number, description) VALUES (45, 4, 'Support quite mouth whether glass meet money.');

INSERT INTO Step (recipe_id, order_number, description) VALUES (45, 5, 'Garden physical mention scene hospital difference popular.');

INSERT INTO Step (recipe_id, order_number, description) VALUES (45, 6, 'It speak employee.');

INSERT INTO Step (recipe_id, order_number, description) VALUES (45, 7, 'Land difficult movement kind talk sell.');

INSERT INTO Nutritional_Info (recipe_id, fat_per_portion, carbs_per_portion, protein_per_portion) VALUES (45, 102, 152, 230);

INSERT INTO Recipe_Meal_Type (recipe_id, meal_type_id) VALUES (45, 3);

INSERT INTO Recipe_Meal_Type (recipe_id, meal_type_id) VALUES (45, 4);

INSERT INTO Recipe_Label (recipe_id, label_id) VALUES (45, 6);

INSERT INTO Recipe_Label (recipe_id, label_id) VALUES (45, 9);

INSERT INTO Recipe_Label (recipe_id, label_id) VALUES (45, 2);

INSERT INTO Recipe_Equipment (recipe_id, equipment_id) VALUES (45, 24);

INSERT INTO Recipe_Equipment (recipe_id, equipment_id) VALUES (45, 10);

INSERT INTO Recipe_Equipment (recipe_id, equipment_id) VALUES (45, 14);

INSERT INTO Recipe_Equipment (recipe_id, equipment_id) VALUES (45, 25);

INSERT INTO Recipe_Equipment (recipe_id, equipment_id) VALUES (45, 11);

INSERT INTO Recipe_Equipment (recipe_id, equipment_id) VALUES (45, 16);

INSERT INTO Recipe_Equipment (recipe_id, equipment_id) VALUES (45, 6);

INSERT INTO Recipe_Equipment (recipe_id, equipment_id) VALUES (45, 8);

INSERT INTO Recipe_Equipment (recipe_id, equipment_id) VALUES (45, 36);

INSERT INTO Recipe_Ingredient (recipe_id, ingredient_id, portion) VALUES (45, 161, 1);

INSERT INTO Recipe_Ingredient (recipe_id, ingredient_id, portion) VALUES (45, 200, 2);

INSERT INTO Recipe_Ingredient (recipe_id, ingredient_id, portion) VALUES (45, 176, 1);

INSERT INTO Recipe_Ingredient (recipe_id, ingredient_id, portion) VALUES (45, 178, 8);

INSERT INTO Recipe_Ingredient (recipe_id, ingredient_id, portion) VALUES (45, 111, 1);

INSERT INTO Recipe_Ingredient (recipe_id, ingredient_id, portion) VALUES (45, 70, 2);

INSERT INTO Recipe_Ingredient (recipe_id, ingredient_id, portion) VALUES (45, 16, 3);

INSERT INTO Recipe_Ingredient (recipe_id, ingredient_id, portion) VALUES (45, 109, 1);

INSERT INTO Recipe_Ingredient (recipe_id, ingredient_id, portion) VALUES (45, 69, 1);

INSERT INTO Recipe_Ingredient (recipe_id, ingredient_id, portion) VALUES (45, 6, 5);

INSERT INTO Recipe_Ingredient (recipe_id, ingredient_id, portion) VALUES (45, 5, 7);

INSERT INTO Recipe_Ingredient (recipe_id, ingredient_id, portion) VALUES (45, 100, 2);

INSERT INTO Recipe_Ingredient (recipe_id, ingredient_id, portion) VALUES (45, 46, 5);

INSERT INTO Recipe_Ingredient (recipe_id, ingredient_id, portion) VALUES (45, 98, 6);

INSERT INTO Recipe_Ingredient (recipe_id, ingredient_id, portion) VALUES (45, 196, 7);

INSERT INTO Recipe_Thematic_Unit (recipe_id, thematic_unit_id) VALUES (45, 5);

INSERT INTO Recipe_Thematic_Unit (recipe_id, thematic_unit_id) VALUES (45, 6);

INSERT INTO Recipe_Thematic_Unit (recipe_id, thematic_unit_id) VALUES (45, 14);

INSERT INTO Recipe (recipe_type, name, national_cuisine_id, difficulty_level, description, tip1, cooking_time, prep_time, portions, basic_ingredient_id, image_id) VALUES ('pastry', 'Chicken cutlets with carrot and kale salad', 10, 2, 'Day seek student cup hundred approach imagine particular. Gun high society develop mouth. Network exist guy down quality effort father.', 'you can use leftovers', 102, 15, 6, 197, 74);

INSERT INTO Step (recipe_id, order_number, description) VALUES (46, 1, 'Mrs road economy a pattern since animal.');

INSERT INTO Step (recipe_id, order_number, description) VALUES (46, 2, 'Learn need use left reduce.');

INSERT INTO Nutritional_Info (recipe_id, fat_per_portion, carbs_per_portion, protein_per_portion) VALUES (46, 40, 100, 184);

INSERT INTO Recipe_Meal_Type (recipe_id, meal_type_id) VALUES (46, 4);

INSERT INTO Recipe_Label (recipe_id, label_id) VALUES (46, 9);

INSERT INTO Recipe_Equipment (recipe_id, equipment_id) VALUES (46, 28);

INSERT INTO Recipe_Ingredient (recipe_id, ingredient_id, portion) VALUES (46, 9, 8);

INSERT INTO Recipe_Ingredient (recipe_id, ingredient_id, portion) VALUES (46, 189, 5);

INSERT INTO Recipe_Ingredient (recipe_id, ingredient_id, portion) VALUES (46, 56, 3);

INSERT INTO Recipe_Thematic_Unit (recipe_id, thematic_unit_id) VALUES (46, 4);

INSERT INTO Recipe (recipe_type, name, national_cuisine_id, difficulty_level, description, tip1, tip2, tip3, cooking_time, prep_time, portions, basic_ingredient_id, image_id) VALUES ('cooking', 'Gnocchi and sweet potatoes', 10, 1, 'Have policy car. Pass statement doctor. Fight stand task bad star.', 'it needs a fridge', 'you need an oven', 'better after 2 days', 48, 27, 8, 158, 75);

INSERT INTO Step (recipe_id, order_number, description) VALUES (47, 1, 'Determine mouth rule entire produce.');

INSERT INTO Step (recipe_id, order_number, description) VALUES (47, 2, 'Until war air general free base.');

INSERT INTO Step (recipe_id, order_number, description) VALUES (47, 3, 'Two want attention theory player establish.');

INSERT INTO Step (recipe_id, order_number, description) VALUES (47, 4, 'Share let player still continue watch art.');

INSERT INTO Step (recipe_id, order_number, description) VALUES (47, 5, 'Continue difference magazine politics today fly wear.');

INSERT INTO Nutritional_Info (recipe_id, fat_per_portion, carbs_per_portion, protein_per_portion) VALUES (47, 321, 44, 118);

INSERT INTO Recipe_Meal_Type (recipe_id, meal_type_id) VALUES (47, 6);

INSERT INTO Recipe_Label (recipe_id, label_id) VALUES (47, 10);

INSERT INTO Recipe_Equipment (recipe_id, equipment_id) VALUES (47, 22);

INSERT INTO Recipe_Equipment (recipe_id, equipment_id) VALUES (47, 34);

INSERT INTO Recipe_Ingredient (recipe_id, ingredient_id, portion) VALUES (47, 162, 5);

INSERT INTO Recipe_Ingredient (recipe_id, ingredient_id, portion) VALUES (47, 16, 7);

INSERT INTO Recipe_Ingredient (recipe_id, ingredient_id, portion) VALUES (47, 5, 1);

INSERT INTO Recipe_Ingredient (recipe_id, ingredient_id, portion) VALUES (47, 122, 1);

INSERT INTO Recipe_Ingredient (recipe_id, ingredient_id, portion) VALUES (47, 14, 3);

INSERT INTO Recipe_Ingredient (recipe_id, ingredient_id, portion) VALUES (47, 142, 4);

INSERT INTO Recipe_Ingredient (recipe_id, ingredient_id, portion) VALUES (47, 19, 7);

INSERT INTO Recipe_Ingredient (recipe_id, ingredient_id, portion) VALUES (47, 3, 7);

INSERT INTO Recipe_Ingredient (recipe_id, ingredient_id, portion) VALUES (47, 156, 4);

INSERT INTO Recipe_Ingredient (recipe_id, ingredient_id, portion) VALUES (47, 174, 5);

INSERT INTO Recipe_Ingredient (recipe_id, ingredient_id, portion) VALUES (47, 185, 3);

INSERT INTO Recipe_Ingredient (recipe_id, ingredient_id, portion) VALUES (47, 126, 8);

INSERT INTO Recipe_Thematic_Unit (recipe_id, thematic_unit_id) VALUES (47, 10);

INSERT INTO Recipe_Thematic_Unit (recipe_id, thematic_unit_id) VALUES (47, 3);

INSERT INTO Recipe_Thematic_Unit (recipe_id, thematic_unit_id) VALUES (47, 12);

INSERT INTO Recipe (recipe_type, name, national_cuisine_id, difficulty_level, description, tip1, tip2, tip3, cooking_time, prep_time, portions, basic_ingredient_id, image_id) VALUES ('pastry', 'Shepherds Pie', 10, 5, 'A night official with expert floor where. Lawyer six southern. Happy senior nature quite new stage gas.', 'in the fridge for 3 days', 'better with gloves', 'better with butter instead of milk', 146, 33, 1, 10, 76);

INSERT INTO Step (recipe_id, order_number, description) VALUES (48, 1, 'Effect himself law.');

INSERT INTO Step (recipe_id, order_number, description) VALUES (48, 2, 'Suggest adult improve benefit.');

INSERT INTO Step (recipe_id, order_number, description) VALUES (48, 3, 'Could lose call month mission state.');

INSERT INTO Step (recipe_id, order_number, description) VALUES (48, 4, 'Action similar perhaps notice might never they she.');

INSERT INTO Step (recipe_id, order_number, description) VALUES (48, 5, 'Middle before civil movement.');

INSERT INTO Step (recipe_id, order_number, description) VALUES (48, 6, 'Agent cold what father throw.');

INSERT INTO Nutritional_Info (recipe_id, fat_per_portion, carbs_per_portion, protein_per_portion) VALUES (48, 97, 79, 42);

INSERT INTO Recipe_Meal_Type (recipe_id, meal_type_id) VALUES (48, 4);

INSERT INTO Recipe_Meal_Type (recipe_id, meal_type_id) VALUES (48, 5);

INSERT INTO Recipe_Label (recipe_id, label_id) VALUES (48, 6);

INSERT INTO Recipe_Equipment (recipe_id, equipment_id) VALUES (48, 43);

INSERT INTO Recipe_Equipment (recipe_id, equipment_id) VALUES (48, 2);

INSERT INTO Recipe_Equipment (recipe_id, equipment_id) VALUES (48, 3);

INSERT INTO Recipe_Equipment (recipe_id, equipment_id) VALUES (48, 6);

INSERT INTO Recipe_Equipment (recipe_id, equipment_id) VALUES (48, 28);

INSERT INTO Recipe_Equipment (recipe_id, equipment_id) VALUES (48, 33);

INSERT INTO Recipe_Equipment (recipe_id, equipment_id) VALUES (48, 35);

INSERT INTO Recipe_Ingredient (recipe_id, ingredient_id, portion) VALUES (48, 145, 7);

INSERT INTO Recipe_Ingredient (recipe_id, ingredient_id, portion) VALUES (48, 16, 1);

INSERT INTO Recipe_Ingredient (recipe_id, ingredient_id, portion) VALUES (48, 7, 8);

INSERT INTO Recipe_Ingredient (recipe_id, ingredient_id, portion) VALUES (48, 166, 4);

INSERT INTO Recipe_Ingredient (recipe_id, ingredient_id, portion) VALUES (48, 135, 3);

INSERT INTO Recipe_Ingredient (recipe_id, ingredient_id, portion) VALUES (48, 107, 7);

INSERT INTO Recipe_Ingredient (recipe_id, ingredient_id, portion) VALUES (48, 19, 3);

INSERT INTO Recipe_Ingredient (recipe_id, ingredient_id, portion) VALUES (48, 32, 5);

INSERT INTO Recipe_Ingredient (recipe_id, ingredient_id, portion) VALUES (48, 129, 5);

INSERT INTO Recipe_Ingredient (recipe_id, ingredient_id, portion) VALUES (48, 128, 3);

INSERT INTO Recipe_Ingredient (recipe_id, ingredient_id, portion) VALUES (48, 190, 6);

INSERT INTO Recipe_Ingredient (recipe_id, ingredient_id, portion) VALUES (48, 89, 2);

INSERT INTO Recipe_Ingredient (recipe_id, ingredient_id, portion) VALUES (48, 13, 5);

INSERT INTO Recipe_Thematic_Unit (recipe_id, thematic_unit_id) VALUES (48, 9);

INSERT INTO Recipe_Thematic_Unit (recipe_id, thematic_unit_id) VALUES (48, 15);

INSERT INTO Recipe (recipe_type, name, national_cuisine_id, difficulty_level, description, tip1, cooking_time, prep_time, portions, basic_ingredient_id, image_id) VALUES ('pastry', 'Garlic Parmesan Chicken', 10, 3, 'Again would again inside. Name contain fight store hundred scientist.', 'it needs a fridge', 113, 1, 3, 29, 77);

INSERT INTO Step (recipe_id, order_number, description) VALUES (49, 1, 'Perhaps suddenly identify piece hair tend.');

INSERT INTO Step (recipe_id, order_number, description) VALUES (49, 2, 'Yard finally score.');

INSERT INTO Step (recipe_id, order_number, description) VALUES (49, 3, 'Light resource that visit film right.');

INSERT INTO Step (recipe_id, order_number, description) VALUES (49, 4, 'Bad wide move go because fear still.');

INSERT INTO Step (recipe_id, order_number, description) VALUES (49, 5, 'Movement recognize pattern truth everyone various sing.');

INSERT INTO Step (recipe_id, order_number, description) VALUES (49, 6, 'Upon actually peace animal father question ball.');

INSERT INTO Nutritional_Info (recipe_id, fat_per_portion, carbs_per_portion, protein_per_portion) VALUES (49, 306, 121, 218);

INSERT INTO Recipe_Meal_Type (recipe_id, meal_type_id) VALUES (49, 5);

INSERT INTO Recipe_Meal_Type (recipe_id, meal_type_id) VALUES (49, 3);

INSERT INTO Recipe_Label (recipe_id, label_id) VALUES (49, 10);

INSERT INTO Recipe_Equipment (recipe_id, equipment_id) VALUES (49, 13);

INSERT INTO Recipe_Equipment (recipe_id, equipment_id) VALUES (49, 47);

INSERT INTO Recipe_Equipment (recipe_id, equipment_id) VALUES (49, 33);

INSERT INTO Recipe_Equipment (recipe_id, equipment_id) VALUES (49, 39);

INSERT INTO Recipe_Equipment (recipe_id, equipment_id) VALUES (49, 32);

INSERT INTO Recipe_Ingredient (recipe_id, ingredient_id, portion) VALUES (49, 155, 8);

INSERT INTO Recipe_Ingredient (recipe_id, ingredient_id, portion) VALUES (49, 128, 7);

INSERT INTO Recipe_Ingredient (recipe_id, ingredient_id, portion) VALUES (49, 9, 6);

INSERT INTO Recipe_Ingredient (recipe_id, ingredient_id, portion) VALUES (49, 147, 8);

INSERT INTO Recipe_Ingredient (recipe_id, ingredient_id, portion) VALUES (49, 111, 5);

INSERT INTO Recipe_Ingredient (recipe_id, ingredient_id, portion) VALUES (49, 159, 6);

INSERT INTO Recipe_Ingredient (recipe_id, ingredient_id, portion) VALUES (49, 90, 6);

INSERT INTO Recipe_Ingredient (recipe_id, ingredient_id, portion) VALUES (49, 121, 7);

INSERT INTO Recipe_Ingredient (recipe_id, ingredient_id, portion) VALUES (49, 157, 3);

INSERT INTO Recipe_Ingredient (recipe_id, ingredient_id, portion) VALUES (49, 54, 3);

INSERT INTO Recipe_Ingredient (recipe_id, ingredient_id, portion) VALUES (49, 172, 6);

INSERT INTO Recipe_Ingredient (recipe_id, ingredient_id, portion) VALUES (49, 41, 7);

INSERT INTO Recipe_Ingredient (recipe_id, ingredient_id, portion) VALUES (49, 168, 1);

INSERT INTO Recipe_Ingredient (recipe_id, ingredient_id, portion) VALUES (49, 119, 4);

INSERT INTO Recipe_Ingredient (recipe_id, ingredient_id, portion) VALUES (49, 139, 1);

INSERT INTO Recipe_Ingredient (recipe_id, ingredient_id, portion) VALUES (49, 73, 4);

INSERT INTO Recipe_Thematic_Unit (recipe_id, thematic_unit_id) VALUES (49, 5);

INSERT INTO Recipe_Thematic_Unit (recipe_id, thematic_unit_id) VALUES (49, 13);

INSERT INTO Recipe_Thematic_Unit (recipe_id, thematic_unit_id) VALUES (49, 8);

INSERT INTO Recipe (recipe_type, name, national_cuisine_id, difficulty_level, description, tip1, cooking_time, prep_time, portions, basic_ingredient_id, image_id) VALUES ('cooking', 'Turkey Pot Pie', 11, 2, 'By smile cut light management. All require big change. Red a lay century picture visit week.', 'better when fresh', 65, 20, 3, 137, 78);

INSERT INTO Step (recipe_id, order_number, description) VALUES (50, 1, 'Price increase eat music.');

INSERT INTO Nutritional_Info (recipe_id, fat_per_portion, carbs_per_portion, protein_per_portion) VALUES (50, 224, 95, 177);

INSERT INTO Recipe_Meal_Type (recipe_id, meal_type_id) VALUES (50, 6);

INSERT INTO Recipe_Label (recipe_id, label_id) VALUES (50, 5);

INSERT INTO Recipe_Label (recipe_id, label_id) VALUES (50, 2);

INSERT INTO Recipe_Label (recipe_id, label_id) VALUES (50, 7);

INSERT INTO Recipe_Label (recipe_id, label_id) VALUES (50, 6);

INSERT INTO Recipe_Equipment (recipe_id, equipment_id) VALUES (50, 23);

INSERT INTO Recipe_Equipment (recipe_id, equipment_id) VALUES (50, 45);

INSERT INTO Recipe_Equipment (recipe_id, equipment_id) VALUES (50, 4);

INSERT INTO Recipe_Equipment (recipe_id, equipment_id) VALUES (50, 21);

INSERT INTO Recipe_Equipment (recipe_id, equipment_id) VALUES (50, 43);

INSERT INTO Recipe_Equipment (recipe_id, equipment_id) VALUES (50, 19);

INSERT INTO Recipe_Equipment (recipe_id, equipment_id) VALUES (50, 40);

INSERT INTO Recipe_Equipment (recipe_id, equipment_id) VALUES (50, 41);

INSERT INTO Recipe_Equipment (recipe_id, equipment_id) VALUES (50, 25);

INSERT INTO Recipe_Ingredient (recipe_id, ingredient_id, portion) VALUES (50, 5, 6);

INSERT INTO Recipe_Ingredient (recipe_id, ingredient_id, portion) VALUES (50, 113, 2);

INSERT INTO Recipe_Ingredient (recipe_id, ingredient_id, portion) VALUES (50, 78, 8);

INSERT INTO Recipe_Ingredient (recipe_id, ingredient_id, portion) VALUES (50, 73, 4);

INSERT INTO Recipe_Ingredient (recipe_id, ingredient_id, portion) VALUES (50, 34, 3);

INSERT INTO Recipe_Ingredient (recipe_id, ingredient_id, portion) VALUES (50, 22, 7);

INSERT INTO Recipe_Ingredient (recipe_id, ingredient_id, portion) VALUES (50, 163, 8);

INSERT INTO Recipe_Ingredient (recipe_id, ingredient_id, portion) VALUES (50, 194, 5);

INSERT INTO Recipe_Ingredient (recipe_id, ingredient_id, portion) VALUES (50, 47, 8);

INSERT INTO Recipe_Ingredient (recipe_id, ingredient_id, portion) VALUES (50, 9, 7);

INSERT INTO Recipe_Ingredient (recipe_id, ingredient_id, portion) VALUES (50, 101, 1);

INSERT INTO Recipe_Ingredient (recipe_id, ingredient_id, portion) VALUES (50, 160, 6);

INSERT INTO Recipe_Ingredient (recipe_id, ingredient_id, portion) VALUES (50, 158, 2);

INSERT INTO Recipe_Ingredient (recipe_id, ingredient_id, portion) VALUES (50, 159, 5);

INSERT INTO Recipe_Thematic_Unit (recipe_id, thematic_unit_id) VALUES (50, 11);

INSERT INTO Recipe_Thematic_Unit (recipe_id, thematic_unit_id) VALUES (50, 5);

INSERT INTO Recipe (recipe_type, name, national_cuisine_id, difficulty_level, description, tip1, tip2, tip3, cooking_time, prep_time, portions, basic_ingredient_id, image_id) VALUES ('pastry', 'Balsamic Bacon Brussels Sprouts', 11, 5, 'Hold might skin force manager know race concern. Whether hospital stay attorney successful into their. Else officer various describe.', 'you need an oven', 'better without sugar', 'you need 2 people to make it', 66, 35, 5, 197, 79);

INSERT INTO Step (recipe_id, order_number, description) VALUES (51, 1, 'Most continue carry scientist attorney take.');

INSERT INTO Step (recipe_id, order_number, description) VALUES (51, 2, 'Vote entire then successful certain through behind control.');

INSERT INTO Step (recipe_id, order_number, description) VALUES (51, 3, 'Finally senior condition condition cut marriage lawyer.');

INSERT INTO Step (recipe_id, order_number, description) VALUES (51, 4, 'Care imagine sort culture easy.');

INSERT INTO Step (recipe_id, order_number, description) VALUES (51, 5, 'Season usually few example.');

INSERT INTO Step (recipe_id, order_number, description) VALUES (51, 6, 'Company more morning floor let.');

INSERT INTO Step (recipe_id, order_number, description) VALUES (51, 7, 'Despite fund watch east finish.');

INSERT INTO Nutritional_Info (recipe_id, fat_per_portion, carbs_per_portion, protein_per_portion) VALUES (51, 116, 98, 189);

INSERT INTO Recipe_Meal_Type (recipe_id, meal_type_id) VALUES (51, 1);

INSERT INTO Recipe_Label (recipe_id, label_id) VALUES (51, 6);

INSERT INTO Recipe_Label (recipe_id, label_id) VALUES (51, 7);

INSERT INTO Recipe_Label (recipe_id, label_id) VALUES (51, 3);

INSERT INTO Recipe_Equipment (recipe_id, equipment_id) VALUES (51, 34);

INSERT INTO Recipe_Equipment (recipe_id, equipment_id) VALUES (51, 14);

INSERT INTO Recipe_Equipment (recipe_id, equipment_id) VALUES (51, 21);

INSERT INTO Recipe_Equipment (recipe_id, equipment_id) VALUES (51, 31);

INSERT INTO Recipe_Equipment (recipe_id, equipment_id) VALUES (51, 2);

INSERT INTO Recipe_Equipment (recipe_id, equipment_id) VALUES (51, 17);

INSERT INTO Recipe_Equipment (recipe_id, equipment_id) VALUES (51, 6);

INSERT INTO Recipe_Equipment (recipe_id, equipment_id) VALUES (51, 18);

INSERT INTO Recipe_Ingredient (recipe_id, ingredient_id, portion) VALUES (51, 130, 7);

INSERT INTO Recipe_Ingredient (recipe_id, ingredient_id, portion) VALUES (51, 61, 6);

INSERT INTO Recipe_Ingredient (recipe_id, ingredient_id, portion) VALUES (51, 177, 4);

INSERT INTO Recipe_Ingredient (recipe_id, ingredient_id, portion) VALUES (51, 36, 2);

INSERT INTO Recipe_Ingredient (recipe_id, ingredient_id, portion) VALUES (51, 170, 7);

INSERT INTO Recipe_Ingredient (recipe_id, ingredient_id, portion) VALUES (51, 17, 4);

INSERT INTO Recipe_Ingredient (recipe_id, ingredient_id, portion) VALUES (51, 87, 1);

INSERT INTO Recipe_Ingredient (recipe_id, ingredient_id, portion) VALUES (51, 75, 4);

INSERT INTO Recipe_Ingredient (recipe_id, ingredient_id, portion) VALUES (51, 140, 8);

INSERT INTO Recipe_Ingredient (recipe_id, ingredient_id, portion) VALUES (51, 38, 1);

INSERT INTO Recipe_Ingredient (recipe_id, ingredient_id, portion) VALUES (51, 67, 5);

INSERT INTO Recipe_Ingredient (recipe_id, ingredient_id, portion) VALUES (51, 16, 4);

INSERT INTO Recipe_Ingredient (recipe_id, ingredient_id, portion) VALUES (51, 39, 2);

INSERT INTO Recipe_Ingredient (recipe_id, ingredient_id, portion) VALUES (51, 188, 8);

INSERT INTO Recipe_Ingredient (recipe_id, ingredient_id, portion) VALUES (51, 65, 3);

INSERT INTO Recipe_Ingredient (recipe_id, ingredient_id, portion) VALUES (51, 50, 4);

INSERT INTO Recipe_Ingredient (recipe_id, ingredient_id, portion) VALUES (51, 192, 4);

INSERT INTO Recipe_Ingredient (recipe_id, ingredient_id, portion) VALUES (51, 183, 5);

INSERT INTO Recipe_Thematic_Unit (recipe_id, thematic_unit_id) VALUES (51, 11);

INSERT INTO Recipe_Thematic_Unit (recipe_id, thematic_unit_id) VALUES (51, 6);

INSERT INTO Recipe (recipe_type, name, national_cuisine_id, difficulty_level, description, tip1, tip2, tip3, cooking_time, prep_time, portions, basic_ingredient_id, image_id) VALUES ('cooking', 'Lemon Red Potatoes', 11, 1, 'Treat left eight receive southern. Congress between at office.', 'better with gloves', 'better when fresh', 'better with a blender', 138, 23, 2, 61, 80);

INSERT INTO Step (recipe_id, order_number, description) VALUES (52, 1, 'Just nothing positive seek especially.');

INSERT INTO Step (recipe_id, order_number, description) VALUES (52, 2, 'Money art rather.');

INSERT INTO Step (recipe_id, order_number, description) VALUES (52, 3, 'These store admit suffer else imagine surface nothing.');

INSERT INTO Step (recipe_id, order_number, description) VALUES (52, 4, 'Record between speak special.');

INSERT INTO Step (recipe_id, order_number, description) VALUES (52, 5, 'Country worker image west weight various.');

INSERT INTO Step (recipe_id, order_number, description) VALUES (52, 6, 'Too job feeling near.');

INSERT INTO Nutritional_Info (recipe_id, fat_per_portion, carbs_per_portion, protein_per_portion) VALUES (52, 293, 179, 193);

INSERT INTO Recipe_Meal_Type (recipe_id, meal_type_id) VALUES (52, 4);

INSERT INTO Recipe_Meal_Type (recipe_id, meal_type_id) VALUES (52, 3);

INSERT INTO Recipe_Label (recipe_id, label_id) VALUES (52, 7);

INSERT INTO Recipe_Equipment (recipe_id, equipment_id) VALUES (52, 14);

INSERT INTO Recipe_Equipment (recipe_id, equipment_id) VALUES (52, 15);

INSERT INTO Recipe_Equipment (recipe_id, equipment_id) VALUES (52, 33);

INSERT INTO Recipe_Equipment (recipe_id, equipment_id) VALUES (52, 12);

INSERT INTO Recipe_Equipment (recipe_id, equipment_id) VALUES (52, 21);

INSERT INTO Recipe_Equipment (recipe_id, equipment_id) VALUES (52, 41);

INSERT INTO Recipe_Ingredient (recipe_id, ingredient_id, portion) VALUES (52, 57, 3);

INSERT INTO Recipe_Ingredient (recipe_id, ingredient_id, portion) VALUES (52, 163, 4);

INSERT INTO Recipe_Ingredient (recipe_id, ingredient_id, portion) VALUES (52, 2, 2);

INSERT INTO Recipe_Ingredient (recipe_id, ingredient_id, portion) VALUES (52, 47, 4);

INSERT INTO Recipe_Ingredient (recipe_id, ingredient_id, portion) VALUES (52, 101, 3);

INSERT INTO Recipe_Ingredient (recipe_id, ingredient_id, portion) VALUES (52, 51, 7);

INSERT INTO Recipe_Ingredient (recipe_id, ingredient_id, portion) VALUES (52, 61, 8);

INSERT INTO Recipe_Ingredient (recipe_id, ingredient_id, portion) VALUES (52, 9, 3);

INSERT INTO Recipe_Thematic_Unit (recipe_id, thematic_unit_id) VALUES (52, 8);

INSERT INTO Recipe_Thematic_Unit (recipe_id, thematic_unit_id) VALUES (52, 4);

INSERT INTO Recipe_Thematic_Unit (recipe_id, thematic_unit_id) VALUES (52, 15);

INSERT INTO Recipe (recipe_type, name, national_cuisine_id, difficulty_level, description, tip1, tip2, cooking_time, prep_time, portions, basic_ingredient_id, image_id) VALUES ('pastry', 'Potato and Corn Chowder', 11, 3, 'Attention relate every federal. Much new low state result reveal. Where appear five perform water purpose writer.', 'you can store iy outside the fridge', 'you need salt', 90, 42, 2, 86, 81);

INSERT INTO Step (recipe_id, order_number, description) VALUES (53, 1, 'Space board charge until.');

INSERT INTO Step (recipe_id, order_number, description) VALUES (53, 2, 'Draw apply happy federal program themselves job.');

INSERT INTO Step (recipe_id, order_number, description) VALUES (53, 3, 'Total skill still pay almost action run.');

INSERT INTO Step (recipe_id, order_number, description) VALUES (53, 4, 'Process crime which because peace interesting tax.');

INSERT INTO Step (recipe_id, order_number, description) VALUES (53, 5, 'That around film able.');

INSERT INTO Step (recipe_id, order_number, description) VALUES (53, 6, 'Agent less herself nothing reality board.');

INSERT INTO Step (recipe_id, order_number, description) VALUES (53, 7, 'Financial boy nice receive money.');

INSERT INTO Step (recipe_id, order_number, description) VALUES (53, 8, 'Mention why myself heart nothing bar north successful.');

INSERT INTO Nutritional_Info (recipe_id, fat_per_portion, carbs_per_portion, protein_per_portion) VALUES (53, 99, 179, 98);

INSERT INTO Recipe_Meal_Type (recipe_id, meal_type_id) VALUES (53, 2);

INSERT INTO Recipe_Label (recipe_id, label_id) VALUES (53, 1);

INSERT INTO Recipe_Equipment (recipe_id, equipment_id) VALUES (53, 26);

INSERT INTO Recipe_Equipment (recipe_id, equipment_id) VALUES (53, 35);

INSERT INTO Recipe_Equipment (recipe_id, equipment_id) VALUES (53, 27);

INSERT INTO Recipe_Ingredient (recipe_id, ingredient_id, portion) VALUES (53, 99, 7);

INSERT INTO Recipe_Ingredient (recipe_id, ingredient_id, portion) VALUES (53, 147, 4);

INSERT INTO Recipe_Ingredient (recipe_id, ingredient_id, portion) VALUES (53, 17, 8);

INSERT INTO Recipe_Ingredient (recipe_id, ingredient_id, portion) VALUES (53, 15, 6);

INSERT INTO Recipe_Ingredient (recipe_id, ingredient_id, portion) VALUES (53, 141, 1);

INSERT INTO Recipe_Ingredient (recipe_id, ingredient_id, portion) VALUES (53, 20, 5);

INSERT INTO Recipe_Ingredient (recipe_id, ingredient_id, portion) VALUES (53, 27, 6);

INSERT INTO Recipe_Ingredient (recipe_id, ingredient_id, portion) VALUES (53, 71, 2);

INSERT INTO Recipe_Ingredient (recipe_id, ingredient_id, portion) VALUES (53, 86, 5);

INSERT INTO Recipe_Ingredient (recipe_id, ingredient_id, portion) VALUES (53, 174, 6);

INSERT INTO Recipe_Ingredient (recipe_id, ingredient_id, portion) VALUES (53, 95, 5);

INSERT INTO Recipe_Ingredient (recipe_id, ingredient_id, portion) VALUES (53, 124, 6);

INSERT INTO Recipe_Ingredient (recipe_id, ingredient_id, portion) VALUES (53, 31, 8);

INSERT INTO Recipe_Ingredient (recipe_id, ingredient_id, portion) VALUES (53, 161, 6);

INSERT INTO Recipe_Ingredient (recipe_id, ingredient_id, portion) VALUES (53, 106, 1);

INSERT INTO Recipe_Ingredient (recipe_id, ingredient_id, portion) VALUES (53, 144, 5);

INSERT INTO Recipe_Ingredient (recipe_id, ingredient_id, portion) VALUES (53, 80, 3);

INSERT INTO Recipe_Thematic_Unit (recipe_id, thematic_unit_id) VALUES (53, 5);

INSERT INTO Recipe (recipe_type, name, national_cuisine_id, difficulty_level, description, tip1, cooking_time, prep_time, portions, basic_ingredient_id, image_id) VALUES ('cooking', 'Thai Chicken', 11, 5, 'Bag site culture research. Treat room almost knowledge item movie owner. Political meet assume.', 'you need a lot of time', 86, 9, 3, 189, 82);

INSERT INTO Step (recipe_id, order_number, description) VALUES (54, 1, 'Rise section today though.');

INSERT INTO Step (recipe_id, order_number, description) VALUES (54, 2, 'Control growth hit eye.');

INSERT INTO Step (recipe_id, order_number, description) VALUES (54, 3, 'Talk eye town election fund evidence Mr.');

INSERT INTO Step (recipe_id, order_number, description) VALUES (54, 4, 'Company memory pass become should.');

INSERT INTO Nutritional_Info (recipe_id, fat_per_portion, carbs_per_portion, protein_per_portion) VALUES (54, 361, 127, 205);

INSERT INTO Recipe_Meal_Type (recipe_id, meal_type_id) VALUES (54, 2);

INSERT INTO Recipe_Meal_Type (recipe_id, meal_type_id) VALUES (54, 5);

INSERT INTO Recipe_Label (recipe_id, label_id) VALUES (54, 9);

INSERT INTO Recipe_Equipment (recipe_id, equipment_id) VALUES (54, 28);

INSERT INTO Recipe_Equipment (recipe_id, equipment_id) VALUES (54, 39);

INSERT INTO Recipe_Equipment (recipe_id, equipment_id) VALUES (54, 2);

INSERT INTO Recipe_Ingredient (recipe_id, ingredient_id, portion) VALUES (54, 156, 5);

INSERT INTO Recipe_Ingredient (recipe_id, ingredient_id, portion) VALUES (54, 65, 2);

INSERT INTO Recipe_Ingredient (recipe_id, ingredient_id, portion) VALUES (54, 21, 2);

INSERT INTO Recipe_Ingredient (recipe_id, ingredient_id, portion) VALUES (54, 182, 5);

INSERT INTO Recipe_Ingredient (recipe_id, ingredient_id, portion) VALUES (54, 136, 3);

INSERT INTO Recipe_Ingredient (recipe_id, ingredient_id, portion) VALUES (54, 185, 3);

INSERT INTO Recipe_Ingredient (recipe_id, ingredient_id, portion) VALUES (54, 200, 6);

INSERT INTO Recipe_Ingredient (recipe_id, ingredient_id, portion) VALUES (54, 45, 8);

INSERT INTO Recipe_Ingredient (recipe_id, ingredient_id, portion) VALUES (54, 145, 4);

INSERT INTO Recipe_Ingredient (recipe_id, ingredient_id, portion) VALUES (54, 94, 5);

INSERT INTO Recipe_Ingredient (recipe_id, ingredient_id, portion) VALUES (54, 171, 6);

INSERT INTO Recipe_Ingredient (recipe_id, ingredient_id, portion) VALUES (54, 33, 3);

INSERT INTO Recipe_Ingredient (recipe_id, ingredient_id, portion) VALUES (54, 78, 6);

INSERT INTO Recipe_Ingredient (recipe_id, ingredient_id, portion) VALUES (54, 7, 1);

INSERT INTO Recipe_Thematic_Unit (recipe_id, thematic_unit_id) VALUES (54, 13);

INSERT INTO Recipe_Thematic_Unit (recipe_id, thematic_unit_id) VALUES (54, 10);

INSERT INTO Recipe (recipe_type, name, national_cuisine_id, difficulty_level, description, tip1, tip2, cooking_time, prep_time, portions, basic_ingredient_id, image_id) VALUES ('pastry', 'Italian Fagoli Vegetable Soup', 12, 1, 'Force of receive board them.', 'you can store iy outside the fridge', 'better when fresh', 65, 6, 3, 36, 83);

INSERT INTO Step (recipe_id, order_number, description) VALUES (55, 1, 'Land process idea Mrs involve particular.');

INSERT INTO Step (recipe_id, order_number, description) VALUES (55, 2, 'After civil less authority lot conference.');

INSERT INTO Step (recipe_id, order_number, description) VALUES (55, 3, 'Military college amount way feel.');

INSERT INTO Nutritional_Info (recipe_id, fat_per_portion, carbs_per_portion, protein_per_portion) VALUES (55, 363, 128, 181);

INSERT INTO Recipe_Meal_Type (recipe_id, meal_type_id) VALUES (55, 2);

INSERT INTO Recipe_Meal_Type (recipe_id, meal_type_id) VALUES (55, 3);

INSERT INTO Recipe_Meal_Type (recipe_id, meal_type_id) VALUES (55, 4);

INSERT INTO Recipe_Label (recipe_id, label_id) VALUES (55, 8);

INSERT INTO Recipe_Label (recipe_id, label_id) VALUES (55, 3);

INSERT INTO Recipe_Label (recipe_id, label_id) VALUES (55, 9);

INSERT INTO Recipe_Label (recipe_id, label_id) VALUES (55, 2);

INSERT INTO Recipe_Equipment (recipe_id, equipment_id) VALUES (55, 49);

INSERT INTO Recipe_Equipment (recipe_id, equipment_id) VALUES (55, 30);

INSERT INTO Recipe_Equipment (recipe_id, equipment_id) VALUES (55, 38);

INSERT INTO Recipe_Equipment (recipe_id, equipment_id) VALUES (55, 22);

INSERT INTO Recipe_Equipment (recipe_id, equipment_id) VALUES (55, 5);

INSERT INTO Recipe_Equipment (recipe_id, equipment_id) VALUES (55, 35);

INSERT INTO Recipe_Ingredient (recipe_id, ingredient_id, portion) VALUES (55, 16, 4);

INSERT INTO Recipe_Ingredient (recipe_id, ingredient_id, portion) VALUES (55, 134, 7);

INSERT INTO Recipe_Ingredient (recipe_id, ingredient_id, portion) VALUES (55, 127, 6);

INSERT INTO Recipe_Ingredient (recipe_id, ingredient_id, portion) VALUES (55, 74, 6);

INSERT INTO Recipe_Ingredient (recipe_id, ingredient_id, portion) VALUES (55, 69, 4);

INSERT INTO Recipe_Ingredient (recipe_id, ingredient_id, portion) VALUES (55, 191, 1);

INSERT INTO Recipe_Ingredient (recipe_id, ingredient_id, portion) VALUES (55, 45, 8);

INSERT INTO Recipe_Ingredient (recipe_id, ingredient_id, portion) VALUES (55, 83, 5);

INSERT INTO Recipe_Ingredient (recipe_id, ingredient_id, portion) VALUES (55, 198, 6);

INSERT INTO Recipe_Ingredient (recipe_id, ingredient_id, portion) VALUES (55, 149, 5);

INSERT INTO Recipe_Ingredient (recipe_id, ingredient_id, portion) VALUES (55, 37, 7);

INSERT INTO Recipe_Ingredient (recipe_id, ingredient_id, portion) VALUES (55, 200, 2);

INSERT INTO Recipe_Ingredient (recipe_id, ingredient_id, portion) VALUES (55, 84, 6);

INSERT INTO Recipe_Ingredient (recipe_id, ingredient_id, portion) VALUES (55, 92, 8);

INSERT INTO Recipe_Ingredient (recipe_id, ingredient_id, portion) VALUES (55, 184, 6);

INSERT INTO Recipe_Ingredient (recipe_id, ingredient_id, portion) VALUES (55, 130, 5);

INSERT INTO Recipe_Ingredient (recipe_id, ingredient_id, portion) VALUES (55, 50, 2);

INSERT INTO Recipe_Ingredient (recipe_id, ingredient_id, portion) VALUES (55, 41, 4);

INSERT INTO Recipe_Thematic_Unit (recipe_id, thematic_unit_id) VALUES (55, 9);

INSERT INTO Recipe_Thematic_Unit (recipe_id, thematic_unit_id) VALUES (55, 13);

INSERT INTO Recipe_Thematic_Unit (recipe_id, thematic_unit_id) VALUES (55, 12);

INSERT INTO Recipe (recipe_type, name, national_cuisine_id, difficulty_level, description, tip1, cooking_time, prep_time, portions, basic_ingredient_id, image_id) VALUES ('pastry', 'Blueberry Pie', 12, 3, 'Let when almost pass Mr worry. Type least thing strategy. Factor customer of early. Form heavy perform tend.', 'better with butter instead of milk', 134, 9, 4, 26, 84);

INSERT INTO Step (recipe_id, order_number, description) VALUES (56, 1, 'Approach through staff ability option if above.');

INSERT INTO Step (recipe_id, order_number, description) VALUES (56, 2, 'Kitchen conference those feeling very chance couple state.');

INSERT INTO Step (recipe_id, order_number, description) VALUES (56, 3, 'Quickly five run down security.');

INSERT INTO Step (recipe_id, order_number, description) VALUES (56, 4, 'Republican word leave pattern claim worker.');

INSERT INTO Step (recipe_id, order_number, description) VALUES (56, 5, 'Party simple church.');

INSERT INTO Step (recipe_id, order_number, description) VALUES (56, 6, 'Discover discussion account hard trip especially sign.');

INSERT INTO Nutritional_Info (recipe_id, fat_per_portion, carbs_per_portion, protein_per_portion) VALUES (56, 265, 55, 228);

INSERT INTO Recipe_Meal_Type (recipe_id, meal_type_id) VALUES (56, 3);

INSERT INTO Recipe_Label (recipe_id, label_id) VALUES (56, 4);

INSERT INTO Recipe_Label (recipe_id, label_id) VALUES (56, 2);

INSERT INTO Recipe_Label (recipe_id, label_id) VALUES (56, 1);

INSERT INTO Recipe_Label (recipe_id, label_id) VALUES (56, 8);

INSERT INTO Recipe_Equipment (recipe_id, equipment_id) VALUES (56, 43);

INSERT INTO Recipe_Equipment (recipe_id, equipment_id) VALUES (56, 47);

INSERT INTO Recipe_Equipment (recipe_id, equipment_id) VALUES (56, 16);

INSERT INTO Recipe_Ingredient (recipe_id, ingredient_id, portion) VALUES (56, 16, 4);

INSERT INTO Recipe_Ingredient (recipe_id, ingredient_id, portion) VALUES (56, 170, 7);

INSERT INTO Recipe_Ingredient (recipe_id, ingredient_id, portion) VALUES (56, 71, 6);

INSERT INTO Recipe_Ingredient (recipe_id, ingredient_id, portion) VALUES (56, 74, 1);

INSERT INTO Recipe_Ingredient (recipe_id, ingredient_id, portion) VALUES (56, 75, 4);

INSERT INTO Recipe_Ingredient (recipe_id, ingredient_id, portion) VALUES (56, 76, 3);

INSERT INTO Recipe_Ingredient (recipe_id, ingredient_id, portion) VALUES (56, 150, 4);

INSERT INTO Recipe_Ingredient (recipe_id, ingredient_id, portion) VALUES (56, 65, 1);

INSERT INTO Recipe_Ingredient (recipe_id, ingredient_id, portion) VALUES (56, 127, 3);

INSERT INTO Recipe_Ingredient (recipe_id, ingredient_id, portion) VALUES (56, 147, 3);

INSERT INTO Recipe_Ingredient (recipe_id, ingredient_id, portion) VALUES (56, 9, 4);

INSERT INTO Recipe_Thematic_Unit (recipe_id, thematic_unit_id) VALUES (56, 8);

INSERT INTO Recipe_Thematic_Unit (recipe_id, thematic_unit_id) VALUES (56, 7);

INSERT INTO Recipe (recipe_type, name, national_cuisine_id, difficulty_level, description, tip1, tip2, cooking_time, prep_time, portions, basic_ingredient_id, image_id) VALUES ('pastry', 'Chocolate Pudding', 12, 4, 'Republican list travel audience social manage training check.', 'it needs a fridge', 'better after 2 days', 26, 1, 8, 85, 85);

INSERT INTO Step (recipe_id, order_number, description) VALUES (57, 1, 'Degree race leader section Mr place everyone.');

INSERT INTO Step (recipe_id, order_number, description) VALUES (57, 2, 'Rich employee sport kid her.');

INSERT INTO Step (recipe_id, order_number, description) VALUES (57, 3, 'Key draw generation fish professor tend spring.');

INSERT INTO Step (recipe_id, order_number, description) VALUES (57, 4, 'Middle let treat side market charge prepare.');

INSERT INTO Step (recipe_id, order_number, description) VALUES (57, 5, 'Option low performance step teach.');

INSERT INTO Step (recipe_id, order_number, description) VALUES (57, 6, 'Natural power whatever national answer own.');

INSERT INTO Nutritional_Info (recipe_id, fat_per_portion, carbs_per_portion, protein_per_portion) VALUES (57, 357, 25, 192);

INSERT INTO Recipe_Meal_Type (recipe_id, meal_type_id) VALUES (57, 2);

INSERT INTO Recipe_Meal_Type (recipe_id, meal_type_id) VALUES (57, 4);

INSERT INTO Recipe_Label (recipe_id, label_id) VALUES (57, 1);

INSERT INTO Recipe_Label (recipe_id, label_id) VALUES (57, 4);

INSERT INTO Recipe_Label (recipe_id, label_id) VALUES (57, 9);

INSERT INTO Recipe_Label (recipe_id, label_id) VALUES (57, 8);

INSERT INTO Recipe_Equipment (recipe_id, equipment_id) VALUES (57, 30);

INSERT INTO Recipe_Equipment (recipe_id, equipment_id) VALUES (57, 32);

INSERT INTO Recipe_Equipment (recipe_id, equipment_id) VALUES (57, 25);

INSERT INTO Recipe_Equipment (recipe_id, equipment_id) VALUES (57, 28);

INSERT INTO Recipe_Ingredient (recipe_id, ingredient_id, portion) VALUES (57, 161, 2);

INSERT INTO Recipe_Ingredient (recipe_id, ingredient_id, portion) VALUES (57, 147, 8);

INSERT INTO Recipe_Ingredient (recipe_id, ingredient_id, portion) VALUES (57, 44, 7);

INSERT INTO Recipe_Ingredient (recipe_id, ingredient_id, portion) VALUES (57, 121, 6);

INSERT INTO Recipe_Ingredient (recipe_id, ingredient_id, portion) VALUES (57, 153, 1);

INSERT INTO Recipe_Ingredient (recipe_id, ingredient_id, portion) VALUES (57, 162, 1);

INSERT INTO Recipe_Ingredient (recipe_id, ingredient_id, portion) VALUES (57, 137, 4);

INSERT INTO Recipe_Thematic_Unit (recipe_id, thematic_unit_id) VALUES (57, 3);

INSERT INTO Recipe (recipe_type, name, national_cuisine_id, difficulty_level, description, tip1, tip2, cooking_time, prep_time, portions, basic_ingredient_id, image_id) VALUES ('pastry', 'Browned Butter Beets', 12, 1, 'Impact relate here subject idea. Sure effect director exist table person oil.', 'you need a lot of bowls', 'better with a blender', 139, 27, 6, 20, 86);

INSERT INTO Step (recipe_id, order_number, description) VALUES (58, 1, 'Move avoid wait with upon.');

INSERT INTO Step (recipe_id, order_number, description) VALUES (58, 2, 'Law call style a.');

INSERT INTO Step (recipe_id, order_number, description) VALUES (58, 3, 'Her wait policy throw foot course.');

INSERT INTO Step (recipe_id, order_number, description) VALUES (58, 4, 'Movie hard miss walk force trade step.');

INSERT INTO Step (recipe_id, order_number, description) VALUES (58, 5, 'Environmental range front teacher investment successful.');

INSERT INTO Nutritional_Info (recipe_id, fat_per_portion, carbs_per_portion, protein_per_portion) VALUES (58, 140, 150, 42);

INSERT INTO Recipe_Meal_Type (recipe_id, meal_type_id) VALUES (58, 4);

INSERT INTO Recipe_Meal_Type (recipe_id, meal_type_id) VALUES (58, 1);

INSERT INTO Recipe_Meal_Type (recipe_id, meal_type_id) VALUES (58, 5);

INSERT INTO Recipe_Label (recipe_id, label_id) VALUES (58, 4);

INSERT INTO Recipe_Label (recipe_id, label_id) VALUES (58, 7);

INSERT INTO Recipe_Label (recipe_id, label_id) VALUES (58, 3);

INSERT INTO Recipe_Equipment (recipe_id, equipment_id) VALUES (58, 34);

INSERT INTO Recipe_Equipment (recipe_id, equipment_id) VALUES (58, 21);

INSERT INTO Recipe_Equipment (recipe_id, equipment_id) VALUES (58, 33);

INSERT INTO Recipe_Equipment (recipe_id, equipment_id) VALUES (58, 9);

INSERT INTO Recipe_Equipment (recipe_id, equipment_id) VALUES (58, 30);

INSERT INTO Recipe_Equipment (recipe_id, equipment_id) VALUES (58, 11);

INSERT INTO Recipe_Equipment (recipe_id, equipment_id) VALUES (58, 22);

INSERT INTO Recipe_Ingredient (recipe_id, ingredient_id, portion) VALUES (58, 43, 8);

INSERT INTO Recipe_Ingredient (recipe_id, ingredient_id, portion) VALUES (58, 10, 4);

INSERT INTO Recipe_Ingredient (recipe_id, ingredient_id, portion) VALUES (58, 78, 4);

INSERT INTO Recipe_Ingredient (recipe_id, ingredient_id, portion) VALUES (58, 112, 5);

INSERT INTO Recipe_Ingredient (recipe_id, ingredient_id, portion) VALUES (58, 175, 3);

INSERT INTO Recipe_Ingredient (recipe_id, ingredient_id, portion) VALUES (58, 19, 2);

INSERT INTO Recipe_Ingredient (recipe_id, ingredient_id, portion) VALUES (58, 154, 4);

INSERT INTO Recipe_Thematic_Unit (recipe_id, thematic_unit_id) VALUES (58, 8);

INSERT INTO Recipe (recipe_type, name, national_cuisine_id, difficulty_level, description, tip1, cooking_time, prep_time, portions, basic_ingredient_id, image_id) VALUES ('pastry', 'Turkey Soup with Homemade Noodles', 12, 1, 'Believe Democrat management buy hospital realize. Forget student wide beyond mouth individual pattern. Evening trial office among soldier summer travel.', 'it needs a fridge', 23, 11, 4, 13, 87);

INSERT INTO Step (recipe_id, order_number, description) VALUES (59, 1, 'Finish goal seat down have bit.');

INSERT INTO Step (recipe_id, order_number, description) VALUES (59, 2, 'Ability piece list.');

INSERT INTO Nutritional_Info (recipe_id, fat_per_portion, carbs_per_portion, protein_per_portion) VALUES (59, 113, 176, 214);

INSERT INTO Recipe_Meal_Type (recipe_id, meal_type_id) VALUES (59, 3);

INSERT INTO Recipe_Meal_Type (recipe_id, meal_type_id) VALUES (59, 2);

INSERT INTO Recipe_Label (recipe_id, label_id) VALUES (59, 3);

INSERT INTO Recipe_Label (recipe_id, label_id) VALUES (59, 5);

INSERT INTO Recipe_Label (recipe_id, label_id) VALUES (59, 9);

INSERT INTO Recipe_Label (recipe_id, label_id) VALUES (59, 8);

INSERT INTO Recipe_Equipment (recipe_id, equipment_id) VALUES (59, 15);

INSERT INTO Recipe_Equipment (recipe_id, equipment_id) VALUES (59, 48);

INSERT INTO Recipe_Equipment (recipe_id, equipment_id) VALUES (59, 10);

INSERT INTO Recipe_Equipment (recipe_id, equipment_id) VALUES (59, 11);

INSERT INTO Recipe_Equipment (recipe_id, equipment_id) VALUES (59, 45);

INSERT INTO Recipe_Equipment (recipe_id, equipment_id) VALUES (59, 49);

INSERT INTO Recipe_Equipment (recipe_id, equipment_id) VALUES (59, 18);

INSERT INTO Recipe_Equipment (recipe_id, equipment_id) VALUES (59, 29);

INSERT INTO Recipe_Ingredient (recipe_id, ingredient_id, portion) VALUES (59, 32, 2);

INSERT INTO Recipe_Ingredient (recipe_id, ingredient_id, portion) VALUES (59, 20, 6);

INSERT INTO Recipe_Ingredient (recipe_id, ingredient_id, portion) VALUES (59, 63, 3);

INSERT INTO Recipe_Ingredient (recipe_id, ingredient_id, portion) VALUES (59, 29, 8);

INSERT INTO Recipe_Ingredient (recipe_id, ingredient_id, portion) VALUES (59, 188, 2);

INSERT INTO Recipe_Ingredient (recipe_id, ingredient_id, portion) VALUES (59, 88, 8);

INSERT INTO Recipe_Ingredient (recipe_id, ingredient_id, portion) VALUES (59, 179, 2);

INSERT INTO Recipe_Ingredient (recipe_id, ingredient_id, portion) VALUES (59, 98, 3);

INSERT INTO Recipe_Ingredient (recipe_id, ingredient_id, portion) VALUES (59, 9, 4);

INSERT INTO Recipe_Ingredient (recipe_id, ingredient_id, portion) VALUES (59, 134, 1);

INSERT INTO Recipe_Ingredient (recipe_id, ingredient_id, portion) VALUES (59, 100, 8);

INSERT INTO Recipe_Ingredient (recipe_id, ingredient_id, portion) VALUES (59, 67, 1);

INSERT INTO Recipe_Ingredient (recipe_id, ingredient_id, portion) VALUES (59, 3, 1);

INSERT INTO Recipe_Ingredient (recipe_id, ingredient_id, portion) VALUES (59, 101, 4);

INSERT INTO Recipe_Thematic_Unit (recipe_id, thematic_unit_id) VALUES (59, 7);

INSERT INTO Recipe_Thematic_Unit (recipe_id, thematic_unit_id) VALUES (59, 6);

INSERT INTO Recipe_Thematic_Unit (recipe_id, thematic_unit_id) VALUES (59, 8);

INSERT INTO Recipe (recipe_type, name, national_cuisine_id, difficulty_level, description, tip1, tip2, cooking_time, prep_time, portions, basic_ingredient_id, image_id) VALUES ('pastry', 'Home fries', 13, 4, 'Free same gas dog lawyer focus view. Exactly space meeting.', 'it needs a fridge', 'better with gloves', 135, 29, 3, 127, 88);

INSERT INTO Step (recipe_id, order_number, description) VALUES (60, 1, 'Debate career usually benefit.');

INSERT INTO Step (recipe_id, order_number, description) VALUES (60, 2, 'Admit morning year administration think total.');

INSERT INTO Step (recipe_id, order_number, description) VALUES (60, 3, 'Item book bad general.');

INSERT INTO Step (recipe_id, order_number, description) VALUES (60, 4, 'Tax ever during lead pressure scene.');

INSERT INTO Step (recipe_id, order_number, description) VALUES (60, 5, 'Family story event account move lawyer.');

INSERT INTO Step (recipe_id, order_number, description) VALUES (60, 6, 'Son serve lay.');

INSERT INTO Step (recipe_id, order_number, description) VALUES (60, 7, 'So population inside add field enjoy future.');

INSERT INTO Step (recipe_id, order_number, description) VALUES (60, 8, 'Fear health place vote people many.');

INSERT INTO Nutritional_Info (recipe_id, fat_per_portion, carbs_per_portion, protein_per_portion) VALUES (60, 36, 95, 144);

INSERT INTO Recipe_Meal_Type (recipe_id, meal_type_id) VALUES (60, 2);

INSERT INTO Recipe_Meal_Type (recipe_id, meal_type_id) VALUES (60, 3);

INSERT INTO Recipe_Meal_Type (recipe_id, meal_type_id) VALUES (60, 1);

INSERT INTO Recipe_Label (recipe_id, label_id) VALUES (60, 6);

INSERT INTO Recipe_Equipment (recipe_id, equipment_id) VALUES (60, 45);

INSERT INTO Recipe_Equipment (recipe_id, equipment_id) VALUES (60, 42);

INSERT INTO Recipe_Equipment (recipe_id, equipment_id) VALUES (60, 15);

INSERT INTO Recipe_Ingredient (recipe_id, ingredient_id, portion) VALUES (60, 173, 6);

INSERT INTO Recipe_Ingredient (recipe_id, ingredient_id, portion) VALUES (60, 107, 1);

INSERT INTO Recipe_Ingredient (recipe_id, ingredient_id, portion) VALUES (60, 135, 8);

INSERT INTO Recipe_Ingredient (recipe_id, ingredient_id, portion) VALUES (60, 60, 4);

INSERT INTO Recipe_Ingredient (recipe_id, ingredient_id, portion) VALUES (60, 163, 6);

INSERT INTO Recipe_Ingredient (recipe_id, ingredient_id, portion) VALUES (60, 61, 5);

INSERT INTO Recipe_Ingredient (recipe_id, ingredient_id, portion) VALUES (60, 63, 6);

INSERT INTO Recipe_Ingredient (recipe_id, ingredient_id, portion) VALUES (60, 17, 1);

INSERT INTO Recipe_Ingredient (recipe_id, ingredient_id, portion) VALUES (60, 118, 6);

INSERT INTO Recipe_Ingredient (recipe_id, ingredient_id, portion) VALUES (60, 149, 1);

INSERT INTO Recipe_Ingredient (recipe_id, ingredient_id, portion) VALUES (60, 18, 3);

INSERT INTO Recipe_Ingredient (recipe_id, ingredient_id, portion) VALUES (60, 37, 1);

INSERT INTO Recipe_Ingredient (recipe_id, ingredient_id, portion) VALUES (60, 97, 3);

INSERT INTO Recipe_Ingredient (recipe_id, ingredient_id, portion) VALUES (60, 55, 1);

INSERT INTO Recipe_Ingredient (recipe_id, ingredient_id, portion) VALUES (60, 138, 8);

INSERT INTO Recipe_Ingredient (recipe_id, ingredient_id, portion) VALUES (60, 16, 6);

INSERT INTO Recipe_Ingredient (recipe_id, ingredient_id, portion) VALUES (60, 68, 3);

INSERT INTO Recipe_Ingredient (recipe_id, ingredient_id, portion) VALUES (60, 100, 4);

INSERT INTO Recipe_Ingredient (recipe_id, ingredient_id, portion) VALUES (60, 48, 5);

INSERT INTO Recipe_Thematic_Unit (recipe_id, thematic_unit_id) VALUES (60, 4);

INSERT INTO Recipe_Thematic_Unit (recipe_id, thematic_unit_id) VALUES (60, 14);

INSERT INTO Recipe (recipe_type, name, national_cuisine_id, difficulty_level, description, tip1, cooking_time, prep_time, portions, basic_ingredient_id, image_id) VALUES ('pastry', 'Chocolate Raspberry Torte', 13, 5, 'Than save cause book member. West receive despite far.', 'you need 2 people to make it', 92, 7, 3, 156, 89);

INSERT INTO Step (recipe_id, order_number, description) VALUES (61, 1, 'If leave play without.');

INSERT INTO Nutritional_Info (recipe_id, fat_per_portion, carbs_per_portion, protein_per_portion) VALUES (61, 70, 68, 223);

INSERT INTO Recipe_Meal_Type (recipe_id, meal_type_id) VALUES (61, 6);

INSERT INTO Recipe_Label (recipe_id, label_id) VALUES (61, 6);

INSERT INTO Recipe_Label (recipe_id, label_id) VALUES (61, 10);

INSERT INTO Recipe_Label (recipe_id, label_id) VALUES (61, 4);

INSERT INTO Recipe_Equipment (recipe_id, equipment_id) VALUES (61, 8);

INSERT INTO Recipe_Equipment (recipe_id, equipment_id) VALUES (61, 47);

INSERT INTO Recipe_Equipment (recipe_id, equipment_id) VALUES (61, 43);

INSERT INTO Recipe_Equipment (recipe_id, equipment_id) VALUES (61, 25);

INSERT INTO Recipe_Equipment (recipe_id, equipment_id) VALUES (61, 6);

INSERT INTO Recipe_Equipment (recipe_id, equipment_id) VALUES (61, 23);

INSERT INTO Recipe_Equipment (recipe_id, equipment_id) VALUES (61, 17);

INSERT INTO Recipe_Equipment (recipe_id, equipment_id) VALUES (61, 35);

INSERT INTO Recipe_Equipment (recipe_id, equipment_id) VALUES (61, 37);

INSERT INTO Recipe_Equipment (recipe_id, equipment_id) VALUES (61, 16);

INSERT INTO Recipe_Ingredient (recipe_id, ingredient_id, portion) VALUES (61, 4, 1);

INSERT INTO Recipe_Ingredient (recipe_id, ingredient_id, portion) VALUES (61, 138, 6);

INSERT INTO Recipe_Ingredient (recipe_id, ingredient_id, portion) VALUES (61, 84, 3);

INSERT INTO Recipe_Ingredient (recipe_id, ingredient_id, portion) VALUES (61, 22, 5);

INSERT INTO Recipe_Ingredient (recipe_id, ingredient_id, portion) VALUES (61, 175, 1);

INSERT INTO Recipe_Ingredient (recipe_id, ingredient_id, portion) VALUES (61, 6, 3);

INSERT INTO Recipe_Ingredient (recipe_id, ingredient_id, portion) VALUES (61, 169, 2);

INSERT INTO Recipe_Ingredient (recipe_id, ingredient_id, portion) VALUES (61, 167, 7);

INSERT INTO Recipe_Ingredient (recipe_id, ingredient_id, portion) VALUES (61, 152, 2);

INSERT INTO Recipe_Ingredient (recipe_id, ingredient_id, portion) VALUES (61, 87, 5);

INSERT INTO Recipe_Ingredient (recipe_id, ingredient_id, portion) VALUES (61, 160, 6);

INSERT INTO Recipe_Ingredient (recipe_id, ingredient_id, portion) VALUES (61, 114, 2);

INSERT INTO Recipe_Ingredient (recipe_id, ingredient_id, portion) VALUES (61, 51, 8);

INSERT INTO Recipe_Ingredient (recipe_id, ingredient_id, portion) VALUES (61, 164, 5);

INSERT INTO Recipe_Ingredient (recipe_id, ingredient_id, portion) VALUES (61, 82, 5);

INSERT INTO Recipe_Thematic_Unit (recipe_id, thematic_unit_id) VALUES (61, 13);

INSERT INTO Recipe (recipe_type, name, national_cuisine_id, difficulty_level, description, tip1, tip2, cooking_time, prep_time, portions, basic_ingredient_id, image_id) VALUES ('cooking', 'Golden Latte', 13, 3, 'Edge want within decision wrong. Huge moment total collection employee life mind.', 'better with gloves', 'better after 2 days', 31, 39, 2, 89, 90);

INSERT INTO Step (recipe_id, order_number, description) VALUES (62, 1, 'Window task hold have read opportunity couple.');

INSERT INTO Step (recipe_id, order_number, description) VALUES (62, 2, 'Cell hair whom her employee respond here.');

INSERT INTO Step (recipe_id, order_number, description) VALUES (62, 3, 'Make fund require participant.');

INSERT INTO Step (recipe_id, order_number, description) VALUES (62, 4, 'Up environment kind generation.');

INSERT INTO Step (recipe_id, order_number, description) VALUES (62, 5, 'Charge she tough through after simple sure.');

INSERT INTO Step (recipe_id, order_number, description) VALUES (62, 6, 'Child make military perform usually effort available.');

INSERT INTO Step (recipe_id, order_number, description) VALUES (62, 7, 'Into five around year.');

INSERT INTO Nutritional_Info (recipe_id, fat_per_portion, carbs_per_portion, protein_per_portion) VALUES (62, 120, 89, 211);

INSERT INTO Recipe_Meal_Type (recipe_id, meal_type_id) VALUES (62, 4);

INSERT INTO Recipe_Meal_Type (recipe_id, meal_type_id) VALUES (62, 3);

INSERT INTO Recipe_Meal_Type (recipe_id, meal_type_id) VALUES (62, 5);

INSERT INTO Recipe_Label (recipe_id, label_id) VALUES (62, 2);

INSERT INTO Recipe_Label (recipe_id, label_id) VALUES (62, 10);

INSERT INTO Recipe_Equipment (recipe_id, equipment_id) VALUES (62, 31);

INSERT INTO Recipe_Equipment (recipe_id, equipment_id) VALUES (62, 28);

INSERT INTO Recipe_Equipment (recipe_id, equipment_id) VALUES (62, 5);

INSERT INTO Recipe_Equipment (recipe_id, equipment_id) VALUES (62, 40);

INSERT INTO Recipe_Equipment (recipe_id, equipment_id) VALUES (62, 23);

INSERT INTO Recipe_Equipment (recipe_id, equipment_id) VALUES (62, 12);

INSERT INTO Recipe_Equipment (recipe_id, equipment_id) VALUES (62, 9);

INSERT INTO Recipe_Equipment (recipe_id, equipment_id) VALUES (62, 6);

INSERT INTO Recipe_Ingredient (recipe_id, ingredient_id, portion) VALUES (62, 28, 3);

INSERT INTO Recipe_Ingredient (recipe_id, ingredient_id, portion) VALUES (62, 96, 6);

INSERT INTO Recipe_Ingredient (recipe_id, ingredient_id, portion) VALUES (62, 49, 1);

INSERT INTO Recipe_Ingredient (recipe_id, ingredient_id, portion) VALUES (62, 152, 5);

INSERT INTO Recipe_Ingredient (recipe_id, ingredient_id, portion) VALUES (62, 79, 7);

INSERT INTO Recipe_Ingredient (recipe_id, ingredient_id, portion) VALUES (62, 168, 7);

INSERT INTO Recipe_Ingredient (recipe_id, ingredient_id, portion) VALUES (62, 193, 1);

INSERT INTO Recipe_Ingredient (recipe_id, ingredient_id, portion) VALUES (62, 48, 2);

INSERT INTO Recipe_Ingredient (recipe_id, ingredient_id, portion) VALUES (62, 184, 6);

INSERT INTO Recipe_Ingredient (recipe_id, ingredient_id, portion) VALUES (62, 153, 8);

INSERT INTO Recipe_Ingredient (recipe_id, ingredient_id, portion) VALUES (62, 91, 6);

INSERT INTO Recipe_Ingredient (recipe_id, ingredient_id, portion) VALUES (62, 131, 8);

INSERT INTO Recipe_Thematic_Unit (recipe_id, thematic_unit_id) VALUES (62, 13);

INSERT INTO Recipe (recipe_type, name, national_cuisine_id, difficulty_level, description, tip1, tip2, tip3, cooking_time, prep_time, portions, basic_ingredient_id, image_id) VALUES ('pastry', 'Fig Shake', 13, 5, 'Half middle water ask identify. Service stay run skin mouth either PM. Republican avoid it quickly lot.', 'better after 2 days', 'you can use leftovers', 'you can store iy outside the fridge', 84, 40, 3, 129, 91);

INSERT INTO Step (recipe_id, order_number, description) VALUES (63, 1, 'Forward eight their west open send.');

INSERT INTO Step (recipe_id, order_number, description) VALUES (63, 2, 'Policy road recent turn value guy.');

INSERT INTO Nutritional_Info (recipe_id, fat_per_portion, carbs_per_portion, protein_per_portion) VALUES (63, 361, 16, 88);

INSERT INTO Recipe_Meal_Type (recipe_id, meal_type_id) VALUES (63, 5);

INSERT INTO Recipe_Meal_Type (recipe_id, meal_type_id) VALUES (63, 4);

INSERT INTO Recipe_Meal_Type (recipe_id, meal_type_id) VALUES (63, 3);

INSERT INTO Recipe_Label (recipe_id, label_id) VALUES (63, 2);

INSERT INTO Recipe_Label (recipe_id, label_id) VALUES (63, 5);

INSERT INTO Recipe_Label (recipe_id, label_id) VALUES (63, 7);

INSERT INTO Recipe_Label (recipe_id, label_id) VALUES (63, 3);

INSERT INTO Recipe_Equipment (recipe_id, equipment_id) VALUES (63, 40);

INSERT INTO Recipe_Equipment (recipe_id, equipment_id) VALUES (63, 49);

INSERT INTO Recipe_Equipment (recipe_id, equipment_id) VALUES (63, 36);

INSERT INTO Recipe_Equipment (recipe_id, equipment_id) VALUES (63, 44);

INSERT INTO Recipe_Ingredient (recipe_id, ingredient_id, portion) VALUES (63, 175, 7);

INSERT INTO Recipe_Ingredient (recipe_id, ingredient_id, portion) VALUES (63, 102, 4);

INSERT INTO Recipe_Ingredient (recipe_id, ingredient_id, portion) VALUES (63, 94, 1);

INSERT INTO Recipe_Ingredient (recipe_id, ingredient_id, portion) VALUES (63, 95, 1);

INSERT INTO Recipe_Ingredient (recipe_id, ingredient_id, portion) VALUES (63, 90, 7);

INSERT INTO Recipe_Ingredient (recipe_id, ingredient_id, portion) VALUES (63, 18, 1);

INSERT INTO Recipe_Ingredient (recipe_id, ingredient_id, portion) VALUES (63, 2, 3);

INSERT INTO Recipe_Ingredient (recipe_id, ingredient_id, portion) VALUES (63, 80, 6);

INSERT INTO Recipe_Ingredient (recipe_id, ingredient_id, portion) VALUES (63, 147, 2);

INSERT INTO Recipe_Ingredient (recipe_id, ingredient_id, portion) VALUES (63, 8, 5);

INSERT INTO Recipe_Ingredient (recipe_id, ingredient_id, portion) VALUES (63, 137, 2);

INSERT INTO Recipe_Ingredient (recipe_id, ingredient_id, portion) VALUES (63, 134, 6);

INSERT INTO Recipe_Ingredient (recipe_id, ingredient_id, portion) VALUES (63, 98, 2);

INSERT INTO Recipe_Ingredient (recipe_id, ingredient_id, portion) VALUES (63, 103, 7);

INSERT INTO Recipe_Ingredient (recipe_id, ingredient_id, portion) VALUES (63, 149, 2);

INSERT INTO Recipe_Ingredient (recipe_id, ingredient_id, portion) VALUES (63, 14, 1);

INSERT INTO Recipe_Thematic_Unit (recipe_id, thematic_unit_id) VALUES (63, 13);

INSERT INTO Recipe_Thematic_Unit (recipe_id, thematic_unit_id) VALUES (63, 4);

INSERT INTO Recipe_Thematic_Unit (recipe_id, thematic_unit_id) VALUES (63, 1);

INSERT INTO Recipe (recipe_type, name, national_cuisine_id, difficulty_level, description, tip1, cooking_time, prep_time, portions, basic_ingredient_id, image_id) VALUES ('cooking', 'Lentil Soup', 13, 5, 'Performance arrive pay old. Buy result image far movement my kind simple. Move dinner enjoy some professor mind.', 'good with honey', 76, 28, 4, 18, 92);

INSERT INTO Step (recipe_id, order_number, description) VALUES (64, 1, 'Situation personal lot.');

INSERT INTO Step (recipe_id, order_number, description) VALUES (64, 2, 'Son stay service ahead black usually truth wonder.');

INSERT INTO Step (recipe_id, order_number, description) VALUES (64, 3, 'Specific walk security eight wife.');

INSERT INTO Nutritional_Info (recipe_id, fat_per_portion, carbs_per_portion, protein_per_portion) VALUES (64, 213, 95, 196);

INSERT INTO Recipe_Meal_Type (recipe_id, meal_type_id) VALUES (64, 4);

INSERT INTO Recipe_Label (recipe_id, label_id) VALUES (64, 6);

INSERT INTO Recipe_Label (recipe_id, label_id) VALUES (64, 3);

INSERT INTO Recipe_Equipment (recipe_id, equipment_id) VALUES (64, 41);

INSERT INTO Recipe_Ingredient (recipe_id, ingredient_id, portion) VALUES (64, 131, 2);

INSERT INTO Recipe_Ingredient (recipe_id, ingredient_id, portion) VALUES (64, 159, 1);

INSERT INTO Recipe_Ingredient (recipe_id, ingredient_id, portion) VALUES (64, 152, 7);

INSERT INTO Recipe_Ingredient (recipe_id, ingredient_id, portion) VALUES (64, 166, 3);

INSERT INTO Recipe_Ingredient (recipe_id, ingredient_id, portion) VALUES (64, 36, 7);

INSERT INTO Recipe_Thematic_Unit (recipe_id, thematic_unit_id) VALUES (64, 14);

INSERT INTO Recipe_Thematic_Unit (recipe_id, thematic_unit_id) VALUES (64, 11);

INSERT INTO Recipe_Thematic_Unit (recipe_id, thematic_unit_id) VALUES (64, 6);

INSERT INTO Recipe (recipe_type, name, national_cuisine_id, difficulty_level, description, tip1, cooking_time, prep_time, portions, basic_ingredient_id, image_id) VALUES ('pastry', 'Buckwheat Tabboulah', 14, 2, 'Might build analysis interesting at. I analysis every attention check alone.', 'in the fridge for 3 days', 110, 41, 5, 187, 93);

INSERT INTO Step (recipe_id, order_number, description) VALUES (65, 1, 'Market hot much similar artist person long.');

INSERT INTO Step (recipe_id, order_number, description) VALUES (65, 2, 'Very huge great total.');

INSERT INTO Step (recipe_id, order_number, description) VALUES (65, 3, 'Possible represent race draw last message.');

INSERT INTO Step (recipe_id, order_number, description) VALUES (65, 4, 'Air federal job staff medical city.');

INSERT INTO Step (recipe_id, order_number, description) VALUES (65, 5, 'Class quality anyone want.');

INSERT INTO Nutritional_Info (recipe_id, fat_per_portion, carbs_per_portion, protein_per_portion) VALUES (65, 31, 156, 30);

INSERT INTO Recipe_Meal_Type (recipe_id, meal_type_id) VALUES (65, 2);

INSERT INTO Recipe_Meal_Type (recipe_id, meal_type_id) VALUES (65, 6);

INSERT INTO Recipe_Meal_Type (recipe_id, meal_type_id) VALUES (65, 5);

INSERT INTO Recipe_Label (recipe_id, label_id) VALUES (65, 9);

INSERT INTO Recipe_Label (recipe_id, label_id) VALUES (65, 7);

INSERT INTO Recipe_Label (recipe_id, label_id) VALUES (65, 8);

INSERT INTO Recipe_Label (recipe_id, label_id) VALUES (65, 5);

INSERT INTO Recipe_Equipment (recipe_id, equipment_id) VALUES (65, 40);

INSERT INTO Recipe_Equipment (recipe_id, equipment_id) VALUES (65, 29);

INSERT INTO Recipe_Ingredient (recipe_id, ingredient_id, portion) VALUES (65, 76, 7);

INSERT INTO Recipe_Ingredient (recipe_id, ingredient_id, portion) VALUES (65, 181, 3);

INSERT INTO Recipe_Ingredient (recipe_id, ingredient_id, portion) VALUES (65, 176, 7);

INSERT INTO Recipe_Ingredient (recipe_id, ingredient_id, portion) VALUES (65, 175, 6);

INSERT INTO Recipe_Ingredient (recipe_id, ingredient_id, portion) VALUES (65, 44, 6);

INSERT INTO Recipe_Thematic_Unit (recipe_id, thematic_unit_id) VALUES (65, 15);

INSERT INTO Recipe (recipe_type, name, national_cuisine_id, difficulty_level, description, tip1, tip2, cooking_time, prep_time, portions, basic_ingredient_id, image_id) VALUES ('cooking', 'Lentil Rice Bowls with Egg', 14, 4, 'Decade will hold baby. Away follow individual assume experience. Describe report girl onto game.', 'you need an oven', 'you need an oven', 20, 29, 6, 47, 94);

INSERT INTO Step (recipe_id, order_number, description) VALUES (66, 1, 'Anyone to early involve history.');

INSERT INTO Step (recipe_id, order_number, description) VALUES (66, 2, 'Collection choice peace father performance.');

INSERT INTO Nutritional_Info (recipe_id, fat_per_portion, carbs_per_portion, protein_per_portion) VALUES (66, 196, 86, 164);

INSERT INTO Recipe_Meal_Type (recipe_id, meal_type_id) VALUES (66, 4);

INSERT INTO Recipe_Label (recipe_id, label_id) VALUES (66, 5);

INSERT INTO Recipe_Label (recipe_id, label_id) VALUES (66, 7);

INSERT INTO Recipe_Label (recipe_id, label_id) VALUES (66, 9);

INSERT INTO Recipe_Equipment (recipe_id, equipment_id) VALUES (66, 30);

INSERT INTO Recipe_Ingredient (recipe_id, ingredient_id, portion) VALUES (66, 150, 4);

INSERT INTO Recipe_Ingredient (recipe_id, ingredient_id, portion) VALUES (66, 91, 2);

INSERT INTO Recipe_Ingredient (recipe_id, ingredient_id, portion) VALUES (66, 103, 6);

INSERT INTO Recipe_Ingredient (recipe_id, ingredient_id, portion) VALUES (66, 181, 1);

INSERT INTO Recipe_Ingredient (recipe_id, ingredient_id, portion) VALUES (66, 20, 4);

INSERT INTO Recipe_Ingredient (recipe_id, ingredient_id, portion) VALUES (66, 75, 5);

INSERT INTO Recipe_Ingredient (recipe_id, ingredient_id, portion) VALUES (66, 89, 5);

INSERT INTO Recipe_Ingredient (recipe_id, ingredient_id, portion) VALUES (66, 173, 1);

INSERT INTO Recipe_Ingredient (recipe_id, ingredient_id, portion) VALUES (66, 141, 2);

INSERT INTO Recipe_Ingredient (recipe_id, ingredient_id, portion) VALUES (66, 84, 1);

INSERT INTO Recipe_Thematic_Unit (recipe_id, thematic_unit_id) VALUES (66, 13);

INSERT INTO Recipe_Thematic_Unit (recipe_id, thematic_unit_id) VALUES (66, 2);

INSERT INTO Recipe (recipe_type, name, national_cuisine_id, difficulty_level, description, tip1, cooking_time, prep_time, portions, basic_ingredient_id, image_id) VALUES ('cooking', 'Italian Vegetable Lentil Soup', 14, 3, 'Sit radio audience measure. Dream apply there population cut. Simply peace event left few.', 'you need a lot of bowls', 131, 27, 7, 178, 95);

INSERT INTO Step (recipe_id, order_number, description) VALUES (67, 1, 'Hot film dog happen gas summer.');

INSERT INTO Step (recipe_id, order_number, description) VALUES (67, 2, 'Treat stop try worker music big adult account.');

INSERT INTO Step (recipe_id, order_number, description) VALUES (67, 3, 'Price should religious everybody speak.');

INSERT INTO Step (recipe_id, order_number, description) VALUES (67, 4, 'Across explain student matter per because.');

INSERT INTO Step (recipe_id, order_number, description) VALUES (67, 5, 'Down if late agent.');

INSERT INTO Step (recipe_id, order_number, description) VALUES (67, 6, 'Image hit enough those sort law pass every.');

INSERT INTO Nutritional_Info (recipe_id, fat_per_portion, carbs_per_portion, protein_per_portion) VALUES (67, 131, 192, 242);

INSERT INTO Recipe_Meal_Type (recipe_id, meal_type_id) VALUES (67, 1);

INSERT INTO Recipe_Meal_Type (recipe_id, meal_type_id) VALUES (67, 2);

INSERT INTO Recipe_Label (recipe_id, label_id) VALUES (67, 4);

INSERT INTO Recipe_Label (recipe_id, label_id) VALUES (67, 7);

INSERT INTO Recipe_Label (recipe_id, label_id) VALUES (67, 5);

INSERT INTO Recipe_Equipment (recipe_id, equipment_id) VALUES (67, 40);

INSERT INTO Recipe_Equipment (recipe_id, equipment_id) VALUES (67, 5);

INSERT INTO Recipe_Equipment (recipe_id, equipment_id) VALUES (67, 1);

INSERT INTO Recipe_Equipment (recipe_id, equipment_id) VALUES (67, 50);

INSERT INTO Recipe_Ingredient (recipe_id, ingredient_id, portion) VALUES (67, 3, 3);

INSERT INTO Recipe_Ingredient (recipe_id, ingredient_id, portion) VALUES (67, 110, 4);

INSERT INTO Recipe_Ingredient (recipe_id, ingredient_id, portion) VALUES (67, 134, 6);

INSERT INTO Recipe_Ingredient (recipe_id, ingredient_id, portion) VALUES (67, 178, 6);

INSERT INTO Recipe_Ingredient (recipe_id, ingredient_id, portion) VALUES (67, 174, 2);

INSERT INTO Recipe_Ingredient (recipe_id, ingredient_id, portion) VALUES (67, 16, 8);

INSERT INTO Recipe_Ingredient (recipe_id, ingredient_id, portion) VALUES (67, 145, 1);

INSERT INTO Recipe_Ingredient (recipe_id, ingredient_id, portion) VALUES (67, 185, 8);

INSERT INTO Recipe_Ingredient (recipe_id, ingredient_id, portion) VALUES (67, 172, 1);

INSERT INTO Recipe_Ingredient (recipe_id, ingredient_id, portion) VALUES (67, 66, 3);

INSERT INTO Recipe_Ingredient (recipe_id, ingredient_id, portion) VALUES (67, 173, 5);

INSERT INTO Recipe_Ingredient (recipe_id, ingredient_id, portion) VALUES (67, 159, 7);

INSERT INTO Recipe_Ingredient (recipe_id, ingredient_id, portion) VALUES (67, 79, 8);

INSERT INTO Recipe_Ingredient (recipe_id, ingredient_id, portion) VALUES (67, 106, 5);

INSERT INTO Recipe_Ingredient (recipe_id, ingredient_id, portion) VALUES (67, 28, 7);

INSERT INTO Recipe_Thematic_Unit (recipe_id, thematic_unit_id) VALUES (67, 9);

INSERT INTO Recipe (recipe_type, name, national_cuisine_id, difficulty_level, description, tip1, tip2, tip3, cooking_time, prep_time, portions, basic_ingredient_id, image_id) VALUES ('cooking', 'One Pot Chicken & Potatoes', 14, 3, 'Model PM rate suffer. Exactly political perform whose. Which hotel image fight indeed suddenly event.', 'in the fridge for 3 days', 'you need salt', 'you can store iy outside the fridge', 91, 42, 6, 173, 96);

INSERT INTO Step (recipe_id, order_number, description) VALUES (68, 1, 'Involve serious black environment buy executive turn.');

INSERT INTO Step (recipe_id, order_number, description) VALUES (68, 2, 'Top miss card want just pay.');

INSERT INTO Nutritional_Info (recipe_id, fat_per_portion, carbs_per_portion, protein_per_portion) VALUES (68, 163, 186, 130);

INSERT INTO Recipe_Meal_Type (recipe_id, meal_type_id) VALUES (68, 3);

INSERT INTO Recipe_Label (recipe_id, label_id) VALUES (68, 2);

INSERT INTO Recipe_Label (recipe_id, label_id) VALUES (68, 3);

INSERT INTO Recipe_Equipment (recipe_id, equipment_id) VALUES (68, 25);

INSERT INTO Recipe_Equipment (recipe_id, equipment_id) VALUES (68, 31);

INSERT INTO Recipe_Equipment (recipe_id, equipment_id) VALUES (68, 50);

INSERT INTO Recipe_Equipment (recipe_id, equipment_id) VALUES (68, 26);

INSERT INTO Recipe_Equipment (recipe_id, equipment_id) VALUES (68, 21);

INSERT INTO Recipe_Equipment (recipe_id, equipment_id) VALUES (68, 49);

INSERT INTO Recipe_Equipment (recipe_id, equipment_id) VALUES (68, 41);

INSERT INTO Recipe_Equipment (recipe_id, equipment_id) VALUES (68, 30);

INSERT INTO Recipe_Equipment (recipe_id, equipment_id) VALUES (68, 24);

INSERT INTO Recipe_Ingredient (recipe_id, ingredient_id, portion) VALUES (68, 29, 3);

INSERT INTO Recipe_Ingredient (recipe_id, ingredient_id, portion) VALUES (68, 13, 7);

INSERT INTO Recipe_Ingredient (recipe_id, ingredient_id, portion) VALUES (68, 172, 1);

INSERT INTO Recipe_Ingredient (recipe_id, ingredient_id, portion) VALUES (68, 77, 7);

INSERT INTO Recipe_Ingredient (recipe_id, ingredient_id, portion) VALUES (68, 200, 1);

INSERT INTO Recipe_Ingredient (recipe_id, ingredient_id, portion) VALUES (68, 42, 1);

INSERT INTO Recipe_Ingredient (recipe_id, ingredient_id, portion) VALUES (68, 68, 2);

INSERT INTO Recipe_Ingredient (recipe_id, ingredient_id, portion) VALUES (68, 158, 6);

INSERT INTO Recipe_Ingredient (recipe_id, ingredient_id, portion) VALUES (68, 93, 7);

INSERT INTO Recipe_Ingredient (recipe_id, ingredient_id, portion) VALUES (68, 33, 6);

INSERT INTO Recipe_Ingredient (recipe_id, ingredient_id, portion) VALUES (68, 174, 7);

INSERT INTO Recipe_Ingredient (recipe_id, ingredient_id, portion) VALUES (68, 82, 6);

INSERT INTO Recipe_Ingredient (recipe_id, ingredient_id, portion) VALUES (68, 64, 1);

INSERT INTO Recipe_Ingredient (recipe_id, ingredient_id, portion) VALUES (68, 163, 2);

INSERT INTO Recipe_Ingredient (recipe_id, ingredient_id, portion) VALUES (68, 43, 1);

INSERT INTO Recipe_Ingredient (recipe_id, ingredient_id, portion) VALUES (68, 177, 3);

INSERT INTO Recipe_Ingredient (recipe_id, ingredient_id, portion) VALUES (68, 146, 7);

INSERT INTO Recipe_Thematic_Unit (recipe_id, thematic_unit_id) VALUES (68, 4);

INSERT INTO Recipe_Thematic_Unit (recipe_id, thematic_unit_id) VALUES (68, 14);

INSERT INTO Recipe (recipe_type, name, national_cuisine_id, difficulty_level, description, tip1, tip2, cooking_time, prep_time, portions, basic_ingredient_id, image_id) VALUES ('cooking', 'Sweet Korean Lentils', 14, 3, 'Strategy magazine focus heavy couple. Relationship kind green detail good mission part.', 'you need a lot of bowls', 'you need a lot of time', 35, 29, 2, 86, 97);

INSERT INTO Step (recipe_id, order_number, description) VALUES (69, 1, 'World perhaps court partner.');

INSERT INTO Step (recipe_id, order_number, description) VALUES (69, 2, 'Defense available candidate five forward toward.');

INSERT INTO Step (recipe_id, order_number, description) VALUES (69, 3, 'Perform morning majority development.');

INSERT INTO Step (recipe_id, order_number, description) VALUES (69, 4, 'Either management type executive like bit hair.');

INSERT INTO Step (recipe_id, order_number, description) VALUES (69, 5, 'Machine box detail.');

INSERT INTO Step (recipe_id, order_number, description) VALUES (69, 6, 'Community street particular.');

INSERT INTO Nutritional_Info (recipe_id, fat_per_portion, carbs_per_portion, protein_per_portion) VALUES (69, 107, 65, 82);

INSERT INTO Recipe_Meal_Type (recipe_id, meal_type_id) VALUES (69, 4);

INSERT INTO Recipe_Meal_Type (recipe_id, meal_type_id) VALUES (69, 3);

INSERT INTO Recipe_Meal_Type (recipe_id, meal_type_id) VALUES (69, 1);

INSERT INTO Recipe_Label (recipe_id, label_id) VALUES (69, 6);

INSERT INTO Recipe_Label (recipe_id, label_id) VALUES (69, 5);

INSERT INTO Recipe_Equipment (recipe_id, equipment_id) VALUES (69, 9);

INSERT INTO Recipe_Ingredient (recipe_id, ingredient_id, portion) VALUES (69, 190, 8);

INSERT INTO Recipe_Ingredient (recipe_id, ingredient_id, portion) VALUES (69, 161, 2);

INSERT INTO Recipe_Ingredient (recipe_id, ingredient_id, portion) VALUES (69, 38, 4);

INSERT INTO Recipe_Ingredient (recipe_id, ingredient_id, portion) VALUES (69, 101, 5);

INSERT INTO Recipe_Ingredient (recipe_id, ingredient_id, portion) VALUES (69, 124, 8);

INSERT INTO Recipe_Ingredient (recipe_id, ingredient_id, portion) VALUES (69, 151, 7);

INSERT INTO Recipe_Ingredient (recipe_id, ingredient_id, portion) VALUES (69, 88, 6);

INSERT INTO Recipe_Ingredient (recipe_id, ingredient_id, portion) VALUES (69, 145, 2);

INSERT INTO Recipe_Ingredient (recipe_id, ingredient_id, portion) VALUES (69, 119, 6);

INSERT INTO Recipe_Ingredient (recipe_id, ingredient_id, portion) VALUES (69, 68, 1);

INSERT INTO Recipe_Ingredient (recipe_id, ingredient_id, portion) VALUES (69, 62, 1);

INSERT INTO Recipe_Ingredient (recipe_id, ingredient_id, portion) VALUES (69, 182, 4);

INSERT INTO Recipe_Ingredient (recipe_id, ingredient_id, portion) VALUES (69, 175, 6);

INSERT INTO Recipe_Ingredient (recipe_id, ingredient_id, portion) VALUES (69, 111, 7);

INSERT INTO Recipe_Ingredient (recipe_id, ingredient_id, portion) VALUES (69, 149, 2);

INSERT INTO Recipe_Ingredient (recipe_id, ingredient_id, portion) VALUES (69, 52, 7);

INSERT INTO Recipe_Ingredient (recipe_id, ingredient_id, portion) VALUES (69, 22, 1);

INSERT INTO Recipe_Ingredient (recipe_id, ingredient_id, portion) VALUES (69, 174, 7);

INSERT INTO Recipe_Thematic_Unit (recipe_id, thematic_unit_id) VALUES (69, 13);

INSERT INTO Recipe_Thematic_Unit (recipe_id, thematic_unit_id) VALUES (69, 12);

INSERT INTO Recipe (recipe_type, name, national_cuisine_id, difficulty_level, description, tip1, tip2, tip3, cooking_time, prep_time, portions, basic_ingredient_id, image_id) VALUES ('pastry', 'Buckwheat Beetroot Salad', 15, 2, 'Describe return democratic it last. Finish any impact deal kid kind.', 'you need 2 people to make it', 'you need an oven', 'in the fridge for 3 days', 47, 42, 8, 199, 98);

INSERT INTO Step (recipe_id, order_number, description) VALUES (70, 1, 'Various war nothing range catch of money recognize.');

INSERT INTO Step (recipe_id, order_number, description) VALUES (70, 2, 'Line standard get body at sing.');

INSERT INTO Step (recipe_id, order_number, description) VALUES (70, 3, 'Good side low center arrive adult.');

INSERT INTO Step (recipe_id, order_number, description) VALUES (70, 4, 'Professional for color spend.');

INSERT INTO Step (recipe_id, order_number, description) VALUES (70, 5, 'Population game she point life place employee.');

INSERT INTO Step (recipe_id, order_number, description) VALUES (70, 6, 'Work sense thank almost town west doctor.');

INSERT INTO Nutritional_Info (recipe_id, fat_per_portion, carbs_per_portion, protein_per_portion) VALUES (70, 227, 34, 55);

INSERT INTO Recipe_Meal_Type (recipe_id, meal_type_id) VALUES (70, 6);

INSERT INTO Recipe_Meal_Type (recipe_id, meal_type_id) VALUES (70, 1);

INSERT INTO Recipe_Meal_Type (recipe_id, meal_type_id) VALUES (70, 4);

INSERT INTO Recipe_Label (recipe_id, label_id) VALUES (70, 1);

INSERT INTO Recipe_Equipment (recipe_id, equipment_id) VALUES (70, 34);

INSERT INTO Recipe_Equipment (recipe_id, equipment_id) VALUES (70, 39);

INSERT INTO Recipe_Equipment (recipe_id, equipment_id) VALUES (70, 20);

INSERT INTO Recipe_Equipment (recipe_id, equipment_id) VALUES (70, 10);

INSERT INTO Recipe_Equipment (recipe_id, equipment_id) VALUES (70, 26);

INSERT INTO Recipe_Equipment (recipe_id, equipment_id) VALUES (70, 16);

INSERT INTO Recipe_Equipment (recipe_id, equipment_id) VALUES (70, 37);

INSERT INTO Recipe_Equipment (recipe_id, equipment_id) VALUES (70, 3);

INSERT INTO Recipe_Equipment (recipe_id, equipment_id) VALUES (70, 4);

INSERT INTO Recipe_Ingredient (recipe_id, ingredient_id, portion) VALUES (70, 91, 7);

INSERT INTO Recipe_Ingredient (recipe_id, ingredient_id, portion) VALUES (70, 32, 5);

INSERT INTO Recipe_Ingredient (recipe_id, ingredient_id, portion) VALUES (70, 16, 2);

INSERT INTO Recipe_Ingredient (recipe_id, ingredient_id, portion) VALUES (70, 164, 1);

INSERT INTO Recipe_Ingredient (recipe_id, ingredient_id, portion) VALUES (70, 126, 1);

INSERT INTO Recipe_Ingredient (recipe_id, ingredient_id, portion) VALUES (70, 14, 5);

INSERT INTO Recipe_Ingredient (recipe_id, ingredient_id, portion) VALUES (70, 22, 6);

INSERT INTO Recipe_Ingredient (recipe_id, ingredient_id, portion) VALUES (70, 123, 4);

INSERT INTO Recipe_Thematic_Unit (recipe_id, thematic_unit_id) VALUES (70, 1);

INSERT INTO Recipe_Thematic_Unit (recipe_id, thematic_unit_id) VALUES (70, 6);

INSERT INTO Recipe_Thematic_Unit (recipe_id, thematic_unit_id) VALUES (70, 3);

INSERT INTO Recipe (recipe_type, name, national_cuisine_id, difficulty_level, description, tip1, cooking_time, prep_time, portions, basic_ingredient_id, image_id) VALUES ('pastry', 'New Potato Lentil Salad', 15, 2, 'Enjoy close who figure face nation respond.', 'you need an oven', 36, 41, 3, 82, 99);

INSERT INTO Step (recipe_id, order_number, description) VALUES (71, 1, 'Kid upon camera again shake here sure dinner.');

INSERT INTO Step (recipe_id, order_number, description) VALUES (71, 2, 'Away agreement both good.');

INSERT INTO Step (recipe_id, order_number, description) VALUES (71, 3, 'Chance member natural thing environmental.');

INSERT INTO Step (recipe_id, order_number, description) VALUES (71, 4, 'Third today onto apply wait.');

INSERT INTO Nutritional_Info (recipe_id, fat_per_portion, carbs_per_portion, protein_per_portion) VALUES (71, 363, 98, 24);

INSERT INTO Recipe_Meal_Type (recipe_id, meal_type_id) VALUES (71, 3);

INSERT INTO Recipe_Meal_Type (recipe_id, meal_type_id) VALUES (71, 5);

INSERT INTO Recipe_Meal_Type (recipe_id, meal_type_id) VALUES (71, 6);

INSERT INTO Recipe_Label (recipe_id, label_id) VALUES (71, 10);

INSERT INTO Recipe_Equipment (recipe_id, equipment_id) VALUES (71, 25);

INSERT INTO Recipe_Equipment (recipe_id, equipment_id) VALUES (71, 46);

INSERT INTO Recipe_Ingredient (recipe_id, ingredient_id, portion) VALUES (71, 72, 4);

INSERT INTO Recipe_Ingredient (recipe_id, ingredient_id, portion) VALUES (71, 99, 4);

INSERT INTO Recipe_Ingredient (recipe_id, ingredient_id, portion) VALUES (71, 109, 7);

INSERT INTO Recipe_Thematic_Unit (recipe_id, thematic_unit_id) VALUES (71, 14);

INSERT INTO Recipe_Thematic_Unit (recipe_id, thematic_unit_id) VALUES (71, 11);

INSERT INTO Recipe (recipe_type, name, national_cuisine_id, difficulty_level, description, tip1, cooking_time, prep_time, portions, basic_ingredient_id, image_id) VALUES ('pastry', 'Ham & Potato Soup', 15, 1, 'Program leader everything its response.', 'you need small cups', 83, 16, 7, 37, 100);

INSERT INTO Step (recipe_id, order_number, description) VALUES (72, 1, 'Physical project goal large as morning plant.');

INSERT INTO Step (recipe_id, order_number, description) VALUES (72, 2, 'Do four affect middle land keep himself add.');

INSERT INTO Step (recipe_id, order_number, description) VALUES (72, 3, 'Address foreign area interest can open allow.');

INSERT INTO Nutritional_Info (recipe_id, fat_per_portion, carbs_per_portion, protein_per_portion) VALUES (72, 303, 101, 212);

INSERT INTO Recipe_Meal_Type (recipe_id, meal_type_id) VALUES (72, 6);

INSERT INTO Recipe_Label (recipe_id, label_id) VALUES (72, 7);

INSERT INTO Recipe_Label (recipe_id, label_id) VALUES (72, 8);

INSERT INTO Recipe_Equipment (recipe_id, equipment_id) VALUES (72, 21);

INSERT INTO Recipe_Equipment (recipe_id, equipment_id) VALUES (72, 13);

INSERT INTO Recipe_Equipment (recipe_id, equipment_id) VALUES (72, 37);

INSERT INTO Recipe_Equipment (recipe_id, equipment_id) VALUES (72, 17);

INSERT INTO Recipe_Equipment (recipe_id, equipment_id) VALUES (72, 32);

INSERT INTO Recipe_Equipment (recipe_id, equipment_id) VALUES (72, 47);

INSERT INTO Recipe_Equipment (recipe_id, equipment_id) VALUES (72, 7);

INSERT INTO Recipe_Equipment (recipe_id, equipment_id) VALUES (72, 15);

INSERT INTO Recipe_Equipment (recipe_id, equipment_id) VALUES (72, 26);

INSERT INTO Recipe_Ingredient (recipe_id, ingredient_id, portion) VALUES (72, 81, 7);

INSERT INTO Recipe_Ingredient (recipe_id, ingredient_id, portion) VALUES (72, 54, 6);

INSERT INTO Recipe_Ingredient (recipe_id, ingredient_id, portion) VALUES (72, 89, 2);

INSERT INTO Recipe_Thematic_Unit (recipe_id, thematic_unit_id) VALUES (72, 9);

INSERT INTO Recipe_Thematic_Unit (recipe_id, thematic_unit_id) VALUES (72, 10);

INSERT INTO Recipe_Thematic_Unit (recipe_id, thematic_unit_id) VALUES (72, 8);

INSERT INTO Recipe (recipe_type, name, national_cuisine_id, difficulty_level, description, tip1, tip2, cooking_time, prep_time, portions, basic_ingredient_id, image_id) VALUES ('pastry', 'Lemon Dill Potatoes', 15, 4, 'Court sport fight all. Or receive policy all but.', 'it needs a fridge', 'better with a blender', 120, 8, 2, 153, 101);

INSERT INTO Step (recipe_id, order_number, description) VALUES (73, 1, 'Answer likely suddenly.');

INSERT INTO Step (recipe_id, order_number, description) VALUES (73, 2, 'Himself majority old vote right.');

INSERT INTO Step (recipe_id, order_number, description) VALUES (73, 3, 'Speak necessary responsibility likely deep Mrs avoid kitchen.');

INSERT INTO Step (recipe_id, order_number, description) VALUES (73, 4, 'Enter quality her.');

INSERT INTO Nutritional_Info (recipe_id, fat_per_portion, carbs_per_portion, protein_per_portion) VALUES (73, 380, 60, 194);

INSERT INTO Recipe_Meal_Type (recipe_id, meal_type_id) VALUES (73, 2);

INSERT INTO Recipe_Meal_Type (recipe_id, meal_type_id) VALUES (73, 6);

INSERT INTO Recipe_Label (recipe_id, label_id) VALUES (73, 1);

INSERT INTO Recipe_Equipment (recipe_id, equipment_id) VALUES (73, 44);

INSERT INTO Recipe_Equipment (recipe_id, equipment_id) VALUES (73, 4);

INSERT INTO Recipe_Equipment (recipe_id, equipment_id) VALUES (73, 36);

INSERT INTO Recipe_Equipment (recipe_id, equipment_id) VALUES (73, 21);

INSERT INTO Recipe_Equipment (recipe_id, equipment_id) VALUES (73, 10);

INSERT INTO Recipe_Equipment (recipe_id, equipment_id) VALUES (73, 25);

INSERT INTO Recipe_Ingredient (recipe_id, ingredient_id, portion) VALUES (73, 116, 1);

INSERT INTO Recipe_Ingredient (recipe_id, ingredient_id, portion) VALUES (73, 115, 3);

INSERT INTO Recipe_Ingredient (recipe_id, ingredient_id, portion) VALUES (73, 46, 6);

INSERT INTO Recipe_Ingredient (recipe_id, ingredient_id, portion) VALUES (73, 160, 4);

INSERT INTO Recipe_Ingredient (recipe_id, ingredient_id, portion) VALUES (73, 129, 4);

INSERT INTO Recipe_Ingredient (recipe_id, ingredient_id, portion) VALUES (73, 2, 3);

INSERT INTO Recipe_Ingredient (recipe_id, ingredient_id, portion) VALUES (73, 43, 2);

INSERT INTO Recipe_Ingredient (recipe_id, ingredient_id, portion) VALUES (73, 179, 8);

INSERT INTO Recipe_Ingredient (recipe_id, ingredient_id, portion) VALUES (73, 97, 4);

INSERT INTO Recipe_Ingredient (recipe_id, ingredient_id, portion) VALUES (73, 154, 5);

INSERT INTO Recipe_Ingredient (recipe_id, ingredient_id, portion) VALUES (73, 87, 2);

INSERT INTO Recipe_Ingredient (recipe_id, ingredient_id, portion) VALUES (73, 124, 6);

INSERT INTO Recipe_Ingredient (recipe_id, ingredient_id, portion) VALUES (73, 84, 2);

INSERT INTO Recipe_Ingredient (recipe_id, ingredient_id, portion) VALUES (73, 91, 7);

INSERT INTO Recipe_Ingredient (recipe_id, ingredient_id, portion) VALUES (73, 130, 5);

INSERT INTO Recipe_Ingredient (recipe_id, ingredient_id, portion) VALUES (73, 14, 8);

INSERT INTO Recipe_Ingredient (recipe_id, ingredient_id, portion) VALUES (73, 170, 7);

INSERT INTO Recipe_Thematic_Unit (recipe_id, thematic_unit_id) VALUES (73, 3);

INSERT INTO Recipe_Thematic_Unit (recipe_id, thematic_unit_id) VALUES (73, 10);

INSERT INTO Recipe (recipe_type, name, national_cuisine_id, difficulty_level, description, tip1, tip2, tip3, cooking_time, prep_time, portions, basic_ingredient_id, image_id) VALUES ('cooking', 'BBQ Lentils', 15, 4, 'Religious tree free however American almost. Attack what away difficult not bad.', 'you can store iy outside the fridge', 'better with a blender', 'you need salt', 51, 32, 6, 38, 102);

INSERT INTO Step (recipe_id, order_number, description) VALUES (74, 1, 'Other field chair interest boy at change.');

INSERT INTO Step (recipe_id, order_number, description) VALUES (74, 2, 'Kind staff model themselves seat white grow account.');

INSERT INTO Step (recipe_id, order_number, description) VALUES (74, 3, 'Join catch smile huge senior site work.');

INSERT INTO Step (recipe_id, order_number, description) VALUES (74, 4, 'Wife move join fill history discuss.');

INSERT INTO Step (recipe_id, order_number, description) VALUES (74, 5, 'Fire matter dog car west should.');

INSERT INTO Step (recipe_id, order_number, description) VALUES (74, 6, 'Rule kid although few.');

INSERT INTO Nutritional_Info (recipe_id, fat_per_portion, carbs_per_portion, protein_per_portion) VALUES (74, 55, 29, 143);

INSERT INTO Recipe_Meal_Type (recipe_id, meal_type_id) VALUES (74, 3);

INSERT INTO Recipe_Meal_Type (recipe_id, meal_type_id) VALUES (74, 1);

INSERT INTO Recipe_Label (recipe_id, label_id) VALUES (74, 7);

INSERT INTO Recipe_Label (recipe_id, label_id) VALUES (74, 2);

INSERT INTO Recipe_Label (recipe_id, label_id) VALUES (74, 9);

INSERT INTO Recipe_Label (recipe_id, label_id) VALUES (74, 1);

INSERT INTO Recipe_Equipment (recipe_id, equipment_id) VALUES (74, 33);

INSERT INTO Recipe_Equipment (recipe_id, equipment_id) VALUES (74, 47);

INSERT INTO Recipe_Equipment (recipe_id, equipment_id) VALUES (74, 13);

INSERT INTO Recipe_Equipment (recipe_id, equipment_id) VALUES (74, 38);

INSERT INTO Recipe_Ingredient (recipe_id, ingredient_id, portion) VALUES (74, 46, 5);

INSERT INTO Recipe_Ingredient (recipe_id, ingredient_id, portion) VALUES (74, 94, 4);

INSERT INTO Recipe_Ingredient (recipe_id, ingredient_id, portion) VALUES (74, 163, 4);

INSERT INTO Recipe_Ingredient (recipe_id, ingredient_id, portion) VALUES (74, 56, 4);

INSERT INTO Recipe_Ingredient (recipe_id, ingredient_id, portion) VALUES (74, 6, 7);

INSERT INTO Recipe_Ingredient (recipe_id, ingredient_id, portion) VALUES (74, 174, 2);

INSERT INTO Recipe_Ingredient (recipe_id, ingredient_id, portion) VALUES (74, 194, 6);

INSERT INTO Recipe_Ingredient (recipe_id, ingredient_id, portion) VALUES (74, 55, 8);

INSERT INTO Recipe_Thematic_Unit (recipe_id, thematic_unit_id) VALUES (74, 5);

INSERT INTO Recipe (recipe_type, name, national_cuisine_id, difficulty_level, description, tip1, tip2, cooking_time, prep_time, portions, basic_ingredient_id, image_id) VALUES ('pastry', 'Healthy Buckwheat Soup', 16, 4, 'Fight box require man from. Relate those detail should article much.', 'you need 2 people to make it', 'better when fresh', 135, 21, 4, 164, 103);

INSERT INTO Step (recipe_id, order_number, description) VALUES (75, 1, 'Record source each throw TV.');

INSERT INTO Step (recipe_id, order_number, description) VALUES (75, 2, 'Black next discover never do tax.');

INSERT INTO Step (recipe_id, order_number, description) VALUES (75, 3, 'Or letter become plan address.');

INSERT INTO Step (recipe_id, order_number, description) VALUES (75, 4, 'Plan focus meet he have figure.');

INSERT INTO Step (recipe_id, order_number, description) VALUES (75, 5, 'Paper trouble speak nor worker add.');

INSERT INTO Step (recipe_id, order_number, description) VALUES (75, 6, 'Increase after toward.');

INSERT INTO Step (recipe_id, order_number, description) VALUES (75, 7, 'Coach clearly today drive edge.');

INSERT INTO Nutritional_Info (recipe_id, fat_per_portion, carbs_per_portion, protein_per_portion) VALUES (75, 386, 161, 250);

INSERT INTO Recipe_Meal_Type (recipe_id, meal_type_id) VALUES (75, 3);

INSERT INTO Recipe_Meal_Type (recipe_id, meal_type_id) VALUES (75, 4);

INSERT INTO Recipe_Label (recipe_id, label_id) VALUES (75, 1);

INSERT INTO Recipe_Label (recipe_id, label_id) VALUES (75, 2);

INSERT INTO Recipe_Equipment (recipe_id, equipment_id) VALUES (75, 16);

INSERT INTO Recipe_Equipment (recipe_id, equipment_id) VALUES (75, 24);

INSERT INTO Recipe_Equipment (recipe_id, equipment_id) VALUES (75, 34);

INSERT INTO Recipe_Equipment (recipe_id, equipment_id) VALUES (75, 1);

INSERT INTO Recipe_Equipment (recipe_id, equipment_id) VALUES (75, 5);

INSERT INTO Recipe_Equipment (recipe_id, equipment_id) VALUES (75, 45);

INSERT INTO Recipe_Equipment (recipe_id, equipment_id) VALUES (75, 4);

INSERT INTO Recipe_Equipment (recipe_id, equipment_id) VALUES (75, 43);

INSERT INTO Recipe_Ingredient (recipe_id, ingredient_id, portion) VALUES (75, 48, 7);

INSERT INTO Recipe_Ingredient (recipe_id, ingredient_id, portion) VALUES (75, 12, 6);

INSERT INTO Recipe_Ingredient (recipe_id, ingredient_id, portion) VALUES (75, 77, 6);

INSERT INTO Recipe_Thematic_Unit (recipe_id, thematic_unit_id) VALUES (75, 12);

INSERT INTO Recipe_Thematic_Unit (recipe_id, thematic_unit_id) VALUES (75, 5);

INSERT INTO Recipe (recipe_type, name, national_cuisine_id, difficulty_level, description, tip1, tip2, tip3, cooking_time, prep_time, portions, basic_ingredient_id, image_id) VALUES ('pastry', 'Buckwheat Chicken Pilaf', 16, 1, 'Unit consider meeting nature.', 'in the fridge for 3 days', 'you need a lot of time', 'better with butter instead of milk', 41, 7, 3, 38, 104);

INSERT INTO Step (recipe_id, order_number, description) VALUES (76, 1, 'Challenge task provide project.');

INSERT INTO Step (recipe_id, order_number, description) VALUES (76, 2, 'Between resource television behind all.');

INSERT INTO Step (recipe_id, order_number, description) VALUES (76, 3, 'Home threat drug action six.');

INSERT INTO Step (recipe_id, order_number, description) VALUES (76, 4, 'Change strong seem power argue Republican choose.');

INSERT INTO Step (recipe_id, order_number, description) VALUES (76, 5, 'Air for experience class institution source result.');

INSERT INTO Step (recipe_id, order_number, description) VALUES (76, 6, 'Easy language stay level soon knowledge.');

INSERT INTO Step (recipe_id, order_number, description) VALUES (76, 7, 'Fear attention night player day.');

INSERT INTO Nutritional_Info (recipe_id, fat_per_portion, carbs_per_portion, protein_per_portion) VALUES (76, 75, 119, 215);

INSERT INTO Recipe_Meal_Type (recipe_id, meal_type_id) VALUES (76, 2);

INSERT INTO Recipe_Meal_Type (recipe_id, meal_type_id) VALUES (76, 6);

INSERT INTO Recipe_Label (recipe_id, label_id) VALUES (76, 6);

INSERT INTO Recipe_Label (recipe_id, label_id) VALUES (76, 1);

INSERT INTO Recipe_Label (recipe_id, label_id) VALUES (76, 8);

INSERT INTO Recipe_Label (recipe_id, label_id) VALUES (76, 7);

INSERT INTO Recipe_Equipment (recipe_id, equipment_id) VALUES (76, 11);

INSERT INTO Recipe_Ingredient (recipe_id, ingredient_id, portion) VALUES (76, 164, 3);

INSERT INTO Recipe_Ingredient (recipe_id, ingredient_id, portion) VALUES (76, 125, 5);

INSERT INTO Recipe_Ingredient (recipe_id, ingredient_id, portion) VALUES (76, 76, 2);

INSERT INTO Recipe_Ingredient (recipe_id, ingredient_id, portion) VALUES (76, 101, 1);

INSERT INTO Recipe_Ingredient (recipe_id, ingredient_id, portion) VALUES (76, 95, 6);

INSERT INTO Recipe_Ingredient (recipe_id, ingredient_id, portion) VALUES (76, 195, 2);

INSERT INTO Recipe_Ingredient (recipe_id, ingredient_id, portion) VALUES (76, 105, 8);

INSERT INTO Recipe_Ingredient (recipe_id, ingredient_id, portion) VALUES (76, 19, 3);

INSERT INTO Recipe_Thematic_Unit (recipe_id, thematic_unit_id) VALUES (76, 6);

INSERT INTO Recipe_Thematic_Unit (recipe_id, thematic_unit_id) VALUES (76, 10);

INSERT INTO Recipe (recipe_type, name, national_cuisine_id, difficulty_level, description, tip1, tip2, tip3, cooking_time, prep_time, portions, basic_ingredient_id, image_id) VALUES ('pastry', 'Vegetable Noodle Soup', 16, 2, 'Easy change ground expert offer a. Through support sea citizen these process arm.', 'better when fresh', 'you have to be careful not to let it get stack', 'you need a lot of bowls', 18, 44, 2, 57, 105);

INSERT INTO Step (recipe_id, order_number, description) VALUES (77, 1, 'Area along site court rich all.');

INSERT INTO Step (recipe_id, order_number, description) VALUES (77, 2, 'House tough she from foot must.');

INSERT INTO Step (recipe_id, order_number, description) VALUES (77, 3, 'Carry democratic area evening person nor friend.');

INSERT INTO Step (recipe_id, order_number, description) VALUES (77, 4, 'Recognize perform manage gun seven memory.');

INSERT INTO Step (recipe_id, order_number, description) VALUES (77, 5, 'Job employee voice mother.');

INSERT INTO Step (recipe_id, order_number, description) VALUES (77, 6, 'Risk notice be message reveal evidence.');

INSERT INTO Nutritional_Info (recipe_id, fat_per_portion, carbs_per_portion, protein_per_portion) VALUES (77, 230, 36, 70);

INSERT INTO Recipe_Meal_Type (recipe_id, meal_type_id) VALUES (77, 6);

INSERT INTO Recipe_Meal_Type (recipe_id, meal_type_id) VALUES (77, 2);

INSERT INTO Recipe_Meal_Type (recipe_id, meal_type_id) VALUES (77, 5);

INSERT INTO Recipe_Label (recipe_id, label_id) VALUES (77, 3);

INSERT INTO Recipe_Label (recipe_id, label_id) VALUES (77, 2);

INSERT INTO Recipe_Label (recipe_id, label_id) VALUES (77, 4);

INSERT INTO Recipe_Equipment (recipe_id, equipment_id) VALUES (77, 36);

INSERT INTO Recipe_Equipment (recipe_id, equipment_id) VALUES (77, 14);

INSERT INTO Recipe_Equipment (recipe_id, equipment_id) VALUES (77, 40);

INSERT INTO Recipe_Equipment (recipe_id, equipment_id) VALUES (77, 33);

INSERT INTO Recipe_Equipment (recipe_id, equipment_id) VALUES (77, 27);

INSERT INTO Recipe_Equipment (recipe_id, equipment_id) VALUES (77, 24);

INSERT INTO Recipe_Equipment (recipe_id, equipment_id) VALUES (77, 8);

INSERT INTO Recipe_Equipment (recipe_id, equipment_id) VALUES (77, 37);

INSERT INTO Recipe_Equipment (recipe_id, equipment_id) VALUES (77, 1);

INSERT INTO Recipe_Ingredient (recipe_id, ingredient_id, portion) VALUES (77, 174, 7);

INSERT INTO Recipe_Ingredient (recipe_id, ingredient_id, portion) VALUES (77, 11, 8);

INSERT INTO Recipe_Ingredient (recipe_id, ingredient_id, portion) VALUES (77, 109, 7);

INSERT INTO Recipe_Thematic_Unit (recipe_id, thematic_unit_id) VALUES (77, 7);

INSERT INTO Recipe (recipe_type, name, national_cuisine_id, difficulty_level, description, tip1, cooking_time, prep_time, portions, basic_ingredient_id, image_id) VALUES ('pastry', 'Bacon and Honey Potato Salad', 16, 2, 'Strong throughout church carry keep. Pick whole employee prepare small themselves. Use happen like.', 'you need small cups', 144, 5, 8, 131, 106);

INSERT INTO Step (recipe_id, order_number, description) VALUES (78, 1, 'Serious Congress cause main major glass house.');

INSERT INTO Step (recipe_id, order_number, description) VALUES (78, 2, 'West happen purpose side.');

INSERT INTO Step (recipe_id, order_number, description) VALUES (78, 3, 'Article moment coach fine resource.');

INSERT INTO Step (recipe_id, order_number, description) VALUES (78, 4, 'Good enter listen girl mouth affect.');

INSERT INTO Step (recipe_id, order_number, description) VALUES (78, 5, 'Central town avoid admit.');

INSERT INTO Step (recipe_id, order_number, description) VALUES (78, 6, 'Throughout affect situation sound short goal executive.');

INSERT INTO Nutritional_Info (recipe_id, fat_per_portion, carbs_per_portion, protein_per_portion) VALUES (78, 72, 134, 80);

INSERT INTO Recipe_Meal_Type (recipe_id, meal_type_id) VALUES (78, 6);

INSERT INTO Recipe_Label (recipe_id, label_id) VALUES (78, 5);

INSERT INTO Recipe_Label (recipe_id, label_id) VALUES (78, 7);

INSERT INTO Recipe_Equipment (recipe_id, equipment_id) VALUES (78, 14);

INSERT INTO Recipe_Equipment (recipe_id, equipment_id) VALUES (78, 49);

INSERT INTO Recipe_Equipment (recipe_id, equipment_id) VALUES (78, 31);

INSERT INTO Recipe_Equipment (recipe_id, equipment_id) VALUES (78, 18);

INSERT INTO Recipe_Equipment (recipe_id, equipment_id) VALUES (78, 13);

INSERT INTO Recipe_Equipment (recipe_id, equipment_id) VALUES (78, 2);

INSERT INTO Recipe_Equipment (recipe_id, equipment_id) VALUES (78, 38);

INSERT INTO Recipe_Equipment (recipe_id, equipment_id) VALUES (78, 6);

INSERT INTO Recipe_Equipment (recipe_id, equipment_id) VALUES (78, 40);

INSERT INTO Recipe_Ingredient (recipe_id, ingredient_id, portion) VALUES (78, 187, 2);

INSERT INTO Recipe_Ingredient (recipe_id, ingredient_id, portion) VALUES (78, 91, 8);

INSERT INTO Recipe_Ingredient (recipe_id, ingredient_id, portion) VALUES (78, 197, 6);

INSERT INTO Recipe_Ingredient (recipe_id, ingredient_id, portion) VALUES (78, 57, 7);

INSERT INTO Recipe_Ingredient (recipe_id, ingredient_id, portion) VALUES (78, 152, 2);

INSERT INTO Recipe_Thematic_Unit (recipe_id, thematic_unit_id) VALUES (78, 14);

INSERT INTO Recipe_Thematic_Unit (recipe_id, thematic_unit_id) VALUES (78, 3);

INSERT INTO Recipe (recipe_type, name, national_cuisine_id, difficulty_level, description, tip1, tip2, tip3, cooking_time, prep_time, portions, basic_ingredient_id, image_id) VALUES ('cooking', 'Pretzel Sticks', 16, 4, 'Maintain line run between mention couple.', 'you need 2 people to make it', 'you need an oven', 'you have to be careful not to let it get stack', 26, 29, 4, 50, 107);

INSERT INTO Step (recipe_id, order_number, description) VALUES (79, 1, 'Set teach develop pick authority.');

INSERT INTO Step (recipe_id, order_number, description) VALUES (79, 2, 'Window food top fight account season.');

INSERT INTO Step (recipe_id, order_number, description) VALUES (79, 3, 'Usually section street easy somebody cold.');

INSERT INTO Step (recipe_id, order_number, description) VALUES (79, 4, 'Cultural without everything art.');

INSERT INTO Step (recipe_id, order_number, description) VALUES (79, 5, 'Car commercial PM action option.');

INSERT INTO Step (recipe_id, order_number, description) VALUES (79, 6, 'Hope small of charge.');

INSERT INTO Nutritional_Info (recipe_id, fat_per_portion, carbs_per_portion, protein_per_portion) VALUES (79, 219, 189, 61);

INSERT INTO Recipe_Meal_Type (recipe_id, meal_type_id) VALUES (79, 6);

INSERT INTO Recipe_Meal_Type (recipe_id, meal_type_id) VALUES (79, 2);

INSERT INTO Recipe_Label (recipe_id, label_id) VALUES (79, 1);

INSERT INTO Recipe_Label (recipe_id, label_id) VALUES (79, 5);

INSERT INTO Recipe_Equipment (recipe_id, equipment_id) VALUES (79, 31);

INSERT INTO Recipe_Equipment (recipe_id, equipment_id) VALUES (79, 32);

INSERT INTO Recipe_Equipment (recipe_id, equipment_id) VALUES (79, 16);

INSERT INTO Recipe_Equipment (recipe_id, equipment_id) VALUES (79, 28);

INSERT INTO Recipe_Equipment (recipe_id, equipment_id) VALUES (79, 7);

INSERT INTO Recipe_Equipment (recipe_id, equipment_id) VALUES (79, 33);

INSERT INTO Recipe_Equipment (recipe_id, equipment_id) VALUES (79, 36);

INSERT INTO Recipe_Equipment (recipe_id, equipment_id) VALUES (79, 45);

INSERT INTO Recipe_Ingredient (recipe_id, ingredient_id, portion) VALUES (79, 118, 7);

INSERT INTO Recipe_Ingredient (recipe_id, ingredient_id, portion) VALUES (79, 14, 5);

INSERT INTO Recipe_Ingredient (recipe_id, ingredient_id, portion) VALUES (79, 95, 5);

INSERT INTO Recipe_Ingredient (recipe_id, ingredient_id, portion) VALUES (79, 172, 8);

INSERT INTO Recipe_Ingredient (recipe_id, ingredient_id, portion) VALUES (79, 186, 8);

INSERT INTO Recipe_Ingredient (recipe_id, ingredient_id, portion) VALUES (79, 83, 3);

INSERT INTO Recipe_Ingredient (recipe_id, ingredient_id, portion) VALUES (79, 11, 7);

INSERT INTO Recipe_Ingredient (recipe_id, ingredient_id, portion) VALUES (79, 103, 8);

INSERT INTO Recipe_Ingredient (recipe_id, ingredient_id, portion) VALUES (79, 44, 7);

INSERT INTO Recipe_Ingredient (recipe_id, ingredient_id, portion) VALUES (79, 184, 3);

INSERT INTO Recipe_Ingredient (recipe_id, ingredient_id, portion) VALUES (79, 120, 3);

INSERT INTO Recipe_Ingredient (recipe_id, ingredient_id, portion) VALUES (79, 42, 4);

INSERT INTO Recipe_Ingredient (recipe_id, ingredient_id, portion) VALUES (79, 31, 1);

INSERT INTO Recipe_Ingredient (recipe_id, ingredient_id, portion) VALUES (79, 193, 8);

INSERT INTO Recipe_Ingredient (recipe_id, ingredient_id, portion) VALUES (79, 71, 3);

INSERT INTO Recipe_Ingredient (recipe_id, ingredient_id, portion) VALUES (79, 178, 5);

INSERT INTO Recipe_Ingredient (recipe_id, ingredient_id, portion) VALUES (79, 46, 7);

INSERT INTO Recipe_Thematic_Unit (recipe_id, thematic_unit_id) VALUES (79, 3);

INSERT INTO Recipe_Thematic_Unit (recipe_id, thematic_unit_id) VALUES (79, 7);

INSERT INTO Recipe_Thematic_Unit (recipe_id, thematic_unit_id) VALUES (79, 15);

INSERT INTO Recipe (recipe_type, name, national_cuisine_id, difficulty_level, description, tip1, tip2, tip3, cooking_time, prep_time, portions, basic_ingredient_id, image_id) VALUES ('pastry', 'Golden French Lentil Soup', 17, 3, 'Data politics trial create its discussion marriage. Western south goal fire maintain remember. President area show today team yourself among leader.', 'you need small cups', 'you have to be careful not to let it get stack', 'you need small cups', 127, 11, 4, 60, 108);

INSERT INTO Step (recipe_id, order_number, description) VALUES (80, 1, 'Democratic culture dinner certainly which however.');

INSERT INTO Step (recipe_id, order_number, description) VALUES (80, 2, 'Tonight natural number.');

INSERT INTO Step (recipe_id, order_number, description) VALUES (80, 3, 'Evening walk matter friend southern partner.');

INSERT INTO Nutritional_Info (recipe_id, fat_per_portion, carbs_per_portion, protein_per_portion) VALUES (80, 390, 87, 128);

INSERT INTO Recipe_Meal_Type (recipe_id, meal_type_id) VALUES (80, 1);

INSERT INTO Recipe_Meal_Type (recipe_id, meal_type_id) VALUES (80, 4);

INSERT INTO Recipe_Label (recipe_id, label_id) VALUES (80, 4);

INSERT INTO Recipe_Equipment (recipe_id, equipment_id) VALUES (80, 39);

INSERT INTO Recipe_Equipment (recipe_id, equipment_id) VALUES (80, 25);

INSERT INTO Recipe_Equipment (recipe_id, equipment_id) VALUES (80, 27);

INSERT INTO Recipe_Equipment (recipe_id, equipment_id) VALUES (80, 13);

INSERT INTO Recipe_Equipment (recipe_id, equipment_id) VALUES (80, 15);

INSERT INTO Recipe_Equipment (recipe_id, equipment_id) VALUES (80, 18);

INSERT INTO Recipe_Ingredient (recipe_id, ingredient_id, portion) VALUES (80, 191, 1);

INSERT INTO Recipe_Ingredient (recipe_id, ingredient_id, portion) VALUES (80, 22, 6);

INSERT INTO Recipe_Ingredient (recipe_id, ingredient_id, portion) VALUES (80, 118, 3);

INSERT INTO Recipe_Ingredient (recipe_id, ingredient_id, portion) VALUES (80, 54, 6);

INSERT INTO Recipe_Ingredient (recipe_id, ingredient_id, portion) VALUES (80, 51, 3);

INSERT INTO Recipe_Ingredient (recipe_id, ingredient_id, portion) VALUES (80, 49, 2);

INSERT INTO Recipe_Ingredient (recipe_id, ingredient_id, portion) VALUES (80, 188, 6);

INSERT INTO Recipe_Ingredient (recipe_id, ingredient_id, portion) VALUES (80, 61, 2);

INSERT INTO Recipe_Ingredient (recipe_id, ingredient_id, portion) VALUES (80, 62, 3);

INSERT INTO Recipe_Ingredient (recipe_id, ingredient_id, portion) VALUES (80, 163, 1);

INSERT INTO Recipe_Ingredient (recipe_id, ingredient_id, portion) VALUES (80, 84, 3);

INSERT INTO Recipe_Ingredient (recipe_id, ingredient_id, portion) VALUES (80, 93, 1);

INSERT INTO Recipe_Ingredient (recipe_id, ingredient_id, portion) VALUES (80, 3, 6);

INSERT INTO Recipe_Ingredient (recipe_id, ingredient_id, portion) VALUES (80, 35, 4);

INSERT INTO Recipe_Ingredient (recipe_id, ingredient_id, portion) VALUES (80, 154, 4);

INSERT INTO Recipe_Ingredient (recipe_id, ingredient_id, portion) VALUES (80, 43, 2);

INSERT INTO Recipe_Ingredient (recipe_id, ingredient_id, portion) VALUES (80, 33, 7);

INSERT INTO Recipe_Thematic_Unit (recipe_id, thematic_unit_id) VALUES (80, 4);

INSERT INTO Recipe_Thematic_Unit (recipe_id, thematic_unit_id) VALUES (80, 13);

INSERT INTO Recipe_Thematic_Unit (recipe_id, thematic_unit_id) VALUES (80, 7);

INSERT INTO Recipe (recipe_type, name, national_cuisine_id, difficulty_level, description, tip1, tip2, cooking_time, prep_time, portions, basic_ingredient_id, image_id) VALUES ('pastry', 'Lentil Shepherds Pie', 17, 3, 'Very easy democratic happen decision. If serve radio travel.', 'you need 2 people to make it', 'you need a lot of bowls', 143, 45, 6, 158, 109);

INSERT INTO Step (recipe_id, order_number, description) VALUES (81, 1, 'Think director single write.');

INSERT INTO Step (recipe_id, order_number, description) VALUES (81, 2, 'Budget law school rest Mrs go.');

INSERT INTO Nutritional_Info (recipe_id, fat_per_portion, carbs_per_portion, protein_per_portion) VALUES (81, 87, 58, 165);

INSERT INTO Recipe_Meal_Type (recipe_id, meal_type_id) VALUES (81, 4);

INSERT INTO Recipe_Meal_Type (recipe_id, meal_type_id) VALUES (81, 2);

INSERT INTO Recipe_Meal_Type (recipe_id, meal_type_id) VALUES (81, 1);

INSERT INTO Recipe_Label (recipe_id, label_id) VALUES (81, 7);

INSERT INTO Recipe_Equipment (recipe_id, equipment_id) VALUES (81, 30);

INSERT INTO Recipe_Equipment (recipe_id, equipment_id) VALUES (81, 39);

INSERT INTO Recipe_Ingredient (recipe_id, ingredient_id, portion) VALUES (81, 96, 3);

INSERT INTO Recipe_Ingredient (recipe_id, ingredient_id, portion) VALUES (81, 156, 3);

INSERT INTO Recipe_Ingredient (recipe_id, ingredient_id, portion) VALUES (81, 128, 2);

INSERT INTO Recipe_Ingredient (recipe_id, ingredient_id, portion) VALUES (81, 3, 4);

INSERT INTO Recipe_Ingredient (recipe_id, ingredient_id, portion) VALUES (81, 114, 1);

INSERT INTO Recipe_Ingredient (recipe_id, ingredient_id, portion) VALUES (81, 115, 6);

INSERT INTO Recipe_Ingredient (recipe_id, ingredient_id, portion) VALUES (81, 86, 3);

INSERT INTO Recipe_Ingredient (recipe_id, ingredient_id, portion) VALUES (81, 121, 7);

INSERT INTO Recipe_Thematic_Unit (recipe_id, thematic_unit_id) VALUES (81, 15);

INSERT INTO Recipe_Thematic_Unit (recipe_id, thematic_unit_id) VALUES (81, 7);

INSERT INTO Recipe_Thematic_Unit (recipe_id, thematic_unit_id) VALUES (81, 2);

INSERT INTO Recipe (recipe_type, name, national_cuisine_id, difficulty_level, description, tip1, tip2, cooking_time, prep_time, portions, basic_ingredient_id, image_id) VALUES ('cooking', 'Honey Lime Chicken', 17, 1, 'Church anything president hospital development drop back. Charge himself deep. Article enough indicate learn worry.', 'you need to be patient', 'better with slow cooking', 105, 8, 7, 87, 110);

INSERT INTO Step (recipe_id, order_number, description) VALUES (82, 1, 'Out goal allow artist song tend little population.');

INSERT INTO Step (recipe_id, order_number, description) VALUES (82, 2, 'Boy term day long yourself bill machine black.');

INSERT INTO Step (recipe_id, order_number, description) VALUES (82, 3, 'Near despite hand husband nature more individual.');

INSERT INTO Nutritional_Info (recipe_id, fat_per_portion, carbs_per_portion, protein_per_portion) VALUES (82, 31, 121, 68);

INSERT INTO Recipe_Meal_Type (recipe_id, meal_type_id) VALUES (82, 1);

INSERT INTO Recipe_Meal_Type (recipe_id, meal_type_id) VALUES (82, 3);

INSERT INTO Recipe_Label (recipe_id, label_id) VALUES (82, 9);

INSERT INTO Recipe_Label (recipe_id, label_id) VALUES (82, 1);

INSERT INTO Recipe_Label (recipe_id, label_id) VALUES (82, 5);

INSERT INTO Recipe_Equipment (recipe_id, equipment_id) VALUES (82, 19);

INSERT INTO Recipe_Equipment (recipe_id, equipment_id) VALUES (82, 10);

INSERT INTO Recipe_Equipment (recipe_id, equipment_id) VALUES (82, 16);

INSERT INTO Recipe_Equipment (recipe_id, equipment_id) VALUES (82, 11);

INSERT INTO Recipe_Equipment (recipe_id, equipment_id) VALUES (82, 25);

INSERT INTO Recipe_Equipment (recipe_id, equipment_id) VALUES (82, 9);

INSERT INTO Recipe_Equipment (recipe_id, equipment_id) VALUES (82, 27);

INSERT INTO Recipe_Equipment (recipe_id, equipment_id) VALUES (82, 33);

INSERT INTO Recipe_Equipment (recipe_id, equipment_id) VALUES (82, 48);

INSERT INTO Recipe_Equipment (recipe_id, equipment_id) VALUES (82, 14);

INSERT INTO Recipe_Ingredient (recipe_id, ingredient_id, portion) VALUES (82, 196, 8);

INSERT INTO Recipe_Ingredient (recipe_id, ingredient_id, portion) VALUES (82, 44, 1);

INSERT INTO Recipe_Ingredient (recipe_id, ingredient_id, portion) VALUES (82, 138, 4);

INSERT INTO Recipe_Ingredient (recipe_id, ingredient_id, portion) VALUES (82, 5, 1);

INSERT INTO Recipe_Ingredient (recipe_id, ingredient_id, portion) VALUES (82, 25, 5);

INSERT INTO Recipe_Ingredient (recipe_id, ingredient_id, portion) VALUES (82, 167, 1);

INSERT INTO Recipe_Ingredient (recipe_id, ingredient_id, portion) VALUES (82, 50, 8);

INSERT INTO Recipe_Ingredient (recipe_id, ingredient_id, portion) VALUES (82, 46, 8);

INSERT INTO Recipe_Ingredient (recipe_id, ingredient_id, portion) VALUES (82, 174, 4);

INSERT INTO Recipe_Ingredient (recipe_id, ingredient_id, portion) VALUES (82, 13, 6);

INSERT INTO Recipe_Ingredient (recipe_id, ingredient_id, portion) VALUES (82, 168, 4);

INSERT INTO Recipe_Thematic_Unit (recipe_id, thematic_unit_id) VALUES (82, 1);

INSERT INTO Recipe_Thematic_Unit (recipe_id, thematic_unit_id) VALUES (82, 13);

INSERT INTO Recipe_Thematic_Unit (recipe_id, thematic_unit_id) VALUES (82, 3);

INSERT INTO Recipe (recipe_type, name, national_cuisine_id, difficulty_level, description, tip1, tip2, tip3, cooking_time, prep_time, portions, basic_ingredient_id, image_id) VALUES ('pastry', 'Lentil Curry', 17, 5, 'Three with radio yeah total number.', 'good with honey', 'you need an oven', 'better with a blender', 150, 27, 2, 111, 111);

INSERT INTO Step (recipe_id, order_number, description) VALUES (83, 1, 'Too various energy lawyer work ball.');

INSERT INTO Step (recipe_id, order_number, description) VALUES (83, 2, 'Serve evening although add media where as increase.');

INSERT INTO Nutritional_Info (recipe_id, fat_per_portion, carbs_per_portion, protein_per_portion) VALUES (83, 249, 121, 146);

INSERT INTO Recipe_Meal_Type (recipe_id, meal_type_id) VALUES (83, 3);

INSERT INTO Recipe_Meal_Type (recipe_id, meal_type_id) VALUES (83, 5);

INSERT INTO Recipe_Meal_Type (recipe_id, meal_type_id) VALUES (83, 2);

INSERT INTO Recipe_Label (recipe_id, label_id) VALUES (83, 6);

INSERT INTO Recipe_Label (recipe_id, label_id) VALUES (83, 7);

INSERT INTO Recipe_Label (recipe_id, label_id) VALUES (83, 9);

INSERT INTO Recipe_Equipment (recipe_id, equipment_id) VALUES (83, 35);

INSERT INTO Recipe_Equipment (recipe_id, equipment_id) VALUES (83, 46);

INSERT INTO Recipe_Equipment (recipe_id, equipment_id) VALUES (83, 16);

INSERT INTO Recipe_Equipment (recipe_id, equipment_id) VALUES (83, 26);

INSERT INTO Recipe_Equipment (recipe_id, equipment_id) VALUES (83, 43);

INSERT INTO Recipe_Equipment (recipe_id, equipment_id) VALUES (83, 44);

INSERT INTO Recipe_Equipment (recipe_id, equipment_id) VALUES (83, 30);

INSERT INTO Recipe_Ingredient (recipe_id, ingredient_id, portion) VALUES (83, 47, 5);

INSERT INTO Recipe_Ingredient (recipe_id, ingredient_id, portion) VALUES (83, 198, 1);

INSERT INTO Recipe_Ingredient (recipe_id, ingredient_id, portion) VALUES (83, 130, 4);

INSERT INTO Recipe_Ingredient (recipe_id, ingredient_id, portion) VALUES (83, 150, 3);

INSERT INTO Recipe_Ingredient (recipe_id, ingredient_id, portion) VALUES (83, 3, 4);

INSERT INTO Recipe_Ingredient (recipe_id, ingredient_id, portion) VALUES (83, 42, 6);

INSERT INTO Recipe_Ingredient (recipe_id, ingredient_id, portion) VALUES (83, 140, 7);

INSERT INTO Recipe_Ingredient (recipe_id, ingredient_id, portion) VALUES (83, 53, 7);

INSERT INTO Recipe_Ingredient (recipe_id, ingredient_id, portion) VALUES (83, 80, 5);

INSERT INTO Recipe_Ingredient (recipe_id, ingredient_id, portion) VALUES (83, 37, 8);

INSERT INTO Recipe_Thematic_Unit (recipe_id, thematic_unit_id) VALUES (83, 7);

INSERT INTO Recipe (recipe_type, name, national_cuisine_id, difficulty_level, description, tip1, cooking_time, prep_time, portions, basic_ingredient_id, image_id) VALUES ('cooking', 'Dutch Oven Bread', 17, 4, 'Perhaps scientist describe green might. Receive morning leader four. New local various unit pay. Wife phone hot product exist.', 'you need a lot of bowls', 45, 6, 1, 94, 112);

INSERT INTO Step (recipe_id, order_number, description) VALUES (84, 1, 'Radio sound organization.');

INSERT INTO Step (recipe_id, order_number, description) VALUES (84, 2, 'Resource series the place itself begin.');

INSERT INTO Step (recipe_id, order_number, description) VALUES (84, 3, 'Team read state guess Democrat shoulder.');

INSERT INTO Step (recipe_id, order_number, description) VALUES (84, 4, 'General discuss beautiful need.');

INSERT INTO Nutritional_Info (recipe_id, fat_per_portion, carbs_per_portion, protein_per_portion) VALUES (84, 160, 159, 48);

INSERT INTO Recipe_Meal_Type (recipe_id, meal_type_id) VALUES (84, 1);

INSERT INTO Recipe_Label (recipe_id, label_id) VALUES (84, 10);

INSERT INTO Recipe_Equipment (recipe_id, equipment_id) VALUES (84, 22);

INSERT INTO Recipe_Equipment (recipe_id, equipment_id) VALUES (84, 32);

INSERT INTO Recipe_Ingredient (recipe_id, ingredient_id, portion) VALUES (84, 104, 5);

INSERT INTO Recipe_Ingredient (recipe_id, ingredient_id, portion) VALUES (84, 50, 7);

INSERT INTO Recipe_Ingredient (recipe_id, ingredient_id, portion) VALUES (84, 13, 7);

INSERT INTO Recipe_Ingredient (recipe_id, ingredient_id, portion) VALUES (84, 20, 7);

INSERT INTO Recipe_Ingredient (recipe_id, ingredient_id, portion) VALUES (84, 180, 5);

INSERT INTO Recipe_Ingredient (recipe_id, ingredient_id, portion) VALUES (84, 150, 3);

INSERT INTO Recipe_Ingredient (recipe_id, ingredient_id, portion) VALUES (84, 136, 6);

INSERT INTO Recipe_Ingredient (recipe_id, ingredient_id, portion) VALUES (84, 170, 2);

INSERT INTO Recipe_Ingredient (recipe_id, ingredient_id, portion) VALUES (84, 39, 4);

INSERT INTO Recipe_Ingredient (recipe_id, ingredient_id, portion) VALUES (84, 188, 6);

INSERT INTO Recipe_Ingredient (recipe_id, ingredient_id, portion) VALUES (84, 124, 6);

INSERT INTO Recipe_Ingredient (recipe_id, ingredient_id, portion) VALUES (84, 154, 4);

INSERT INTO Recipe_Ingredient (recipe_id, ingredient_id, portion) VALUES (84, 198, 7);

INSERT INTO Recipe_Thematic_Unit (recipe_id, thematic_unit_id) VALUES (84, 3);

INSERT INTO Recipe_Thematic_Unit (recipe_id, thematic_unit_id) VALUES (84, 1);

INSERT INTO Recipe_Thematic_Unit (recipe_id, thematic_unit_id) VALUES (84, 8);

INSERT INTO Recipe (recipe_type, name, national_cuisine_id, difficulty_level, description, tip1, cooking_time, prep_time, portions, basic_ingredient_id, image_id) VALUES ('pastry', 'Potato Apple Roast', 18, 4, 'How none teacher PM decide account father. Image far above top.', 'better without sugar', 76, 33, 4, 84, 113);

INSERT INTO Step (recipe_id, order_number, description) VALUES (85, 1, 'Before office some open.');

INSERT INTO Step (recipe_id, order_number, description) VALUES (85, 2, 'Think tonight government certain manager help manage.');

INSERT INTO Step (recipe_id, order_number, description) VALUES (85, 3, 'Cold oil expert dog.');

INSERT INTO Nutritional_Info (recipe_id, fat_per_portion, carbs_per_portion, protein_per_portion) VALUES (85, 127, 160, 186);

INSERT INTO Recipe_Meal_Type (recipe_id, meal_type_id) VALUES (85, 1);

INSERT INTO Recipe_Meal_Type (recipe_id, meal_type_id) VALUES (85, 6);

INSERT INTO Recipe_Label (recipe_id, label_id) VALUES (85, 9);

INSERT INTO Recipe_Label (recipe_id, label_id) VALUES (85, 8);

INSERT INTO Recipe_Label (recipe_id, label_id) VALUES (85, 1);

INSERT INTO Recipe_Equipment (recipe_id, equipment_id) VALUES (85, 30);

INSERT INTO Recipe_Equipment (recipe_id, equipment_id) VALUES (85, 13);

INSERT INTO Recipe_Equipment (recipe_id, equipment_id) VALUES (85, 20);

INSERT INTO Recipe_Equipment (recipe_id, equipment_id) VALUES (85, 43);

INSERT INTO Recipe_Equipment (recipe_id, equipment_id) VALUES (85, 23);

INSERT INTO Recipe_Ingredient (recipe_id, ingredient_id, portion) VALUES (85, 55, 1);

INSERT INTO Recipe_Ingredient (recipe_id, ingredient_id, portion) VALUES (85, 66, 4);

INSERT INTO Recipe_Ingredient (recipe_id, ingredient_id, portion) VALUES (85, 60, 5);

INSERT INTO Recipe_Ingredient (recipe_id, ingredient_id, portion) VALUES (85, 186, 3);

INSERT INTO Recipe_Ingredient (recipe_id, ingredient_id, portion) VALUES (85, 54, 8);

INSERT INTO Recipe_Ingredient (recipe_id, ingredient_id, portion) VALUES (85, 187, 3);

INSERT INTO Recipe_Ingredient (recipe_id, ingredient_id, portion) VALUES (85, 31, 7);

INSERT INTO Recipe_Ingredient (recipe_id, ingredient_id, portion) VALUES (85, 45, 8);

INSERT INTO Recipe_Ingredient (recipe_id, ingredient_id, portion) VALUES (85, 22, 7);

INSERT INTO Recipe_Ingredient (recipe_id, ingredient_id, portion) VALUES (85, 100, 5);

INSERT INTO Recipe_Ingredient (recipe_id, ingredient_id, portion) VALUES (85, 172, 8);

INSERT INTO Recipe_Ingredient (recipe_id, ingredient_id, portion) VALUES (85, 134, 6);

INSERT INTO Recipe_Ingredient (recipe_id, ingredient_id, portion) VALUES (85, 32, 4);

INSERT INTO Recipe_Ingredient (recipe_id, ingredient_id, portion) VALUES (85, 111, 2);

INSERT INTO Recipe_Ingredient (recipe_id, ingredient_id, portion) VALUES (85, 132, 1);

INSERT INTO Recipe_Ingredient (recipe_id, ingredient_id, portion) VALUES (85, 75, 4);

INSERT INTO Recipe_Thematic_Unit (recipe_id, thematic_unit_id) VALUES (85, 5);

INSERT INTO Recipe_Thematic_Unit (recipe_id, thematic_unit_id) VALUES (85, 1);

INSERT INTO Recipe_Thematic_Unit (recipe_id, thematic_unit_id) VALUES (85, 3);

INSERT INTO Recipe (recipe_type, name, national_cuisine_id, difficulty_level, description, tip1, tip2, tip3, cooking_time, prep_time, portions, basic_ingredient_id, image_id) VALUES ('pastry', 'Baking Powder Biscuits', 18, 4, 'Employee see center performance item. Reduce number few cold yourself.', 'it needs a fridge', 'better after 2 days', 'you need salt', 82, 27, 8, 66, 114);

INSERT INTO Step (recipe_id, order_number, description) VALUES (86, 1, 'Structure cut political and the financial.');

INSERT INTO Step (recipe_id, order_number, description) VALUES (86, 2, 'Kind able draw section what.');

INSERT INTO Step (recipe_id, order_number, description) VALUES (86, 3, 'Range than hear risk.');

INSERT INTO Nutritional_Info (recipe_id, fat_per_portion, carbs_per_portion, protein_per_portion) VALUES (86, 159, 103, 106);

INSERT INTO Recipe_Meal_Type (recipe_id, meal_type_id) VALUES (86, 1);

INSERT INTO Recipe_Meal_Type (recipe_id, meal_type_id) VALUES (86, 2);

INSERT INTO Recipe_Label (recipe_id, label_id) VALUES (86, 9);

INSERT INTO Recipe_Label (recipe_id, label_id) VALUES (86, 2);

INSERT INTO Recipe_Label (recipe_id, label_id) VALUES (86, 7);

INSERT INTO Recipe_Equipment (recipe_id, equipment_id) VALUES (86, 14);

INSERT INTO Recipe_Equipment (recipe_id, equipment_id) VALUES (86, 41);

INSERT INTO Recipe_Equipment (recipe_id, equipment_id) VALUES (86, 31);

INSERT INTO Recipe_Equipment (recipe_id, equipment_id) VALUES (86, 3);

INSERT INTO Recipe_Equipment (recipe_id, equipment_id) VALUES (86, 35);

INSERT INTO Recipe_Equipment (recipe_id, equipment_id) VALUES (86, 19);

INSERT INTO Recipe_Equipment (recipe_id, equipment_id) VALUES (86, 32);

INSERT INTO Recipe_Equipment (recipe_id, equipment_id) VALUES (86, 11);

INSERT INTO Recipe_Equipment (recipe_id, equipment_id) VALUES (86, 16);

INSERT INTO Recipe_Ingredient (recipe_id, ingredient_id, portion) VALUES (86, 199, 7);

INSERT INTO Recipe_Ingredient (recipe_id, ingredient_id, portion) VALUES (86, 116, 6);

INSERT INTO Recipe_Ingredient (recipe_id, ingredient_id, portion) VALUES (86, 126, 7);

INSERT INTO Recipe_Ingredient (recipe_id, ingredient_id, portion) VALUES (86, 67, 6);

INSERT INTO Recipe_Ingredient (recipe_id, ingredient_id, portion) VALUES (86, 107, 4);

INSERT INTO Recipe_Ingredient (recipe_id, ingredient_id, portion) VALUES (86, 138, 2);

INSERT INTO Recipe_Ingredient (recipe_id, ingredient_id, portion) VALUES (86, 147, 8);

INSERT INTO Recipe_Ingredient (recipe_id, ingredient_id, portion) VALUES (86, 95, 1);

INSERT INTO Recipe_Ingredient (recipe_id, ingredient_id, portion) VALUES (86, 187, 2);

INSERT INTO Recipe_Ingredient (recipe_id, ingredient_id, portion) VALUES (86, 16, 1);

INSERT INTO Recipe_Ingredient (recipe_id, ingredient_id, portion) VALUES (86, 142, 8);

INSERT INTO Recipe_Thematic_Unit (recipe_id, thematic_unit_id) VALUES (86, 3);

INSERT INTO Recipe (recipe_type, name, national_cuisine_id, difficulty_level, description, tip1, cooking_time, prep_time, portions, basic_ingredient_id, image_id) VALUES ('pastry', 'Sugar Cookies', 18, 4, 'Up peace myself camera if you ahead. Director drive religious side old. Follow economic bill when economy available dark.', 'you need to use your hands', 65, 10, 7, 163, 115);

INSERT INTO Step (recipe_id, order_number, description) VALUES (87, 1, 'Protect suffer late whose so water.');

INSERT INTO Step (recipe_id, order_number, description) VALUES (87, 2, 'Item cold contain accept college new military from.');

INSERT INTO Step (recipe_id, order_number, description) VALUES (87, 3, 'Positive add to study.');

INSERT INTO Step (recipe_id, order_number, description) VALUES (87, 4, 'Others treat ready treat ask low.');

INSERT INTO Step (recipe_id, order_number, description) VALUES (87, 5, 'Order scene particularly movie.');

INSERT INTO Step (recipe_id, order_number, description) VALUES (87, 6, 'Cut worker record people.');

INSERT INTO Nutritional_Info (recipe_id, fat_per_portion, carbs_per_portion, protein_per_portion) VALUES (87, 353, 125, 191);

INSERT INTO Recipe_Meal_Type (recipe_id, meal_type_id) VALUES (87, 1);

INSERT INTO Recipe_Meal_Type (recipe_id, meal_type_id) VALUES (87, 4);

INSERT INTO Recipe_Meal_Type (recipe_id, meal_type_id) VALUES (87, 6);

INSERT INTO Recipe_Label (recipe_id, label_id) VALUES (87, 3);

INSERT INTO Recipe_Label (recipe_id, label_id) VALUES (87, 7);

INSERT INTO Recipe_Label (recipe_id, label_id) VALUES (87, 9);

INSERT INTO Recipe_Label (recipe_id, label_id) VALUES (87, 8);

INSERT INTO Recipe_Equipment (recipe_id, equipment_id) VALUES (87, 11);

INSERT INTO Recipe_Equipment (recipe_id, equipment_id) VALUES (87, 28);

INSERT INTO Recipe_Equipment (recipe_id, equipment_id) VALUES (87, 10);

INSERT INTO Recipe_Equipment (recipe_id, equipment_id) VALUES (87, 9);

INSERT INTO Recipe_Equipment (recipe_id, equipment_id) VALUES (87, 48);

INSERT INTO Recipe_Equipment (recipe_id, equipment_id) VALUES (87, 5);

INSERT INTO Recipe_Equipment (recipe_id, equipment_id) VALUES (87, 3);

INSERT INTO Recipe_Ingredient (recipe_id, ingredient_id, portion) VALUES (87, 144, 7);

INSERT INTO Recipe_Ingredient (recipe_id, ingredient_id, portion) VALUES (87, 155, 1);

INSERT INTO Recipe_Ingredient (recipe_id, ingredient_id, portion) VALUES (87, 196, 3);

INSERT INTO Recipe_Ingredient (recipe_id, ingredient_id, portion) VALUES (87, 34, 5);

INSERT INTO Recipe_Ingredient (recipe_id, ingredient_id, portion) VALUES (87, 2, 8);

INSERT INTO Recipe_Ingredient (recipe_id, ingredient_id, portion) VALUES (87, 176, 1);

INSERT INTO Recipe_Ingredient (recipe_id, ingredient_id, portion) VALUES (87, 188, 3);

INSERT INTO Recipe_Ingredient (recipe_id, ingredient_id, portion) VALUES (87, 78, 3);

INSERT INTO Recipe_Ingredient (recipe_id, ingredient_id, portion) VALUES (87, 151, 7);

INSERT INTO Recipe_Ingredient (recipe_id, ingredient_id, portion) VALUES (87, 165, 5);

INSERT INTO Recipe_Ingredient (recipe_id, ingredient_id, portion) VALUES (87, 36, 1);

INSERT INTO Recipe_Ingredient (recipe_id, ingredient_id, portion) VALUES (87, 95, 2);

INSERT INTO Recipe_Ingredient (recipe_id, ingredient_id, portion) VALUES (87, 109, 3);

INSERT INTO Recipe_Ingredient (recipe_id, ingredient_id, portion) VALUES (87, 127, 6);

INSERT INTO Recipe_Ingredient (recipe_id, ingredient_id, portion) VALUES (87, 63, 4);

INSERT INTO Recipe_Ingredient (recipe_id, ingredient_id, portion) VALUES (87, 89, 6);

INSERT INTO Recipe_Ingredient (recipe_id, ingredient_id, portion) VALUES (87, 131, 3);

INSERT INTO Recipe_Ingredient (recipe_id, ingredient_id, portion) VALUES (87, 120, 8);

INSERT INTO Recipe_Ingredient (recipe_id, ingredient_id, portion) VALUES (87, 103, 1);

INSERT INTO Recipe_Ingredient (recipe_id, ingredient_id, portion) VALUES (87, 97, 4);

INSERT INTO Recipe_Thematic_Unit (recipe_id, thematic_unit_id) VALUES (87, 5);

INSERT INTO Recipe_Thematic_Unit (recipe_id, thematic_unit_id) VALUES (87, 12);

INSERT INTO Recipe (recipe_type, name, national_cuisine_id, difficulty_level, description, tip1, tip2, tip3, cooking_time, prep_time, portions, basic_ingredient_id, image_id) VALUES ('cooking', 'Potato Curry', 18, 1, 'Guy just book everything everything feel. Increase others employee indeed project fill meet.', 'better with butter instead of milk', 'you need small cups', 'you need a lot of bowls', 100, 4, 4, 31, 116);

INSERT INTO Step (recipe_id, order_number, description) VALUES (88, 1, 'Financial cold despite arrive five boy training.');

INSERT INTO Step (recipe_id, order_number, description) VALUES (88, 2, 'Cold team or policy plant.');

INSERT INTO Step (recipe_id, order_number, description) VALUES (88, 3, 'Common as true law game television.');

INSERT INTO Step (recipe_id, order_number, description) VALUES (88, 4, 'Opportunity from certainly.');

INSERT INTO Nutritional_Info (recipe_id, fat_per_portion, carbs_per_portion, protein_per_portion) VALUES (88, 288, 181, 86);

INSERT INTO Recipe_Meal_Type (recipe_id, meal_type_id) VALUES (88, 6);

INSERT INTO Recipe_Label (recipe_id, label_id) VALUES (88, 10);

INSERT INTO Recipe_Label (recipe_id, label_id) VALUES (88, 4);

INSERT INTO Recipe_Equipment (recipe_id, equipment_id) VALUES (88, 26);

INSERT INTO Recipe_Equipment (recipe_id, equipment_id) VALUES (88, 23);

INSERT INTO Recipe_Equipment (recipe_id, equipment_id) VALUES (88, 11);

INSERT INTO Recipe_Equipment (recipe_id, equipment_id) VALUES (88, 41);

INSERT INTO Recipe_Equipment (recipe_id, equipment_id) VALUES (88, 27);

INSERT INTO Recipe_Equipment (recipe_id, equipment_id) VALUES (88, 34);

INSERT INTO Recipe_Equipment (recipe_id, equipment_id) VALUES (88, 1);

INSERT INTO Recipe_Equipment (recipe_id, equipment_id) VALUES (88, 48);

INSERT INTO Recipe_Equipment (recipe_id, equipment_id) VALUES (88, 36);

INSERT INTO Recipe_Equipment (recipe_id, equipment_id) VALUES (88, 33);

INSERT INTO Recipe_Ingredient (recipe_id, ingredient_id, portion) VALUES (88, 130, 2);

INSERT INTO Recipe_Ingredient (recipe_id, ingredient_id, portion) VALUES (88, 62, 1);

INSERT INTO Recipe_Ingredient (recipe_id, ingredient_id, portion) VALUES (88, 127, 4);

INSERT INTO Recipe_Ingredient (recipe_id, ingredient_id, portion) VALUES (88, 146, 5);

INSERT INTO Recipe_Ingredient (recipe_id, ingredient_id, portion) VALUES (88, 144, 4);

INSERT INTO Recipe_Ingredient (recipe_id, ingredient_id, portion) VALUES (88, 190, 3);

INSERT INTO Recipe_Ingredient (recipe_id, ingredient_id, portion) VALUES (88, 120, 3);

INSERT INTO Recipe_Ingredient (recipe_id, ingredient_id, portion) VALUES (88, 53, 7);

INSERT INTO Recipe_Ingredient (recipe_id, ingredient_id, portion) VALUES (88, 161, 5);

INSERT INTO Recipe_Ingredient (recipe_id, ingredient_id, portion) VALUES (88, 46, 4);

INSERT INTO Recipe_Ingredient (recipe_id, ingredient_id, portion) VALUES (88, 94, 4);

INSERT INTO Recipe_Ingredient (recipe_id, ingredient_id, portion) VALUES (88, 174, 5);

INSERT INTO Recipe_Ingredient (recipe_id, ingredient_id, portion) VALUES (88, 162, 1);

INSERT INTO Recipe_Ingredient (recipe_id, ingredient_id, portion) VALUES (88, 18, 8);

INSERT INTO Recipe_Thematic_Unit (recipe_id, thematic_unit_id) VALUES (88, 13);

INSERT INTO Recipe_Thematic_Unit (recipe_id, thematic_unit_id) VALUES (88, 9);

INSERT INTO Recipe (recipe_type, name, national_cuisine_id, difficulty_level, description, tip1, cooking_time, prep_time, portions, basic_ingredient_id, image_id) VALUES ('pastry', 'Bucatini all Amatriciana', 18, 5, 'Build teach perform. Tonight life pattern thousand third nice station.', 'you need a lot of time', 145, 22, 2, 172, 117);

INSERT INTO Step (recipe_id, order_number, description) VALUES (89, 1, 'Tonight network forward of page of her.');

INSERT INTO Step (recipe_id, order_number, description) VALUES (89, 2, 'Great up arrive pretty.');

INSERT INTO Step (recipe_id, order_number, description) VALUES (89, 3, 'Us class buy eight pattern run knowledge buy.');

INSERT INTO Nutritional_Info (recipe_id, fat_per_portion, carbs_per_portion, protein_per_portion) VALUES (89, 154, 67, 88);

INSERT INTO Recipe_Meal_Type (recipe_id, meal_type_id) VALUES (89, 2);

INSERT INTO Recipe_Label (recipe_id, label_id) VALUES (89, 2);

INSERT INTO Recipe_Label (recipe_id, label_id) VALUES (89, 6);

INSERT INTO Recipe_Label (recipe_id, label_id) VALUES (89, 8);

INSERT INTO Recipe_Equipment (recipe_id, equipment_id) VALUES (89, 40);

INSERT INTO Recipe_Equipment (recipe_id, equipment_id) VALUES (89, 5);

INSERT INTO Recipe_Equipment (recipe_id, equipment_id) VALUES (89, 9);

INSERT INTO Recipe_Ingredient (recipe_id, ingredient_id, portion) VALUES (89, 63, 6);

INSERT INTO Recipe_Ingredient (recipe_id, ingredient_id, portion) VALUES (89, 175, 1);

INSERT INTO Recipe_Ingredient (recipe_id, ingredient_id, portion) VALUES (89, 196, 6);

INSERT INTO Recipe_Ingredient (recipe_id, ingredient_id, portion) VALUES (89, 111, 3);

INSERT INTO Recipe_Ingredient (recipe_id, ingredient_id, portion) VALUES (89, 136, 1);

INSERT INTO Recipe_Ingredient (recipe_id, ingredient_id, portion) VALUES (89, 33, 6);

INSERT INTO Recipe_Ingredient (recipe_id, ingredient_id, portion) VALUES (89, 6, 6);

INSERT INTO Recipe_Ingredient (recipe_id, ingredient_id, portion) VALUES (89, 40, 7);

INSERT INTO Recipe_Ingredient (recipe_id, ingredient_id, portion) VALUES (89, 80, 8);

INSERT INTO Recipe_Ingredient (recipe_id, ingredient_id, portion) VALUES (89, 67, 8);

INSERT INTO Recipe_Ingredient (recipe_id, ingredient_id, portion) VALUES (89, 54, 3);

INSERT INTO Recipe_Ingredient (recipe_id, ingredient_id, portion) VALUES (89, 62, 1);

INSERT INTO Recipe_Ingredient (recipe_id, ingredient_id, portion) VALUES (89, 112, 4);

INSERT INTO Recipe_Thematic_Unit (recipe_id, thematic_unit_id) VALUES (89, 13);

INSERT INTO Recipe_Thematic_Unit (recipe_id, thematic_unit_id) VALUES (89, 9);

INSERT INTO Recipe (recipe_type, name, national_cuisine_id, difficulty_level, description, tip1, tip2, cooking_time, prep_time, portions, basic_ingredient_id, image_id) VALUES ('pastry', 'Brioche Chocolate Rolls', 19, 5, 'Nice minute into why power ten. Manager mean seek. Often tax unit national reason today.', 'you can use leftovers', 'you need to use your hands', 134, 20, 4, 175, 118);

INSERT INTO Step (recipe_id, order_number, description) VALUES (90, 1, 'Tough arrive become record.');

INSERT INTO Step (recipe_id, order_number, description) VALUES (90, 2, 'Unit as building instead agency news answer.');

INSERT INTO Step (recipe_id, order_number, description) VALUES (90, 3, 'Minute small least entire him keep manage.');

INSERT INTO Step (recipe_id, order_number, description) VALUES (90, 4, 'Hotel believe yes technology truth thought.');

INSERT INTO Step (recipe_id, order_number, description) VALUES (90, 5, 'Compare news nice color what her matter.');

INSERT INTO Step (recipe_id, order_number, description) VALUES (90, 6, 'Whatever determine successful explain during.');

INSERT INTO Nutritional_Info (recipe_id, fat_per_portion, carbs_per_portion, protein_per_portion) VALUES (90, 325, 144, 190);

INSERT INTO Recipe_Meal_Type (recipe_id, meal_type_id) VALUES (90, 1);

INSERT INTO Recipe_Label (recipe_id, label_id) VALUES (90, 5);

INSERT INTO Recipe_Label (recipe_id, label_id) VALUES (90, 10);

INSERT INTO Recipe_Label (recipe_id, label_id) VALUES (90, 4);

INSERT INTO Recipe_Label (recipe_id, label_id) VALUES (90, 7);

INSERT INTO Recipe_Equipment (recipe_id, equipment_id) VALUES (90, 29);

INSERT INTO Recipe_Equipment (recipe_id, equipment_id) VALUES (90, 3);

INSERT INTO Recipe_Equipment (recipe_id, equipment_id) VALUES (90, 32);

INSERT INTO Recipe_Equipment (recipe_id, equipment_id) VALUES (90, 17);

INSERT INTO Recipe_Equipment (recipe_id, equipment_id) VALUES (90, 2);

INSERT INTO Recipe_Equipment (recipe_id, equipment_id) VALUES (90, 40);

INSERT INTO Recipe_Ingredient (recipe_id, ingredient_id, portion) VALUES (90, 173, 6);

INSERT INTO Recipe_Ingredient (recipe_id, ingredient_id, portion) VALUES (90, 67, 3);

INSERT INTO Recipe_Ingredient (recipe_id, ingredient_id, portion) VALUES (90, 199, 7);

INSERT INTO Recipe_Ingredient (recipe_id, ingredient_id, portion) VALUES (90, 189, 6);

INSERT INTO Recipe_Ingredient (recipe_id, ingredient_id, portion) VALUES (90, 101, 7);

INSERT INTO Recipe_Ingredient (recipe_id, ingredient_id, portion) VALUES (90, 143, 7);

INSERT INTO Recipe_Ingredient (recipe_id, ingredient_id, portion) VALUES (90, 90, 5);

INSERT INTO Recipe_Ingredient (recipe_id, ingredient_id, portion) VALUES (90, 178, 1);

INSERT INTO Recipe_Ingredient (recipe_id, ingredient_id, portion) VALUES (90, 129, 6);

INSERT INTO Recipe_Ingredient (recipe_id, ingredient_id, portion) VALUES (90, 113, 8);

INSERT INTO Recipe_Ingredient (recipe_id, ingredient_id, portion) VALUES (90, 104, 8);

INSERT INTO Recipe_Ingredient (recipe_id, ingredient_id, portion) VALUES (90, 30, 6);

INSERT INTO Recipe_Ingredient (recipe_id, ingredient_id, portion) VALUES (90, 169, 8);

INSERT INTO Recipe_Ingredient (recipe_id, ingredient_id, portion) VALUES (90, 152, 1);

INSERT INTO Recipe_Ingredient (recipe_id, ingredient_id, portion) VALUES (90, 124, 8);

INSERT INTO Reci
pe_Ingredient (recipe_id, ingredient_id, portion) VALUES (90, 15, 1);

INSERT INTO Recipe_Thematic_Unit (recipe_id, thematic_unit_id) VALUES (90, 6);

INSERT INTO Recipe_Thematic_Unit (recipe_id, thematic_unit_id) VALUES (90, 10);

INSERT INTO Recipe_Thematic_Unit (recipe_id, thematic_unit_id) VALUES (90, 12);

INSERT INTO Recipe (recipe_type, name, national_cuisine_id, difficulty_level, description, tip1, tip2, cooking_time, prep_time, portions, basic_ingredient_id, image_id) VALUES ('pastry', 'Naan', 19, 2, 'Option do approach area decade report pull them. Main any old pull.', 'you need salt', 'you can use leftovers', 80, 40, 1, 144, 119);

INSERT INTO Step (recipe_id, order_number, description) VALUES (91, 1, 'Or join no significant.');

INSERT INTO Step (recipe_id, order_number, description) VALUES (91, 2, 'Those view energy pressure present.');

INSERT INTO Step (recipe_id, order_number, description) VALUES (91, 3, 'Challenge picture because soldier individual marriage decide why.');

INSERT INTO Step (recipe_id, order_number, description) VALUES (91, 4, 'Worker challenge something another factor prove action lawyer.');

INSERT INTO Nutritional_Info (recipe_id, fat_per_portion, carbs_per_portion, protein_per_portion) VALUES (91, 372, 19, 39);

INSERT INTO Recipe_Meal_Type (recipe_id, meal_type_id) VALUES (91, 6);

INSERT INTO Recipe_Meal_Type (recipe_id, meal_type_id) VALUES (91, 4);

INSERT INTO Recipe_Meal_Type (recipe_id, meal_type_id) VALUES (91, 1);

INSERT INTO Recipe_Label (recipe_id, label_id) VALUES (91, 5);

INSERT INTO Recipe_Label (recipe_id, label_id) VALUES (91, 10);

INSERT INTO Recipe_Label (recipe_id, label_id) VALUES (91, 6);

INSERT INTO Recipe_Label (recipe_id, label_id) VALUES (91, 4);

INSERT INTO Recipe_Equipment (recipe_id, equipment_id) VALUES (91, 1);

INSERT INTO Recipe_Ingredient (recipe_id, ingredient_id, portion) VALUES (91, 37, 7);

INSERT INTO Recipe_Ingredient (recipe_id, ingredient_id, portion) VALUES (91, 87, 1);

INSERT INTO Recipe_Ingredient (recipe_id, ingredient_id, portion) VALUES (91, 153, 5);

INSERT INTO Recipe_Ingredient (recipe_id, ingredient_id, portion) VALUES (91, 176, 1);

INSERT INTO Recipe_Ingredient (recipe_id, ingredient_id, portion) VALUES (91, 21, 2);

INSERT INTO Recipe_Ingredient (recipe_id, ingredient_id, portion) VALUES (91, 107, 4);

INSERT INTO Recipe_Ingredient (recipe_id, ingredient_id, portion) VALUES (91, 42, 8);

INSERT INTO Recipe_Ingredient (recipe_id, ingredient_id, portion) VALUES (91, 69, 1);

INSERT INTO Recipe_Ingredient (recipe_id, ingredient_id, portion) VALUES (91, 34, 7);

INSERT INTO Recipe_Ingredient (recipe_id, ingredient_id, portion) VALUES (91, 118, 5);

INSERT INTO Recipe_Thematic_Unit (recipe_id, thematic_unit_id) VALUES (91, 10);

INSERT INTO Recipe_Thematic_Unit (recipe_id, thematic_unit_id) VALUES (91, 9);

INSERT INTO Recipe_Thematic_Unit (recipe_id, thematic_unit_id) VALUES (91, 12);

INSERT INTO Recipe (recipe_type, name, national_cuisine_id, difficulty_level, description, tip1, tip2, cooking_time, prep_time, portions, basic_ingredient_id, image_id) VALUES ('cooking', 'Lemon Poppy Seed Scones', 19, 4, 'Machine watch address man theory. Put us our off result employee. Last training development.', 'good with honey', 'you can store iy outside the fridge', 38, 4, 1, 150, 120);

INSERT INTO Step (recipe_id, order_number, description) VALUES (92, 1, 'Event investment trip record thank let.');

INSERT INTO Step (recipe_id, order_number, description) VALUES (92, 2, 'Worry available scientist hope indicate first.');

INSERT INTO Step (recipe_id, order_number, description) VALUES (92, 3, 'Page teach without.');

INSERT INTO Step (recipe_id, order_number, description) VALUES (92, 4, 'Billion back different.');

INSERT INTO Step (recipe_id, order_number, description) VALUES (92, 5, 'Condition choice list age more result indicate.');

INSERT INTO Step (recipe_id, order_number, description) VALUES (92, 6, 'Current wife American fast real.');

INSERT INTO Step (recipe_id, order_number, description) VALUES (92, 7, 'Save cut pass focus reality.');

INSERT INTO Step (recipe_id, order_number, description) VALUES (92, 8, 'Teach young hotel coach.');

INSERT INTO Nutritional_Info (recipe_id, fat_per_portion, carbs_per_portion, protein_per_portion) VALUES (92, 138, 93, 176);

INSERT INTO Recipe_Meal_Type (recipe_id, meal_type_id) VALUES (92, 5);

INSERT INTO Recipe_Meal_Type (recipe_id, meal_type_id) VALUES (92, 6);

INSERT INTO Recipe_Meal_Type (recipe_id, meal_type_id) VALUES (92, 1);

INSERT INTO Recipe_Label (recipe_id, label_id) VALUES (92, 9);

INSERT INTO Recipe_Equipment (recipe_id, equipment_id) VALUES (92, 37);

INSERT INTO Recipe_Equipment (recipe_id, equipment_id) VALUES (92, 35);

INSERT INTO Recipe_Equipment (recipe_id, equipment_id) VALUES (92, 20);

INSERT INTO Recipe_Equipment (recipe_id, equipment_id) VALUES (92, 13);

INSERT INTO Recipe_Equipment (recipe_id, equipment_id) VALUES (92, 38);

INSERT INTO Recipe_Equipment (recipe_id, equipment_id) VALUES (92, 12);

INSERT INTO Recipe_Equipment (recipe_id, equipment_id) VALUES (92, 18);

INSERT INTO Recipe_Equipment (recipe_id, equipment_id) VALUES (92, 8);

INSERT INTO Recipe_Equipment (recipe_id, equipment_id) VALUES (92, 48);

INSERT INTO Recipe_Equipment (recipe_id, equipment_id) VALUES (92, 28);

INSERT INTO Recipe_Ingredient (recipe_id, ingredient_id, portion) VALUES (92, 36, 3);

INSERT INTO Recipe_Ingredient (recipe_id, ingredient_id, portion) VALUES (92, 76, 4);

INSERT INTO Recipe_Ingredient (recipe_id, ingredient_id, portion) VALUES (92, 171, 1);

INSERT INTO Recipe_Thematic_Unit (recipe_id, thematic_unit_id) VALUES (92, 6);

INSERT INTO Recipe (recipe_type, name, national_cuisine_id, difficulty_level, description, tip1, tip2, tip3, cooking_time, prep_time, portions, basic_ingredient_id, image_id) VALUES ('pastry', 'Balsamic Dijon Root Vegetables', 19, 1, 'Break at sell effort low. Human popular citizen film.', 'it needs a fridge', 'it needs a fridge', 'you need to use your hands', 65, 44, 5, 95, 121);

INSERT INTO Step (recipe_id, order_number, description) VALUES (93, 1, 'Will staff natural both.');

INSERT INTO Step (recipe_id, order_number, description) VALUES (93, 2, 'Tax beat whether commercial family every.');

INSERT INTO Step (recipe_id, order_number, description) VALUES (93, 3, 'Provide anyone card kid keep performance.');

INSERT INTO Nutritional_Info (recipe_id, fat_per_portion, carbs_per_portion, protein_per_portion) VALUES (93, 214, 159, 214);

INSERT INTO Recipe_Meal_Type (recipe_id, meal_type_id) VALUES (93, 4);

INSERT INTO Recipe_Meal_Type (recipe_id, meal_type_id) VALUES (93, 1);

INSERT INTO Recipe_Label (recipe_id, label_id) VALUES (93, 3);

INSERT INTO Recipe_Label (recipe_id, label_id) VALUES (93, 6);

INSERT INTO Recipe_Label (recipe_id, label_id) VALUES (93, 9);

INSERT INTO Recipe_Equipment (recipe_id, equipment_id) VALUES (93, 33);

INSERT INTO Recipe_Equipment (recipe_id, equipment_id) VALUES (93, 47);

INSERT INTO Recipe_Equipment (recipe_id, equipment_id) VALUES (93, 43);

INSERT INTO Recipe_Equipment (recipe_id, equipment_id) VALUES (93, 40);

INSERT INTO Recipe_Equipment (recipe_id, equipment_id) VALUES (93, 49);

INSERT INTO Recipe_Equipment (recipe_id, equipment_id) VALUES (93, 10);

INSERT INTO Recipe_Equipment (recipe_id, equipment_id) VALUES (93, 26);

INSERT INTO Recipe_Equipment (recipe_id, equipment_id) VALUES (93, 6);

INSERT INTO Recipe_Equipment (recipe_id, equipment_id) VALUES (93, 45);

INSERT INTO Recipe_Ingredient (recipe_id, ingredient_id, portion) VALUES (93, 123, 6);

INSERT INTO Recipe_Ingredient (recipe_id, ingredient_id, portion) VALUES (93, 99, 2);

INSERT INTO Recipe_Ingredient (recipe_id, ingredient_id, portion) VALUES (93, 32, 8);

INSERT INTO Recipe_Ingredient (recipe_id, ingredient_id, portion) VALUES (93, 68, 6);

INSERT INTO Recipe_Ingredient (recipe_id, ingredient_id, portion) VALUES (93, 71, 3);

INSERT INTO Recipe_Ingredient (recipe_id, ingredient_id, portion) VALUES (93, 40, 7);

INSERT INTO Recipe_Ingredient (recipe_id, ingredient_id, portion) VALUES (93, 101, 6);

INSERT INTO Recipe_Ingredient (recipe_id, ingredient_id, portion) VALUES (93, 53, 2);

INSERT INTO Recipe_Thematic_Unit (recipe_id, thematic_unit_id) VALUES (93, 11);

INSERT INTO Recipe (recipe_type, name, national_cuisine_id, difficulty_level, description, tip1, cooking_time, prep_time, portions, basic_ingredient_id, image_id) VALUES ('pastry', 'Best Baked Chicken Legs', 19, 2, 'Later newspaper this pick not enter take. Need important reality behavior actually.', 'you have to be careful not to let it get stack', 71, 23, 8, 95, 122);

INSERT INTO Step (recipe_id, order_number, description) VALUES (94, 1, 'Provide against season actually memory word.');

INSERT INTO Step (recipe_id, order_number, description) VALUES (94, 2, 'Point popular maybe us fast would.');

INSERT INTO Step (recipe_id, order_number, description) VALUES (94, 3, 'Move mind maintain smile.');

INSERT INTO Step (recipe_id, order_number, description) VALUES (94, 4, 'Career defense wrong just particularly here great.');

INSERT INTO Step (recipe_id, order_number, description) VALUES (94, 5, 'Study across own culture shoulder well must.');

INSERT INTO Step (recipe_id, order_number, description) VALUES (94, 6, 'Back either city season.');

INSERT INTO Nutritional_Info (recipe_id, fat_per_portion, carbs_per_portion, protein_per_portion) VALUES (94, 37, 94, 68);

INSERT INTO Recipe_Meal_Type (recipe_id, meal_type_id) VALUES (94, 3);

INSERT INTO Recipe_Meal_Type (recipe_id, meal_type_id) VALUES (94, 2);

INSERT INTO Recipe_Label (recipe_id, label_id) VALUES (94, 10);

INSERT INTO Recipe_Equipment (recipe_id, equipment_id) VALUES (94, 44);

INSERT INTO Recipe_Equipment (recipe_id, equipment_id) VALUES (94, 4);

INSERT INTO Recipe_Equipment (recipe_id, equipment_id) VALUES (94, 24);

INSERT INTO Recipe_Equipment (recipe_id, equipment_id) VALUES (94, 14);

INSERT INTO Recipe_Equipment (recipe_id, equipment_id) VALUES (94, 10);

INSERT INTO Recipe_Equipment (recipe_id, equipment_id) VALUES (94, 50);

INSERT INTO Recipe_Equipment (recipe_id, equipment_id) VALUES (94, 6);

INSERT INTO Recipe_Equipment (recipe_id, equipment_id) VALUES (94, 20);

INSERT INTO Recipe_Equipment (recipe_id, equipment_id) VALUES (94, 8);

INSERT INTO Recipe_Equipment (recipe_id, equipment_id) VALUES (94, 11);

INSERT INTO Recipe_Ingredient (recipe_id, ingredient_id, portion) VALUES (94, 143, 1);

INSERT INTO Recipe_Ingredient (recipe_id, ingredient_id, portion) VALUES (94, 36, 4);

INSERT INTO Recipe_Ingredient (recipe_id, ingredient_id, portion) VALUES (94, 137, 8);

INSERT INTO Recipe_Ingredient (recipe_id, ingredient_id, portion) VALUES (94, 127, 2);

INSERT INTO Recipe_Ingredient (recipe_id, ingredient_id, portion) VALUES (94, 87, 6);

INSERT INTO Recipe_Ingredient (recipe_id, ingredient_id, portion) VALUES (94, 95, 1);

INSERT INTO Recipe_Ingredient (recipe_id, ingredient_id, portion) VALUES (94, 194, 6);

INSERT INTO Recipe_Ingredient (recipe_id, ingredient_id, portion) VALUES (94, 160, 6);

INSERT INTO Recipe_Ingredient (recipe_id, ingredient_id, portion) VALUES (94, 8, 1);

INSERT INTO Recipe_Ingredient (recipe_id, ingredient_id, portion) VALUES (94, 150, 6);

INSERT INTO Recipe_Ingredient (recipe_id, ingredient_id, portion) VALUES (94, 183, 8);

INSERT INTO Recipe_Ingredient (recipe_id, ingredient_id, portion) VALUES (94, 122, 1);

INSERT INTO Recipe_Ingredient (recipe_id, ingredient_id, portion) VALUES (94, 175, 7);

INSERT INTO Recipe_Thematic_Unit (recipe_id, thematic_unit_id) VALUES (94, 10);

INSERT INTO Recipe_Thematic_Unit (recipe_id, thematic_unit_id) VALUES (94, 13);

INSERT INTO Recipe_Thematic_Unit (recipe_id, thematic_unit_id) VALUES (94, 9);

INSERT INTO Recipe (recipe_type, name, national_cuisine_id, difficulty_level, description, tip1, tip2, cooking_time, prep_time, portions, basic_ingredient_id, image_id) VALUES ('pastry', 'Spanish Lentil Soup', 20, 4, 'One on watch network art. Late article seem effect.', 'you need a lot of time', 'better without sugar', 131, 36, 4, 119, 123);

INSERT INTO Step (recipe_id, order_number, description) VALUES (95, 1, 'Market how process condition top treatment.');

INSERT INTO Nutritional_Info (recipe_id, fat_per_portion, carbs_per_portion, protein_per_portion) VALUES (95, 231, 44, 60);

INSERT INTO Recipe_Meal_Type (recipe_id, meal_type_id) VALUES (95, 1);

INSERT INTO Recipe_Meal_Type (recipe_id, meal_type_id) VALUES (95, 4);

INSERT INTO Recipe_Meal_Type (recipe_id, meal_type_id) VALUES (95, 3);

INSERT INTO Recipe_Label (recipe_id, label_id) VALUES (95, 4);

INSERT INTO Recipe_Label (recipe_id, label_id) VALUES (95, 3);

INSERT INTO Recipe_Label (recipe_id, label_id) VALUES (95, 1);

INSERT INTO Recipe_Equipment (recipe_id, equipment_id) VALUES (95, 19);

INSERT INTO Recipe_Equipment (recipe_id, equipment_id) VALUES (95, 7);

INSERT INTO Recipe_Equipment (recipe_id, equipment_id) VALUES (95, 2);

INSERT INTO Recipe_Equipment (recipe_id, equipment_id) VALUES (95, 12);

INSERT INTO Recipe_Equipment (recipe_id, equipment_id) VALUES (95, 34);

INSERT INTO Recipe_Equipment (recipe_id, equipment_id) VALUES (95, 29);

INSERT INTO Recipe_Equipment (recipe_id, equipment_id) VALUES (95, 42);

INSERT INTO Recipe_Equipment (recipe_id, equipment_id) VALUES (95, 28);

INSERT INTO Recipe_Equipment (recipe_id, equipment_id) VALUES (95, 30);

INSERT INTO Recipe_Equipment (recipe_id, equipment_id) VALUES (95, 26);

INSERT INTO Recipe_Ingredient (recipe_id, ingredient_id, portion) VALUES (95, 144, 2);

INSERT INTO Recipe_Ingredient (recipe_id, ingredient_id, portion) VALUES (95, 56, 1);

INSERT INTO Recipe_Ingredient (recipe_id, ingredient_id, portion) VALUES (95, 189, 5);

INSERT INTO Recipe_Ingredient (recipe_id, ingredient_id, portion) VALUES (95, 118, 3);

INSERT INTO Recipe_Ingredient (recipe_id, ingredient_id, portion) VALUES (95, 69, 3);

INSERT INTO Recipe_Ingredient (recipe_id, ingredient_id, portion) VALUES (95, 89, 7);

INSERT INTO Recipe_Ingredient (recipe_id, ingredient_id, portion) VALUES (95, 195, 6);

INSERT INTO Recipe_Ingredient (recipe_id, ingredient_id, portion) VALUES (95, 178, 5);

INSERT INTO Recipe_Ingredient (recipe_id, ingredient_id, portion) VALUES (95, 102, 1);

INSERT INTO Recipe_Ingredient (recipe_id, ingredient_id, portion) VALUES (95, 47, 2);

INSERT INTO Recipe_Ingredient (recipe_id, ingredient_id, portion) VALUES (95, 34, 7);

INSERT INTO Recipe_Ingredient (recipe_id, ingredient_id, portion) VALUES (95, 10, 4);

INSERT INTO Recipe_Ingredient (recipe_id, ingredient_id, portion) VALUES (95, 37, 6);

INSERT INTO Recipe_Ingredient (recipe_id, ingredient_id, portion) VALUES (95, 186, 7);

INSERT INTO Recipe_Thematic_Unit (recipe_id, thematic_unit_id) VALUES (95, 12);

INSERT INTO Recipe_Thematic_Unit (recipe_id, thematic_unit_id) VALUES (95, 3);

INSERT INTO Recipe_Thematic_Unit (recipe_id, thematic_unit_id) VALUES (95, 5);

INSERT INTO Recipe (recipe_type, name, national_cuisine_id, difficulty_level, description, tip1, tip2, tip3, cooking_time, prep_time, portions, basic_ingredient_id, image_id) VALUES ('cooking', 'Chocolate Chip Irish Soda Bread', 20, 5, 'Probably bit enjoy social piece reach evidence. Ago citizen first citizen law. Article one mind issue.', 'good with honey', 'better without sugar', 'better with a blender', 51, 32, 1, 36, 124);

INSERT INTO Step (recipe_id, order_number, description) VALUES (96, 1, 'Wife account main least attention product join.');

INSERT INTO Step (recipe_id, order_number, description) VALUES (96, 2, 'Drug age call finally.');

INSERT INTO Step (recipe_id, order_number, description) VALUES (96, 3, 'Must something face law.');

INSERT INTO Step (recipe_id, order_number, description) VALUES (96, 4, 'Attorney college mention.');

INSERT INTO Nutritional_Info (recipe_id, fat_per_portion, carbs_per_portion, protein_per_portion) VALUES (96, 335, 139, 190);

INSERT INTO Recipe_Meal_Type (recipe_id, meal_type_id) VALUES (96, 5);

INSERT INTO Recipe_Meal_Type (recipe_id, meal_type_id) VALUES (96, 4);

INSERT INTO Recipe_Label (recipe_id, label_id) VALUES (96, 6);

INSERT INTO Recipe_Label (recipe_id, label_id) VALUES (96, 3);

INSERT INTO Recipe_Label (recipe_id, label_id) VALUES (96, 5);

INSERT INTO Recipe_Equipment (recipe_id, equipment_id) VALUES (96, 38);

INSERT INTO Recipe_Equipment (recipe_id, equipment_id) VALUES (96, 15);

INSERT INTO Recipe_Equipment (recipe_id, equipment_id) VALUES (96, 30);

INSERT INTO Recipe_Equipment (recipe_id, equipment_id) VALUES (96, 32);

INSERT INTO Recipe_Equipment (recipe_id, equipment_id) VALUES (96, 47);

INSERT INTO Recipe_Equipment (recipe_id, equipment_id) VALUES (96, 31);

INSERT INTO Recipe_Equipment (recipe_id, equipment_id) VALUES (96, 19);

INSERT INTO Recipe_Equipment (recipe_id, equipment_id) VALUES (96, 18);

INSERT INTO Recipe_Equipment (recipe_id, equipment_id) VALUES (96, 33);

INSERT INTO Recipe_Equipment (recipe_id, equipment_id) VALUES (96, 7);

INSERT INTO Recipe_Ingredient (recipe_id, ingredient_id, portion) VALUES (96, 23, 5);

INSERT INTO Recipe_Ingredient (recipe_id, ingredient_id, portion) VALUES (96, 17, 2);

INSERT INTO Recipe_Ingredient (recipe_id, ingredient_id, portion) VALUES (96, 186, 5);

INSERT INTO Recipe_Ingredient (recipe_id, ingredient_id, portion) VALUES (96, 104, 6);

INSERT INTO Recipe_Ingredient (recipe_id, ingredient_id, portion) VALUES (96, 94, 7);

INSERT INTO Recipe_Ingredient (recipe_id, ingredient_id, portion) VALUES (96, 24, 7);

INSERT INTO Recipe_Ingredient (recipe_id, ingredient_id, portion) VALUES (96, 177, 5);

INSERT INTO Recipe_Ingredient (recipe_id, ingredient_id, portion) VALUES (96, 176, 7);

INSERT INTO Recipe_Ingredient (recipe_id, ingredient_id, portion) VALUES (96, 106, 6);

INSERT INTO Recipe_Ingredient (recipe_id, ingredient_id, portion) VALUES (96, 71, 7);

INSERT INTO Recipe_Ingredient (recipe_id, ingredient_id, portion) VALUES (96, 82, 2);

INSERT INTO Recipe_Ingredient (recipe_id, ingredient_id, portion) VALUES (96, 1, 8);

INSERT INTO Recipe_Ingredient (recipe_id, ingredient_id, portion) VALUES (96, 77, 1);

INSERT INTO Recipe_Ingredient (recipe_id, ingredient_id, portion) VALUES (96, 88, 2);

INSERT INTO Recipe_Ingredient (recipe_id, ingredient_id, portion) VALUES (96, 161, 7);

INSERT INTO Recipe_Ingredient (recipe_id, ingredient_id, portion) VALUES (96, 150, 6);

INSERT INTO Recipe_Ingredient (recipe_id, ingredient_id, portion) VALUES (96, 68, 5);

INSERT INTO Recipe_Ingredient (recipe_id, ingredient_id, portion) VALUES (96, 5, 3);

INSERT INTO Recipe_Ingredient (recipe_id, ingredient_id, portion) VALUES (96, 170, 4);

INSERT INTO Recipe_Thematic_Unit (recipe_id, thematic_unit_id) VALUES (96, 3);

INSERT INTO Recipe (recipe_type, name, national_cuisine_id, difficulty_level, description, tip1, tip2, cooking_time, prep_time, portions, basic_ingredient_id, image_id) VALUES ('cooking', 'Malteese Gilatti', 20, 5, 'Education community standard involve option industry group. Affect she left less generation be. Thing safe nothing by clear election fire child.', 'in the fridge for 3 days', 'you need to be patient', 130, 41, 1, 14, 125);

INSERT INTO Step (recipe_id, order_number, description) VALUES (97, 1, 'Word throw southern charge ball.');

INSERT INTO Nutritional_Info (recipe_id, fat_per_portion, carbs_per_portion, protein_per_portion) VALUES (97, 45, 115, 32);

INSERT INTO Recipe_Meal_Type (recipe_id, meal_type_id) VALUES (97, 6);

INSERT INTO Recipe_Label (recipe_id, label_id) VALUES (97, 4);

INSERT INTO Recipe_Label (recipe_id, label_id) VALUES (97, 5);

INSERT INTO Recipe_Label (recipe_id, label_id) VALUES (97, 7);

INSERT INTO Recipe_Equipment (recipe_id, equipment_id) VALUES (97, 10);

INSERT INTO Recipe_Equipment (recipe_id, equipment_id) VALUES (97, 38);

INSERT INTO Recipe_Equipment (recipe_id, equipment_id) VALUES (97, 34);

INSERT INTO Recipe_Equipment (recipe_id, equipment_id) VALUES (97, 9);

INSERT INTO Recipe_Equipment (recipe_id, equipment_id) VALUES (97, 14);

INSERT INTO Recipe_Equipment (recipe_id, equipment_id) VALUES (97, 26);

INSERT INTO Recipe_Equipment (recipe_id, equipment_id) VALUES (97, 46);

INSERT INTO Recipe_Ingredient (recipe_id, ingredient_id, portion) VALUES (97, 185, 7);

INSERT INTO Recipe_Ingredient (recipe_id, ingredient_id, portion) VALUES (97, 148, 8);

INSERT INTO Recipe_Ingredient (recipe_id, ingredient_id, portion) VALUES (97, 150, 7);

INSERT INTO Recipe_Ingredient (recipe_id, ingredient_id, portion) VALUES (97, 184, 6);

INSERT INTO Recipe_Ingredient (recipe_id, ingredient_id, portion) VALUES (97, 27, 7);

INSERT INTO Recipe_Ingredient (recipe_id, ingredient_id, portion) VALUES (97, 166, 6);

INSERT INTO Recipe_Ingredient (recipe_id, ingredient_id, portion) VALUES (97, 37, 2);

INSERT INTO Recipe_Ingredient (recipe_id, ingredient_id, portion) VALUES (97, 34, 6);

INSERT INTO Recipe_Ingredient (recipe_id, ingredient_id, portion) VALUES (97, 42, 1);

INSERT INTO Recipe_Ingredient (recipe_id, ingredient_id, portion) VALUES (97, 93, 3);

INSERT INTO Recipe_Ingredient (recipe_id, ingredient_id, portion) VALUES (97, 96, 2);

INSERT INTO Recipe_Ingredient (recipe_id, ingredient_id, portion) VALUES (97, 165, 2);

INSERT INTO Recipe_Ingredient (recipe_id, ingredient_id, portion) VALUES (97, 109, 7);

INSERT INTO Recipe_Ingredient (recipe_id, ingredient_id, portion) VALUES (97, 120, 1);

INSERT INTO Recipe_Ingredient (recipe_id, ingredient_id, portion) VALUES (97, 67, 7);

INSERT INTO Recipe_Ingredient (recipe_id, ingredient_id, portion) VALUES (97, 139, 3);

INSERT INTO Recipe_Thematic_Unit (recipe_id, thematic_unit_id) VALUES (97, 14);

INSERT INTO Recipe_Thematic_Unit (recipe_id, thematic_unit_id) VALUES (97, 6);

INSERT INTO Recipe (recipe_type, name, national_cuisine_id, difficulty_level, description, tip1, cooking_time, prep_time, portions, basic_ingredient_id, image_id) VALUES ('pastry', 'Buckwheat Carrot and Onion', 20, 2, 'More firm different out mention institution newspaper training. Through agency necessary. Way turn the over treatment beautiful necessary.', 'better with butter instead of milk', 102, 34, 5, 189, 126);

INSERT INTO Step (recipe_id, order_number, description) VALUES (98, 1, 'Ten western generation together edge gas guy.');

INSERT INTO Step (recipe_id, order_number, description) VALUES (98, 2, 'My international provide common teach.');

INSERT INTO Step (recipe_id, order_number, description) VALUES (98, 3, 'Future situation election.');

INSERT INTO Step (recipe_id, order_number, description) VALUES (98, 4, 'Respond day sign parent officer half energy.');

INSERT INTO Step (recipe_id, order_number, description) VALUES (98, 5, 'Surface want three international claim never.');

INSERT INTO Step (recipe_id, order_number, description) VALUES (98, 6, 'Prepare especially stand set could how simple.');

INSERT INTO Step (recipe_id, order_number, description) VALUES (98, 7, 'Player man treatment end.');

INSERT INTO Nutritional_Info (recipe_id, fat_per_portion, carbs_per_portion, protein_per_portion) VALUES (98, 330, 172, 22);

INSERT INTO Recipe_Meal_Type (recipe_id, meal_type_id) VALUES (98, 2);

INSERT INTO Recipe_Label (recipe_id, label_id) VALUES (98, 1);

INSERT INTO Recipe_Label (recipe_id, label_id) VALUES (98, 2);

INSERT INTO Recipe_Equipment (recipe_id, equipment_id) VALUES (98, 1);

INSERT INTO Recipe_Equipment (recipe_id, equipment_id) VALUES (98, 32);

INSERT INTO Recipe_Equipment (recipe_id, equipment_id) VALUES (98, 25);

INSERT INTO Recipe_Ingredient (recipe_id, ingredient_id, portion) VALUES (98, 16, 4);

INSERT INTO Recipe_Ingredient (recipe_id, ingredient_id, portion) VALUES (98, 8, 6);

INSERT INTO Recipe_Ingredient (recipe_id, ingredient_id, portion) VALUES (98, 65, 3);

INSERT INTO Recipe_Ingredient (recipe_id, ingredient_id, portion) VALUES (98, 142, 3);

INSERT INTO Recipe_Ingredient (recipe_id, ingredient_id, portion) VALUES (98, 80, 3);

INSERT INTO Recipe_Ingredient (recipe_id, ingredient_id, portion) VALUES (98, 36, 4);

INSERT INTO Recipe_Ingredient (recipe_id, ingredient_id, portion) VALUES (98, 102, 8);

INSERT INTO Recipe_Ingredient (recipe_id, ingredient_id, portion) VALUES (98, 149, 1);

INSERT INTO Recipe_Ingredient (recipe_id, ingredient_id, portion) VALUES (98, 191, 2);

INSERT INTO Recipe_Ingredient (recipe_id, ingredient_id, portion) VALUES (98, 30, 7);

INSERT INTO Recipe_Ingredient (recipe_id, ingredient_id, portion) VALUES (98, 44, 2);

INSERT INTO Recipe_Ingredient (recipe_id, ingredient_id, portion) VALUES (98, 189, 5);

INSERT INTO Recipe_Ingredient (recipe_id, ingredient_id, portion) VALUES (98, 10, 5);

INSERT INTO Recipe_Ingredient (recipe_id, ingredient_id, portion) VALUES (98, 101, 1);

INSERT INTO Recipe_Thematic_Unit (recipe_id, thematic_unit_id) VALUES (98, 3);

INSERT INTO Recipe (recipe_type, name, national_cuisine_id, difficulty_level, description, tip1, cooking_time, prep_time, portions, basic_ingredient_id, image_id) VALUES ('pastry', 'Sweet Potatoes with Yogurt and Chickpeas', 20, 1, 'Style term employee Mrs she offer eight within. Among wear pass special ahead however best. Remember east note yeah man. Glass although character.', 'in the fridge for 3 days', 131, 7, 6, 42, 127);

INSERT INTO Step (recipe_id, order_number, description) VALUES (99, 1, 'Charge effort home performance board collection.');

INSERT INTO Step (recipe_id, order_number, description) VALUES (99, 2, 'Believe relationship board sing idea build special.');

INSERT INTO Nutritional_Info (recipe_id, fat_per_portion, carbs_per_portion, protein_per_portion) VALUES (99, 331, 99, 21);

INSERT INTO Recipe_Meal_Type (recipe_id, meal_type_id) VALUES (99, 5);

INSERT INTO Recipe_Label (recipe_id, label_id) VALUES (99, 7);

INSERT INTO Recipe_Label (recipe_id, label_id) VALUES (99, 3);

INSERT INTO Recipe_Label (recipe_id, label_id) VALUES (99, 5);

INSERT INTO Recipe_Equipment (recipe_id, equipment_id) VALUES (99, 38);

INSERT INTO Recipe_Equipment (recipe_id, equipment_id) VALUES (99, 1);

INSERT INTO Recipe_Equipment (recipe_id, equipment_id) VALUES (99, 26);

INSERT INTO Recipe_Equipment (recipe_id, equipment_id) VALUES (99, 5);

INSERT INTO Recipe_Equipment (recipe_id, equipment_id) VALUES (99, 44);

INSERT INTO Recipe_Equipment (recipe_id, equipment_id) VALUES (99, 40);

INSERT INTO Recipe_Equipment (recipe_id, equipment_id) VALUES (99, 8);

INSERT INTO Recipe_Equipment (recipe_id, equipment_id) VALUES (99, 14);

INSERT INTO Recipe_Equipment (recipe_id, equipment_id) VALUES (99, 47);

INSERT INTO Recipe_Ingredient (recipe_id, ingredient_id, portion) VALUES (99, 4, 4);

INSERT INTO Recipe_Ingredient (recipe_id, ingredient_id, portion) VALUES (99, 133, 7);

INSERT INTO Recipe_Ingredient (recipe_id, ingredient_id, portion) VALUES (99, 41, 2);

INSERT INTO Recipe_Thematic_Unit (recipe_id, thematic_unit_id) VALUES (99, 2);

INSERT INTO Recipe_Thematic_Unit (recipe_id, thematic_unit_id) VALUES (99, 7);

INSERT INTO Recipe_Thematic_Unit (recipe_id, thematic_unit_id) VALUES (99, 15);

INSERT INTO Recipe (recipe_type, name, national_cuisine_id, difficulty_level, description, tip1, tip2, tip3, cooking_time, prep_time, portions, basic_ingredient_id, image_id) VALUES ('pastry', 'Spanish Chickpeas', 21, 3, 'Likely win common. Force open picture worker bit small.', 'you need a lot of bowls', 'you need to be patient', 'better with feta cheese', 47, 25, 4, 108, 128);

INSERT INTO Step (recipe_id, order_number, description) VALUES (100, 1, 'Soon kid create military.');

INSERT INTO Nutritional_Info (recipe_id, fat_per_portion, carbs_per_portion, protein_per_portion) VALUES (100, 161, 194, 50);

INSERT INTO Recipe_Meal_Type (recipe_id, meal_type_id) VALUES (100, 1);

INSERT INTO Recipe_Meal_Type (recipe_id, meal_type_id) VALUES (100, 2);

INSERT INTO Recipe_Meal_Type (recipe_id, meal_type_id) VALUES (100, 5);

INSERT INTO Recipe_Label (recipe_id, label_id) VALUES (100, 5);

INSERT INTO Recipe_Label (recipe_id, label_id) VALUES (100, 1);

INSERT INTO Recipe_Label (recipe_id, label_id) VALUES (100, 3);

INSERT INTO Recipe_Equipment (recipe_id, equipment_id) VALUES (100, 15);

INSERT INTO Recipe_Equipment (recipe_id, equipment_id) VALUES (100, 14);

INSERT INTO Recipe_Equipment (recipe_id, equipment_id) VALUES (100, 45);

INSERT INTO Recipe_Equipment (recipe_id, equipment_id) VALUES (100, 21);

INSERT INTO Recipe_Equipment (recipe_id, equipment_id) VALUES (100, 11);

INSERT INTO Recipe_Equipment (recipe_id, equipment_id) VALUES (100, 25);

INSERT INTO Recipe_Equipment (recipe_id, equipment_id) VALUES (100, 23);

INSERT INTO Recipe_Equipment (recipe_id, equipment_id) VALUES (100, 19);

INSERT INTO Recipe_Equipment (recipe_id, equipment_id) VALUES (100, 41);

INSERT INTO Recipe_Ingredient (recipe_id, ingredient_id, portion) VALUES (100, 184, 3);

INSERT INTO Recipe_Ingredient (recipe_id, ingredient_id, portion) VALUES (100, 92, 4);

INSERT INTO Recipe_Ingredient (recipe_id, ingredient_id, portion) VALUES (100, 14, 4);

INSERT INTO Recipe_Ingredient (recipe_id, ingredient_id, portion) VALUES (100, 136, 6);

INSERT INTO Recipe_Ingredient (recipe_id, ingredient_id, portion) VALUES (100, 13, 5);

INSERT INTO Recipe_Ingredient (recipe_id, ingredient_id, portion) VALUES (100, 189, 7);

INSERT INTO Recipe_Ingredient (recipe_id, ingredient_id, portion) VALUES (100, 151, 2);

INSERT INTO Recipe_Ingredient (recipe_id, ingredient_id, portion) VALUES (100, 198, 5);

INSERT INTO Recipe_Ingredient (recipe_id, ingredient_id, portion) VALUES (100, 122, 5);

INSERT INTO Recipe_Ingredient (recipe_id, ingredient_id, portion) VALUES (100, 103, 6);

INSERT INTO Recipe_Ingredient (recipe_id, ingredient_id, portion) VALUES (100, 171, 5);

INSERT INTO Recipe_Thematic_Unit (recipe_id, thematic_unit_id) VALUES (100, 13);
