Χρησιμοποιείται 89% του αποθηκευτικού χώρου … Αν εξαντληθεί, δεν μπορείτε να δημιουργείτε, να επεξεργάζεστε και να ανεβάζετε αρχεία. Αποκτήστε 100 GB αποθηκευτικού χώρου με 1,99 € 0 € για 1 μήνα (εξατομικευμένη τιμή).
BEGIN;
INSERT INTO Recipe (recipe_type, name, national_cuisine_id, difficulty_level, description, tip1, tip2, tip3, cooking_time, prep_time, portions, basic_ingredient_id, image_id) VALUES ('cooking', 'Jamaican Jerk Chicken', 1, 1, 'Role own court near. Effort result here approach foreign born race. Worker cultural push section reality.', 'better with slow cooking', 'you need an oven', 'in the fridge for 3 days', 147, 27, 3, 196, 29);

INSERT INTO Step (recipe_id, order_number, description) VALUES (1, 1, 'Magazine hit occur eight notice either impact.');

INSERT INTO Step (recipe_id, order_number, description) VALUES (1, 2, 'City performance else level week such tough behavior.');

INSERT INTO Step (recipe_id, order_number, description) VALUES (1, 3, 'Quite key try population enter try space.');

INSERT INTO Step (recipe_id, order_number, description) VALUES (1, 4, 'Hour mission kid authority.');

INSERT INTO Step (recipe_id, order_number, description) VALUES (1, 5, 'Sing strong young.');

INSERT INTO Step (recipe_id, order_number, description) VALUES (1, 6, 'Have write ready bill discuss home.');

INSERT INTO Step (recipe_id, order_number, description) VALUES (1, 7, 'Consumer country vote writer.');

INSERT INTO Nutritional_Info (recipe_id, fat_per_portion, carbs_per_portion, protein_per_portion) VALUES (1, 340, 48, 161);

INSERT INTO Recipe_Meal_Type (recipe_id, meal_type_id) VALUES (1, 2);

INSERT INTO Recipe_Meal_Type (recipe_id, meal_type_id) VALUES (1, 3);

INSERT INTO Recipe_Label (recipe_id, label_id) VALUES (1, 5);

INSERT INTO Recipe_Equipment (recipe_id, equipment_id) VALUES (1, 35);

INSERT INTO Recipe_Equipment (recipe_id, equipment_id) VALUES (1, 31);

INSERT INTO Recipe_Equipment (recipe_id, equipment_id) VALUES (1, 42);

INSERT INTO Recipe_Equipment (recipe_id, equipment_id) VALUES (1, 5);

INSERT INTO Recipe_Equipment (recipe_id, equipment_id) VALUES (1, 32);

INSERT INTO Recipe_Equipment (recipe_id, equipment_id) VALUES (1, 8);

INSERT INTO Recipe_Equipment (recipe_id, equipment_id) VALUES (1, 24);

INSERT INTO Recipe_Equipment (recipe_id, equipment_id) VALUES (1, 27);

INSERT INTO Recipe_Ingredient (recipe_id, ingredient_id, portion) VALUES (1, 52, 6);

INSERT INTO Recipe_Ingredient (recipe_id, ingredient_id, portion) VALUES (1, 194, 7);

INSERT INTO Recipe_Ingredient (recipe_id, ingredient_id, portion) VALUES (1, 66, 8);

INSERT INTO Recipe_Ingredient (recipe_id, ingredient_id, portion) VALUES (1, 92, 4);

INSERT INTO Recipe_Ingredient (recipe_id, ingredient_id, portion) VALUES (1, 6, 7);

INSERT INTO Recipe_Ingredient (recipe_id, ingredient_id, portion) VALUES (1, 200, 4);

INSERT INTO Recipe_Ingredient (recipe_id, ingredient_id, portion) VALUES (1, 196, 1);

INSERT INTO Recipe_Thematic_Unit (recipe_id, thematic_unit_id) VALUES (1, 3);

INSERT INTO Recipe (recipe_type, name, national_cuisine_id, difficulty_level, description, tip1, cooking_time, prep_time, portions, basic_ingredient_id, image_id) VALUES ('cooking', 'Pasta Salad', 1, 1, 'Enough animal really read vote safe. Central should right require successful. Middle behavior simply partner along floor.', 'it needs a fridge', 129, 4, 7, 33, 30);

INSERT INTO Step (recipe_id, order_number, description) VALUES (2, 1, 'Course heart build threat middle maintain.');

INSERT INTO Step (recipe_id, order_number, description) VALUES (2, 2, 'Quite research late old learn risk.');

INSERT INTO Step (recipe_id, order_number, description) VALUES (2, 3, 'Technology personal Mr teacher administration argue.');

INSERT INTO Step (recipe_id, order_number, description) VALUES (2, 4, 'Available form red lead bar performance.');

INSERT INTO Nutritional_Info (recipe_id, fat_per_portion, carbs_per_portion, protein_per_portion) VALUES (2, 396, 66, 31);

INSERT INTO Recipe_Meal_Type (recipe_id, meal_type_id) VALUES (2, 5);

INSERT INTO Recipe_Meal_Type (recipe_id, meal_type_id) VALUES (2, 6);

INSERT INTO Recipe_Meal_Type (recipe_id, meal_type_id) VALUES (2, 3);

INSERT INTO Recipe_Label (recipe_id, label_id) VALUES (2, 6);

INSERT INTO Recipe_Label (recipe_id, label_id) VALUES (2, 8);

INSERT INTO Recipe_Label (recipe_id, label_id) VALUES (2, 10);

INSERT INTO Recipe_Label (recipe_id, label_id) VALUES (2, 4);

INSERT INTO Recipe_Equipment (recipe_id, equipment_id) VALUES (2, 20);

INSERT INTO Recipe_Equipment (recipe_id, equipment_id) VALUES (2, 36);

INSERT INTO Recipe_Equipment (recipe_id, equipment_id) VALUES (2, 22);

INSERT INTO Recipe_Equipment (recipe_id, equipment_id) VALUES (2, 14);

INSERT INTO Recipe_Ingredient (recipe_id, ingredient_id, portion) VALUES (2, 44, 4);

INSERT INTO Recipe_Ingredient (recipe_id, ingredient_id, portion) VALUES (2, 96, 1);

INSERT INTO Recipe_Ingredient (recipe_id, ingredient_id, portion) VALUES (2, 25, 2);

INSERT INTO Recipe_Ingredient (recipe_id, ingredient_id, portion) VALUES (2, 187, 8);

INSERT INTO Recipe_Ingredient (recipe_id, ingredient_id, portion) VALUES (2, 195, 6);

INSERT INTO Recipe_Ingredient (recipe_id, ingredient_id, portion) VALUES (2, 177, 1);

INSERT INTO Recipe_Ingredient (recipe_id, ingredient_id, portion) VALUES (2, 48, 5);

INSERT INTO Recipe_Ingredient (recipe_id, ingredient_id, portion) VALUES (2, 84, 8);

INSERT INTO Recipe_Ingredient (recipe_id, ingredient_id, portion) VALUES (2, 33, 3);

INSERT INTO Recipe_Thematic_Unit (recipe_id, thematic_unit_id) VALUES (2, 5);

INSERT INTO Recipe_Thematic_Unit (recipe_id, thematic_unit_id) VALUES (2, 4);

INSERT INTO Recipe_Thematic_Unit (recipe_id, thematic_unit_id) VALUES (2, 10);

INSERT INTO Recipe (recipe_type, name, national_cuisine_id, difficulty_level, description, tip1, tip2, tip3, cooking_time, prep_time, portions, basic_ingredient_id, image_id) VALUES ('pastry', 'Lasagna', 1, 4, 'Mean so meeting on wrong never successful.', 'you need small cups', 'better with a blender', 'you need an oven', 102, 25, 3, 123, 31);

INSERT INTO Step (recipe_id, order_number, description) VALUES (3, 1, 'Write better open least ahead.');

INSERT INTO Step (recipe_id, order_number, description) VALUES (3, 2, 'Dinner report performance give.');

INSERT INTO Step (recipe_id, order_number, description) VALUES (3, 3, 'Trial change bill especially audience carry question.');

INSERT INTO Nutritional_Info (recipe_id, fat_per_portion, carbs_per_portion, protein_per_portion) VALUES (3, 344, 146, 99);

INSERT INTO Recipe_Meal_Type (recipe_id, meal_type_id) VALUES (3, 1);

INSERT INTO Recipe_Label (recipe_id, label_id) VALUES (3, 10);

INSERT INTO Recipe_Label (recipe_id, label_id) VALUES (3, 3);

INSERT INTO Recipe_Equipment (recipe_id, equipment_id) VALUES (3, 25);

INSERT INTO Recipe_Equipment (recipe_id, equipment_id) VALUES (3, 3);

INSERT INTO Recipe_Equipment (recipe_id, equipment_id) VALUES (3, 42);

INSERT INTO Recipe_Equipment (recipe_id, equipment_id) VALUES (3, 17);

INSERT INTO Recipe_Equipment (recipe_id, equipment_id) VALUES (3, 31);

INSERT INTO Recipe_Equipment (recipe_id, equipment_id) VALUES (3, 47);

INSERT INTO Recipe_Equipment (recipe_id, equipment_id) VALUES (3, 14);

INSERT INTO Recipe_Equipment (recipe_id, equipment_id) VALUES (3, 1);

INSERT INTO Recipe_Ingredient (recipe_id, ingredient_id, portion) VALUES (3, 61, 1);

INSERT INTO Recipe_Ingredient (recipe_id, ingredient_id, portion) VALUES (3, 24, 1);

INSERT INTO Recipe_Ingredient (recipe_id, ingredient_id, portion) VALUES (3, 155, 6);

INSERT INTO Recipe_Ingredient (recipe_id, ingredient_id, portion) VALUES (3, 142, 8);

INSERT INTO Recipe_Ingredient (recipe_id, ingredient_id, portion) VALUES (3, 26, 4);

INSERT INTO Recipe_Ingredient (recipe_id, ingredient_id, portion) VALUES (3, 123, 1);

INSERT INTO Recipe_Thematic_Unit (recipe_id, thematic_unit_id) VALUES (3, 5);

INSERT INTO Recipe_Thematic_Unit (recipe_id, thematic_unit_id) VALUES (3, 14);

INSERT INTO Recipe (recipe_type, name, national_cuisine_id, difficulty_level, description, tip1, tip2, tip3, cooking_time, prep_time, portions, basic_ingredient_id, image_id) VALUES ('cooking', 'Hearty Pancakes', 1, 2, 'Player action machine oil these decade think. Just official chance before trade. Entire middle clearly five argue state increase.', 'better with slow cooking', 'better with a blender', 'you can store iy outside the fridge', 113, 28, 2, 75, 32);

INSERT INTO Step (recipe_id, order_number, description) VALUES (4, 1, 'Moment have hot total particularly box relate.');

INSERT INTO Step (recipe_id, order_number, description) VALUES (4, 2, 'Then each particularly mention.');

INSERT INTO Nutritional_Info (recipe_id, fat_per_portion, carbs_per_portion, protein_per_portion) VALUES (4, 250, 173, 134);

INSERT INTO Recipe_Meal_Type (recipe_id, meal_type_id) VALUES (4, 5);

INSERT INTO Recipe_Label (recipe_id, label_id) VALUES (4, 4);

INSERT INTO Recipe_Label (recipe_id, label_id) VALUES (4, 1);

INSERT INTO Recipe_Equipment (recipe_id, equipment_id) VALUES (4, 39);

INSERT INTO Recipe_Equipment (recipe_id, equipment_id) VALUES (4, 2);

INSERT INTO Recipe_Ingredient (recipe_id, ingredient_id, portion) VALUES (4, 152, 8);

INSERT INTO Recipe_Ingredient (recipe_id, ingredient_id, portion) VALUES (4, 7, 5);

INSERT INTO Recipe_Ingredient (recipe_id, ingredient_id, portion) VALUES (4, 148, 8);

INSERT INTO Recipe_Ingredient (recipe_id, ingredient_id, portion) VALUES (4, 61, 5);

INSERT INTO Recipe_Ingredient (recipe_id, ingredient_id, portion) VALUES (4, 75, 3);

INSERT INTO Recipe_Thematic_Unit (recipe_id, thematic_unit_id) VALUES (4, 4);

INSERT INTO Recipe_Thematic_Unit (recipe_id, thematic_unit_id) VALUES (4, 10);

INSERT INTO Recipe (recipe_type, name, national_cuisine_id, difficulty_level, description, tip1, tip2, tip3, cooking_time, prep_time, portions, basic_ingredient_id, image_id) VALUES ('pastry', 'Summer Garden Couscous Salad', 1, 5, 'Family suddenly see wrong door.', 'better without sugar', 'you need small cups', 'you need a lot of bowls', 46, 28, 5, 53, 33);

INSERT INTO Step (recipe_id, order_number, description) VALUES (5, 1, 'Debate but herself argue major.');

INSERT INTO Step (recipe_id, order_number, description) VALUES (5, 2, 'Change day oil either.');

INSERT INTO Step (recipe_id, order_number, description) VALUES (5, 3, 'Maintain imagine power recently opportunity Mr teacher during.');

INSERT INTO Nutritional_Info (recipe_id, fat_per_portion, carbs_per_portion, protein_per_portion) VALUES (5, 385, 55, 24);

INSERT INTO Recipe_Meal_Type (recipe_id, meal_type_id) VALUES (5, 2);

INSERT INTO Recipe_Meal_Type (recipe_id, meal_type_id) VALUES (5, 3);

INSERT INTO Recipe_Meal_Type (recipe_id, meal_type_id) VALUES (5, 5);

INSERT INTO Recipe_Label (recipe_id, label_id) VALUES (5, 10);

INSERT INTO Recipe_Label (recipe_id, label_id) VALUES (5, 8);

INSERT INTO Recipe_Label (recipe_id, label_id) VALUES (5, 1);

INSERT INTO Recipe_Equipment (recipe_id, equipment_id) VALUES (5, 16);

INSERT INTO Recipe_Equipment (recipe_id, equipment_id) VALUES (5, 11);

INSERT INTO Recipe_Equipment (recipe_id, equipment_id) VALUES (5, 26);

INSERT INTO Recipe_Equipment (recipe_id, equipment_id) VALUES (5, 34);

INSERT INTO Recipe_Equipment (recipe_id, equipment_id) VALUES (5, 38);

INSERT INTO Recipe_Ingredient (recipe_id, ingredient_id, portion) VALUES (5, 19, 2);

INSERT INTO Recipe_Ingredient (recipe_id, ingredient_id, portion) VALUES (5, 98, 1);

INSERT INTO Recipe_Ingredient (recipe_id, ingredient_id, portion) VALUES (5, 186, 6);

INSERT INTO Recipe_Ingredient (recipe_id, ingredient_id, portion) VALUES (5, 133, 8);

INSERT INTO Recipe_Ingredient (recipe_id, ingredient_id, portion) VALUES (5, 111, 8);

INSERT INTO Recipe_Ingredient (recipe_id, ingredient_id, portion) VALUES (5, 136, 3);

INSERT INTO Recipe_Ingredient (recipe_id, ingredient_id, portion) VALUES (5, 97, 1);

INSERT INTO Recipe_Ingredient (recipe_id, ingredient_id, portion) VALUES (5, 184, 2);

INSERT INTO Recipe_Ingredient (recipe_id, ingredient_id, portion) VALUES (5, 147, 5);

INSERT INTO Recipe_Ingredient (recipe_id, ingredient_id, portion) VALUES (5, 191, 7);

INSERT INTO Recipe_Ingredient (recipe_id, ingredient_id, portion) VALUES (5, 38, 5);

INSERT INTO Recipe_Ingredient (recipe_id, ingredient_id, portion) VALUES (5, 168, 5);

INSERT INTO Recipe_Ingredient (recipe_id, ingredient_id, portion) VALUES (5, 143, 4);

INSERT INTO Recipe_Ingredient (recipe_id, ingredient_id, portion) VALUES (5, 105, 4);

INSERT INTO Recipe_Ingredient (recipe_id, ingredient_id, portion) VALUES (5, 179, 1);

INSERT INTO Recipe_Ingredient (recipe_id, ingredient_id, portion) VALUES (5, 39, 6);

INSERT INTO Recipe_Ingredient (recipe_id, ingredient_id, portion) VALUES (5, 145, 1);

INSERT INTO Recipe_Ingredient (recipe_id, ingredient_id, portion) VALUES (5, 14, 1);

INSERT INTO Recipe_Ingredient (recipe_id, ingredient_id, portion) VALUES (5, 53, 6);

INSERT INTO Recipe_Thematic_Unit (recipe_id, thematic_unit_id) VALUES (5, 10);

INSERT INTO Recipe_Thematic_Unit (recipe_id, thematic_unit_id) VALUES (5, 13);

INSERT INTO Recipe_Thematic_Unit (recipe_id, thematic_unit_id) VALUES (5, 1);

INSERT INTO Recipe (recipe_type, name, national_cuisine_id, difficulty_level, description, tip1, tip2, tip3, cooking_time, prep_time, portions, basic_ingredient_id, image_id) VALUES ('cooking', 'Squash Corn Chowder', 2, 2, 'Necessary appear exactly bit them.', 'you need salt', 'you can store iy outside the fridge', 'you need salt', 99, 27, 8, 152, 34);

INSERT INTO Step (recipe_id, order_number, description) VALUES (6, 1, 'During tough people task statement month fill.');

INSERT INTO Step (recipe_id, order_number, description) VALUES (6, 2, 'White season shake plan.');

INSERT INTO Step (recipe_id, order_number, description) VALUES (6, 3, 'Small day discuss significant.');

INSERT INTO Nutritional_Info (recipe_id, fat_per_portion, carbs_per_portion, protein_per_portion) VALUES (6, 155, 149, 156);

INSERT INTO Recipe_Meal_Type (recipe_id, meal_type_id) VALUES (6, 3);

INSERT INTO Recipe_Label (recipe_id, label_id) VALUES (6, 5);

INSERT INTO Recipe_Equipment (recipe_id, equipment_id) VALUES (6, 14);

INSERT INTO Recipe_Equipment (recipe_id, equipment_id) VALUES (6, 31);

INSERT INTO Recipe_Equipment (recipe_id, equipment_id) VALUES (6, 21);

INSERT INTO Recipe_Ingredient (recipe_id, ingredient_id, portion) VALUES (6, 41, 3);

INSERT INTO Recipe_Ingredient (recipe_id, ingredient_id, portion) VALUES (6, 85, 4);

INSERT INTO Recipe_Ingredient (recipe_id, ingredient_id, portion) VALUES (6, 148, 4);

INSERT INTO Recipe_Ingredient (recipe_id, ingredient_id, portion) VALUES (6, 38, 8);

INSERT INTO Recipe_Ingredient (recipe_id, ingredient_id, portion) VALUES (6, 22, 4);

INSERT INTO Recipe_Ingredient (recipe_id, ingredient_id, portion) VALUES (6, 152, 4);

INSERT INTO Recipe_Thematic_Unit (recipe_id, thematic_unit_id) VALUES (6, 15);

INSERT INTO Recipe_Thematic_Unit (recipe_id, thematic_unit_id) VALUES (6, 7);

INSERT INTO Recipe_Thematic_Unit (recipe_id, thematic_unit_id) VALUES (6, 5);

INSERT INTO Recipe (recipe_type, name, national_cuisine_id, difficulty_level, description, tip1, cooking_time, prep_time, portions, basic_ingredient_id, image_id) VALUES ('cooking', 'White beans, tomatoes, and spinach', 2, 2, 'Design current foreign happen without change.', 'you have to be careful not to let it get stack', 78, 5, 5, 142, 35);

INSERT INTO Step (recipe_id, order_number, description) VALUES (7, 1, 'Research help sort hope bank.');

INSERT INTO Nutritional_Info (recipe_id, fat_per_portion, carbs_per_portion, protein_per_portion) VALUES (7, 224, 116, 242);

INSERT INTO Recipe_Meal_Type (recipe_id, meal_type_id) VALUES (7, 5);

INSERT INTO Recipe_Meal_Type (recipe_id, meal_type_id) VALUES (7, 2);

INSERT INTO Recipe_Label (recipe_id, label_id) VALUES (7, 2);

INSERT INTO Recipe_Label (recipe_id, label_id) VALUES (7, 5);

INSERT INTO Recipe_Label (recipe_id, label_id) VALUES (7, 1);

INSERT INTO Recipe_Equipment (recipe_id, equipment_id) VALUES (7, 34);

INSERT INTO Recipe_Equipment (recipe_id, equipment_id) VALUES (7, 11);

INSERT INTO Recipe_Ingredient (recipe_id, ingredient_id, portion) VALUES (7, 179, 4);

INSERT INTO Recipe_Ingredient (recipe_id, ingredient_id, portion) VALUES (7, 162, 4);

INSERT INTO Recipe_Ingredient (recipe_id, ingredient_id, portion) VALUES (7, 128, 6);

INSERT INTO Recipe_Ingredient (recipe_id, ingredient_id, portion) VALUES (7, 42, 6);

INSERT INTO Recipe_Ingredient (recipe_id, ingredient_id, portion) VALUES (7, 103, 2);

INSERT INTO Recipe_Ingredient (recipe_id, ingredient_id, portion) VALUES (7, 72, 5);

INSERT INTO Recipe_Ingredient (recipe_id, ingredient_id, portion) VALUES (7, 156, 4);

INSERT INTO Recipe_Ingredient (recipe_id, ingredient_id, portion) VALUES (7, 7, 3);

INSERT INTO Recipe_Ingredient (recipe_id, ingredient_id, portion) VALUES (7, 136, 3);

INSERT INTO Recipe_Ingredient (recipe_id, ingredient_id, portion) VALUES (7, 143, 8);

INSERT INTO Recipe_Ingredient (recipe_id, ingredient_id, portion) VALUES (7, 9, 3);

INSERT INTO Recipe_Ingredient (recipe_id, ingredient_id, portion) VALUES (7, 36, 7);

INSERT INTO Recipe_Ingredient (recipe_id, ingredient_id, portion) VALUES (7, 165, 2);

INSERT INTO Recipe_Ingredient (recipe_id, ingredient_id, portion) VALUES (7, 56, 8);

INSERT INTO Recipe_Ingredient (recipe_id, ingredient_id, portion) VALUES (7, 120, 6);

INSERT INTO Recipe_Ingredient (recipe_id, ingredient_id, portion) VALUES (7, 70, 3);

INSERT INTO Recipe_Ingredient (recipe_id, ingredient_id, portion) VALUES (7, 110, 6);

INSERT INTO Recipe_Ingredient (recipe_id, ingredient_id, portion) VALUES (7, 142, 8);

INSERT INTO Recipe_Thematic_Unit (recipe_id, thematic_unit_id) VALUES (7, 14);

INSERT INTO Recipe_Thematic_Unit (recipe_id, thematic_unit_id) VALUES (7, 7);

INSERT INTO Recipe_Thematic_Unit (recipe_id, thematic_unit_id) VALUES (7, 3);

INSERT INTO Recipe (recipe_type, name, national_cuisine_id, difficulty_level, description, tip1, cooking_time, prep_time, portions, basic_ingredient_id, image_id) VALUES ('cooking', 'Spaghetti', 2, 4, 'Whose no candidate plant and month. Themselves sense receive sense leg front pick. Future follow gas main learn fine nature. Speak across wish effort.', 'you need to use your hands', 64, 23, 6, 138, 36);

INSERT INTO Step (recipe_id, order_number, description) VALUES (8, 1, 'Republican bar politics lead fly.');

INSERT INTO Step (recipe_id, order_number, description) VALUES (8, 2, 'Them dream head instead modern threat north.');

INSERT INTO Step (recipe_id, order_number, description) VALUES (8, 3, 'Catch significant front lay.');

INSERT INTO Step (recipe_id, order_number, description) VALUES (8, 4, 'Court board view strong majority training at.');

INSERT INTO Step (recipe_id, order_number, description) VALUES (8, 5, 'Paper with degree then camera expert who much.');

INSERT INTO Step (recipe_id, order_number, description) VALUES (8, 6, 'Pull animal activity.');

INSERT INTO Step (recipe_id, order_number, description) VALUES (8, 7, 'National bad itself skin turn senior modern.');

INSERT INTO Nutritional_Info (recipe_id, fat_per_portion, carbs_per_portion, protein_per_portion) VALUES (8, 349, 119, 91);

INSERT INTO Recipe_Meal_Type (recipe_id, meal_type_id) VALUES (8, 5);

INSERT INTO Recipe_Meal_Type (recipe_id, meal_type_id) VALUES (8, 3);

INSERT INTO Recipe_Meal_Type (recipe_id, meal_type_id) VALUES (8, 1);

INSERT INTO Recipe_Label (recipe_id, label_id) VALUES (8, 3);

INSERT INTO Recipe_Label (recipe_id, label_id) VALUES (8, 5);

INSERT INTO Recipe_Label (recipe_id, label_id) VALUES (8, 9);

INSERT INTO Recipe_Label (recipe_id, label_id) VALUES (8, 10);

INSERT INTO Recipe_Equipment (recipe_id, equipment_id) VALUES (8, 19);

INSERT INTO Recipe_Equipment (recipe_id, equipment_id) VALUES (8, 24);

INSERT INTO Recipe_Ingredient (recipe_id, ingredient_id, portion) VALUES (8, 41, 8);

INSERT INTO Recipe_Ingredient (recipe_id, ingredient_id, portion) VALUES (8, 70, 3);

INSERT INTO Recipe_Ingredient (recipe_id, ingredient_id, portion) VALUES (8, 96, 3);

INSERT INTO Recipe_Ingredient (recipe_id, ingredient_id, portion) VALUES (8, 177, 4);

INSERT INTO Recipe_Ingredient (recipe_id, ingredient_id, portion) VALUES (8, 110, 7);

INSERT INTO Recipe_Ingredient (recipe_id, ingredient_id, portion) VALUES (8, 108, 8);

INSERT INTO Recipe_Ingredient (recipe_id, ingredient_id, portion) VALUES (8, 79, 4);

INSERT INTO Recipe_Ingredient (recipe_id, ingredient_id, portion) VALUES (8, 187, 1);

INSERT INTO Recipe_Ingredient (recipe_id, ingredient_id, portion) VALUES (8, 10, 6);

INSERT INTO Recipe_Ingredient (recipe_id, ingredient_id, portion) VALUES (8, 129, 4);

INSERT INTO Recipe_Ingredient (recipe_id, ingredient_id, portion) VALUES (8, 134, 1);

INSERT INTO Recipe_Ingredient (recipe_id, ingredient_id, portion) VALUES (8, 67, 5);

INSERT INTO Recipe_Ingredient (recipe_id, ingredient_id, portion) VALUES (8, 48, 8);

INSERT INTO Recipe_Ingredient (recipe_id, ingredient_id, portion) VALUES (8, 199, 5);

INSERT INTO Recipe_Ingredient (recipe_id, ingredient_id, portion) VALUES (8, 198, 4);

INSERT INTO Recipe_Ingredient (recipe_id, ingredient_id, portion) VALUES (8, 53, 7);

INSERT INTO Recipe_Ingredient (recipe_id, ingredient_id, portion) VALUES (8, 88, 3);

INSERT INTO Recipe_Ingredient (recipe_id, ingredient_id, portion) VALUES (8, 138, 8);

INSERT INTO Recipe_Thematic_Unit (recipe_id, thematic_unit_id) VALUES (8, 7);

INSERT INTO Recipe (recipe_type, name, national_cuisine_id, difficulty_level, description, tip1, cooking_time, prep_time, portions, basic_ingredient_id, image_id) VALUES ('pastry', 'Scones', 2, 1, 'Hot into fast read forward two thought. Likely small laugh successful. I never fast clear.', 'in the fridge for 3 days', 17, 3, 3, 110, 37);

INSERT INTO Step (recipe_id, order_number, description) VALUES (9, 1, 'Main teach west article rich leave sell.');

INSERT INTO Step (recipe_id, order_number, description) VALUES (9, 2, 'Myself hospital respond better.');

INSERT INTO Nutritional_Info (recipe_id, fat_per_portion, carbs_per_portion, protein_per_portion) VALUES (9, 149, 44, 244);

INSERT INTO Recipe_Meal_Type (recipe_id, meal_type_id) VALUES (9, 2);

INSERT INTO Recipe_Meal_Type (recipe_id, meal_type_id) VALUES (9, 4);

INSERT INTO Recipe_Meal_Type (recipe_id, meal_type_id) VALUES (9, 1);

INSERT INTO Recipe_Label (recipe_id, label_id) VALUES (9, 2);

INSERT INTO Recipe_Label (recipe_id, label_id) VALUES (9, 8);

INSERT INTO Recipe_Label (recipe_id, label_id) VALUES (9, 10);

INSERT INTO Recipe_Label (recipe_id, label_id) VALUES (9, 1);

INSERT INTO Recipe_Equipment (recipe_id, equipment_id) VALUES (9, 28);

INSERT INTO Recipe_Equipment (recipe_id, equipment_id) VALUES (9, 18);

INSERT INTO Recipe_Equipment (recipe_id, equipment_id) VALUES (9, 43);

INSERT INTO Recipe_Equipment (recipe_id, equipment_id) VALUES (9, 21);

INSERT INTO Recipe_Equipment (recipe_id, equipment_id) VALUES (9, 36);

INSERT INTO Recipe_Equipment (recipe_id, equipment_id) VALUES (9, 34);

INSERT INTO Recipe_Equipment (recipe_id, equipment_id) VALUES (9, 25);

INSERT INTO Recipe_Equipment (recipe_id, equipment_id) VALUES (9, 5);

INSERT INTO Recipe_Equipment (recipe_id, equipment_id) VALUES (9, 38);

INSERT INTO Recipe_Equipment (recipe_id, equipment_id) VALUES (9, 49);

INSERT INTO Recipe_Ingredient (recipe_id, ingredient_id, portion) VALUES (9, 18, 5);

INSERT INTO Recipe_Ingredient (recipe_id, ingredient_id, portion) VALUES (9, 144, 8);

INSERT INTO Recipe_Ingredient (recipe_id, ingredient_id, portion) VALUES (9, 111, 5);

INSERT INTO Recipe_Ingredient (recipe_id, ingredient_id, portion) VALUES (9, 168, 8);

INSERT INTO Recipe_Ingredient (recipe_id, ingredient_id, portion) VALUES (9, 147, 2);

INSERT INTO Recipe_Ingredient (recipe_id, ingredient_id, portion) VALUES (9, 87, 2);

INSERT INTO Recipe_Ingredient (recipe_id, ingredient_id, portion) VALUES (9, 81, 8);

INSERT INTO Recipe_Ingredient (recipe_id, ingredient_id, portion) VALUES (9, 110, 3);

INSERT INTO Recipe_Thematic_Unit (recipe_id, thematic_unit_id) VALUES (9, 13);

INSERT INTO Recipe_Thematic_Unit (recipe_id, thematic_unit_id) VALUES (9, 1);

INSERT INTO Recipe_Thematic_Unit (recipe_id, thematic_unit_id) VALUES (9, 8);

INSERT INTO Recipe (recipe_type, name, national_cuisine_id, difficulty_level, description, tip1, tip2, tip3, cooking_time, prep_time, portions, basic_ingredient_id, image_id) VALUES ('cooking', 'Pizza', 2, 4, 'Consider drop trade letter surface. Most culture human police pay my. Defense some feeling news meet.', 'better with slow cooking', 'you can store iy outside the fridge', 'better when fresh', 86, 19, 3, 131, 38);

INSERT INTO Step (recipe_id, order_number, description) VALUES (10, 1, 'Check seat gun thus.');

INSERT INTO Step (recipe_id, order_number, description) VALUES (10, 2, 'My red husband dinner business hold agree.');

INSERT INTO Step (recipe_id, order_number, description) VALUES (10, 3, 'Property consumer state create.');

INSERT INTO Step (recipe_id, order_number, description) VALUES (10, 4, 'Computer card dog various ok.');

INSERT INTO Step (recipe_id, order_number, description) VALUES (10, 5, 'Term student door chair guess free.');

INSERT INTO Step (recipe_id, order_number, description) VALUES (10, 6, 'Interview peace growth.');

INSERT INTO Nutritional_Info (recipe_id, fat_per_portion, carbs_per_portion, protein_per_portion) VALUES (10, 366, 154, 20);

INSERT INTO Recipe_Meal_Type (recipe_id, meal_type_id) VALUES (10, 6);

INSERT INTO Recipe_Label (recipe_id, label_id) VALUES (10, 1);

INSERT INTO Recipe_Label (recipe_id, label_id) VALUES (10, 9);

INSERT INTO Recipe_Label (recipe_id, label_id) VALUES (10, 2);

INSERT INTO Recipe_Label (recipe_id, label_id) VALUES (10, 8);

INSERT INTO Recipe_Equipment (recipe_id, equipment_id) VALUES (10, 50);

INSERT INTO Recipe_Equipment (recipe_id, equipment_id) VALUES (10, 10);

INSERT INTO Recipe_Equipment (recipe_id, equipment_id) VALUES (10, 16);

INSERT INTO Recipe_Equipment (recipe_id, equipment_id) VALUES (10, 25);

INSERT INTO Recipe_Equipment (recipe_id, equipment_id) VALUES (10, 41);

INSERT INTO Recipe_Equipment (recipe_id, equipment_id) VALUES (10, 24);

INSERT INTO Recipe_Equipment (recipe_id, equipment_id) VALUES (10, 39);

INSERT INTO Recipe_Equipment (recipe_id, equipment_id) VALUES (10, 23);

INSERT INTO Recipe_Equipment (recipe_id, equipment_id) VALUES (10, 7);

INSERT INTO Recipe_Equipment (recipe_id, equipment_id) VALUES (10, 18);

INSERT INTO Recipe_Ingredient (recipe_id, ingredient_id, portion) VALUES (10, 74, 8);

INSERT INTO Recipe_Ingredient (recipe_id, ingredient_id, portion) VALUES (10, 163, 3);

INSERT INTO Recipe_Ingredient (recipe_id, ingredient_id, portion) VALUES (10, 146, 2);

INSERT INTO Recipe_Ingredient (recipe_id, ingredient_id, portion) VALUES (10, 3, 6);

INSERT INTO Recipe_Ingredient (recipe_id, ingredient_id, portion) VALUES (10, 85, 7);

INSERT INTO Recipe_Ingredient (recipe_id, ingredient_id, portion) VALUES (10, 63, 6);

INSERT INTO Recipe_Ingredient (recipe_id, ingredient_id, portion) VALUES (10, 92, 7);

INSERT INTO Recipe_Ingredient (recipe_id, ingredient_id, portion) VALUES (10, 47, 6);

INSERT INTO Recipe_Ingredient (recipe_id, ingredient_id, portion) VALUES (10, 177, 4);

INSERT INTO Recipe_Ingredient (recipe_id, ingredient_id, portion) VALUES (10, 197, 7);

INSERT INTO Recipe_Ingredient (recipe_id, ingredient_id, portion) VALUES (10, 113, 1);

INSERT INTO Recipe_Ingredient (recipe_id, ingredient_id, portion) VALUES (10, 27, 3);

INSERT INTO Recipe_Ingredient (recipe_id, ingredient_id, portion) VALUES (10, 131, 4);

INSERT INTO Recipe_Thematic_Unit (recipe_id, thematic_unit_id) VALUES (10, 9);

INSERT INTO Recipe (recipe_type, name, national_cuisine_id, difficulty_level, description, tip1, cooking_time, prep_time, portions, basic_ingredient_id, image_id) VALUES ('pastry', 'Stir-Fry', 3, 3, 'Data guy state sign western in. My edge indeed weight would through institution. Address carry game contain set. Agree today lawyer able.', 'you need 2 people to make it', 24, 13, 8, 81, 39);

INSERT INTO Step (recipe_id, order_number, description) VALUES (11, 1, 'Share message act experience.');

INSERT INTO Step (recipe_id, order_number, description) VALUES (11, 2, 'They toward evidence information.');

INSERT INTO Nutritional_Info (recipe_id, fat_per_portion, carbs_per_portion, protein_per_portion) VALUES (11, 37, 82, 117);

INSERT INTO Recipe_Meal_Type (recipe_id, meal_type_id) VALUES (11, 3);

INSERT INTO Recipe_Meal_Type (recipe_id, meal_type_id) VALUES (11, 2);

INSERT INTO Recipe_Meal_Type (recipe_id, meal_type_id) VALUES (11, 5);

INSERT INTO Recipe_Label (recipe_id, label_id) VALUES (11, 7);

INSERT INTO Recipe_Label (recipe_id, label_id) VALUES (11, 2);

INSERT INTO Recipe_Equipment (recipe_id, equipment_id) VALUES (11, 28);

INSERT INTO Recipe_Equipment (recipe_id, equipment_id) VALUES (11, 11);

INSERT INTO Recipe_Equipment (recipe_id, equipment_id) VALUES (11, 3);

INSERT INTO Recipe_Equipment (recipe_id, equipment_id) VALUES (11, 20);

INSERT INTO Recipe_Equipment (recipe_id, equipment_id) VALUES (11, 35);

INSERT INTO Recipe_Equipment (recipe_id, equipment_id) VALUES (11, 31);

INSERT INTO Recipe_Ingredient (recipe_id, ingredient_id, portion) VALUES (11, 165, 3);

INSERT INTO Recipe_Ingredient (recipe_id, ingredient_id, portion) VALUES (11, 68, 5);

INSERT INTO Recipe_Ingredient (recipe_id, ingredient_id, portion) VALUES (11, 41, 4);

INSERT INTO Recipe_Ingredient (recipe_id, ingredient_id, portion) VALUES (11, 177, 7);

INSERT INTO Recipe_Ingredient (recipe_id, ingredient_id, portion) VALUES (11, 152, 2);

INSERT INTO Recipe_Ingredient (recipe_id, ingredient_id, portion) VALUES (11, 183, 4);

INSERT INTO Recipe_Ingredient (recipe_id, ingredient_id, portion) VALUES (11, 199, 6);

INSERT INTO Recipe_Ingredient (recipe_id, ingredient_id, portion) VALUES (11, 4, 2);

INSERT INTO Recipe_Ingredient (recipe_id, ingredient_id, portion) VALUES (11, 173, 4);

INSERT INTO Recipe_Ingredient (recipe_id, ingredient_id, portion) VALUES (11, 12, 1);

INSERT INTO Recipe_Ingredient (recipe_id, ingredient_id, portion) VALUES (11, 198, 4);

INSERT INTO Recipe_Ingredient (recipe_id, ingredient_id, portion) VALUES (11, 31, 3);

INSERT INTO Recipe_Ingredient (recipe_id, ingredient_id, portion) VALUES (11, 141, 6);

INSERT INTO Recipe_Ingredient (recipe_id, ingredient_id, portion) VALUES (11, 40, 6);

INSERT INTO Recipe_Ingredient (recipe_id, ingredient_id, portion) VALUES (11, 84, 5);

INSERT INTO Recipe_Ingredient (recipe_id, ingredient_id, portion) VALUES (11, 155, 3);

INSERT INTO Recipe_Ingredient (recipe_id, ingredient_id, portion) VALUES (11, 81, 7);

INSERT INTO Recipe_Thematic_Unit (recipe_id, thematic_unit_id) VALUES (11, 11);

INSERT INTO Recipe_Thematic_Unit (recipe_id, thematic_unit_id) VALUES (11, 13);

INSERT INTO Recipe_Thematic_Unit (recipe_id, thematic_unit_id) VALUES (11, 6);

INSERT INTO Recipe (recipe_type, name, national_cuisine_id, difficulty_level, description, tip1, cooking_time, prep_time, portions, basic_ingredient_id, image_id) VALUES ('cooking', 'Rustic Italian Tortellini Soup', 3, 1, 'Its fish rule foot. Computer writer you public fly beautiful top. Difficult within center movement ok like.', 'better with feta cheese', 75, 9, 3, 182, 40);

INSERT INTO Step (recipe_id, order_number, description) VALUES (12, 1, 'Billion future but second daughter environmental serve.');

INSERT INTO Step (recipe_id, order_number, description) VALUES (12, 2, 'Even book know teacher.');

INSERT INTO Step (recipe_id, order_number, description) VALUES (12, 3, 'Three able recognize discuss expect listen.');

INSERT INTO Step (recipe_id, order_number, description) VALUES (12, 4, 'Car security employee again film administration gun.');

INSERT INTO Step (recipe_id, order_number, description) VALUES (12, 5, 'Suffer author pattern interesting.');

INSERT INTO Step (recipe_id, order_number, description) VALUES (12, 6, 'Onto likely way hot stop threat.');

INSERT INTO Step (recipe_id, order_number, description) VALUES (12, 7, 'Simply operation method red send stay.');

INSERT INTO Nutritional_Info (recipe_id, fat_per_portion, carbs_per_portion, protein_per_portion) VALUES (12, 365, 88, 41);

INSERT INTO Recipe_Meal_Type (recipe_id, meal_type_id) VALUES (12, 6);

INSERT INTO Recipe_Meal_Type (recipe_id, meal_type_id) VALUES (12, 4);

INSERT INTO Recipe_Meal_Type (recipe_id, meal_type_id) VALUES (12, 2);

INSERT INTO Recipe_Label (recipe_id, label_id) VALUES (12, 2);

INSERT INTO Recipe_Label (recipe_id, label_id) VALUES (12, 6);

INSERT INTO Recipe_Equipment (recipe_id, equipment_id) VALUES (12, 27);

INSERT INTO Recipe_Equipment (recipe_id, equipment_id) VALUES (12, 14);

INSERT INTO Recipe_Equipment (recipe_id, equipment_id) VALUES (12, 23);

INSERT INTO Recipe_Equipment (recipe_id, equipment_id) VALUES (12, 12);

INSERT INTO Recipe_Equipment (recipe_id, equipment_id) VALUES (12, 40);

INSERT INTO Recipe_Equipment (recipe_id, equipment_id) VALUES (12, 11);

INSERT INTO Recipe_Equipment (recipe_id, equipment_id) VALUES (12, 32);

INSERT INTO Recipe_Ingredient (recipe_id, ingredient_id, portion) VALUES (12, 185, 4);

INSERT INTO Recipe_Ingredient (recipe_id, ingredient_id, portion) VALUES (12, 87, 1);

INSERT INTO Recipe_Ingredient (recipe_id, ingredient_id, portion) VALUES (12, 41, 4);

INSERT INTO Recipe_Ingredient (recipe_id, ingredient_id, portion) VALUES (12, 182, 6);

INSERT INTO Recipe_Thematic_Unit (recipe_id, thematic_unit_id) VALUES (12, 10);

INSERT INTO Recipe_Thematic_Unit (recipe_id, thematic_unit_id) VALUES (12, 7);

INSERT INTO Recipe (recipe_type, name, national_cuisine_id, difficulty_level, description, tip1, tip2, cooking_time, prep_time, portions, basic_ingredient_id, image_id) VALUES ('cooking', 'Swedish Meatballs', 3, 1, 'True let teach project picture. Music try country end might. Determine safe light gun senior story collection.', 'you need to use your hands', 'better with butter instead of milk', 60, 12, 5, 183, 41);

INSERT INTO Step (recipe_id, order_number, description) VALUES (13, 1, 'Garden arm something as.');

INSERT INTO Nutritional_Info (recipe_id, fat_per_portion, carbs_per_portion, protein_per_portion) VALUES (13, 206, 40, 133);

INSERT INTO Recipe_Meal_Type (recipe_id, meal_type_id) VALUES (13, 6);

INSERT INTO Recipe_Meal_Type (recipe_id, meal_type_id) VALUES (13, 1);

INSERT INTO Recipe_Meal_Type (recipe_id, meal_type_id) VALUES (13, 5);

INSERT INTO Recipe_Label (recipe_id, label_id) VALUES (13, 6);

INSERT INTO Recipe_Equipment (recipe_id, equipment_id) VALUES (13, 9);

INSERT INTO Recipe_Equipment (recipe_id, equipment_id) VALUES (13, 7);

INSERT INTO Recipe_Equipment (recipe_id, equipment_id) VALUES (13, 41);

INSERT INTO Recipe_Equipment (recipe_id, equipment_id) VALUES (13, 48);

INSERT INTO Recipe_Equipment (recipe_id, equipment_id) VALUES (13, 8);

INSERT INTO Recipe_Ingredient (recipe_id, ingredient_id, portion) VALUES (13, 58, 4);

INSERT INTO Recipe_Ingredient (recipe_id, ingredient_id, portion) VALUES (13, 153, 7);

INSERT INTO Recipe_Ingredient (recipe_id, ingredient_id, portion) VALUES (13, 85, 4);

INSERT INTO Recipe_Ingredient (recipe_id, ingredient_id, portion) VALUES (13, 18, 8);

INSERT INTO Recipe_Ingredient (recipe_id, ingredient_id, portion) VALUES (13, 145, 7);

INSERT INTO Recipe_Ingredient (recipe_id, ingredient_id, portion) VALUES (13, 42, 5);

INSERT INTO Recipe_Ingredient (recipe_id, ingredient_id, portion) VALUES (13, 163, 6);

INSERT INTO Recipe_Ingredient (recipe_id, ingredient_id, portion) VALUES (13, 131, 3);

INSERT INTO Recipe_Ingredient (recipe_id, ingredient_id, portion) VALUES (13, 127, 7);

INSERT INTO Recipe_Ingredient (recipe_id, ingredient_id, portion) VALUES (13, 60, 1);

INSERT INTO Recipe_Ingredient (recipe_id, ingredient_id, portion) VALUES (13, 45, 2);

INSERT INTO Recipe_Ingredient (recipe_id, ingredient_id, portion) VALUES (13, 52, 2);

INSERT INTO Recipe_Ingredient (recipe_id, ingredient_id, portion) VALUES (13, 7, 7);

INSERT INTO Recipe_Ingredient (recipe_id, ingredient_id, portion) VALUES (13, 64, 1);

INSERT INTO Recipe_Ingredient (recipe_id, ingredient_id, portion) VALUES (13, 102, 7);

INSERT INTO Recipe_Ingredient (recipe_id, ingredient_id, portion) VALUES (13, 183, 5);

INSERT INTO Recipe_Thematic_Unit (recipe_id, thematic_unit_id) VALUES (13, 14);

INSERT INTO Recipe_Thematic_Unit (recipe_id, thematic_unit_id) VALUES (13, 2);

INSERT INTO Recipe_Thematic_Unit (recipe_id, thematic_unit_id) VALUES (13, 12);

INSERT INTO Recipe (recipe_type, name, national_cuisine_id, difficulty_level, description, tip1, tip2, cooking_time, prep_time, portions, basic_ingredient_id, image_id) VALUES ('cooking', 'Barley Beef Skillet', 3, 2, 'Writer cup computer. Group about none including approach myself.', 'you need to be patient', 'better with a blender', 128, 21, 3, 43, 42);

INSERT INTO Step (recipe_id, order_number, description) VALUES (14, 1, 'Knowledge plant apply themselves always onto we catch.');

INSERT INTO Step (recipe_id, order_number, description) VALUES (14, 2, 'Minute fact kid worry.');

INSERT INTO Nutritional_Info (recipe_id, fat_per_portion, carbs_per_portion, protein_per_portion) VALUES (14, 205, 43, 203);

INSERT INTO Recipe_Meal_Type (recipe_id, meal_type_id) VALUES (14, 2);

INSERT INTO Recipe_Label (recipe_id, label_id) VALUES (14, 4);

INSERT INTO Recipe_Equipment (recipe_id, equipment_id) VALUES (14, 42);

INSERT INTO Recipe_Equipment (recipe_id, equipment_id) VALUES (14, 38);

INSERT INTO Recipe_Equipment (recipe_id, equipment_id) VALUES (14, 22);

INSERT INTO Recipe_Equipment (recipe_id, equipment_id) VALUES (14, 34);

INSERT INTO Recipe_Equipment (recipe_id, equipment_id) VALUES (14, 15);

INSERT INTO Recipe_Ingredient (recipe_id, ingredient_id, portion) VALUES (14, 167, 7);

INSERT INTO Recipe_Ingredient (recipe_id, ingredient_id, portion) VALUES (14, 195, 7);

INSERT INTO Recipe_Ingredient (recipe_id, ingredient_id, portion) VALUES (14, 184, 5);

INSERT INTO Recipe_Ingredient (recipe_id, ingredient_id, portion) VALUES (14, 46, 8);

INSERT INTO Recipe_Ingredient (recipe_id, ingredient_id, portion) VALUES (14, 127, 6);

INSERT INTO Recipe_Ingredient (recipe_id, ingredient_id, portion) VALUES (14, 129, 6);

INSERT INTO Recipe_Ingredient (recipe_id, ingredient_id, portion) VALUES (14, 130, 7);

INSERT INTO Recipe_Ingredient (recipe_id, ingredient_id, portion) VALUES (14, 174, 2);

INSERT INTO Recipe_Ingredient (recipe_id, ingredient_id, portion) VALUES (14, 13, 3);

INSERT INTO Recipe_Ingredient (recipe_id, ingredient_id, portion) VALUES (14, 145, 3);

INSERT INTO Recipe_Ingredient (recipe_id, ingredient_id, portion) VALUES (14, 68, 5);

INSERT INTO Recipe_Ingredient (recipe_id, ingredient_id, portion) VALUES (14, 63, 5);

INSERT INTO Recipe_Ingredient (recipe_id, ingredient_id, portion) VALUES (14, 106, 4);

INSERT INTO Recipe_Ingredient (recipe_id, ingredient_id, portion) VALUES (14, 194, 7);

INSERT INTO Recipe_Ingredient (recipe_id, ingredient_id, portion) VALUES (14, 182, 3);

INSERT INTO Recipe_Ingredient (recipe_id, ingredient_id, portion) VALUES (14, 197, 4);

INSERT INTO Recipe_Ingredient (recipe_id, ingredient_id, portion) VALUES (14, 43, 3);

INSERT INTO Recipe_Thematic_Unit (recipe_id, thematic_unit_id) VALUES (14, 6);

INSERT INTO Recipe_Thematic_Unit (recipe_id, thematic_unit_id) VALUES (14, 11);

INSERT INTO Recipe (recipe_type, name, national_cuisine_id, difficulty_level, description, tip1, cooking_time, prep_time, portions, basic_ingredient_id, image_id) VALUES ('pastry', 'Southwest Beef & Rice Skillet', 3, 2, 'Reach style official almost data energy feeling. Save few live box foreign cold marriage.', 'better after 2 days', 85, 16, 7, 31, 43);

INSERT INTO Step (recipe_id, order_number, description) VALUES (15, 1, 'Soldier trade visit ability it local.');

INSERT INTO Step (recipe_id, order_number, description) VALUES (15, 2, 'Foreign house trouble evening in majority resource.');

INSERT INTO Step (recipe_id, order_number, description) VALUES (15, 3, 'Political which water side somebody.');

INSERT INTO Step (recipe_id, order_number, description) VALUES (15, 4, 'Fall minute ok prove green material.');

INSERT INTO Step (recipe_id, order_number, description) VALUES (15, 5, 'Win dinner activity toward light century control.');

INSERT INTO Step (recipe_id, order_number, description) VALUES (15, 6, 'Use training house discuss.');

INSERT INTO Nutritional_Info (recipe_id, fat_per_portion, carbs_per_portion, protein_per_portion) VALUES (15, 393, 98, 68);

INSERT INTO Recipe_Meal_Type (recipe_id, meal_type_id) VALUES (15, 3);

INSERT INTO Recipe_Meal_Type (recipe_id, meal_type_id) VALUES (15, 4);

INSERT INTO Recipe_Meal_Type (recipe_id, meal_type_id) VALUES (15, 5);

INSERT INTO Recipe_Label (recipe_id, label_id) VALUES (15, 6);

INSERT INTO Recipe_Label (recipe_id, label_id) VALUES (15, 5);

INSERT INTO Recipe_Label (recipe_id, label_id) VALUES (15, 8);

INSERT INTO Recipe_Label (recipe_id, label_id) VALUES (15, 3);

INSERT INTO Recipe_Equipment (recipe_id, equipment_id) VALUES (15, 10);

INSERT INTO Recipe_Equipment (recipe_id, equipment_id) VALUES (15, 3);

INSERT INTO Recipe_Ingredient (recipe_id, ingredient_id, portion) VALUES (15, 37, 5);

INSERT INTO Recipe_Ingredient (recipe_id, ingredient_id, portion) VALUES (15, 60, 6);

INSERT INTO Recipe_Ingredient (recipe_id, ingredient_id, portion) VALUES (15, 27, 7);

INSERT INTO Recipe_Ingredient (recipe_id, ingredient_id, portion) VALUES (15, 179, 5);

INSERT INTO Recipe_Ingredient (recipe_id, ingredient_id, portion) VALUES (15, 53, 2);

INSERT INTO Recipe_Ingredient (recipe_id, ingredient_id, portion) VALUES (15, 148, 1);

INSERT INTO Recipe_Ingredient (recipe_id, ingredient_id, portion) VALUES (15, 142, 1);

INSERT INTO Recipe_Ingredient (recipe_id, ingredient_id, portion) VALUES (15, 113, 2);

INSERT INTO Recipe_Ingredient (recipe_id, ingredient_id, portion) VALUES (15, 86, 7);

INSERT INTO Recipe_Ingredient (recipe_id, ingredient_id, portion) VALUES (15, 153, 4);

INSERT INTO Recipe_Ingredient (recipe_id, ingredient_id, portion) VALUES (15, 144, 2);

INSERT INTO Recipe_Ingredient (recipe_id, ingredient_id, portion) VALUES (15, 115, 8);

INSERT INTO Recipe_Ingredient (recipe_id, ingredient_id, portion) VALUES (15, 101, 8);

INSERT INTO Recipe_Ingredient (recipe_id, ingredient_id, portion) VALUES (15, 31, 5);

INSERT INTO Recipe_Thematic_Unit (recipe_id, thematic_unit_id) VALUES (15, 12);

INSERT INTO Recipe (recipe_type, name, national_cuisine_id, difficulty_level, description, tip1, tip2, cooking_time, prep_time, portions, basic_ingredient_id, image_id) VALUES ('pastry', 'Glazed Pork Chops with Corn Bread Dressing', 4, 2, 'Performance pressure doctor entire. More of probably beat.', 'better with slow cooking', 'you need a lot of bowls', 120, 44, 8, 165, 44);

INSERT INTO Step (recipe_id, order_number, description) VALUES (16, 1, 'Per shake perform baby hotel.');

INSERT INTO Step (recipe_id, order_number, description) VALUES (16, 2, 'Sea measure generation leader ok.');

INSERT INTO Step (recipe_id, order_number, description) VALUES (16, 3, 'Read phone matter ready lawyer.');

INSERT INTO Step (recipe_id, order_number, description) VALUES (16, 4, 'Determine off she he.');

INSERT INTO Step (recipe_id, order_number, description) VALUES (16, 5, 'Your wish development nearly recently.');

INSERT INTO Step (recipe_id, order_number, description) VALUES (16, 6, 'Source between success it thing south.');

INSERT INTO Step (recipe_id, order_number, description) VALUES (16, 7, 'Front century deep answer.');

INSERT INTO Step (recipe_id, order_number, description) VALUES (16, 8, 'Candidate discuss last local.');

INSERT INTO Nutritional_Info (recipe_id, fat_per_portion, carbs_per_portion, protein_per_portion) VALUES (16, 89, 48, 122);

INSERT INTO Recipe_Meal_Type (recipe_id, meal_type_id) VALUES (16, 4);

INSERT INTO Recipe_Meal_Type (recipe_id, meal_type_id) VALUES (16, 1);

INSERT INTO Recipe_Label (recipe_id, label_id) VALUES (16, 9);

INSERT INTO Recipe_Label (recipe_id, label_id) VALUES (16, 8);

INSERT INTO Recipe_Label (recipe_id, label_id) VALUES (16, 4);

INSERT INTO Recipe_Label (recipe_id, label_id) VALUES (16, 7);

INSERT INTO Recipe_Equipment (recipe_id, equipment_id) VALUES (16, 7);

INSERT INTO Recipe_Equipment (recipe_id, equipment_id) VALUES (16, 2);

INSERT INTO Recipe_Equipment (recipe_id, equipment_id) VALUES (16, 33);

INSERT INTO Recipe_Equipment (recipe_id, equipment_id) VALUES (16, 22);

INSERT INTO Recipe_Equipment (recipe_id, equipment_id) VALUES (16, 42);

INSERT INTO Recipe_Equipment (recipe_id, equipment_id) VALUES (16, 6);

INSERT INTO Recipe_Equipment (recipe_id, equipment_id) VALUES (16, 27);

INSERT INTO Recipe_Equipment (recipe_id, equipment_id) VALUES (16, 23);

INSERT INTO Recipe_Ingredient (recipe_id, ingredient_id, portion) VALUES (16, 150, 4);

INSERT INTO Recipe_Ingredient (recipe_id, ingredient_id, portion) VALUES (16, 50, 8);

INSERT INTO Recipe_Ingredient (recipe_id, ingredient_id, portion) VALUES (16, 58, 7);

INSERT INTO Recipe_Ingredient (recipe_id, ingredient_id, portion) VALUES (16, 29, 1);

INSERT INTO Recipe_Ingredient (recipe_id, ingredient_id, portion) VALUES (16, 36, 5);

INSERT INTO Recipe_Ingredient (recipe_id, ingredient_id, portion) VALUES (16, 142, 1);

INSERT INTO Recipe_Ingredient (recipe_id, ingredient_id, portion) VALUES (16, 159, 3);

INSERT INTO Recipe_Ingredient (recipe_id, ingredient_id, portion) VALUES (16, 51, 3);

INSERT INTO Recipe_Ingredient (recipe_id, ingredient_id, portion) VALUES (16, 170, 7);

INSERT INTO Recipe_Ingredient (recipe_id, ingredient_id, portion) VALUES (16, 182, 3);

INSERT INTO Recipe_Ingredient (recipe_id, ingredient_id, portion) VALUES (16, 175, 1);

INSERT INTO Recipe_Ingredient (recipe_id, ingredient_id, portion) VALUES (16, 10, 7);

INSERT INTO Recipe_Ingredient (recipe_id, ingredient_id, portion) VALUES (16, 165, 5);

INSERT INTO Recipe_Thematic_Unit (recipe_id, thematic_unit_id) VALUES (16, 2);

INSERT INTO Recipe (recipe_type, name, national_cuisine_id, difficulty_level, description, tip1, cooking_time, prep_time, portions, basic_ingredient_id, image_id) VALUES ('pastry', 'Fried Rice', 4, 3, 'After once condition. Against bed together yourself outside through man.', 'in the fridge for 3 days', 145, 34, 2, 95, 45);

INSERT INTO Step (recipe_id, order_number, description) VALUES (17, 1, 'Book now growth space least.');

INSERT INTO Nutritional_Info (recipe_id, fat_per_portion, carbs_per_portion, protein_per_portion) VALUES (17, 155, 185, 174);

INSERT INTO Recipe_Meal_Type (recipe_id, meal_type_id) VALUES (17, 6);

INSERT INTO Recipe_Meal_Type (recipe_id, meal_type_id) VALUES (17, 1);

INSERT INTO Recipe_Label (recipe_id, label_id) VALUES (17, 8);

INSERT INTO Recipe_Label (recipe_id, label_id) VALUES (17, 2);

INSERT INTO Recipe_Label (recipe_id, label_id) VALUES (17, 10);

INSERT INTO Recipe_Equipment (recipe_id, equipment_id) VALUES (17, 10);

INSERT INTO Recipe_Equipment (recipe_id, equipment_id) VALUES (17, 28);

INSERT INTO Recipe_Equipment (recipe_id, equipment_id) VALUES (17, 11);

INSERT INTO Recipe_Equipment (recipe_id, equipment_id) VALUES (17, 12);

INSERT INTO Recipe_Equipment (recipe_id, equipment_id) VALUES (17, 22);

INSERT INTO Recipe_Equipment (recipe_id, equipment_id) VALUES (17, 35);

INSERT INTO Recipe_Equipment (recipe_id, equipment_id) VALUES (17, 50);

INSERT INTO Recipe_Equipment (recipe_id, equipment_id) VALUES (17, 34);

INSERT INTO Recipe_Equipment (recipe_id, equipment_id) VALUES (17, 19);

INSERT INTO Recipe_Equipment (recipe_id, equipment_id) VALUES (17, 13);

INSERT INTO Recipe_Ingredient (recipe_id, ingredient_id, portion) VALUES (17, 81, 3);

INSERT INTO Recipe_Ingredient (recipe_id, ingredient_id, portion) VALUES (17, 95, 3);

INSERT INTO Recipe_Thematic_Unit (recipe_id, thematic_unit_id) VALUES (17, 15);

INSERT INTO Recipe_Thematic_Unit (recipe_id, thematic_unit_id) VALUES (17, 12);

INSERT INTO Recipe (recipe_type, name, national_cuisine_id, difficulty_level, description, tip1, cooking_time, prep_time, portions, basic_ingredient_id, image_id) VALUES ('cooking', 'Zesty Sausage & Beans', 4, 2, 'Truth sign store wind explain per human. Piece section individual break best card man. Player decision crime.', 'you need 2 people to make it', 94, 37, 3, 137, 46);

INSERT INTO Step (recipe_id, order_number, description) VALUES (18, 1, 'Positive late while performance sort too loss.');

INSERT INTO Step (recipe_id, order_number, description) VALUES (18, 2, 'Few of during home need imagine.');

INSERT INTO Nutritional_Info (recipe_id, fat_per_portion, carbs_per_portion, protein_per_portion) VALUES (18, 311, 188, 164);

INSERT INTO Recipe_Meal_Type (recipe_id, meal_type_id) VALUES (18, 3);

INSERT INTO Recipe_Label (recipe_id, label_id) VALUES (18, 2);

INSERT INTO Recipe_Equipment (recipe_id, equipment_id) VALUES (18, 39);

INSERT INTO Recipe_Ingredient (recipe_id, ingredient_id, portion) VALUES (18, 157, 8);

INSERT INTO Recipe_Ingredient (recipe_id, ingredient_id, portion) VALUES (18, 137, 3);

INSERT INTO Recipe_Thematic_Unit (recipe_id, thematic_unit_id) VALUES (18, 14);

INSERT INTO Recipe (recipe_type, name, national_cuisine_id, difficulty_level, description, tip1, tip2, cooking_time, prep_time, portions, basic_ingredient_id, image_id) VALUES ('cooking', 'Prosciutto Pasta Toss', 4, 4, 'Wife majority point away end question. Eye safe tend peace little personal. On voice expect character beautiful practice so approach.', 'you can store iy outside the fridge', 'better with a blender', 71, 42, 3, 42, 47);

INSERT INTO Step (recipe_id, order_number, description) VALUES (19, 1, 'Show own note place form.');

INSERT INTO Step (recipe_id, order_number, description) VALUES (19, 2, 'Idea hit budget ready.');

INSERT INTO Step (recipe_id, order_number, description) VALUES (19, 3, 'Range each behind themselves.');

INSERT INTO Step (recipe_id, order_number, description) VALUES (19, 4, 'Minute worry statement compare upon tell question.');

INSERT INTO Step (recipe_id, order_number, description) VALUES (19, 5, 'Hold simple detail order wall it on southern.');

INSERT INTO Nutritional_Info (recipe_id, fat_per_portion, carbs_per_portion, protein_per_portion) VALUES (19, 204, 31, 203);

INSERT INTO Recipe_Meal_Type (recipe_id, meal_type_id) VALUES (19, 3);

INSERT INTO Recipe_Meal_Type (recipe_id, meal_type_id) VALUES (19, 4);

INSERT INTO Recipe_Label (recipe_id, label_id) VALUES (19, 7);

INSERT INTO Recipe_Label (recipe_id, label_id) VALUES (19, 9);

INSERT INTO Recipe_Label (recipe_id, label_id) VALUES (19, 8);

INSERT INTO Recipe_Label (recipe_id, label_id) VALUES (19, 6);

INSERT INTO Recipe_Equipment (recipe_id, equipment_id) VALUES (19, 46);

INSERT INTO Recipe_Ingredient (recipe_id, ingredient_id, portion) VALUES (19, 48, 3);

INSERT INTO Recipe_Ingredient (recipe_id, ingredient_id, portion) VALUES (19, 164, 1);

INSERT INTO Recipe_Ingredient (recipe_id, ingredient_id, portion) VALUES (19, 139, 4);

INSERT INTO Recipe_Ingredient (recipe_id, ingredient_id, portion) VALUES (19, 22, 8);

INSERT INTO Recipe_Ingredient (recipe_id, ingredient_id, portion) VALUES (19, 111, 3);

INSERT INTO Recipe_Ingredient (recipe_id, ingredient_id, portion) VALUES (19, 141, 6);

INSERT INTO Recipe_Ingredient (recipe_id, ingredient_id, portion) VALUES (19, 3, 7);

INSERT INTO Recipe_Ingredient (recipe_id, ingredient_id, portion) VALUES (19, 52, 8);

INSERT INTO Recipe_Ingredient (recipe_id, ingredient_id, portion) VALUES (19, 98, 4);

INSERT INTO Recipe_Ingredient (recipe_id, ingredient_id, portion) VALUES (19, 5, 7);

INSERT INTO Recipe_Ingredient (recipe_id, ingredient_id, portion) VALUES (19, 18, 3);

INSERT INTO Recipe_Ingredient (recipe_id, ingredient_id, portion) VALUES (19, 183, 7);

INSERT INTO Recipe_Ingredient (recipe_id, ingredient_id, portion) VALUES (19, 199, 6);

INSERT INTO Recipe_Ingredient (recipe_id, ingredient_id, portion) VALUES (19, 170, 6);

INSERT INTO Recipe_Ingredient (recipe_id, ingredient_id, portion) VALUES (19, 50, 1);

INSERT INTO Recipe_Ingredient (recipe_id, ingredient_id, portion) VALUES (19, 76, 2);

INSERT INTO Recipe_Ingredient (recipe_id, ingredient_id, portion) VALUES (19, 47, 3);

INSERT INTO Recipe_Ingredient (recipe_id, ingredient_id, portion) VALUES (19, 128, 2);

INSERT INTO Recipe_Ingredient (recipe_id, ingredient_id, portion) VALUES (19, 42, 8);

INSERT INTO Recipe_Thematic_Unit (recipe_id, thematic_unit_id) VALUES (19, 4);

INSERT INTO Recipe (recipe_type, name, national_cuisine_id, difficulty_level, description, tip1, tip2, tip3, cooking_time, prep_time, portions, basic_ingredient_id, image_id) VALUES ('pastry', 'Cashew Chicken with Noodles', 4, 5, 'Suggest feeling month together old there. Bill political heavy. Station family main international after.', 'you need small cups', 'better with butter instead of milk', 'you need small cups', 133, 34, 8, 16, 48);

INSERT INTO Step (recipe_id, order_number, description) VALUES (20, 1, 'Model owner federal security college maintain.');

INSERT INTO Nutritional_Info (recipe_id, fat_per_portion, carbs_per_portion, protein_per_portion) VALUES (20, 237, 107, 140);

INSERT INTO Recipe_Meal_Type (recipe_id, meal_type_id) VALUES (20, 4);

INSERT INTO Recipe_Meal_Type (recipe_id, meal_type_id) VALUES (20, 5);

INSERT INTO Recipe_Label (recipe_id, label_id) VALUES (20, 9);

INSERT INTO Recipe_Equipment (recipe_id, equipment_id) VALUES (20, 50);

INSERT INTO Recipe_Equipment (recipe_id, equipment_id) VALUES (20, 7);

INSERT INTO Recipe_Ingredient (recipe_id, ingredient_id, portion) VALUES (20, 168, 6);

INSERT INTO Recipe_Ingredient (recipe_id, ingredient_id, portion) VALUES (20, 176, 4);

INSERT INTO Recipe_Ingredient (recipe_id, ingredient_id, portion) VALUES (20, 75, 3);

INSERT INTO Recipe_Ingredient (recipe_id, ingredient_id, portion) VALUES (20, 154, 1);

INSERT INTO Recipe_Ingredient (recipe_id, ingredient_id, portion) VALUES (20, 30, 1);

INSERT INTO Recipe_Ingredient (recipe_id, ingredient_id, portion) VALUES (20, 65, 5);

INSERT INTO Recipe_Ingredient (recipe_id, ingredient_id, portion) VALUES (20, 16, 5);

INSERT INTO Recipe_Thematic_Unit (recipe_id, thematic_unit_id) VALUES (20, 14);

INSERT INTO Recipe_Thematic_Unit (recipe_id, thematic_unit_id) VALUES (20, 11);

INSERT INTO Recipe (recipe_type, name, national_cuisine_id, difficulty_level, description, tip1, cooking_time, prep_time, portions, basic_ingredient_id, image_id) VALUES ('cooking', 'Herb Chicken with Honey Butter', 5, 4, 'Congress so fly color road girl red. Operation begin manager hold perhaps scientist majority.', 'you need to be patient', 140, 28, 3, 189, 49);

INSERT INTO Step (recipe_id, order_number, description) VALUES (21, 1, 'Leader bag area interesting strong avoid.');

INSERT INTO Step (recipe_id, order_number, description) VALUES (21, 2, 'Back break financial beat.');

INSERT INTO Step (recipe_id, order_number, description) VALUES (21, 3, 'Center expert fire direction course total.');

INSERT INTO Step (recipe_id, order_number, description) VALUES (21, 4, 'Skin challenge marriage in paper garden campaign.');

INSERT INTO Nutritional_Info (recipe_id, fat_per_portion, carbs_per_portion, protein_per_portion) VALUES (21, 286, 128, 223);

INSERT INTO Recipe_Meal_Type (recipe_id, meal_type_id) VALUES (21, 2);

INSERT INTO Recipe_Meal_Type (recipe_id, meal_type_id) VALUES (21, 5);

INSERT INTO Recipe_Meal_Type (recipe_id, meal_type_id) VALUES (21, 4);

INSERT INTO Recipe_Label (recipe_id, label_id) VALUES (21, 8);

INSERT INTO Recipe_Label (recipe_id, label_id) VALUES (21, 1);

INSERT INTO Recipe_Label (recipe_id, label_id) VALUES (21, 9);

INSERT INTO Recipe_Equipment (recipe_id, equipment_id) VALUES (21, 11);

INSERT INTO Recipe_Equipment (recipe_id, equipment_id) VALUES (21, 19);

INSERT INTO Recipe_Ingredient (recipe_id, ingredient_id, portion) VALUES (21, 86, 3);

INSERT INTO Recipe_Ingredient (recipe_id, ingredient_id, portion) VALUES (21, 120, 8);

INSERT INTO Recipe_Ingredient (recipe_id, ingredient_id, portion) VALUES (21, 189, 2);

INSERT INTO Recipe_Thematic_Unit (recipe_id, thematic_unit_id) VALUES (21, 5);

INSERT INTO Recipe_Thematic_Unit (recipe_id, thematic_unit_id) VALUES (21, 12);

INSERT INTO Recipe (recipe_type, name, national_cuisine_id, difficulty_level, description, tip1, cooking_time, prep_time, portions, basic_ingredient_id, image_id) VALUES ('cooking', 'French Toast', 5, 1, 'Somebody name social recently become knowledge create. Factor business nothing accept. Bed tell capital ready.', 'you need small cups', 111, 31, 3, 26, 50);

INSERT INTO Step (recipe_id, order_number, description) VALUES (22, 1, 'Factor student early new pattern difference own.');

INSERT INTO Step (recipe_id, order_number, description) VALUES (22, 2, 'Center book share nor.');

INSERT INTO Step (recipe_id, order_number, description) VALUES (22, 3, 'Plan college many purpose whether alone sign.');

INSERT INTO Step (recipe_id, order_number, description) VALUES (22, 4, 'Fight anything glass time notice.');

INSERT INTO Step (recipe_id, order_number, description) VALUES (22, 5, 'Must over big behavior decide.');

INSERT INTO Step (recipe_id, order_number, description) VALUES (22, 6, 'Significant along Republican consumer share turn simply.');

INSERT INTO Step (recipe_id, order_number, description) VALUES (22, 7, 'Break live test address smile player.');

INSERT INTO Step (recipe_id, order_number, description) VALUES (22, 8, 'Around impact run win buy.');

INSERT INTO Nutritional_Info (recipe_id, fat_per_portion, carbs_per_portion, protein_per_portion) VALUES (22, 89, 63, 160);

INSERT INTO Recipe_Meal_Type (recipe_id, meal_type_id) VALUES (22, 4);

INSERT INTO Recipe_Label (recipe_id, label_id) VALUES (22, 8);

INSERT INTO Recipe_Label (recipe_id, label_id) VALUES (22, 2);

INSERT INTO Recipe_Label (recipe_id, label_id) VALUES (22, 7);

INSERT INTO Recipe_Equipment (recipe_id, equipment_id) VALUES (22, 8);

INSERT INTO Recipe_Equipment (recipe_id, equipment_id) VALUES (22, 28);

INSERT INTO Recipe_Equipment (recipe_id, equipment_id) VALUES (22, 42);

INSERT INTO Recipe_Equipment (recipe_id, equipment_id) VALUES (22, 47);

INSERT INTO Recipe_Equipment (recipe_id, equipment_id) VALUES (22, 37);

INSERT INTO Recipe_Equipment (recipe_id, equipment_id) VALUES (22, 26);

INSERT INTO Recipe_Equipment (recipe_id, equipment_id) VALUES (22, 16);

INSERT INTO Recipe_Equipment (recipe_id, equipment_id) VALUES (22, 1);

INSERT INTO Recipe_Ingredient (recipe_id, ingredient_id, portion) VALUES (22, 171, 2);

INSERT INTO Recipe_Ingredient (recipe_id, ingredient_id, portion) VALUES (22, 111, 4);

INSERT INTO Recipe_Ingredient (recipe_id, ingredient_id, portion) VALUES (22, 125, 6);

INSERT INTO Recipe_Ingredient (recipe_id, ingredient_id, portion) VALUES (22, 23, 3);

INSERT INTO Recipe_Ingredient (recipe_id, ingredient_id, portion) VALUES (22, 183, 6);

INSERT INTO Recipe_Ingredient (recipe_id, ingredient_id, portion) VALUES (22, 163, 3);

INSERT INTO Recipe_Ingredient (recipe_id, ingredient_id, portion) VALUES (22, 73, 3);

INSERT INTO Recipe_Ingredient (recipe_id, ingredient_id, portion) VALUES (22, 77, 4);

INSERT INTO Recipe_Ingredient (recipe_id, ingredient_id, portion) VALUES (22, 72, 1);

INSERT INTO Recipe_Ingredient (recipe_id, ingredient_id, portion) VALUES (22, 55, 6);

INSERT INTO Recipe_Ingredient (recipe_id, ingredient_id, portion) VALUES (22, 33, 1);

INSERT INTO Recipe_Ingredient (recipe_id, ingredient_id, portion) VALUES (22, 87, 4);

INSERT INTO Recipe_Ingredient (recipe_id, ingredient_id, portion) VALUES (22, 21, 8);

INSERT INTO Recipe_Ingredient (recipe_id, ingredient_id, portion) VALUES (22, 186, 2);

INSERT INTO Recipe_Ingredient (recipe_id, ingredient_id, portion) VALUES (22, 67, 4);

INSERT INTO Recipe_Ingredient (recipe_id, ingredient_id, portion) VALUES (22, 91, 4);

INSERT INTO Recipe_Ingredient (recipe_id, ingredient_id, portion) VALUES (22, 181, 5);

INSERT INTO Recipe_Ingredient (recipe_id, ingredient_id, portion) VALUES (22, 196, 2);

INSERT INTO Recipe_Ingredient (recipe_id, ingredient_id, portion) VALUES (22, 44, 8);

INSERT INTO Recipe_Ingredient (recipe_id, ingredient_id, portion) VALUES (22, 26, 3);

INSERT INTO Recipe_Thematic_Unit (recipe_id, thematic_unit_id) VALUES (22, 1);

INSERT INTO Recipe_Thematic_Unit (recipe_id, thematic_unit_id) VALUES (22, 7);

INSERT INTO Recipe (recipe_type, name, national_cuisine_id, difficulty_level, description, tip1, tip2, cooking_time, prep_time, portions, basic_ingredient_id, image_id) VALUES ('pastry', 'Swedish Pancakes', 5, 1, 'Message science across character. Open evening maybe understand.', 'better with butter instead of milk', 'better when fresh', 134, 19, 5, 153, 51);

INSERT INTO Step (recipe_id, order_number, description) VALUES (23, 1, 'City popular say impact product nature.');

INSERT INTO Step (recipe_id, order_number, description) VALUES (23, 2, 'Lead know full first miss conference better arrive.');

INSERT INTO Step (recipe_id, order_number, description) VALUES (23, 3, 'Point crime security parent me.');

INSERT INTO Step (recipe_id, order_number, description) VALUES (23, 4, 'Carry around note TV.');

INSERT INTO Step (recipe_id, order_number, description) VALUES (23, 5, 'Oil us trial material often off light continue.');

INSERT INTO Nutritional_Info (recipe_id, fat_per_portion, carbs_per_portion, protein_per_portion) VALUES (23, 70, 105, 67);

INSERT INTO Recipe_Meal_Type (recipe_id, meal_type_id) VALUES (23, 6);

INSERT INTO Recipe_Meal_Type (recipe_id, meal_type_id) VALUES (23, 5);

INSERT INTO Recipe_Label (recipe_id, label_id) VALUES (23, 7);

INSERT INTO Recipe_Equipment (recipe_id, equipment_id) VALUES (23, 35);

INSERT INTO Recipe_Equipment (recipe_id, equipment_id) VALUES (23, 25);

INSERT INTO Recipe_Equipment (recipe_id, equipment_id) VALUES (23, 30);

INSERT INTO Recipe_Equipment (recipe_id, equipment_id) VALUES (23, 10);

INSERT INTO Recipe_Equipment (recipe_id, equipment_id) VALUES (23, 49);

INSERT INTO Recipe_Equipment (recipe_id, equipment_id) VALUES (23, 40);

INSERT INTO Recipe_Ingredient (recipe_id, ingredient_id, portion) VALUES (23, 133, 6);

INSERT INTO Recipe_Ingredient (recipe_id, ingredient_id, portion) VALUES (23, 92, 7);

INSERT INTO Recipe_Ingredient (recipe_id, ingredient_id, portion) VALUES (23, 40, 5);

INSERT INTO Recipe_Ingredient (recipe_id, ingredient_id, portion) VALUES (23, 142, 8);

INSERT INTO Recipe_Ingredient (recipe_id, ingredient_id, portion) VALUES (23, 109, 6);

INSERT INTO Recipe_Ingredient (recipe_id, ingredient_id, portion) VALUES (23, 27, 5);

INSERT INTO Recipe_Ingredient (recipe_id, ingredient_id, portion) VALUES (23, 71, 6);

INSERT INTO Recipe_Ingredient (recipe_id, ingredient_id, portion) VALUES (23, 43, 7);

INSERT INTO Recipe_Ingredient (recipe_id, ingredient_id, portion) VALUES (23, 75, 5);

INSERT INTO Recipe_Ingredient (recipe_id, ingredient_id, portion) VALUES (23, 35, 2);

INSERT INTO Recipe_Ingredient (recipe_id, ingredient_id, portion) VALUES (23, 58, 2);

INSERT INTO Recipe_Ingredient (recipe_id, ingredient_id, portion) VALUES (23, 121, 3);

INSERT INTO Recipe_Ingredient (recipe_id, ingredient_id, portion) VALUES (23, 2, 1);

INSERT INTO Recipe_Ingredient (recipe_id, ingredient_id, portion) VALUES (23, 70, 7);

INSERT INTO Recipe_Ingredient (recipe_id, ingredient_id, portion) VALUES (23, 6, 5);

INSERT INTO Recipe_Ingredient (recipe_id, ingredient_id, portion) VALUES (23, 146, 6);

INSERT INTO Recipe_Ingredient (recipe_id, ingredient_id, portion) VALUES (23, 128, 2);

INSERT INTO Recipe_Ingredient (recipe_id, ingredient_id, portion) VALUES (23, 101, 2);

INSERT INTO Recipe_Ingredient (recipe_id, ingredient_id, portion) VALUES (23, 32, 2);

INSERT INTO Recipe_Ingredient (recipe_id, ingredient_id, portion) VALUES (23, 153, 3);

INSERT INTO Recipe_Thematic_Unit (recipe_id, thematic_unit_id) VALUES (23, 3);

INSERT INTO Recipe_Thematic_Unit (recipe_id, thematic_unit_id) VALUES (23, 9);

INSERT INTO Recipe (recipe_type, name, national_cuisine_id, difficulty_level, description, tip1, cooking_time, prep_time, portions, basic_ingredient_id, image_id) VALUES ('pastry', 'Baked Cheddar Eggs & Potatoes', 5, 1, 'Note none scene large. Public traditional look environment why certain environment yeah.', 'better after 2 days', 75, 11, 4, 161, 52);

INSERT INTO Step (recipe_id, order_number, description) VALUES (24, 1, 'Number represent why full interview resource.');

INSERT INTO Step (recipe_id, order_number, description) VALUES (24, 2, 'Around as water situation true conference show.');

INSERT INTO Step (recipe_id, order_number, description) VALUES (24, 3, 'Develop employee consumer production particular she hope.');

INSERT INTO Step (recipe_id, order_number, description) VALUES (24, 4, 'Star health your.');

INSERT INTO Step (recipe_id, order_number, description) VALUES (24, 5, 'Prepare not think however picture.');

INSERT INTO Step (recipe_id, order_number, description) VALUES (24, 6, 'Agent central hotel hotel just common.');

INSERT INTO Nutritional_Info (recipe_id, fat_per_portion, carbs_per_portion, protein_per_portion) VALUES (24, 175, 145, 48);

INSERT INTO Recipe_Meal_Type (recipe_id, meal_type_id) VALUES (24, 4);

INSERT INTO Recipe_Label (recipe_id, label_id) VALUES (24, 1);

INSERT INTO Recipe_Label (recipe_id, label_id) VALUES (24, 8);

INSERT INTO Recipe_Label (recipe_id, label_id) VALUES (24, 2);

INSERT INTO Recipe_Equipment (recipe_id, equipment_id) VALUES (24, 4);

INSERT INTO Recipe_Equipment (recipe_id, equipment_id) VALUES (24, 21);

INSERT INTO Recipe_Ingredient (recipe_id, ingredient_id, portion) VALUES (24, 107, 4);

INSERT INTO Recipe_Ingredient (recipe_id, ingredient_id, portion) VALUES (24, 25, 3);

INSERT INTO Recipe_Ingredient (recipe_id, ingredient_id, portion) VALUES (24, 92, 8);

INSERT INTO Recipe_Ingredient (recipe_id, ingredient_id, portion) VALUES (24, 79, 5);

INSERT INTO Recipe_Ingredient (recipe_id, ingredient_id, portion) VALUES (24, 139, 1);

INSERT INTO Recipe_Ingredient (recipe_id, ingredient_id, portion) VALUES (24, 73, 8);

INSERT INTO Recipe_Ingredient (recipe_id, ingredient_id, portion) VALUES (24, 103, 7);

INSERT INTO Recipe_Ingredient (recipe_id, ingredient_id, portion) VALUES (24, 77, 1);

INSERT INTO Recipe_Ingredient (recipe_id, ingredient_id, portion) VALUES (24, 111, 8);

INSERT INTO Recipe_Ingredient (recipe_id, ingredient_id, portion) VALUES (24, 109, 8);

INSERT INTO Recipe_Ingredient (recipe_id, ingredient_id, portion) VALUES (24, 34, 7);

INSERT INTO Recipe_Ingredient (recipe_id, ingredient_id, portion) VALUES (24, 142, 5);

INSERT INTO Recipe_Ingredient (recipe_id, ingredient_id, portion) VALUES (24, 138, 1);

INSERT INTO Recipe_Ingredient (recipe_id, ingredient_id, portion) VALUES (24, 104, 2);

INSERT INTO Recipe_Ingredient (recipe_id, ingredient_id, portion) VALUES (24, 38, 3);

INSERT INTO Recipe_Ingredient (recipe_id, ingredient_id, portion) VALUES (24, 181, 8);

INSERT INTO Recipe_Ingredient (recipe_id, ingredient_id, portion) VALUES (24, 90, 6);

INSERT INTO Recipe_Ingredient (recipe_id, ingredient_id, portion) VALUES (24, 20, 4);

INSERT INTO Recipe_Ingredient (recipe_id, ingredient_id, portion) VALUES (24, 41, 8);

INSERT INTO Recipe_Ingredient (recipe_id, ingredient_id, portion) VALUES (24, 161, 6);

INSERT INTO Recipe_Thematic_Unit (recipe_id, thematic_unit_id) VALUES (24, 6);

INSERT INTO Recipe_Thematic_Unit (recipe_id, thematic_unit_id) VALUES (24, 4);

INSERT INTO Recipe_Thematic_Unit (recipe_id, thematic_unit_id) VALUES (24, 11);

INSERT INTO Recipe (recipe_type, name, national_cuisine_id, difficulty_level, description, tip1, tip2, cooking_time, prep_time, portions, basic_ingredient_id, image_id) VALUES ('cooking', 'Baked Mostaccioli', 5, 5, 'Himself vote chance who team cost lawyer effect.', 'better with slow cooking', 'you need small cups', 109, 42, 1, 80, 53);

INSERT INTO Step (recipe_id, order_number, description) VALUES (25, 1, 'Moment newspaper federal voice accept out test.');

INSERT INTO Step (recipe_id, order_number, description) VALUES (25, 2, 'Fly until very over order.');

INSERT INTO Step (recipe_id, order_number, description) VALUES (25, 3, 'Also before step each while that catch.');

INSERT INTO Step (recipe_id, order_number, description) VALUES (25, 4, 'Way quickly reveal necessary many.');

INSERT INTO Step (recipe_id, order_number, description) VALUES (25, 5, 'Agreement relate ground movement military check be.');

INSERT INTO Step (recipe_id, order_number, description) VALUES (25, 6, 'Subject really number interview.');

INSERT INTO Nutritional_Info (recipe_id, fat_per_portion, carbs_per_portion, protein_per_portion) VALUES (25, 368, 195, 108);

INSERT INTO Recipe_Meal_Type (recipe_id, meal_type_id) VALUES (25, 4);

INSERT INTO Recipe_Meal_Type (recipe_id, meal_type_id) VALUES (25, 6);

INSERT INTO Recipe_Label (recipe_id, label_id) VALUES (25, 6);

INSERT INTO Recipe_Label (recipe_id, label_id) VALUES (25, 7);

INSERT INTO Recipe_Label (recipe_id, label_id) VALUES (25, 2);

INSERT INTO Recipe_Equipment (recipe_id, equipment_id) VALUES (25, 26);

INSERT INTO Recipe_Equipment (recipe_id, equipment_id) VALUES (25, 44);

INSERT INTO Recipe_Equipment (recipe_id, equipment_id) VALUES (25, 27);

INSERT INTO Recipe_Ingredient (recipe_id, ingredient_id, portion) VALUES (25, 63, 5);

INSERT INTO Recipe_Ingredient (recipe_id, ingredient_id, portion) VALUES (25, 142, 1);

INSERT INTO Recipe_Ingredient (recipe_id, ingredient_id, portion) VALUES (25, 150, 2);

INSERT INTO Recipe_Ingredient (recipe_id, ingredient_id, portion) VALUES (25, 104, 8);

INSERT INTO Recipe_Ingredient (recipe_id, ingredient_id, portion) VALUES (25, 173, 1);

INSERT INTO Recipe_Ingredient (recipe_id, ingredient_id, portion) VALUES (25, 93, 6);

INSERT INTO Recipe_Ingredient (recipe_id, ingredient_id, portion) VALUES (25, 12, 2);

INSERT INTO Recipe_Ingredient (recipe_id, ingredient_id, portion) VALUES (25, 80, 6);

INSERT INTO Recipe_Thematic_Unit (recipe_id, thematic_unit_id) VALUES (25, 1);

INSERT INTO Recipe (recipe_type, name, national_cuisine_id, difficulty_level, description, tip1, cooking_time, prep_time, portions, basic_ingredient_id, image_id) VALUES ('pastry', 'Ravioli with Snap Peas', 6, 3, 'Likely national rule never road. Number scientist know law sound land true. Yard believe true happy ahead eight bank soldier.', 'in the fridge for 3 days', 79, 33, 4, 188, 54);

INSERT INTO Step (recipe_id, order_number, description) VALUES (26, 1, 'Cause enough work type.');

INSERT INTO Step (recipe_id, order_number, description) VALUES (26, 2, 'Serious anything four two defense.');

INSERT INTO Step (recipe_id, order_number, description) VALUES (26, 3, 'Clearly need yourself dark her course discussion.');

INSERT INTO Step (recipe_id, order_number, description) VALUES (26, 4, 'Available hot necessary officer pretty heart plant.');

INSERT INTO Nutritional_Info (recipe_id, fat_per_portion, carbs_per_portion, protein_per_portion) VALUES (26, 108, 21, 244);

INSERT INTO Recipe_Meal_Type (recipe_id, meal_type_id) VALUES (26, 5);

INSERT INTO Recipe_Meal_Type (recipe_id, meal_type_id) VALUES (26, 6);

INSERT INTO Recipe_Label (recipe_id, label_id) VALUES (26, 9);

INSERT INTO Recipe_Equipment (recipe_id, equipment_id) VALUES (26, 39);

INSERT INTO Recipe_Equipment (recipe_id, equipment_id) VALUES (26, 26);

INSERT INTO Recipe_Equipment (recipe_id, equipment_id) VALUES (26, 29);

INSERT INTO Recipe_Equipment (recipe_id, equipment_id) VALUES (26, 35);

INSERT INTO Recipe_Equipment (recipe_id, equipment_id) VALUES (26, 23);

INSERT INTO Recipe_Equipment (recipe_id, equipment_id) VALUES (26, 18);

INSERT INTO Recipe_Equipment (recipe_id, equipment_id) VALUES (26, 45);

INSERT INTO Recipe_Equipment (recipe_id, equipment_id) VALUES (26, 20);

INSERT INTO Recipe_Ingredient (recipe_id, ingredient_id, portion) VALUES (26, 189, 5);

INSERT INTO Recipe_Ingredient (recipe_id, ingredient_id, portion) VALUES (26, 139, 2);

INSERT INTO Recipe_Ingredient (recipe_id, ingredient_id, portion) VALUES (26, 90, 3);

INSERT INTO Recipe_Ingredient (recipe_id, ingredient_id, portion) VALUES (26, 194, 7);

INSERT INTO Recipe_Ingredient (recipe_id, ingredient_id, portion) VALUES (26, 191, 1);

INSERT INTO Recipe_Ingredient (recipe_id, ingredient_id, portion) VALUES (26, 72, 5);

INSERT INTO Recipe_Ingredient (recipe_id, ingredient_id, portion) VALUES (26, 195, 6);

INSERT INTO Recipe_Ingredient (recipe_id, ingredient_id, portion) VALUES (26, 99, 6);

INSERT INTO Recipe_Ingredient (recipe_id, ingredient_id, portion) VALUES (26, 17, 1);

INSERT INTO Recipe_Ingredient (recipe_id, ingredient_id, portion) VALUES (26, 71, 8);

INSERT INTO Recipe_Ingredient (recipe_id, ingredient_id, portion) VALUES (26, 197, 6);

INSERT INTO Recipe_Ingredient (recipe_id, ingredient_id, portion) VALUES (26, 62, 5);

INSERT INTO Recipe_Ingredient (recipe_id, ingredient_id, portion) VALUES (26, 57, 3);

INSERT INTO Recipe_Ingredient (recipe_id, ingredient_id, portion) VALUES (26, 156, 1);

INSERT INTO Recipe_Ingredient (recipe_id, ingredient_id, portion) VALUES (26, 98, 1);

INSERT INTO Recipe_Ingredient (recipe_id, ingredient_id, portion) VALUES (26, 159, 1);

INSERT INTO Recipe_Ingredient (recipe_id, ingredient_id, portion) VALUES (26, 92, 4);

INSERT INTO Recipe_Ingredient (recipe_id, ingredient_id, portion) VALUES (26, 176, 7);

INSERT INTO Recipe_Ingredient (recipe_id, ingredient_id, portion) VALUES (26, 94, 3);

INSERT INTO Recipe_Ingredient (recipe_id, ingredient_id, portion) VALUES (26, 188, 5);

INSERT INTO Recipe_Thematic_Unit (recipe_id, thematic_unit_id) VALUES (26, 8);

INSERT INTO Recipe_Thematic_Unit (recipe_id, thematic_unit_id) VALUES (26, 4);

INSERT INTO Recipe (recipe_type, name, national_cuisine_id, difficulty_level, description, tip1, cooking_time, prep_time, portions, basic_ingredient_id, image_id) VALUES ('pastry', 'Cloverleaf Rolls', 6, 3, 'Media difficult it stand hear finally machine.', 'better with slow cooking', 26, 13, 6, 155, 55);

INSERT INTO Step (recipe_id, order_number, description) VALUES (27, 1, 'Race apply surface born technology visit list.');

INSERT INTO Step (recipe_id, order_number, description) VALUES (27, 2, 'Old performance growth whom.');

INSERT INTO Nutritional_Info (recipe_id, fat_per_portion, carbs_per_portion, protein_per_portion) VALUES (27, 336, 161, 84);

INSERT INTO Recipe_Meal_Type (recipe_id, meal_type_id) VALUES (27, 6);

INSERT INTO Recipe_Meal_Type (recipe_id, meal_type_id) VALUES (27, 5);

INSERT INTO Recipe_Label (recipe_id, label_id) VALUES (27, 1);

INSERT INTO Recipe_Label (recipe_id, label_id) VALUES (27, 4);

INSERT INTO Recipe_Equipment (recipe_id, equipment_id) VALUES (27, 4);

INSERT INTO Recipe_Equipment (recipe_id, equipment_id) VALUES (27, 27);

INSERT INTO Recipe_Equipment (recipe_id, equipment_id) VALUES (27, 10);

INSERT INTO Recipe_Equipment (recipe_id, equipment_id) VALUES (27, 13);

INSERT INTO Recipe_Ingredient (recipe_id, ingredient_id, portion) VALUES (27, 64, 8);

INSERT INTO Recipe_Ingredient (recipe_id, ingredient_id, portion) VALUES (27, 79, 3);

INSERT INTO Recipe_Ingredient (recipe_id, ingredient_id, portion) VALUES (27, 55, 5);

INSERT INTO Recipe_Ingredient (recipe_id, ingredient_id, portion) VALUES (27, 97, 7);

INSERT INTO Recipe_Ingredient (recipe_id, ingredient_id, portion) VALUES (27, 164, 6);

INSERT INTO Recipe_Ingredient (recipe_id, ingredient_id, portion) VALUES (27, 75, 2);

INSERT INTO Recipe_Ingredient (recipe_id, ingredient_id, portion) VALUES (27, 57, 6);

INSERT INTO Recipe_Ingredient (recipe_id, ingredient_id, portion) VALUES (27, 86, 2);

INSERT INTO Recipe_Ingredient (recipe_id, ingredient_id, portion) VALUES (27, 195, 2);

INSERT INTO Recipe_Ingredient (recipe_id, ingredient_id, portion) VALUES (27, 114, 5);

INSERT INTO Recipe_Ingredient (recipe_id, ingredient_id, portion) VALUES (27, 110, 4);

INSERT INTO Recipe_Ingredient (recipe_id, ingredient_id, portion) VALUES (27, 17, 1);

INSERT INTO Recipe_Ingredient (recipe_id, ingredient_id, portion) VALUES (27, 154, 4);

INSERT INTO Recipe_Ingredient (recipe_id, ingredient_id, portion) VALUES (27, 37, 5);

INSERT INTO Recipe_Ingredient (recipe_id, ingredient_id, portion) VALUES (27, 165, 1);

INSERT INTO Recipe_Ingredient (recipe_id, ingredient_id, portion) VALUES (27, 124, 6);

INSERT INTO Recipe_Ingredient (recipe_id, ingredient_id, portion) VALUES (27, 177, 6);

INSERT INTO Recipe_Ingredient (recipe_id, ingredient_id, portion) VALUES (27, 155, 1);

INSERT INTO Recipe_Thematic_Unit (recipe_id, thematic_unit_id) VALUES (27, 11);

INSERT INTO Recipe_Thematic_Unit (recipe_id, thematic_unit_id) VALUES (27, 6);

INSERT INTO Recipe_Thematic_Unit (recipe_id, thematic_unit_id) VALUES (27, 5);

INSERT INTO Recipe (recipe_type, name, national_cuisine_id, difficulty_level, description, tip1, cooking_time, prep_time, portions, basic_ingredient_id, image_id) VALUES ('cooking', 'Greek Yogurt and Honey Blueberry Muffins', 6, 1, 'Keep skin under down executive. Million ready rest door major it either. Indicate president really should.', 'you need a lot of bowls', 54, 28, 4, 187, 56);

INSERT INTO Step (recipe_id, order_number, description) VALUES (28, 1, 'Drive college agree assume whom.');

INSERT INTO Step (recipe_id, order_number, description) VALUES (28, 2, 'Senior part somebody also food event big myself.');

INSERT INTO Nutritional_Info (recipe_id, fat_per_portion, carbs_per_portion, protein_per_portion) VALUES (28, 393, 73, 86);

INSERT INTO Recipe_Meal_Type (recipe_id, meal_type_id) VALUES (28, 5);

INSERT INTO Recipe_Meal_Type (recipe_id, meal_type_id) VALUES (28, 3);

INSERT INTO Recipe_Label (recipe_id, label_id) VALUES (28, 8);

INSERT INTO Recipe_Label (recipe_id, label_id) VALUES (28, 7);

INSERT INTO Recipe_Label (recipe_id, label_id) VALUES (28, 10);

INSERT INTO Recipe_Label (recipe_id, label_id) VALUES (28, 1);

INSERT INTO Recipe_Equipment (recipe_id, equipment_id) VALUES (28, 37);

INSERT INTO Recipe_Ingredient (recipe_id, ingredient_id, portion) VALUES (28, 174, 6);

INSERT INTO Recipe_Ingredient (recipe_id, ingredient_id, portion) VALUES (28, 114, 5);

INSERT INTO Recipe_Ingredient (recipe_id, ingredient_id, portion) VALUES (28, 117, 1);

INSERT INTO Recipe_Ingredient (recipe_id, ingredient_id, portion) VALUES (28, 148, 2);

INSERT INTO Recipe_Ingredient (recipe_id, ingredient_id, portion) VALUES (28, 87, 4);

INSERT INTO Recipe_Ingredient (recipe_id, ingredient_id, portion) VALUES (28, 187, 1);

INSERT INTO Recipe_Thematic_Unit (recipe_id, thematic_unit_id) VALUES (28, 10);

INSERT INTO Recipe (recipe_type, name, national_cuisine_id, difficulty_level, description, tip1, tip2, cooking_time, prep_time, portions, basic_ingredient_id, image_id) VALUES ('pastry', 'Whole Grain Waffles', 6, 4, 'Official that land study. On record next. Capital fact game.', 'good with honey', 'better with a blender', 57, 8, 3, 1, 57);

INSERT INTO Step (recipe_id, order_number, description) VALUES (29, 1, 'Candidate its goal.');

INSERT INTO Step (recipe_id, order_number, description) VALUES (29, 2, 'Heavy cost report window.');

INSERT INTO Step (recipe_id, order_number, description) VALUES (29, 3, 'Both though affect tend born score environmental.');

INSERT INTO Step (recipe_id, order_number, description) VALUES (29, 4, 'Election throughout news message former just kitchen.');

INSERT INTO Step (recipe_id, order_number, description) VALUES (29, 5, 'Tv catch father itself front.');

INSERT INTO Nutritional_Info (recipe_id, fat_per_portion, carbs_per_portion, protein_per_portion) VALUES (29, 121, 140, 248);

INSERT INTO Recipe_Meal_Type (recipe_id, meal_type_id) VALUES (29, 3);

INSERT INTO Recipe_Meal_Type (recipe_id, meal_type_id) VALUES (29, 4);

INSERT INTO Recipe_Meal_Type (recipe_id, meal_type_id) VALUES (29, 5);

INSERT INTO Recipe_Label (recipe_id, label_id) VALUES (29, 9);

INSERT INTO Recipe_Label (recipe_id, label_id) VALUES (29, 1);

INSERT INTO Recipe_Label (recipe_id, label_id) VALUES (29, 2);

INSERT INTO Recipe_Label (recipe_id, label_id) VALUES (29, 10);

INSERT INTO Recipe_Equipment (recipe_id, equipment_id) VALUES (29, 9);

INSERT INTO Recipe_Equipment (recipe_id, equipment_id) VALUES (29, 10);

INSERT INTO Recipe_Equipment (recipe_id, equipment_id) VALUES (29, 47);

INSERT INTO Recipe_Ingredient (recipe_id, ingredient_id, portion) VALUES (29, 10, 2);

INSERT INTO Recipe_Ingredient (recipe_id, ingredient_id, portion) VALUES (29, 131, 5);

INSERT INTO Recipe_Ingredient (recipe_id, ingredient_id, portion) VALUES (29, 31, 5);

INSERT INTO Recipe_Ingredient (recipe_id, ingredient_id, portion) VALUES (29, 80, 5);

INSERT INTO Recipe_Ingredient (recipe_id, ingredient_id, portion) VALUES (29, 156, 8);

INSERT INTO Recipe_Ingredient (recipe_id, ingredient_id, portion) VALUES (29, 48, 3);

INSERT INTO Recipe_Ingredient (recipe_id, ingredient_id, portion) VALUES (29, 136, 6);

INSERT INTO Recipe_Ingredient (recipe_id, ingredient_id, portion) VALUES (29, 41, 6);

INSERT INTO Recipe_Ingredient (recipe_id, ingredient_id, portion) VALUES (29, 141, 7);

INSERT INTO Recipe_Ingredient (recipe_id, ingredient_id, portion) VALUES (29, 101, 8);

INSERT INTO Recipe_Ingredient (recipe_id, ingredient_id, portion) VALUES (29, 127, 5);

INSERT INTO Recipe_Ingredient (recipe_id, ingredient_id, portion) VALUES (29, 61, 3);

INSERT INTO Recipe_Ingredient (recipe_id, ingredient_id, portion) VALUES (29, 151, 6);

INSERT INTO Recipe_Ingredient (recipe_id, ingredient_id, portion) VALUES (29, 74, 2);

INSERT INTO Recipe_Ingredient (recipe_id, ingredient_id, portion) VALUES (29, 33, 7);

INSERT INTO Recipe_Ingredient (recipe_id, ingredient_id, portion) VALUES (29, 44, 2);

INSERT INTO Recipe_Ingredient (recipe_id, ingredient_id, portion) VALUES (29, 1, 2);

INSERT INTO Recipe_Thematic_Unit (recipe_id, thematic_unit_id) VALUES (29, 12);

INSERT INTO Recipe (recipe_type, name, national_cuisine_id, difficulty_level, description, tip1, tip2, tip3, cooking_time, prep_time, portions, basic_ingredient_id, image_id) VALUES ('cooking', 'Lemon Bars', 6, 4, 'Company question quality. Box represent against clear democratic voice system long. Stay white spring determine day charge article easy.', 'you have to be careful not to let it get stack', 'you need 2 people to make it', 'in the fridge for 3 days', 58, 21, 8, 150, 58);

INSERT INTO Step (recipe_id, order_number, description) VALUES (30, 1, 'Summer lead true today discover thus painting.');

INSERT INTO Nutritional_Info (recipe_id, fat_per_portion, carbs_per_portion, protein_per_portion) VALUES (30, 396, 177, 111);

INSERT INTO Recipe_Meal_Type (recipe_id, meal_type_id) VALUES (30, 3);

INSERT INTO Recipe_Label (recipe_id, label_id) VALUES (30, 3);

INSERT INTO Recipe_Label (recipe_id, label_id) VALUES (30, 1);

INSERT INTO Recipe_Equipment (recipe_id, equipment_id) VALUES (30, 9);

INSERT INTO Recipe_Equipment (recipe_id, equipment_id) VALUES (30, 37);

INSERT INTO Recipe_Equipment (recipe_id, equipment_id) VALUES (30, 41);

INSERT INTO Recipe_Equipment (recipe_id, equipment_id) VALUES (30, 13);

INSERT INTO Recipe_Equipment (recipe_id, equipment_id) VALUES (30, 34);

INSERT INTO Recipe_Equipment (recipe_id, equipment_id) VALUES (30, 38);

INSERT INTO Recipe_Ingredient (recipe_id, ingredient_id, portion) VALUES (30, 59, 7);

INSERT INTO Recipe_Ingredient (recipe_id, ingredient_id, portion) VALUES (30, 96, 3);

INSERT INTO Recipe_Ingredient (recipe_id, ingredient_id, portion) VALUES (30, 57, 1);

INSERT INTO Recipe_Ingredient (recipe_id, ingredient_id, portion) VALUES (30, 108, 8);

INSERT INTO Recipe_Ingredient (recipe_id, ingredient_id, portion) VALUES (30, 134, 2);

INSERT INTO Recipe_Ingredient (recipe_id, ingredient_id, portion) VALUES (30, 39, 3);

INSERT INTO Recipe_Ingredient (recipe_id, ingredient_id, portion) VALUES (30, 103, 7);

INSERT INTO Recipe_Ingredient (recipe_id, ingredient_id, portion) VALUES (30, 187, 1);

INSERT INTO Recipe_Ingredient (recipe_id, ingredient_id, portion) VALUES (30, 36, 2);

INSERT INTO Recipe_Ingredient (recipe_id, ingredient_id, portion) VALUES (30, 183, 5);

INSERT INTO Recipe_Ingredient (recipe_id, ingredient_id, portion) VALUES (30, 97, 7);

INSERT INTO Recipe_Ingredient (recipe_id, ingredient_id, portion) VALUES (30, 180, 1);

INSERT INTO Recipe_Ingredient (recipe_id, ingredient_id, portion) VALUES (30, 10, 3);

INSERT INTO Recipe_Ingredient (recipe_id, ingredient_id, portion) VALUES (30, 153, 7);

INSERT INTO Recipe_Ingredient (recipe_id, ingredient_id, portion) VALUES (30, 19, 3);

INSERT INTO Recipe_Ingredient (recipe_id, ingredient_id, portion) VALUES (30, 64, 3);

INSERT INTO Recipe_Ingredient (recipe_id, ingredient_id, portion) VALUES (30, 164, 7);

INSERT INTO Recipe_Ingredient (recipe_id, ingredient_id, portion) VALUES (30, 150, 2);

INSERT INTO Recipe_Thematic_Unit (recipe_id, thematic_unit_id) VALUES (30, 15);

INSERT INTO Recipe_Thematic_Unit (recipe_id, thematic_unit_id) VALUES (30, 5);

INSERT INTO Recipe (recipe_type, name, national_cuisine_id, difficulty_level, description, tip1, cooking_time, prep_time, portions, basic_ingredient_id, image_id) VALUES ('cooking', 'Qahaq Cookies', 7, 4, 'Discover since affect traditional would. Act worry several end without. Defense apply have clearly them. Take culture major.', 'you need salt', 57, 22, 2, 196, 59);

INSERT INTO Step (recipe_id, order_number, description) VALUES (31, 1, 'Can pass husband.');

INSERT INTO Step (recipe_id, order_number, description) VALUES (31, 2, 'Decision program education rule writer.');

INSERT INTO Nutritional_Info (recipe_id, fat_per_portion, carbs_per_portion, protein_per_portion) VALUES (31, 202, 71, 194);

INSERT INTO Recipe_Meal_Type (recipe_id, meal_type_id) VALUES (31, 6);

INSERT INTO Recipe_Label (recipe_id, label_id) VALUES (31, 7);

INSERT INTO Recipe_Label (recipe_id, label_id) VALUES (31, 9);

INSERT INTO Recipe_Label (recipe_id, label_id) VALUES (31, 4);

INSERT INTO Recipe_Equipment (recipe_id, equipment_id) VALUES (31, 20);

INSERT INTO Recipe_Equipment (recipe_id, equipment_id) VALUES (31, 16);

INSERT INTO Recipe_Equipment (recipe_id, equipment_id) VALUES (31, 43);

INSERT INTO Recipe_Equipment (recipe_id, equipment_id) VALUES (31, 34);

INSERT INTO Recipe_Equipment (recipe_id, equipment_id) VALUES (31, 23);

INSERT INTO Recipe_Ingredient (recipe_id, ingredient_id, portion) VALUES (31, 166, 3);

INSERT INTO Recipe_Ingredient (recipe_id, ingredient_id, portion) VALUES (31, 156, 8);

INSERT INTO Recipe_Ingredient (recipe_id, ingredient_id, portion) VALUES (31, 197, 3);

INSERT INTO Recipe_Ingredient (recipe_id, ingredient_id, portion) VALUES (31, 56, 6);

INSERT INTO Recipe_Ingredient (recipe_id, ingredient_id, portion) VALUES (31, 80, 1);

INSERT INTO Recipe_Ingredient (recipe_id, ingredient_id, portion) VALUES (31, 99, 8);

INSERT INTO Recipe_Ingredient (recipe_id, ingredient_id, portion) VALUES (31, 47, 1);

INSERT INTO Recipe_Ingredient (recipe_id, ingredient_id, portion) VALUES (31, 144, 8);

INSERT INTO Recipe_Ingredient (recipe_id, ingredient_id, portion) VALUES (31, 159, 8);

INSERT INTO Recipe_Ingredient (recipe_id, ingredient_id, portion) VALUES (31, 135, 2);

INSERT INTO Recipe_Ingredient (recipe_id, ingredient_id, portion) VALUES (31, 7, 5);

INSERT INTO Recipe_Ingredient (recipe_id, ingredient_id, portion) VALUES (31, 119, 1);

INSERT INTO Recipe_Ingredient (recipe_id, ingredient_id, portion) VALUES (31, 196, 5);

INSERT INTO Recipe_Thematic_Unit (recipe_id, thematic_unit_id) VALUES (31, 13);

INSERT INTO Recipe_Thematic_Unit (recipe_id, thematic_unit_id) VALUES (31, 10);

INSERT INTO Recipe_Thematic_Unit (recipe_id, thematic_unit_id) VALUES (31, 12);

INSERT INTO Recipe (recipe_type, name, national_cuisine_id, difficulty_level, description, tip1, tip2, cooking_time, prep_time, portions, basic_ingredient_id, image_id) VALUES ('pastry', 'Blondies with Nutella', 7, 2, 'Including bill contain bag office. Feel issue fight.', 'you need 2 people to make it', 'you need an oven', 25, 19, 2, 44, 60);

INSERT INTO Step (recipe_id, order_number, description) VALUES (32, 1, 'Suddenly arm pressure.');

INSERT INTO Step (recipe_id, order_number, description) VALUES (32, 2, 'Majority friend between window north money.');

INSERT INTO Nutritional_Info (recipe_id, fat_per_portion, carbs_per_portion, protein_per_portion) VALUES (32, 75, 198, 58);

INSERT INTO Recipe_Meal_Type (recipe_id, meal_type_id) VALUES (32, 5);

INSERT INTO Recipe_Meal_Type (recipe_id, meal_type_id) VALUES (32, 6);

INSERT INTO Recipe_Label (recipe_id, label_id) VALUES (32, 1);

INSERT INTO Recipe_Label (recipe_id, label_id) VALUES (32, 2);

INSERT INTO Recipe_Equipment (recipe_id, equipment_id) VALUES (32, 24);

INSERT INTO Recipe_Equipment (recipe_id, equipment_id) VALUES (32, 23);

INSERT INTO Recipe_Equipment (recipe_id, equipment_id) VALUES (32, 17);

INSERT INTO Recipe_Equipment (recipe_id, equipment_id) VALUES (32, 42);

INSERT INTO Recipe_Equipment (recipe_id, equipment_id) VALUES (32, 38);

INSERT INTO Recipe_Equipment (recipe_id, equipment_id) VALUES (32, 9);

INSERT INTO Recipe_Equipment (recipe_id, equipment_id) VALUES (32, 37);

INSERT INTO Recipe_Equipment (recipe_id, equipment_id) VALUES (32, 34);

INSERT INTO Recipe_Equipment (recipe_id, equipment_id) VALUES (32, 31);

INSERT INTO Recipe_Ingredient (recipe_id, ingredient_id, portion) VALUES (32, 105, 2);

INSERT INTO Recipe_Ingredient (recipe_id, ingredient_id, portion) VALUES (32, 130, 1);

INSERT INTO Recipe_Ingredient (recipe_id, ingredient_id, portion) VALUES (32, 162, 3);

INSERT INTO Recipe_Ingredient (recipe_id, ingredient_id, portion) VALUES (32, 76, 8);

INSERT INTO Recipe_Ingredient (recipe_id, ingredient_id, portion) VALUES (32, 98, 6);

INSERT INTO Recipe_Ingredient (recipe_id, ingredient_id, portion) VALUES (32, 196, 5);

INSERT INTO Recipe_Ingredient (recipe_id, ingredient_id, portion) VALUES (32, 187, 1);

INSERT INTO Recipe_Ingredient (recipe_id, ingredient_id, portion) VALUES (32, 13, 8);

INSERT INTO Recipe_Ingredient (recipe_id, ingredient_id, portion) VALUES (32, 28, 7);

INSERT INTO Recipe_Ingredient (recipe_id, ingredient_id, portion) VALUES (32, 102, 7);

INSERT INTO Recipe_Ingredient (recipe_id, ingredient_id, portion) VALUES (32, 135, 7);

INSERT INTO Recipe_Ingredient (recipe_id, ingredient_id, portion) VALUES (32, 180, 7);

INSERT INTO Recipe_Ingredient (recipe_id, ingredient_id, portion) VALUES (32, 68, 6);

INSERT INTO Recipe_Ingredient (recipe_id, ingredient_id, portion) VALUES (32, 157, 3);

INSERT INTO Recipe_Ingredient (recipe_id, ingredient_id, portion) VALUES (32, 57, 1);

INSERT INTO Recipe_Ingredient (recipe_id, ingredient_id, portion) VALUES (32, 103, 5);

INSERT INTO Recipe_Ingredient (recipe_id, ingredient_id, portion) VALUES (32, 51, 4);

INSERT INTO Recipe_Ingredient (recipe_id, ingredient_id, portion) VALUES (32, 9, 4);

INSERT INTO Recipe_Ingredient (recipe_id, ingredient_id, portion) VALUES (32, 44, 2);

INSERT INTO Recipe_Thematic_Unit (recipe_id, thematic_unit_id) VALUES (32, 3);

INSERT INTO Recipe (recipe_type, name, national_cuisine_id, difficulty_level, description, tip1, tip2, tip3, cooking_time, prep_time, portions, basic_ingredient_id, image_id) VALUES ('pastry', 'Hot Chocolate', 7, 2, 'Full board contain produce one fine. High itself everything as. May whatever green social cover require.', 'you need a lot of bowls', 'better when fresh', 'you need an oven', 95, 31, 8, 117, 61);

INSERT INTO Step (recipe_id, order_number, description) VALUES (33, 1, 'Property suffer thought talk system.');

INSERT INTO Step (recipe_id, order_number, description) VALUES (33, 2, 'Radio let adult party debate matter.');

INSERT INTO Nutritional_Info (recipe_id, fat_per_portion, carbs_per_portion, protein_per_portion) VALUES (33, 377, 156, 94);

INSERT INTO Recipe_Meal_Type (recipe_id, meal_type_id) VALUES (33, 6);

INSERT INTO Recipe_Meal_Type (recipe_id, meal_type_id) VALUES (33, 5);

INSERT INTO Recipe_Meal_Type (recipe_id, meal_type_id) VALUES (33, 2);

INSERT INTO Recipe_Label (recipe_id, label_id) VALUES (33, 10);

INSERT INTO Recipe_Label (recipe_id, label_id) VALUES (33, 3);

INSERT INTO Recipe_Equipment (recipe_id, equipment_id) VALUES (33, 18);

INSERT INTO Recipe_Equipment (recipe_id, equipment_id) VALUES (33, 6);

INSERT INTO Recipe_Equipment (recipe_id, equipment_id) VALUES (33, 30);

INSERT INTO Recipe_Equipment (recipe_id, equipment_id) VALUES (33, 40);

INSERT INTO Recipe_Equipment (recipe_id, equipment_id) VALUES (33, 10);

INSERT INTO Recipe_Ingredient (recipe_id, ingredient_id, portion) VALUES (33, 29, 5);

INSERT INTO Recipe_Ingredient (recipe_id, ingredient_id, portion) VALUES (33, 12, 7);

INSERT INTO Recipe_Ingredient (recipe_id, ingredient_id, portion) VALUES (33, 90, 2);

INSERT INTO Recipe_Ingredient (recipe_id, ingredient_id, portion) VALUES (33, 189, 6);

INSERT INTO Recipe_Ingredient (recipe_id, ingredient_id, portion) VALUES (33, 129, 2);

INSERT INTO Recipe_Ingredient (recipe_id, ingredient_id, portion) VALUES (33, 18, 4);

INSERT INTO Recipe_Ingredient (recipe_id, ingredient_id, portion) VALUES (33, 86, 5);

INSERT INTO Recipe_Ingredient (recipe_id, ingredient_id, portion) VALUES (33, 117, 1);

INSERT INTO Recipe_Thematic_Unit (recipe_id, thematic_unit_id) VALUES (33, 7);

INSERT INTO Recipe (recipe_type, name, national_cuisine_id, difficulty_level, description, tip1, tip2, tip3, cooking_time, prep_time, portions, basic_ingredient_id, image_id) VALUES ('pastry', 'Chocolate Mousse', 7, 4, 'Prepare foot buy. What continue six theory really sometimes. Change behavior do night. Husband organization part by check light institution.', 'better with gloves', 'you can use leftovers', 'better with a blender', 28, 23, 3, 149, 62);

INSERT INTO Step (recipe_id, order_number, description) VALUES (34, 1, 'Result culture size know book.');

INSERT INTO Step (recipe_id, order_number, description) VALUES (34, 2, 'Girl task foreign add detail surface.');

INSERT INTO Step (recipe_id, order_number, description) VALUES (34, 3, 'Woman that stock capital decision.');

INSERT INTO Step (recipe_id, order_number, description) VALUES (34, 4, 'Find early face.');

INSERT INTO Step (recipe_id, order_number, description) VALUES (34, 5, 'Prove stay begin heavy community.');

INSERT INTO Step (recipe_id, order_number, description) VALUES (34, 6, 'Country stock kitchen prepare second source.');

INSERT INTO Nutritional_Info (recipe_id, fat_per_portion, carbs_per_portion, protein_per_portion) VALUES (34, 78, 196, 248);

INSERT INTO Recipe_Meal_Type (recipe_id, meal_type_id) VALUES (34, 5);

INSERT INTO Recipe_Label (recipe_id, label_id) VALUES (34, 4);

INSERT INTO Recipe_Label (recipe_id, label_id) VALUES (34, 6);

INSERT INTO Recipe_Label (recipe_id, label_id) VALUES (34, 5);

INSERT INTO Recipe_Equipment (recipe_id, equipment_id) VALUES (34, 7);

INSERT INTO Recipe_Equipment (recipe_id, equipment_id) VALUES (34, 21);

INSERT INTO Recipe_Equipment (recipe_id, equipment_id) VALUES (34, 20);

INSERT INTO Recipe_Equipment (recipe_id, equipment_id) VALUES (34, 16);

INSERT INTO Recipe_Equipment (recipe_id, equipment_id) VALUES (34, 36);

INSERT INTO Recipe_Equipment (recipe_id, equipment_id) VALUES (34, 37);

INSERT INTO Recipe_Equipment (recipe_id, equipment_id) VALUES (34, 2);

INSERT INTO Recipe_Equipment (recipe_id, equipment_id) VALUES (34, 32);

INSERT INTO Recipe_Ingredient (recipe_id, ingredient_id, portion) VALUES (34, 5, 7);

INSERT INTO Recipe_Ingredient (recipe_id, ingredient_id, portion) VALUES (34, 185, 1);

INSERT INTO Recipe_Ingredient (recipe_id, ingredient_id, portion) VALUES (34, 4, 8);

INSERT INTO Recipe_Ingredient (recipe_id, ingredient_id, portion) VALUES (34, 153, 6);

INSERT INTO Recipe_Ingredient (recipe_id, ingredient_id, portion) VALUES (34, 30, 3);

INSERT INTO Recipe_Ingredient (recipe_id, ingredient_id, portion) VALUES (34, 157, 7);

INSERT INTO Recipe_Ingredient (recipe_id, ingredient_id, portion) VALUES (34, 118, 1);

INSERT INTO Recipe_Ingredient (recipe_id, ingredient_id, portion) VALUES (34, 52, 3);

INSERT INTO Recipe_Ingredient (recipe_id, ingredient_id, portion) VALUES (34, 176, 7);

INSERT INTO Recipe_Ingredient (recipe_id, ingredient_id, portion) VALUES (34, 180, 2);

INSERT INTO Recipe_Ingredient (recipe_id, ingredient_id, portion) VALUES (34, 149, 1);

INSERT INTO Recipe_Thematic_Unit (recipe_id, thematic_unit_id) VALUES (34, 10);

INSERT INTO Recipe_Thematic_Unit (recipe_id, thematic_unit_id) VALUES (34, 7);

INSERT INTO Recipe (recipe_type, name, national_cuisine_id, difficulty_level, description, tip1, tip2, cooking_time, prep_time, portions, basic_ingredient_id, image_id) VALUES ('cooking', 'S'mores Cookie Bars', 7, 5, 'Three indicate each hold space various possible eat. Plan democratic player body meet newspaper. Night me future choice.', 'you can use leftovers', 'you need a lot of bowls', 49, 25, 3, 141, 63);

INSERT INTO Step (recipe_id, order_number, description) VALUES (35, 1, 'Again while plan cultural there.');

INSERT INTO Step (recipe_id, order_number, description) VALUES (35, 2, 'Public challenge worry month politics.');

INSERT INTO Nutritional_Info (recipe_id, fat_per_portion, carbs_per_portion, protein_per_portion) VALUES (35, 154, 105, 35);

INSERT INTO Recipe_Meal_Type (recipe_id, meal_type_id) VALUES (35, 6);

INSERT INTO Recipe_Meal_Type (recipe_id, meal_type_id) VALUES (35, 4);

INSERT INTO Recipe_Label (recipe_id, label_id) VALUES (35, 6);

INSERT INTO Recipe_Label (recipe_id, label_id) VALUES (35, 3);

INSERT INTO Recipe_Label (recipe_id, label_id) VALUES (35, 7);

INSERT INTO Recipe_Label (recipe_id, label_id) VALUES (35, 9);

INSERT INTO Recipe_Equipment (recipe_id, equipment_id) VALUES (35, 43);

INSERT INTO Recipe_Equipment (recipe_id, equipment_id) VALUES (35, 38);

INSERT INTO Recipe_Equipment (recipe_id, equipment_id) VALUES (35, 17);

INSERT INTO Recipe_Equipment (recipe_id, equipment_id) VALUES (35, 44);

INSERT INTO Recipe_Equipment (recipe_id, equipment_id) VALUES (35, 32);

INSERT INTO Recipe_Equipment (recipe_id, equipment_id) VALUES (35, 18);

INSERT INTO Recipe_Equipment (recipe_id, equipment_id) VALUES (35, 45);

INSERT INTO Recipe_Ingredient (recipe_id, ingredient_id, portion) VALUES (35, 17, 4);

INSERT INTO Recipe_Ingredient (recipe_id, ingredient_id, portion) VALUES (35, 21, 5);

INSERT INTO Recipe_Ingredient (recipe_id, ingredient_id, portion) VALUES (35, 58, 6);

INSERT INTO Recipe_Ingredient (recipe_id, ingredient_id, portion) VALUES (35, 187, 1);

INSERT INTO Recipe_Ingredient (recipe_id, ingredient_id, portion) VALUES (35, 175, 4);

INSERT INTO Recipe_Ingredient (recipe_id, ingredient_id, portion) VALUES (35, 111, 6);

INSERT INTO Recipe_Ingredient (recipe_id, ingredient_id, portion) VALUES (35, 141, 4);

INSERT INTO Recipe_Thematic_Unit (recipe_id, thematic_unit_id) VALUES (35, 5);

INSERT INTO Recipe (recipe_type, name, national_cuisine_id, difficulty_level, description, tip1, tip2, tip3, cooking_time, prep_time, portions, basic_ingredient_id, image_id) VALUES ('pastry', 'Orange Chicken', 8, 4, 'Car item young investment through evening. So community piece matter. Shake three realize analysis.', 'better with butter instead of milk', 'better with slow cooking', 'better with gloves', 26, 7, 1, 33, 64);

INSERT INTO Step (recipe_id, order_number, description) VALUES (36, 1, 'Forget old order establish decade national coach.');

INSERT INTO Step (recipe_id, order_number, description) VALUES (36, 2, 'Build site enjoy right box order rich.');

INSERT INTO Step (recipe_id, order_number, description) VALUES (36, 3, 'Set help color upon you great care will.');

INSERT INTO Step (recipe_id, order_number, description) VALUES (36, 4, 'Candidate cut me high son opportunity.');

INSERT INTO Step (recipe_id, order_number, description) VALUES (36, 5, 'Hour thing expert public economic simply throughout.');

INSERT INTO Step (recipe_id, order_number, description) VALUES (36, 6, 'No heart course thank.');

INSERT INTO Nutritional_Info (recipe_id, fat_per_portion, carbs_per_portion, protein_per_portion) VALUES (36, 51, 25, 108);

INSERT INTO Recipe_Meal_Type (recipe_id, meal_type_id) VALUES (36, 2);

INSERT INTO Recipe_Label (recipe_id, label_id) VALUES (36, 4);

INSERT INTO Recipe_Label (recipe_id, label_id) VALUES (36, 8);

INSERT INTO Recipe_Label (recipe_id, label_id) VALUES (36, 2);

INSERT INTO Recipe_Label (recipe_id, label_id) VALUES (36, 10);

INSERT INTO Recipe_Equipment (recipe_id, equipment_id) VALUES (36, 18);

INSERT INTO Recipe_Equipment (recipe_id, equipment_id) VALUES (36, 35);

INSERT INTO Recipe_Equipment (recipe_id, equipment_id) VALUES (36, 25);

INSERT INTO Recipe_Equipment (recipe_id, equipment_id) VALUES (36, 8);

INSERT INTO Recipe_Equipment (recipe_id, equipment_id) VALUES (36, 21);

INSERT INTO Recipe_Equipment (recipe_id, equipment_id) VALUES (36, 23);

INSERT INTO Recipe_Equipment (recipe_id, equipment_id) VALUES (36, 11);

INSERT INTO Recipe_Ingredient (recipe_id, ingredient_id, portion) VALUES (36, 159, 4);

INSERT INTO Recipe_Ingredient (recipe_id, ingredient_id, portion) VALUES (36, 94, 4);

INSERT INTO Recipe_Ingredient (recipe_id, ingredient_id, portion) VALUES (36, 170, 4);

INSERT INTO Recipe_Ingredient (recipe_id, ingredient_id, portion) VALUES (36, 179, 8);

INSERT INTO Recipe_Ingredient (recipe_id, ingredient_id, portion) VALUES (36, 187, 1);

INSERT INTO Recipe_Ingredient (recipe_id, ingredient_id, portion) VALUES (36, 200, 8);

INSERT INTO Recipe_Ingredient (recipe_id, ingredient_id, portion) VALUES (36, 176, 5);

INSERT INTO Recipe_Ingredient (recipe_id, ingredient_id, portion) VALUES (36, 7, 7);

INSERT INTO Recipe_Ingredient (recipe_id, ingredient_id, portion) VALUES (36, 39, 2);

INSERT INTO Recipe_Ingredient (recipe_id, ingredient_id, portion) VALUES (36, 131, 4);

INSERT INTO Recipe_Ingredient (recipe_id, ingredient_id, portion) VALUES (36, 114, 4);

INSERT INTO Recipe_Ingredient (recipe_id, ingredient_id, portion) VALUES (36, 22, 5);

INSERT INTO Recipe_Ingredient (recipe_id, ingredient_id, portion) VALUES (36, 8, 6);

INSERT INTO Recipe_Ingredient (recipe_id, ingredient_id, portion) VALUES (36, 68, 8);

INSERT INTO Recipe_Ingredient (recipe_id, ingredient_id, portion) VALUES (36, 18, 3);

INSERT INTO Recipe_Ingredient (recipe_id, ingredient_id, portion) VALUES (36, 76, 2);

INSERT INTO Recipe_Ingredient (recipe_id, ingredient_id, portion) VALUES (36, 123, 5);

INSERT INTO Recipe_Ingredient (recipe_id, ingredient_id, portion) VALUES (36, 33, 2);

INSERT INTO Recipe_Thematic_Unit (recipe_id, thematic_unit_id) VALUES (36, 11);

INSERT INTO Recipe_Thematic_Unit (recipe_id, thematic_unit_id) VALUES (36, 4);

INSERT INTO Recipe_Thematic_Unit (recipe_id, thematic_unit_id) VALUES (36, 15);

INSERT INTO Recipe (recipe_type, name, national_cuisine_id, difficulty_level, description, tip1, cooking_time, prep_time, portions, basic_ingredient_id, image_id) VALUES ('pastry', 'Tostadas', 8, 3, 'Husband thank movement specific mother. Act pull guy I.', 'better with butter instead of milk', 43, 19, 1, 200, 65);

INSERT INTO Step (recipe_id, order_number, description) VALUES (37, 1, 'Car class sport phone make room.');

INSERT INTO Nutritional_Info (recipe_id, fat_per_portion, carbs_per_portion, protein_per_portion) VALUES (37, 39, 120, 211);

INSERT INTO Recipe_Meal_Type (recipe_id, meal_type_id) VALUES (37, 5);

INSERT INTO Recipe_Meal_Type (recipe_id, meal_type_id) VALUES (37, 3);

INSERT INTO Recipe_Meal_Type (recipe_id, meal_type_id) VALUES (37, 6);

INSERT INTO Recipe_Label (recipe_id, label_id) VALUES (37, 7);

INSERT INTO Recipe_Label (recipe_id, label_id) VALUES (37, 6);

INSERT INTO Recipe_Equipment (recipe_id, equipment_id) VALUES (37, 35);

INSERT INTO Recipe_Equipment (recipe_id, equipment_id) VALUES (37, 49);

INSERT INTO Recipe_Equipment (recipe_id, equipment_id) VALUES (37, 43);

INSERT INTO Recipe_Equipment (recipe_id, equipment_id) VALUES (37, 50);

INSERT INTO Recipe_Equipment (recipe_id, equipment_id) VALUES (37, 42);

INSERT INTO Recipe_Equipment (recipe_id, equipment_id) VALUES (37, 11);

INSERT INTO Recipe_Equipment (recipe_id, equipment_id) VALUES (37, 23);

INSERT INTO Recipe_Equipment (recipe_id, equipment_id) VALUES (37, 48);

INSERT INTO Recipe_Equipment (recipe_id, equipment_id) VALUES (37, 13);

INSERT INTO Recipe_Equipment (recipe_id, equipment_id) VALUES (37, 9);

INSERT INTO Recipe_Ingredient (recipe_id, ingredient_id, portion) VALUES (37, 21, 5);

INSERT INTO Recipe_Ingredient (recipe_id, ingredient_id, portion) VALUES (37, 49, 3);

INSERT INTO Recipe_Ingredient (recipe_id, ingredient_id, portion) VALUES (37, 80, 3);

INSERT INTO Recipe_Ingredient (recipe_id, ingredient_id, portion) VALUES (37, 154, 5);

INSERT INTO Recipe_Ingredient (recipe_id, ingredient_id, portion) VALUES (37, 98, 3);

INSERT INTO Recipe_Ingredient (recipe_id, ingredient_id, portion) VALUES (37, 159, 8);

INSERT INTO Recipe_Ingredient (recipe_id, ingredient_id, portion) VALUES (37, 200, 6);

INSERT INTO Recipe_Thematic_Unit (recipe_id, thematic_unit_id) VALUES (37, 11);

INSERT INTO Recipe_Thematic_Unit (recipe_id, thematic_unit_id) VALUES (37, 12);

INSERT INTO Recipe (recipe_type, name, national_cuisine_id, difficulty_level, description, tip1, cooking_time, prep_time, portions, basic_ingredient_id, image_id) VALUES ('pastry', 'Black Bean Stuffed Sweet Potatoes', 8, 5, 'Appear lawyer box almost great list financial leave. Set natural with. No their race now.', 'better after 2 days', 95, 34, 1, 13, 66);

INSERT INTO Step (recipe_id, order_number, description) VALUES (38, 1, 'Start finish be foreign drug church.');

INSERT INTO Step (recipe_id, order_number, description) VALUES (38, 2, 'Model thus beyond be political table respond Democrat.');

INSERT INTO Nutritional_Info (recipe_id, fat_per_portion, carbs_per_portion, protein_per_portion) VALUES (38, 224, 42, 188);

INSERT INTO Recipe_Meal_Type (recipe_id, meal_type_id) VALUES (38, 1);

INSERT INTO Recipe_Meal_Type (recipe_id, meal_type_id) VALUES (38, 5);

INSERT INTO Recipe_Meal_Type (recipe_id, meal_type_id) VALUES (38, 3);

INSERT INTO Recipe_Label (recipe_id, label_id) VALUES (38, 4);

INSERT INTO Recipe_Label (recipe_id, label_id) VALUES (38, 1);

INSERT INTO Recipe_Label (recipe_id, label_id) VALUES (38, 9);

INSERT INTO Recipe_Label (recipe_id, label_id) VALUES (38, 7);

INSERT INTO Recipe_Equipment (recipe_id, equipment_id) VALUES (38, 48);

INSERT INTO Recipe_Equipment (recipe_id, equipment_id) VALUES (38, 14);

INSERT INTO Recipe_Equipment (recipe_id, equipment_id) VALUES (38, 23);

INSERT INTO Recipe_Equipment (recipe_id, equipment_id) VALUES (38, 15);

INSERT INTO Recipe_Equipment (recipe_id, equipment_id) VALUES (38, 19);

INSERT INTO Recipe_Equipment (recipe_id, equipment_id) VALUES (38, 7);

INSERT INTO Recipe_Equipment (recipe_id, equipment_id) VALUES (38, 38);

INSERT INTO Recipe_Equipment (recipe_id, equipment_id) VALUES (38, 49);

INSERT INTO Recipe_Equipment (recipe_id, equipment_id) VALUES (38, 6);

INSERT INTO Recipe_Ingredient (recipe_id, ingredient_id, portion) VALUES (38, 75, 1);

INSERT INTO Recipe_Ingredient (recipe_id, ingredient_id, portion) VALUES (38, 66, 1);

INSERT INTO Recipe_Ingredient (recipe_id, ingredient_id, portion) VALUES (38, 163, 7);

INSERT INTO Recipe_Ingredient (recipe_id, ingredient_id, portion) VALUES (38, 197, 8);

INSERT INTO Recipe_Ingredient (recipe_id, ingredient_id, portion) VALUES (38, 99, 6);

INSERT INTO Recipe_Ingredient (recipe_id, ingredient_id, portion) VALUES (38, 123, 8);

INSERT INTO Recipe_Ingredient (recipe_id, ingredient_id, portion) VALUES (38, 74, 6);

INSERT INTO Recipe_Ingredient (recipe_id, ingredient_id, portion) VALUES (38, 81, 2);

INSERT INTO Recipe_Ingredient (recipe_id, ingredient_id, portion) VALUES (38, 116, 6);

INSERT INTO Recipe_Ingredient (recipe_id, ingredient_id, portion) VALUES (38, 117, 3);

INSERT INTO Recipe_Ingredient (recipe_id, ingredient_id, portion) VALUES (38, 20, 1);

INSERT INTO Recipe_Ingredient (recipe_id, ingredient_id, portion) VALUES (38, 53, 8);

INSERT INTO Recipe_Ingredient (recipe_id, ingredient_id, portion) VALUES (38, 94, 1);

INSERT INTO Recipe_Ingredient (recipe_id, ingredient_id, portion) VALUES (38, 151, 7);

INSERT INTO Recipe_Ingredient (recipe_id, ingredient_id, portion) VALUES (38, 162, 8);

INSERT INTO Recipe_Ingredient (recipe_id, ingredient_id, portion) VALUES (38, 164, 4);

INSERT INTO Recipe_Ingredient (recipe_id, ingredient_id, portion) VALUES (38, 79, 1);

INSERT INTO Recipe_Ingredient (recipe_id, ingredient_id, portion) VALUES (38, 88, 3);

INSERT INTO Recipe_Ingredient (recipe_id, ingredient_id, portion) VALUES (38, 127, 3);

INSERT INTO Recipe_Ingredient (recipe_id, ingredient_id, portion) VALUES (38, 107, 3);

INSERT INTO Recipe_Ingredient (recipe_id, ingredient_id, portion) VALUES (38, 13, 5);

INSERT INTO Recipe_Thematic_Unit (recipe_id, thematic_unit_id) VALUES (38, 5);

INSERT INTO Recipe_Thematic_Unit (recipe_id, thematic_unit_id) VALUES (38, 10);

INSERT INTO Recipe (recipe_type, name, national_cuisine_id, difficulty_level, description, tip1, tip2, cooking_time, prep_time, portions, basic_ingredient_id, image_id) VALUES ('cooking', 'Asian Shredded Beef', 8, 2, 'Meet piece seat improve size watch own spring. Economy beyond design which. Card recently force one feeling.', 'you need a lot of time', 'better without sugar', 60, 24, 8, 15, 67);

INSERT INTO Step (recipe_id, order_number, description) VALUES (39, 1, 'Three easy military democratic.');

INSERT INTO Step (recipe_id, order_number, description) VALUES (39, 2, 'He minute run quite.');

INSERT INTO Step (recipe_id, order_number, description) VALUES (39, 3, 'Morning including sea situation.');

INSERT INTO Step (recipe_id, order_number, description) VALUES (39, 4, 'Environmental use figure business tree.');

INSERT INTO Step (recipe_id, order_number, description) VALUES (39, 5, 'Suffer exist seat quality.');

INSERT INTO Step (recipe_id, order_number, description) VALUES (39, 6, 'Democratic member knowledge will vote space research.');

INSERT INTO Nutritional_Info (recipe_id, fat_per_portion, carbs_per_portion, protein_per_portion) VALUES (39, 62, 176, 37);

INSERT INTO Recipe_Meal_Type (recipe_id, meal_type_id) VALUES (39, 1);

INSERT INTO Recipe_Meal_Type (recipe_id, meal_type_id) VALUES (39, 6);

INSERT INTO Recipe_Label (recipe_id, label_id) VALUES (39, 7);

INSERT INTO Recipe_Label (recipe_id, label_id) VALUES (39, 10);

INSERT INTO Recipe_Label (recipe_id, label_id) VALUES (39, 4);

INSERT INTO Recipe_Equipment (recipe_id, equipment_id) VALUES (39, 18);

INSERT INTO Recipe_Equipment (recipe_id, equipment_id) VALUES (39, 36);

INSERT INTO Recipe_Equipment (recipe_id, equipment_id) VALUES (39, 30);

INSERT INTO Recipe_Equipment (recipe_id, equipment_id) VALUES (39, 44);

INSERT INTO Recipe_Equipment (recipe_id, equipment_id) VALUES (39, 23);

INSERT INTO Recipe_Equipment (recipe_id, equipment_id) VALUES (39, 20);

INSERT INTO Recipe_Equipment (recipe_id, equipment_id) VALUES (39, 7);

INSERT INTO Recipe_Ingredient (recipe_id, ingredient_id, portion) VALUES (39, 21, 1);

INSERT INTO Recipe_Ingredient (recipe_id, ingredient_id, portion) VALUES (39, 6, 3);

INSERT INTO Recipe_Ingredient (recipe_id, ingredient_id, portion) VALUES (39, 164, 4);

INSERT INTO Recipe_Ingredient (recipe_id, ingredient_id, portion) VALUES (39, 172, 1);

INSERT INTO Recipe_Ingredient (recipe_id, ingredient_id, portion) VALUES (39, 73, 7);

INSERT INTO Recipe_Ingredient (recipe_id, ingredient_id, portion) VALUES (39, 32, 3);

INSERT INTO Recipe_Ingredient (recipe_id, ingredient_id, portion) VALUES (39, 111, 8);

INSERT INTO Recipe_Ingredient (recipe_id, ingredient_id, portion) VALUES (39, 134, 5);

INSERT INTO Recipe_Ingredient (recipe_id, ingredient_id, portion) VALUES (39, 141, 1);

INSERT INTO Recipe_Ingredient (recipe_id, ingredient_id, portion) VALUES (39, 63, 2);

INSERT INTO Recipe_Ingredient (recipe_id, ingredient_id, portion) VALUES (39, 11, 7);

INSERT INTO Recipe_Ingredient (recipe_id, ingredient_id, portion) VALUES (39, 103, 8);

INSERT INTO Recipe_Ingredient (recipe_id, ingredient_id, portion) VALUES (39, 81, 7);

INSERT INTO Recipe_Ingredient (recipe_id, ingredient_id, portion) VALUES (39, 15, 6);

INSERT INTO Recipe_Thematic_Unit (recipe_id, thematic_unit_id) VALUES (39, 12);

INSERT INTO Recipe_Thematic_Unit (recipe_id, thematic_unit_id) VALUES (39, 11);

INSERT INTO Recipe (recipe_type, name, national_cuisine_id, difficulty_level, description, tip1, tip2, tip3, cooking_time, prep_time, portions, basic_ingredient_id, image_id) VALUES ('cooking', 'Capellini with sausage, spinach, and jalapeno', 8, 3, 'Bad recently mention commercial no natural. Support speak keep collection. Change least purpose several.', 'good with honey', 'better with butter instead of milk', 'you need small cups', 34, 20, 8, 85, 68);

INSERT INTO Step (recipe_id, order_number, description) VALUES (40, 1, 'During specific always talk develop.');

INSERT INTO Step (recipe_id, order_number, description) VALUES (40, 2, 'Model hospital event official claim manage challenge president.');

INSERT INTO Step (recipe_id, order_number, description) VALUES (40, 3, 'Occur appear wait a business.');

INSERT INTO Step (recipe_id, order_number, description) VALUES (40, 4, 'Upon throughout him picture.');

INSERT INTO Step (recipe_id, order_number, description) VALUES (40, 5, 'Very form some beat trade maintain central.');

INSERT INTO Nutritional_Info (recipe_id, fat_per_portion, carbs_per_portion, protein_per_portion) VALUES (40, 34, 101, 91);

INSERT INTO Recipe_Meal_Type (recipe_id, meal_type_id) VALUES (40, 3);

INSERT INTO Recipe_Meal_Type (recipe_id, meal_type_id) VALUES (40, 4);

INSERT INTO Recipe_Meal_Type (recipe_id, meal_type_id) VALUES (40, 5);

INSERT INTO Recipe_Label (recipe_id, label_id) VALUES (40, 6);

INSERT INTO Recipe_Label (recipe_id, label_id) VALUES (40, 4);

INSERT INTO Recipe_Equipment (recipe_id, equipment_id) VALUES (40, 44);

INSERT INTO Recipe_Equipment (recipe_id, equipment_id) VALUES (40, 33);

INSERT INTO Recipe_Equipment (recipe_id, equipment_id) VALUES (40, 42);

INSERT INTO Recipe_Equipment (recipe_id, equipment_id) VALUES (40, 46);

INSERT INTO Recipe_Equipment (recipe_id, equipment_id) VALUES (40, 19);

INSERT INTO Recipe_Equipment (recipe_id, equipment_id) VALUES (40, 24);

INSERT INTO Recipe_Equipment (recipe_id, equipment_id) VALUES (40, 22);

INSERT INTO Recipe_Equipment (recipe_id, equipment_id) VALUES (40, 50);

INSERT INTO Recipe_Equipment (recipe_id, equipment_id) VALUES (40, 6);

INSERT INTO Recipe_Equipment (recipe_id, equipment_id) VALUES (40, 40);

INSERT INTO Recipe_Ingredient (recipe_id, ingredient_id, portion) VALUES (40, 54, 5);

INSERT INTO Recipe_Ingredient (recipe_id, ingredient_id, portion) VALUES (40, 198, 8);

INSERT INTO Recipe_Ingredient (recipe_id, ingredient_id, portion) VALUES (40, 48, 2);

INSERT INTO Recipe_Ingredient (recipe_id, ingredient_id, portion) VALUES (40, 149, 2);

INSERT INTO Recipe_Ingredient (recipe_id, ingredient_id, portion) VALUES (40, 130, 5);

INSERT INTO Recipe_Ingredient (recipe_id, ingredient_id, portion) VALUES (40, 144, 4);

INSERT INTO Recipe_Ingredient (recipe_id, ingredient_id, portion) VALUES (40, 134, 2);

INSERT INTO Recipe_Ingredient (recipe_id, ingredient_id, portion) VALUES (40, 17, 2);

INSERT INTO Recipe_Ingredient (recipe_id, ingredient_id, portion) VALUES (40, 76, 8);

INSERT INTO Recipe_Ingredient (recipe_id, ingredient_id, portion) VALUES (40, 128, 8);

INSERT INTO Recipe_Ingredient (recipe_id, ingredient_id, portion) VALUES (40, 47, 1);

INSERT INTO Recipe_Ingredient (recipe_id, ingredient_id, portion) VALUES (40, 45, 3);

INSERT INTO Recipe_Ingredient (recipe_id, ingredient_id, portion) VALUES (40, 41, 4);

INSERT INTO Recipe_Ingredient (recipe_id, ingredient_id, portion) VALUES (40, 75, 4);

INSERT INTO Recipe_Ingredient (recipe_id, ingredient_id, portion) VALUES (40, 32, 7);

INSERT INTO Recipe_Ingredient (recipe_id, ingredient_id, portion) VALUES (40, 59, 5);

INSERT INTO Recipe_Ingredient (recipe_id, ingredient_id, portion) VALUES (40, 164, 5);

INSERT INTO Recipe_Ingredient (recipe_id, ingredient_id, portion) VALUES (40, 30, 1);

INSERT INTO Recipe_Ingredient (recipe_id, ingredient_id, portion) VALUES (40, 72, 4);

INSERT INTO Recipe_Ingredient (recipe_id, ingredient_id, portion) VALUES (40, 193, 2);

INSERT INTO Recipe_Ingredient (recipe_id, ingredient_id, portion) VALUES (40, 85, 8);

INSERT INTO Recipe_Thematic_Unit (recipe_id, thematic_unit_id) VALUES (40, 5);

INSERT INTO Recipe (recipe_type, name, national_cuisine_id, difficulty_level, description, tip1, tip2, cooking_time, prep_time, portions, basic_ingredient_id, image_id) VALUES ('cooking', 'Crispy Chicken with Kale', 9, 3, 'Your experience none himself lead let blood. Should young training.', 'you need to be patient', 'in the fridge for 3 days', 56, 7, 1, 29, 69);

INSERT INTO Step (recipe_id, order_number, description) VALUES (41, 1, 'Move wrong science together so everybody trade.');

INSERT INTO Step (recipe_id, order_number, description) VALUES (41, 2, 'Group American officer as.');

INSERT INTO Step (recipe_id, order_number, description) VALUES (41, 3, 'Fill everyone husband wait issue.');

INSERT INTO Step (recipe_id, order_number, description) VALUES (41, 4, 'Meet today appear real.');

INSERT INTO Step (recipe_id, order_number, description) VALUES (41, 5, 'Strategy church ago different most draw.');

INSERT INTO Nutritional_Info (recipe_id, fat_per_portion, carbs_per_portion, protein_per_portion) VALUES (41, 117, 176, 168);

INSERT INTO Recipe_Meal_Type (recipe_id, meal_type_id) VALUES (41, 1);

INSERT INTO Recipe_Label (recipe_id, label_id) VALUES (41, 1);

INSERT INTO Recipe_Equipment (recipe_id, equipment_id) VALUES (41, 7);

INSERT INTO Recipe_Equipment (recipe_id, equipment_id) VALUES (41, 2);

INSERT INTO Recipe_Equipment (recipe_id, equipment_id) VALUES (41, 17);

INSERT INTO Recipe_Equipment (recipe_id, equipment_id) VALUES (41, 37);

INSERT INTO Recipe_Equipment (recipe_id, equipment_id) VALUES (41, 41);

INSERT INTO Recipe_Equipment (recipe_id, equipment_id) VALUES (41, 38);

INSERT INTO Recipe_Equipment (recipe_id, equipment_id) VALUES (41, 46);

INSERT INTO Recipe_Equipment (recipe_id, equipment_id) VALUES (41, 24);

INSERT INTO Recipe_Equipment (recipe_id, equipment_id) VALUES (41, 47);

INSERT INTO Recipe_Equipment (recipe_id, equipment_id) VALUES (41, 5);

INSERT INTO Recipe_Ingredient (recipe_id, ingredient_id, portion) VALUES (41, 158, 4);

INSERT INTO Recipe_Ingredient (recipe_id, ingredient_id, portion) VALUES (41, 108, 3);

INSERT INTO Recipe_Ingredient (recipe_id, ingredient_id, portion) VALUES (41, 53, 1);

INSERT INTO Recipe_Ingredient (recipe_id, ingredient_id, portion) VALUES (41, 89, 4);

INSERT INTO Recipe_Ingredient (recipe_id, ingredient_id, portion) VALUES (41, 166, 8);

INSERT INTO Recipe_Ingredient (recipe_id, ingredient_id, portion) VALUES (41, 103, 2);

INSERT INTO Recipe_Ingredient (recipe_id, ingredient_id, portion) VALUES (41, 191, 8);

INSERT INTO Recipe_Ingredient (recipe_id, ingredient_id, portion) VALUES (41, 23, 2);

INSERT INTO Recipe_Ingredient (recipe_id, ingredient_id, portion) VALUES (41, 159, 3);

INSERT INTO Recipe_Ingredient (recipe_id, ingredient_id, portion) VALUES (41, 169, 2);

INSERT INTO Recipe_Ingredient (recipe_id, ingredient_id, portion) VALUES (41, 38, 1);

INSERT INTO Recipe_Ingredient (recipe_id, ingredient_id, portion) VALUES (41, 125, 5);

INSERT INTO Recipe_Ingredient (recipe_id, ingredient_id, portion) VALUES (41, 138, 8);

INSERT INTO Recipe_Ingredient (recipe_id, ingredient_id, portion) VALUES (41, 29, 2);

INSERT INTO Recipe_Thematic_Unit (recipe_id, thematic_unit_id) VALUES (41, 9);

INSERT INTO Recipe (recipe_type, name, national_cuisine_id, difficulty_level, description, tip1, cooking_time, prep_time, portions, basic_ingredient_id, image_id) VALUES ('pastry', 'Roast Chicken Grain Bowl', 9, 4, 'A fact board information world improve shake own.', 'you need salt', 66, 21, 4, 32, 70);

INSERT INTO Step (recipe_id, order_number, description) VALUES (42, 1, 'Human business sing show the now military away.');

INSERT INTO Step (recipe_id, order_number, description) VALUES (42, 2, 'Cut avoid grow something try.');

INSERT INTO Nutritional_Info (recipe_id, fat_per_portion, carbs_per_portion, protein_per_portion) VALUES (42, 128, 86, 62);

INSERT INTO Recipe_Meal_Type (recipe_id, meal_type_id) VALUES (42, 6);

INSERT INTO Recipe_Meal_Type (recipe_id, meal_type_id) VALUES (42, 4);

INSERT INTO Recipe_Meal_Type (recipe_id, meal_type_id) VALUES (42, 5);

INSERT INTO Recipe_Label (recipe_id, label_id) VALUES (42, 3);

INSERT INTO Recipe_Label (recipe_id, label_id) VALUES (42, 10);

INSERT INTO Recipe_Equipment (recipe_id, equipment_id) VALUES (42, 48);

INSERT INTO Recipe_Ingredient (recipe_id, ingredient_id, portion) VALUES (42, 149, 1);

INSERT INTO Recipe_Ingredient (recipe_id, ingredient_id, portion) VALUES (42, 32, 1);

INSERT INTO Recipe_Thematic_Unit (recipe_id, thematic_unit_id) VALUES (42, 7);

INSERT INTO Recipe (recipe_type, name, national_cuisine_id, difficulty_level, description, tip1, tip2, tip3, cooking_time, prep_time, portions, basic_ingredient_id, image_id) VALUES ('cooking', 'Chicken thighs with barley and peas', 9, 4, 'Among bar exactly present it know employee. Risk population author produce never clearly argue.', 'you need an oven', 'you need an oven', 'better with feta cheese', 23, 12, 3, 21, 71);

INSERT INTO Step (recipe_id, order_number, description) VALUES (43, 1, 'Their bag technology attorney evening number enough.');

INSERT INTO Step (recipe_id, order_number, description) VALUES (43, 2, 'Just interview leader answer professional.');

INSERT INTO Step (recipe_id, order_number, description) VALUES (43, 3, 'Movie military hand tough better.');

INSERT INTO Step (recipe_id, order_number, description) VALUES (43, 4, 'Situation less film.');

INSERT INTO Nutritional_Info (recipe_id, fat_per_portion, carbs_per_portion, protein_per_portion) VALUES (43, 43, 185, 182);

INSERT INTO Recipe_Meal_Type (recipe_id, meal_type_id) VALUES (43, 3);

INSERT INTO Recipe_Meal_Type (recipe_id, meal_type_id) VALUES (43, 5);

INSERT INTO Recipe_Label (recipe_id, label_id) VALUES (43, 10);

INSERT INTO Recipe_Equipment (recipe_id, equipment_id) VALUES (43, 10);

INSERT INTO Recipe_Equipment (recipe_id, equipment_id) VALUES (43, 3);

INSERT INTO Recipe_Equipment (recipe_id, equipment_id) VALUES (43, 47);

INSERT INTO Recipe_Equipment (recipe_id, equipment_id) VALUES (43, 22);

INSERT INTO Recipe_Equipment (recipe_id, equipment_id) VALUES (43, 26);

INSERT INTO Recipe_Equipment (recipe_id, equipment_id) VALUES (43, 27);

INSERT INTO Recipe_Equipment (recipe_id, equipment_id) VALUES (43, 8);

INSERT INTO Recipe_Equipment (recipe_id, equipment_id) VALUES (43, 38);

INSERT INTO Recipe_Equipment (recipe_id, equipment_id) VALUES (43, 25);

INSERT INTO Recipe_Equipment (recipe_id, equipment_id) VALUES (43, 20);

INSERT INTO Recipe_Ingredient (recipe_id, ingredient_id, portion) VALUES (43, 146, 1);

INSERT INTO Recipe_Ingredient (recipe_id, ingredient_id, portion) VALUES (43, 185, 2);

INSERT INTO Recipe_Ingredient (recipe_id, ingredient_id, portion) VALUES (43, 8, 4);

INSERT INTO Recipe_Ingredient (recipe_id, ingredient_id, portion) VALUES (43, 5, 6);

INSERT INTO Recipe_Ingredient (recipe_id, ingredient_id, portion) VALUES (43, 41, 3);

INSERT INTO Recipe_Ingredient (recipe_id, ingredient_id, portion) VALUES (43, 108, 1);

INSERT INTO Recipe_Ingredient (recipe_id, ingredient_id, portion) VALUES (43, 143, 8);

INSERT INTO Recipe_Ingredient (recipe_id, ingredient_id, portion) VALUES (43, 78, 6);

INSERT INTO Recipe_Ingredient (recipe_id, ingredient_id, portion) VALUES (43, 127, 6);

INSERT INTO Recipe_Ingredient (recipe_id, ingredient_id, portion) VALUES (43, 180, 3);

INSERT INTO Recipe_Ingredient (recipe_id, ingredient_id, portion) VALUES (43, 200, 2);

INSERT INTO Recipe_Ingredient (recipe_id, ingredient_id, portion) VALUES (43, 65, 1);

INSERT INTO Recipe_Ingredient (recipe_id, ingredient_id, portion) VALUES (43, 125, 5);

INSERT INTO Recipe_Ingredient (recipe_id, ingredient_id, portion) VALUES (43, 70, 4);

INSERT INTO Recipe_Ingredient (recipe_id, ingredient_id, portion) VALUES (43, 128, 8);

INSERT INTO Recipe_Ingredient (recipe_id, ingredient_id, portion) VALUES (43, 171, 6);

INSERT INTO Recipe_Ingredient (recipe_id, ingredient_id, portion) VALUES (43, 71, 6);

INSERT INTO Recipe_Ingredient (recipe_id, ingredient_id, portion) VALUES (43, 21, 8);

INSERT INTO Recipe_Thematic_Unit (recipe_id, thematic_unit_id) VALUES (43, 7);

INSERT INTO Recipe_Thematic_Unit (recipe_id, thematic_unit_id) VALUES (43, 8);

INSERT INTO Recipe (recipe_type, name, national_cuisine_id, difficulty_level, description, tip1, cooking_time, prep_time, portions, basic_ingredient_id, image_id) VALUES ('pastry', 'Rice noodles with meatballs and bok choy', 9, 5, 'Talk operation food radio deep help. Fear bit manage section. Article key our new then.', 'good with honey', 105, 11, 3, 117, 72);

INSERT INTO Step (recipe_id, order_number, description) VALUES (44, 1, 'Mention audience point order.');

INSERT INTO Step (recipe_id, order_number, description) VALUES (44, 2, 'News enjoy key court.');

INSERT INTO Step (recipe_id, order_number, description) VALUES (44, 3, 'Truth myself less.');

INSERT INTO Step (recipe_id, order_number, description) VALUES (44, 4, 'Church be land one.');

INSERT INTO Step (recipe_id, order_number, description) VALUES (44, 5, 'Share water as all alone manager some.');

INSERT INTO Step (recipe_id, order_number, description) VALUES (44, 6, 'Significant piece mission watch create within.');

INSERT INTO Step (recipe_id, order_number, description) VALUES (44, 7, 'Choice fine gun right institution.');

INSERT INTO Nutritional_Info (recipe_id, fat_per_portion, carbs_per_portion, protein_per_portion) VALUES (44, 297, 137, 202);

INSERT INTO Recipe_Meal_Type (recipe_id, meal_type_id) VALUES (44, 5);

INSERT INTO Recipe_Label (recipe_id, label_id) VALUES (44, 5);

INSERT INTO Recipe_Label (recipe_id, label_id) VALUES (44, 9);

INSERT INTO Recipe_Label (recipe_id, label_id) VALUES (44, 4);

INSERT INTO Recipe_Equipment (recipe_id, equipment_id) VALUES (44, 44);

INSERT INTO Recipe_Ingredient (recipe_id, ingredient_id, portion) VALUES (44, 118, 6);

INSERT INTO Recipe_Ingredient (recipe_id, ingredient_id, portion) VALUES (44, 37, 4);

INSERT INTO Recipe_Ingredient (recipe_id, ingredient_id, portion) VALUES (44, 167, 2);

INSERT INTO Recipe_Ingredient (recipe_id, ingredient_id, portion) VALUES (44, 188, 2);

INSERT INTO Recipe_Ingredient (recipe_id, ingredient_id, portion) VALUES (44, 117, 2);

INSERT INTO Recipe_Thematic_Unit (recipe_id, thematic_unit_id) VALUES (44, 12);

INSERT INTO Recipe_Thematic_Unit (recipe_id, thematic_unit_id) VALUES (44, 1);

INSERT INTO Recipe_Thematic_Unit (recipe_id, thematic_unit_id) VALUES (44, 9);

INSERT INTO Recipe (recipe_type, name, national_cuisine_id, difficulty_level, description, tip1, tip2, cooking_time, prep_time, portions, basic_ingredient_id, image_id) VALUES ('pastry', 'Paprika Pork with Roasted Potatoes and Dill Cream', 9, 2, 'Ten magazine just issue note leave speech carry. Treatment effort gas remember player. Tv chair want trial.', 'it needs a fridge', 'you need salt', 105, 13, 2, 30, 73);

INSERT INTO Step (recipe_id, order_number, description) VALUES (45, 1, 'Budget party government.');

INSERT INTO Step (recipe_id, order_number, description) VALUES (45, 2, 'Begin within main political Republican week door participant.');

INSERT INTO Step (recipe_id, order_number, description) VALUES (45, 3, 'Carry cold side deep word strong home admit.');

INSERT INTO Step (recipe_id, order_number, description) VALUES (45, 4, 'Official arm choice choose.');

INSERT INTO Step (recipe_id, order_number, description) VALUES (45, 5, 'Do scene dinner cell happen artist.');

INSERT INTO Step (recipe_id, order_number, description) VALUES (45, 6, 'Yeah five right authority difference pressure both affect.');

INSERT INTO Step (recipe_id, order_number, description) VALUES (45, 7, 'South young price care main attack performance.');

INSERT INTO Nutritional_Info (recipe_id, fat_per_portion, carbs_per_portion, protein_per_portion) VALUES (45, 338, 175, 84);

INSERT INTO Recipe_Meal_Type (recipe_id, meal_type_id) VALUES (45, 6);

INSERT INTO Recipe_Meal_Type (recipe_id, meal_type_id) VALUES (45, 3);

INSERT INTO Recipe_Label (recipe_id, label_id) VALUES (45, 10);

INSERT INTO Recipe_Label (recipe_id, label_id) VALUES (45, 5);

INSERT INTO Recipe_Equipment (recipe_id, equipment_id) VALUES (45, 37);

INSERT INTO Recipe_Equipment (recipe_id, equipment_id) VALUES (45, 26);

INSERT INTO Recipe_Equipment (recipe_id, equipment_id) VALUES (45, 45);

INSERT INTO Recipe_Equipment (recipe_id, equipment_id) VALUES (45, 50);

INSERT INTO Recipe_Equipment (recipe_id, equipment_id) VALUES (45, 38);

INSERT INTO Recipe_Ingredient (recipe_id, ingredient_id, portion) VALUES (45, 87, 1);

INSERT INTO Recipe_Ingredient (recipe_id, ingredient_id, portion) VALUES (45, 137, 7);

INSERT INTO Recipe_Ingredient (recipe_id, ingredient_id, portion) VALUES (45, 40, 8);

INSERT INTO Recipe_Ingredient (recipe_id, ingredient_id, portion) VALUES (45, 5, 8);

INSERT INTO Recipe_Ingredient (recipe_id, ingredient_id, portion) VALUES (45, 160, 6);

INSERT INTO Recipe_Ingredient (recipe_id, ingredient_id, portion) VALUES (45, 71, 2);

INSERT INTO Recipe_Ingredient (recipe_id, ingredient_id, portion) VALUES (45, 148, 5);

INSERT INTO Recipe_Ingredient (recipe_id, ingredient_id, portion) VALUES (45, 169, 6);

INSERT INTO Recipe_Ingredient (recipe_id, ingredient_id, portion) VALUES (45, 124, 6);

INSERT INTO Recipe_Ingredient (recipe_id, ingredient_id, portion) VALUES (45, 198, 1);

INSERT INTO Recipe_Ingredient (recipe_id, ingredient_id, portion) VALUES (45, 190, 4);

INSERT INTO Recipe_Ingredient (recipe_id, ingredient_id, portion) VALUES (45, 55, 3);

INSERT INTO Recipe_Ingredient (recipe_id, ingredient_id, portion) VALUES (45, 75, 1);

INSERT INTO Recipe_Ingredient (recipe_id, ingredient_id, portion) VALUES (45, 84, 1);

INSERT INTO Recipe_Ingredient (recipe_id, ingredient_id, portion) VALUES (45, 119, 1);

INSERT INTO Recipe_Ingredient (recipe_id, ingredient_id, portion) VALUES (45, 35, 7);

INSERT INTO Recipe_Ingredient (recipe_id, ingredient_id, portion) VALUES (45, 26, 6);

INSERT INTO Recipe_Ingredient (recipe_id, ingredient_id, portion) VALUES (45, 3, 4);

INSERT INTO Recipe_Ingredient (recipe_id, ingredient_id, portion) VALUES (45, 54, 6);

INSERT INTO Recipe_Ingredient (recipe_id, ingredient_id, portion) VALUES (45, 30, 5);

INSERT INTO Recipe_Thematic_Unit (recipe_id, thematic_unit_id) VALUES (45, 4);

INSERT INTO Recipe_Thematic_Unit (recipe_id, thematic_unit_id) VALUES (45, 14);

INSERT INTO Recipe (recipe_type, name, national_cuisine_id, difficulty_level, description, tip1, cooking_time, prep_time, portions, basic_ingredient_id, image_id) VALUES ('pastry', 'Chicken cutlets with carrot and kale salad', 10, 4, 'Trade peace bit by someone. All full first few notice budget relate believe.', 'good with honey', 49, 3, 4, 65, 74);

INSERT INTO Step (recipe_id, order_number, description) VALUES (46, 1, 'Trade us new life maybe single.');

INSERT INTO Step (recipe_id, order_number, description) VALUES (46, 2, 'Audience room early crime central score.');

INSERT INTO Step (recipe_id, order_number, description) VALUES (46, 3, 'News knowledge option to.');

INSERT INTO Step (recipe_id, order_number, description) VALUES (46, 4, 'Theory police least left husband candidate walk.');

INSERT INTO Step (recipe_id, order_number, description) VALUES (46, 5, 'Financial camera list provide maintain knowledge establish.');

INSERT INTO Nutritional_Info (recipe_id, fat_per_portion, carbs_per_portion, protein_per_portion) VALUES (46, 148, 98, 113);

INSERT INTO Recipe_Meal_Type (recipe_id, meal_type_id) VALUES (46, 3);

INSERT INTO Recipe_Label (recipe_id, label_id) VALUES (46, 9);

INSERT INTO Recipe_Label (recipe_id, label_id) VALUES (46, 8);

INSERT INTO Recipe_Label (recipe_id, label_id) VALUES (46, 7);

INSERT INTO Recipe_Equipment (recipe_id, equipment_id) VALUES (46, 31);

INSERT INTO Recipe_Equipment (recipe_id, equipment_id) VALUES (46, 46);

INSERT INTO Recipe_Equipment (recipe_id, equipment_id) VALUES (46, 2);

INSERT INTO Recipe_Equipment (recipe_id, equipment_id) VALUES (46, 16);

INSERT INTO Recipe_Equipment (recipe_id, equipment_id) VALUES (46, 38);

INSERT INTO Recipe_Equipment (recipe_id, equipment_id) VALUES (46, 45);

INSERT INTO Recipe_Equipment (recipe_id, equipment_id) VALUES (46, 5);

INSERT INTO Recipe_Equipment (recipe_id, equipment_id) VALUES (46, 23);

INSERT INTO Recipe_Equipment (recipe_id, equipment_id) VALUES (46, 50);

INSERT INTO Recipe_Equipment (recipe_id, equipment_id) VALUES (46, 42);

INSERT INTO Recipe_Ingredient (recipe_id, ingredient_id, portion) VALUES (46, 173, 3);

INSERT INTO Recipe_Ingredient (recipe_id, ingredient_id, portion) VALUES (46, 184, 1);

INSERT INTO Recipe_Ingredient (recipe_id, ingredient_id, portion) VALUES (46, 65, 5);

INSERT INTO Recipe_Thematic_Unit (recipe_id, thematic_unit_id) VALUES (46, 1);

INSERT INTO Recipe_Thematic_Unit (recipe_id, thematic_unit_id) VALUES (46, 7);

INSERT INTO Recipe (recipe_type, name, national_cuisine_id, difficulty_level, description, tip1, cooking_time, prep_time, portions, basic_ingredient_id, image_id) VALUES ('pastry', 'Gnocchi and sweet potatoes', 10, 3, 'Sing from story will power tell. Special money go society.', 'you need 2 people to make it', 141, 16, 2, 106, 75);

INSERT INTO Step (recipe_id, order_number, description) VALUES (47, 1, 'Media full without pretty smile word.');

INSERT INTO Step (recipe_id, order_number, description) VALUES (47, 2, 'Leg executive stuff foot on official join.');

INSERT INTO Step (recipe_id, order_number, description) VALUES (47, 3, 'Brother up check.');

INSERT INTO Step (recipe_id, order_number, description) VALUES (47, 4, 'Try capital between director skin.');

INSERT INTO Step (recipe_id, order_number, description) VALUES (47, 5, 'Care reveal various whom.');

INSERT INTO Nutritional_Info (recipe_id, fat_per_portion, carbs_per_portion, protein_per_portion) VALUES (47, 375, 48, 196);

INSERT INTO Recipe_Meal_Type (recipe_id, meal_type_id) VALUES (47, 1);

INSERT INTO Recipe_Meal_Type (recipe_id, meal_type_id) VALUES (47, 5);

INSERT INTO Recipe_Label (recipe_id, label_id) VALUES (47, 1);

INSERT INTO Recipe_Label (recipe_id, label_id) VALUES (47, 10);

INSERT INTO Recipe_Label (recipe_id, label_id) VALUES (47, 5);

INSERT INTO Recipe_Label (recipe_id, label_id) VALUES (47, 6);

INSERT INTO Recipe_Equipment (recipe_id, equipment_id) VALUES (47, 31);

INSERT INTO Recipe_Equipment (recipe_id, equipment_id) VALUES (47, 37);

INSERT INTO Recipe_Equipment (recipe_id, equipment_id) VALUES (47, 25);

INSERT INTO Recipe_Ingredient (recipe_id, ingredient_id, portion) VALUES (47, 165, 6);

INSERT INTO Recipe_Ingredient (recipe_id, ingredient_id, portion) VALUES (47, 175, 2);

INSERT INTO Recipe_Ingredient (recipe_id, ingredient_id, portion) VALUES (47, 108, 4);

INSERT INTO Recipe_Ingredient (recipe_id, ingredient_id, portion) VALUES (47, 56, 1);

INSERT INTO Recipe_Ingredient (recipe_id, ingredient_id, portion) VALUES (47, 137, 6);

INSERT INTO Recipe_Ingredient (recipe_id, ingredient_id, portion) VALUES (47, 161, 7);

INSERT INTO Recipe_Ingredient (recipe_id, ingredient_id, portion) VALUES (47, 62, 6);

INSERT INTO Recipe_Ingredient (recipe_id, ingredient_id, portion) VALUES (47, 83, 6);

INSERT INTO Recipe_Ingredient (recipe_id, ingredient_id, portion) VALUES (47, 97, 3);

INSERT INTO Recipe_Ingredient (recipe_id, ingredient_id, portion) VALUES (47, 111, 7);

INSERT INTO Recipe_Ingredient (recipe_id, ingredient_id, portion) VALUES (47, 191, 3);

INSERT INTO Recipe_Ingredient (recipe_id, ingredient_id, portion) VALUES (47, 157, 4);

INSERT INTO Recipe_Ingredient (recipe_id, ingredient_id, portion) VALUES (47, 86, 2);

INSERT INTO Recipe_Ingredient (recipe_id, ingredient_id, portion) VALUES (47, 183, 8);

INSERT INTO Recipe_Ingredient (recipe_id, ingredient_id, portion) VALUES (47, 33, 3);

INSERT INTO Recipe_Ingredient (recipe_id, ingredient_id, portion) VALUES (47, 106, 1);

INSERT INTO Recipe_Thematic_Unit (recipe_id, thematic_unit_id) VALUES (47, 8);

INSERT INTO Recipe (recipe_type, name, national_cuisine_id, difficulty_level, description, tip1, tip2, tip3, cooking_time, prep_time, portions, basic_ingredient_id, image_id) VALUES ('cooking', 'Shepherd's Pie', 10, 1, 'Pass son material respond. Ok effort on card between environment.', 'you need a lot of time', 'you have to be careful not to let it get stack', 'better with a blender', 37, 30, 7, 131, 76);

INSERT INTO Step (recipe_id, order_number, description) VALUES (48, 1, 'Nor cut city laugh young together detail board.');

INSERT INTO Step (recipe_id, order_number, description) VALUES (48, 2, 'Health material civil story.');

INSERT INTO Step (recipe_id, order_number, description) VALUES (48, 3, 'Imagine perform cell order.');

INSERT INTO Step (recipe_id, order_number, description) VALUES (48, 4, 'Issue test task military.');

INSERT INTO Step (recipe_id, order_number, description) VALUES (48, 5, 'Know travel quickly security.');

INSERT INTO Nutritional_Info (recipe_id, fat_per_portion, carbs_per_portion, protein_per_portion) VALUES (48, 309, 189, 207);

INSERT INTO Recipe_Meal_Type (recipe_id, meal_type_id) VALUES (48, 1);

INSERT INTO Recipe_Label (recipe_id, label_id) VALUES (48, 10);

INSERT INTO Recipe_Label (recipe_id, label_id) VALUES (48, 3);

INSERT INTO Recipe_Label (recipe_id, label_id) VALUES (48, 2);

INSERT INTO Recipe_Equipment (recipe_id, equipment_id) VALUES (48, 25);

INSERT INTO Recipe_Equipment (recipe_id, equipment_id) VALUES (48, 3);

INSERT INTO Recipe_Ingredient (recipe_id, ingredient_id, portion) VALUES (48, 11, 4);

INSERT INTO Recipe_Ingredient (recipe_id, ingredient_id, portion) VALUES (48, 97, 7);

INSERT INTO Recipe_Ingredient (recipe_id, ingredient_id, portion) VALUES (48, 66, 6);

INSERT INTO Recipe_Ingredient (recipe_id, ingredient_id, portion) VALUES (48, 80, 8);

INSERT INTO Recipe_Ingredient (recipe_id, ingredient_id, portion) VALUES (48, 131, 5);

INSERT INTO Recipe_Thematic_Unit (recipe_id, thematic_unit_id) VALUES (48, 15);

INSERT INTO Recipe_Thematic_Unit (recipe_id, thematic_unit_id) VALUES (48, 10);

INSERT INTO Recipe_Thematic_Unit (recipe_id, thematic_unit_id) VALUES (48, 13);

INSERT INTO Recipe (recipe_type, name, national_cuisine_id, difficulty_level, description, tip1, tip2, tip3, cooking_time, prep_time, portions, basic_ingredient_id, image_id) VALUES ('cooking', 'Garlic Parmesan Chicken', 10, 3, 'Despite see chance fill public. Its year part call leader. Should school large yet. Left authority develop main level could.', 'you need an oven', 'you need a lot of time', 'better when fresh', 135, 12, 8, 77, 77);

INSERT INTO Step (recipe_id, order_number, description) VALUES (49, 1, 'Citizen book whether nation fear question relationship.');

INSERT INTO Step (recipe_id, order_number, description) VALUES (49, 2, 'Again well writer others.');

INSERT INTO Step (recipe_id, order_number, description) VALUES (49, 3, 'Notice lawyer body.');

INSERT INTO Step (recipe_id, order_number, description) VALUES (49, 4, 'Drive occur sometimes key word dog.');

INSERT INTO Step (recipe_id, order_number, description) VALUES (49, 5, 'Action continue imagine attention.');

INSERT INTO Step (recipe_id, order_number, description) VALUES (49, 6, 'May candidate some within.');

INSERT INTO Nutritional_Info (recipe_id, fat_per_portion, carbs_per_portion, protein_per_portion) VALUES (49, 35, 98, 39);

INSERT INTO Recipe_Meal_Type (recipe_id, meal_type_id) VALUES (49, 2);

INSERT INTO Recipe_Label (recipe_id, label_id) VALUES (49, 9);

INSERT INTO Recipe_Label (recipe_id, label_id) VALUES (49, 2);

INSERT INTO Recipe_Label (recipe_id, label_id) VALUES (49, 7);

INSERT INTO Recipe_Label (recipe_id, label_id) VALUES (49, 1);

INSERT INTO Recipe_Equipment (recipe_id, equipment_id) VALUES (49, 16);

INSERT INTO Recipe_Equipment (recipe_id, equipment_id) VALUES (49, 44);

INSERT INTO Recipe_Equipment (recipe_id, equipment_id) VALUES (49, 25);

INSERT INTO Recipe_Equipment (recipe_id, equipment_id) VALUES (49, 6);

INSERT INTO Recipe_Equipment (recipe_id, equipment_id) VALUES (49, 19);

INSERT INTO Recipe_Equipment (recipe_id, equipment_id) VALUES (49, 24);

INSERT INTO Recipe_Equipment (recipe_id, equipment_id) VALUES (49, 10);

INSERT INTO Recipe_Equipment (recipe_id, equipment_id) VALUES (49, 14);

INSERT INTO Recipe_Ingredient (recipe_id, ingredient_id, portion) VALUES (49, 141, 2);

INSERT INTO Recipe_Ingredient (recipe_id, ingredient_id, portion) VALUES (49, 148, 3);

INSERT INTO Recipe_Ingredient (recipe_id, ingredient_id, portion) VALUES (49, 192, 8);

INSERT INTO Recipe_Ingredient (recipe_id, ingredient_id, portion) VALUES (49, 132, 2);

INSERT INTO Recipe_Ingredient (recipe_id, ingredient_id, portion) VALUES (49, 121, 1);

INSERT INTO Recipe_Ingredient (recipe_id, ingredient_id, portion) VALUES (49, 78, 5);

INSERT INTO Recipe_Ingredient (recipe_id, ingredient_id, portion) VALUES (49, 191, 1);

INSERT INTO Recipe_Ingredient (recipe_id, ingredient_id, portion) VALUES (49, 19, 3);

INSERT INTO Recipe_Ingredient (recipe_id, ingredient_id, portion) VALUES (49, 77, 4);

INSERT INTO Recipe_Thematic_Unit (recipe_id, thematic_unit_id) VALUES (49, 4);

INSERT INTO Recipe_Thematic_Unit (recipe_id, thematic_unit_id) VALUES (49, 7);

INSERT INTO Recipe (recipe_type, name, national_cuisine_id, difficulty_level, description, tip1, tip2, tip3, cooking_time, prep_time, portions, basic_ingredient_id, image_id) VALUES ('cooking', 'Turkey Pot Pie', 10, 2, 'Skill morning whether meeting air.', 'it needs a fridge', 'you need to use your hands', 'you need salt', 107, 40, 8, 66, 78);

INSERT INTO Step (recipe_id, order_number, description) VALUES (50, 1, 'Position among computer Republican.');

INSERT INTO Step (recipe_id, order_number, description) VALUES (50, 2, 'Message owner read human.');

INSERT INTO Step (recipe_id, order_number, description) VALUES (50, 3, 'Experience field example sort hundred must oil.');

INSERT INTO Step (recipe_id, order_number, description) VALUES (50, 4, 'Century success cold population during.');

INSERT INTO Nutritional_Info (recipe_id, fat_per_portion, carbs_per_portion, protein_per_portion) VALUES (50, 181, 67, 44);

INSERT INTO Recipe_Meal_Type (recipe_id, meal_type_id) VALUES (50, 1);

INSERT INTO Recipe_Meal_Type (recipe_id, meal_type_id) VALUES (50, 6);

INSERT INTO Recipe_Label (recipe_id, label_id) VALUES (50, 4);

INSERT INTO Recipe_Label (recipe_id, label_id) VALUES (50, 7);

INSERT INTO Recipe_Label (recipe_id, label_id) VALUES (50, 3);

INSERT INTO Recipe_Equipment (recipe_id, equipment_id) VALUES (50, 2);

INSERT INTO Recipe_Equipment (recipe_id, equipment_id) VALUES (50, 24);

INSERT INTO Recipe_Equipment (recipe_id, equipment_id) VALUES (50, 37);

INSERT INTO Recipe_Equipment (recipe_id, equipment_id) VALUES (50, 31);

INSERT INTO Recipe_Equipment (recipe_id, equipment_id) VALUES (50, 26);

INSERT INTO Recipe_Equipment (recipe_id, equipment_id) VALUES (50, 17);

INSERT INTO Recipe_Equipment (recipe_id, equipment_id) VALUES (50, 36);

INSERT INTO Recipe_Equipment (recipe_id, equipment_id) VALUES (50, 13);

INSERT INTO Recipe_Equipment (recipe_id, equipment_id) VALUES (50, 8);

INSERT INTO Recipe_Ingredient (recipe_id, ingredient_id, portion) VALUES (50, 4, 7);

INSERT INTO Recipe_Ingredient (recipe_id, ingredient_id, portion) VALUES (50, 33, 5);

INSERT INTO Recipe_Ingredient (recipe_id, ingredient_id, portion) VALUES (50, 112, 1);

INSERT INTO Recipe_Ingredient (recipe_id, ingredient_id, portion) VALUES (50, 16, 8);

INSERT INTO Recipe_Ingredient (recipe_id, ingredient_id, portion) VALUES (50, 192, 1);

INSERT INTO Recipe_Ingredient (recipe_id, ingredient_id, portion) VALUES (50, 56, 5);

INSERT INTO Recipe_Ingredient (recipe_id, ingredient_id, portion) VALUES (50, 180, 1);

INSERT INTO Recipe_Ingredient (recipe_id, ingredient_id, portion) VALUES (50, 189, 5);

INSERT INTO Recipe_Ingredient (recipe_id, ingredient_id, portion) VALUES (50, 7, 2);

INSERT INTO Recipe_Ingredient (recipe_id, ingredient_id, portion) VALUES (50, 177, 1);

INSERT INTO Recipe_Ingredient (recipe_id, ingredient_id, portion) VALUES (50, 48, 7);

INSERT INTO Recipe_Ingredient (recipe_id, ingredient_id, portion) VALUES (50, 28, 4);

INSERT INTO Recipe_Ingredient (recipe_id, ingredient_id, portion) VALUES (50, 129, 7);

INSERT INTO Recipe_Ingredient (recipe_id, ingredient_id, portion) VALUES (50, 50, 3);

INSERT INTO Recipe_Ingredient (recipe_id, ingredient_id, portion) VALUES (50, 127, 4);

INSERT INTO Recipe_Ingredient (recipe_id, ingredient_id, portion) VALUES (50, 84, 8);

INSERT INTO Recipe_Ingredient (recipe_id, ingredient_id, portion) VALUES (50, 98, 6);

INSERT INTO Recipe_Ingredient (recipe_id, ingredient_id, portion) VALUES (50, 151, 6);

INSERT INTO Recipe_Ingredient (recipe_id, ingredient_id, portion) VALUES (50, 66, 4);

INSERT INTO Recipe_Thematic_Unit (recipe_id, thematic_unit_id) VALUES (50, 14);

INSERT INTO Recipe (recipe_type, name, national_cuisine_id, difficulty_level, description, tip1, tip2, cooking_time, prep_time, portions, basic_ingredient_id, image_id) VALUES ('cooking', 'Balsamic Bacon Brussels Sprouts', 11, 1, 'Recognize argue boy future firm. Skin deep manager read though consumer.', 'better without sugar', 'you need a lot of time', 123, 13, 7, 89, 79);

INSERT INTO Step (recipe_id, order_number, description) VALUES (51, 1, 'Drug push box unit around executive.');

INSERT INTO Step (recipe_id, order_number, description) VALUES (51, 2, 'Make western stay lot between behavior leg.');

INSERT INTO Step (recipe_id, order_number, description) VALUES (51, 3, 'Store be war just voice present nearly.');

INSERT INTO Nutritional_Info (recipe_id, fat_per_portion, carbs_per_portion, protein_per_portion) VALUES (51, 40, 96, 64);

INSERT INTO Recipe_Meal_Type (recipe_id, meal_type_id) VALUES (51, 1);

INSERT INTO Recipe_Meal_Type (recipe_id, meal_type_id) VALUES (51, 4);

INSERT INTO Recipe_Label (recipe_id, label_id) VALUES (51, 9);

INSERT INTO Recipe_Label (recipe_id, label_id) VALUES (51, 8);

INSERT INTO Recipe_Label (recipe_id, label_id) VALUES (51, 10);

INSERT INTO Recipe_Label (recipe_id, label_id) VALUES (51, 3);

INSERT INTO Recipe_Equipment (recipe_id, equipment_id) VALUES (51, 35);

INSERT INTO Recipe_Ingredient (recipe_id, ingredient_id, portion) VALUES (51, 116, 5);

INSERT INTO Recipe_Ingredient (recipe_id, ingredient_id, portion) VALUES (51, 52, 3);

INSERT INTO Recipe_Ingredient (recipe_id, ingredient_id, portion) VALUES (51, 122, 5);

INSERT INTO Recipe_Ingredient (recipe_id, ingredient_id, portion) VALUES (51, 71, 4);

INSERT INTO Recipe_Ingredient (recipe_id, ingredient_id, portion) VALUES (51, 108, 2);

INSERT INTO Recipe_Ingredient (recipe_id, ingredient_id, portion) VALUES (51, 153, 7);

INSERT INTO Recipe_Ingredient (recipe_id, ingredient_id, portion) VALUES (51, 152, 2);

INSERT INTO Recipe_Ingredient (recipe_id, ingredient_id, portion) VALUES (51, 150, 2);

INSERT INTO Recipe_Ingredient (recipe_id, ingredient_id, portion) VALUES (51, 166, 1);

INSERT INTO Recipe_Ingredient (recipe_id, ingredient_id, portion) VALUES (51, 7, 6);

INSERT INTO Recipe_Ingredient (recipe_id, ingredient_id, portion) VALUES (51, 93, 6);

INSERT INTO Recipe_Ingredient (recipe_id, ingredient_id, portion) VALUES (51, 105, 4);

INSERT INTO Recipe_Ingredient (recipe_id, ingredient_id, portion) VALUES (51, 44, 3);

INSERT INTO Recipe_Ingredient (recipe_id, ingredient_id, portion) VALUES (51, 15, 3);

INSERT INTO Recipe_Ingredient (recipe_id, ingredient_id, portion) VALUES (51, 124, 6);

INSERT INTO Recipe_Ingredient (recipe_id, ingredient_id, portion) VALUES (51, 190, 4);

INSERT INTO Recipe_Ingredient (recipe_id, ingredient_id, portion) VALUES (51, 73, 7);

INSERT INTO Recipe_Ingredient (recipe_id, ingredient_id, portion) VALUES (51, 168, 4);

INSERT INTO Recipe_Ingredient (recipe_id, ingredient_id, portion) VALUES (51, 59, 4);

INSERT INTO Recipe_Ingredient (recipe_id, ingredient_id, portion) VALUES (51, 89, 2);

INSERT INTO Recipe_Thematic_Unit (recipe_id, thematic_unit_id) VALUES (51, 4);

INSERT INTO Recipe_Thematic_Unit (recipe_id, thematic_unit_id) VALUES (51, 6);

INSERT INTO Recipe (recipe_type, name, national_cuisine_id, difficulty_level, description, tip1, cooking_time, prep_time, portions, basic_ingredient_id, image_id) VALUES ('pastry', 'Lemon Red Potatoes', 11, 4, 'City lay notice physical mouth. Woman truth drop nature and line. Exist large happy personal drop.', 'you can store iy outside the fridge', 114, 24, 3, 112, 80);

INSERT INTO Step (recipe_id, order_number, description) VALUES (52, 1, 'Usually account opportunity investment audience from.');

INSERT INTO Step (recipe_id, order_number, description) VALUES (52, 2, 'Business color alone environment interview director.');

INSERT INTO Nutritional_Info (recipe_id, fat_per_portion, carbs_per_portion, protein_per_portion) VALUES (52, 333, 82, 210);

INSERT INTO Recipe_Meal_Type (recipe_id, meal_type_id) VALUES (52, 1);

INSERT INTO Recipe_Label (recipe_id, label_id) VALUES (52, 10);

INSERT INTO Recipe_Equipment (recipe_id, equipment_id) VALUES (52, 2);

INSERT INTO Recipe_Ingredient (recipe_id, ingredient_id, portion) VALUES (52, 53, 1);

INSERT INTO Recipe_Ingredient (recipe_id, ingredient_id, portion) VALUES (52, 54, 6);

INSERT INTO Recipe_Ingredient (recipe_id, ingredient_id, portion) VALUES (52, 190, 3);

INSERT INTO Recipe_Ingredient (recipe_id, ingredient_id, portion) VALUES (52, 187, 4);

INSERT INTO Recipe_Ingredient (recipe_id, ingredient_id, portion) VALUES (52, 95, 2);

INSERT INTO Recipe_Ingredient (recipe_id, ingredient_id, portion) VALUES (52, 184, 6);

INSERT INTO Recipe_Ingredient (recipe_id, ingredient_id, portion) VALUES (52, 124, 7);

INSERT INTO Recipe_Ingredient (recipe_id, ingredient_id, portion) VALUES (52, 105, 3);

INSERT INTO Recipe_Ingredient (recipe_id, ingredient_id, portion) VALUES (52, 157, 1);

INSERT INTO Recipe_Ingredient (recipe_id, ingredient_id, portion) VALUES (52, 127, 2);

INSERT INTO Recipe_Ingredient (recipe_id, ingredient_id, portion) VALUES (52, 36, 5);

INSERT INTO Recipe_Ingredient (recipe_id, ingredient_id, portion) VALUES (52, 112, 1);

INSERT INTO Recipe_Thematic_Unit (recipe_id, thematic_unit_id) VALUES (52, 5);

INSERT INTO Recipe_Thematic_Unit (recipe_id, thematic_unit_id) VALUES (52, 15);

INSERT INTO Recipe_Thematic_Unit (recipe_id, thematic_unit_id) VALUES (52, 12);

INSERT INTO Recipe (recipe_type, name, national_cuisine_id, difficulty_level, description, tip1, tip2, tip3, cooking_time, prep_time, portions, basic_ingredient_id, image_id) VALUES ('pastry', 'Potato and Corn Chowder', 11, 3, 'Size teacher base current middle. Every government deal room improve drive.', 'better with slow cooking', 'you need salt', 'you need small cups', 44, 15, 8, 145, 81);

INSERT INTO Step (recipe_id, order_number, description) VALUES (53, 1, 'Energy third wall over key.');

INSERT INTO Step (recipe_id, order_number, description) VALUES (53, 2, 'Finally view various central.');

INSERT INTO Step (recipe_id, order_number, description) VALUES (53, 3, 'Doctor of worker.');

INSERT INTO Nutritional_Info (recipe_id, fat_per_portion, carbs_per_portion, protein_per_portion) VALUES (53, 87, 154, 41);

INSERT INTO Recipe_Meal_Type (recipe_id, meal_type_id) VALUES (53, 4);

INSERT INTO Recipe_Meal_Type (recipe_id, meal_type_id) VALUES (53, 6);

INSERT INTO Recipe_Label (recipe_id, label_id) VALUES (53, 1);

INSERT INTO Recipe_Label (recipe_id, label_id) VALUES (53, 9);

INSERT INTO Recipe_Label (recipe_id, label_id) VALUES (53, 10);

INSERT INTO Recipe_Equipment (recipe_id, equipment_id) VALUES (53, 31);

INSERT INTO Recipe_Equipment (recipe_id, equipment_id) VALUES (53, 19);

INSERT INTO Recipe_Equipment (recipe_id, equipment_id) VALUES (53, 41);

INSERT INTO Recipe_Equipment (recipe_id, equipment_id) VALUES (53, 14);

INSERT INTO Recipe_Equipment (recipe_id, equipment_id) VALUES (53, 3);

INSERT INTO Recipe_Equipment (recipe_id, equipment_id) VALUES (53, 43);

INSERT INTO Recipe_Equipment (recipe_id, equipment_id) VALUES (53, 23);

INSERT INTO Recipe_Ingredient (recipe_id, ingredient_id, portion) VALUES (53, 197, 1);

INSERT INTO Recipe_Ingredient (recipe_id, ingredient_id, portion) VALUES (53, 59, 6);

INSERT INTO Recipe_Ingredient (recipe_id, ingredient_id, portion) VALUES (53, 55, 1);

INSERT INTO Recipe_Ingredient (recipe_id, ingredient_id, portion) VALUES (53, 145, 3);

INSERT INTO Recipe_Thematic_Unit (recipe_id, thematic_unit_id) VALUES (53, 7);

INSERT INTO Recipe_Thematic_Unit (recipe_id, thematic_unit_id) VALUES (53, 14);

INSERT INTO Recipe_Thematic_Unit (recipe_id, thematic_unit_id) VALUES (53, 13);

INSERT INTO Recipe (recipe_type, name, national_cuisine_id, difficulty_level, description, tip1, cooking_time, prep_time, portions, basic_ingredient_id, image_id) VALUES ('pastry', 'Thai Chicken', 11, 1, 'Actually total skin my yard subject. Decide case production let sign. Modern commercial top provide.', 'you have to be careful not to let it get stack', 146, 5, 2, 160, 82);

INSERT INTO Step (recipe_id, order_number, description) VALUES (54, 1, 'Central recently voice action today ago.');

INSERT INTO Step (recipe_id, order_number, description) VALUES (54, 2, 'Soldier Democrat allow parent.');

INSERT INTO Nutritional_Info (recipe_id, fat_per_portion, carbs_per_portion, protein_per_portion) VALUES (54, 49, 53, 77);

INSERT INTO Recipe_Meal_Type (recipe_id, meal_type_id) VALUES (54, 6);

INSERT INTO Recipe_Meal_Type (recipe_id, meal_type_id) VALUES (54, 3);

INSERT INTO Recipe_Label (recipe_id, label_id) VALUES (54, 5);

INSERT INTO Recipe_Label (recipe_id, label_id) VALUES (54, 10);

INSERT INTO Recipe_Equipment (recipe_id, equipment_id) VALUES (54, 15);

INSERT INTO Recipe_Equipment (recipe_id, equipment_id) VALUES (54, 39);

INSERT INTO Recipe_Equipment (recipe_id, equipment_id) VALUES (54, 20);

INSERT INTO Recipe_Equipment (recipe_id, equipment_id) VALUES (54, 47);

INSERT INTO Recipe_Equipment (recipe_id, equipment_id) VALUES (54, 44);

INSERT INTO Recipe_Equipment (recipe_id, equipment_id) VALUES (54, 43);

INSERT INTO Recipe_Equipment (recipe_id, equipment_id) VALUES (54, 37);

INSERT INTO Recipe_Equipment (recipe_id, equipment_id) VALUES (54, 34);

INSERT INTO Recipe_Ingredient (recipe_id, ingredient_id, portion) VALUES (54, 112, 4);

INSERT INTO Recipe_Ingredient (recipe_id, ingredient_id, portion) VALUES (54, 120, 2);

INSERT INTO Recipe_Ingredient (recipe_id, ingredient_id, portion) VALUES (54, 167, 7);

INSERT INTO Recipe_Ingredient (recipe_id, ingredient_id, portion) VALUES (54, 194, 8);

INSERT INTO Recipe_Ingredient (recipe_id, ingredient_id, portion) VALUES (54, 20, 5);

INSERT INTO Recipe_Ingredient (recipe_id, ingredient_id, portion) VALUES (54, 74, 5);

INSERT INTO Recipe_Ingredient (recipe_id, ingredient_id, portion) VALUES (54, 189, 4);

INSERT INTO Recipe_Ingredient (recipe_id, ingredient_id, portion) VALUES (54, 192, 4);

INSERT INTO Recipe_Ingredient (recipe_id, ingredient_id, portion) VALUES (54, 185, 6);

INSERT INTO Recipe_Ingredient (recipe_id, ingredient_id, portion) VALUES (54, 160, 2);

INSERT INTO Recipe_Thematic_Unit (recipe_id, thematic_unit_id) VALUES (54, 12);

INSERT INTO Recipe (recipe_type, name, national_cuisine_id, difficulty_level, description, tip1, tip2, cooking_time, prep_time, portions, basic_ingredient_id, image_id) VALUES ('pastry', 'Italian Fagoli Vegetable Soup', 11, 5, 'Already as skin six crime south all. Nearly direction car language hospital. Us economy federal recently discussion citizen fill.', 'you need a lot of bowls', 'you can use leftovers', 107, 2, 1, 198, 83);

INSERT INTO Step (recipe_id, order_number, description) VALUES (55, 1, 'Military these order space four out.');

INSERT INTO Step (recipe_id, order_number, description) VALUES (55, 2, 'Me build meeting find admit perform activity nature.');

INSERT INTO Nutritional_Info (recipe_id, fat_per_portion, carbs_per_portion, protein_per_portion) VALUES (55, 213, 55, 176);

INSERT INTO Recipe_Meal_Type (recipe_id, meal_type_id) VALUES (55, 6);

INSERT INTO Recipe_Meal_Type (recipe_id, meal_type_id) VALUES (55, 1);

INSERT INTO Recipe_Label (recipe_id, label_id) VALUES (55, 10);

INSERT INTO Recipe_Label (recipe_id, label_id) VALUES (55, 6);

INSERT INTO Recipe_Equipment (recipe_id, equipment_id) VALUES (55, 12);

INSERT INTO Recipe_Equipment (recipe_id, equipment_id) VALUES (55, 30);

INSERT INTO Recipe_Equipment (recipe_id, equipment_id) VALUES (55, 8);

INSERT INTO Recipe_Equipment (recipe_id, equipment_id) VALUES (55, 17);

INSERT INTO Recipe_Ingredient (recipe_id, ingredient_id, portion) VALUES (55, 14, 3);

INSERT INTO Recipe_Ingredient (recipe_id, ingredient_id, portion) VALUES (55, 166, 5);

INSERT INTO Recipe_Ingredient (recipe_id, ingredient_id, portion) VALUES (55, 164, 8);

INSERT INTO Recipe_Ingredient (recipe_id, ingredient_id, portion) VALUES (55, 198, 6);

INSERT INTO Recipe_Thematic_Unit (recipe_id, thematic_unit_id) VALUES (55, 11);

INSERT INTO Recipe_Thematic_Unit (recipe_id, thematic_unit_id) VALUES (55, 4);

INSERT INTO Recipe (recipe_type, name, national_cuisine_id, difficulty_level, description, tip1, tip2, tip3, cooking_time, prep_time, portions, basic_ingredient_id, image_id) VALUES ('pastry', 'Blueberry Pie', 12, 2, 'Into scientist building series play probably this state. Industry everybody strategy cell shoulder.', 'good with honey', 'you need 2 people to make it', 'you can use leftovers', 96, 2, 1, 161, 84);

INSERT INTO Step (recipe_id, order_number, description) VALUES (56, 1, 'Day wind certain on report ten.');

INSERT INTO Nutritional_Info (recipe_id, fat_per_portion, carbs_per_portion, protein_per_portion) VALUES (56, 179, 121, 204);

INSERT INTO Recipe_Meal_Type (recipe_id, meal_type_id) VALUES (56, 3);

INSERT INTO Recipe_Meal_Type (recipe_id, meal_type_id) VALUES (56, 5);

INSERT INTO Recipe_Label (recipe_id, label_id) VALUES (56, 6);

INSERT INTO Recipe_Label (recipe_id, label_id) VALUES (56, 7);

INSERT INTO Recipe_Label (recipe_id, label_id) VALUES (56, 1);

INSERT INTO Recipe_Equipment (recipe_id, equipment_id) VALUES (56, 19);

INSERT INTO Recipe_Equipment (recipe_id, equipment_id) VALUES (56, 28);

INSERT INTO Recipe_Ingredient (recipe_id, ingredient_id, portion) VALUES (56, 152, 5);

INSERT INTO Recipe_Ingredient (recipe_id, ingredient_id, portion) VALUES (56, 29, 7);

INSERT INTO Recipe_Ingredient (recipe_id, ingredient_id, portion) VALUES (56, 136, 1);

INSERT INTO Recipe_Ingredient (recipe_id, ingredient_id, portion) VALUES (56, 137, 5);

INSERT INTO Recipe_Ingredient (recipe_id, ingredient_id, portion) VALUES (56, 166, 8);

INSERT INTO Recipe_Ingredient (recipe_id, ingredient_id, portion) VALUES (56, 104, 5);

INSERT INTO Recipe_Ingredient (recipe_id, ingredient_id, portion) VALUES (56, 51, 4);

INSERT INTO Recipe_Ingredient (recipe_id, ingredient_id, portion) VALUES (56, 63, 5);

INSERT INTO Recipe_Ingredient (recipe_id, ingredient_id, portion) VALUES (56, 50, 6);

INSERT INTO Recipe_Ingredient (recipe_id, ingredient_id, portion) VALUES (56, 26, 3);

INSERT INTO Recipe_Ingredient (recipe_id, ingredient_id, portion) VALUES (56, 28, 8);

INSERT INTO Recipe_Ingredient (recipe_id, ingredient_id, portion) VALUES (56, 87, 1);

INSERT INTO Recipe_Ingredient (recipe_id, ingredient_id, portion) VALUES (56, 200, 5);

INSERT INTO Recipe_Ingredient (recipe_id, ingredient_id, portion) VALUES (56, 8, 8);

INSERT INTO Recipe_Ingredient (recipe_id, ingredient_id, portion) VALUES (56, 71, 5);

INSERT INTO Recipe_Ingredient (recipe_id, ingredient_id, portion) VALUES (56, 4, 2);

INSERT INTO Recipe_Ingredient (recipe_id, ingredient_id, portion) VALUES (56, 161, 3);

INSERT INTO Recipe_Thematic_Unit (recipe_id, thematic_unit_id) VALUES (56, 5);

INSERT INTO Recipe (recipe_type, name, national_cuisine_id, difficulty_level, description, tip1, tip2, cooking_time, prep_time, portions, basic_ingredient_id, image_id) VALUES ('pastry', 'Chocolate Pudding', 12, 3, 'Imagine method each billion fly surface. Space nice seek analysis one. Other boy indicate on area such agency.', 'you need an oven', 'you need 2 people to make it', 50, 35, 8, 111, 85);

INSERT INTO Step (recipe_id, order_number, description) VALUES (57, 1, 'Public house box bar build.');

INSERT INTO Nutritional_Info (recipe_id, fat_per_portion, carbs_per_portion, protein_per_portion) VALUES (57, 42, 88, 90);

INSERT INTO Recipe_Meal_Type (recipe_id, meal_type_id) VALUES (57, 4);

INSERT INTO Recipe_Meal_Type (recipe_id, meal_type_id) VALUES (57, 5);

INSERT INTO Recipe_Meal_Type (recipe_id, meal_type_id) VALUES (57, 2);

INSERT INTO Recipe_Label (recipe_id, label_id) VALUES (57, 8);

INSERT INTO Recipe_Label (recipe_id, label_id) VALUES (57, 9);

INSERT INTO Recipe_Label (recipe_id, label_id) VALUES (57, 2);

INSERT INTO Recipe_Equipment (recipe_id, equipment_id) VALUES (57, 35);

INSERT INTO Recipe_Equipment (recipe_id, equipment_id) VALUES (57, 15);

INSERT INTO Recipe_Equipment (recipe_id, equipment_id) VALUES (57, 32);

INSERT INTO Recipe_Equipment (recipe_id, equipment_id) VALUES (57, 3);

INSERT INTO Recipe_Equipment (recipe_id, equipment_id) VALUES (57, 34);

INSERT INTO Recipe_Ingredient (recipe_id, ingredient_id, portion) VALUES (57, 47, 4);

INSERT INTO Recipe_Ingredient (recipe_id, ingredient_id, portion) VALUES (57, 36, 8);

INSERT INTO Recipe_Ingredient (recipe_id, ingredient_id, portion) VALUES (57, 42, 5);

INSERT INTO Recipe_Ingredient (recipe_id, ingredient_id, portion) VALUES (57, 95, 3);

INSERT INTO Recipe_Ingredient (recipe_id, ingredient_id, portion) VALUES (57, 99, 5);

INSERT INTO Recipe_Ingredient (recipe_id, ingredient_id, portion) VALUES (57, 193, 2);

INSERT INTO Recipe_Ingredient (recipe_id, ingredient_id, portion) VALUES (57, 183, 4);

INSERT INTO Recipe_Ingredient (recipe_id, ingredient_id, portion) VALUES (57, 101, 1);

INSERT INTO Recipe_Ingredient (recipe_id, ingredient_id, portion) VALUES (57, 137, 6);

INSERT INTO Recipe_Ingredient (recipe_id, ingredient_id, portion) VALUES (57, 190, 3);

INSERT INTO Recipe_Ingredient (recipe_id, ingredient_id, portion) VALUES (57, 58, 6);

INSERT INTO Recipe_Ingredient (recipe_id, ingredient_id, portion) VALUES (57, 184, 6);

INSERT INTO Recipe_Ingredient (recipe_id, ingredient_id, portion) VALUES (57, 111, 2);

INSERT INTO Recipe_Thematic_Unit (recipe_id, thematic_unit_id) VALUES (57, 10);

INSERT INTO Recipe_Thematic_Unit (recipe_id, thematic_unit_id) VALUES (57, 7);

INSERT INTO Recipe_Thematic_Unit (recipe_id, thematic_unit_id) VALUES (57, 5);

INSERT INTO Recipe (recipe_type, name, national_cuisine_id, difficulty_level, description, tip1, tip2, cooking_time, prep_time, portions, basic_ingredient_id, image_id) VALUES ('pastry', 'Browned Butter Beets', 12, 4, 'Issue next last option sport often accept of. Democrat nation wear no sign science.', 'you can use leftovers', 'you need a lot of bowls', 85, 24, 5, 133, 86);

INSERT INTO Step (recipe_id, order_number, description) VALUES (58, 1, 'Religious for attention drug such class.');

INSERT INTO Step (recipe_id, order_number, description) VALUES (58, 2, 'Consumer job pay technology source exist door hand.');

INSERT INTO Step (recipe_id, order_number, description) VALUES (58, 3, 'Outside in watch whatever air agreement.');

INSERT INTO Step (recipe_id, order_number, description) VALUES (58, 4, 'Economy north fish young somebody everything reason.');

INSERT INTO Step (recipe_id, order_number, description) VALUES (58, 5, 'Consumer site official itself cultural.');

INSERT INTO Nutritional_Info (recipe_id, fat_per_portion, carbs_per_portion, protein_per_portion) VALUES (58, 316, 143, 48);

INSERT INTO Recipe_Meal_Type (recipe_id, meal_type_id) VALUES (58, 5);

INSERT INTO Recipe_Label (recipe_id, label_id) VALUES (58, 8);

INSERT INTO Recipe_Equipment (recipe_id, equipment_id) VALUES (58, 10);

INSERT INTO Recipe_Equipment (recipe_id, equipment_id) VALUES (58, 4);

INSERT INTO Recipe_Ingredient (recipe_id, ingredient_id, portion) VALUES (58, 90, 3);

INSERT INTO Recipe_Ingredient (recipe_id, ingredient_id, portion) VALUES (58, 166, 2);

INSERT INTO Recipe_Ingredient (recipe_id, ingredient_id, portion) VALUES (58, 100, 8);

INSERT INTO Recipe_Ingredient (recipe_id, ingredient_id, portion) VALUES (58, 78, 5);

INSERT INTO Recipe_Ingredient (recipe_id, ingredient_id, portion) VALUES (58, 196, 6);

INSERT INTO Recipe_Ingredient (recipe_id, ingredient_id, portion) VALUES (58, 169, 2);

INSERT INTO Recipe_Ingredient (recipe_id, ingredient_id, portion) VALUES (58, 17, 6);

INSERT INTO Recipe_Ingredient (recipe_id, ingredient_id, portion) VALUES (58, 153, 5);

INSERT INTO Recipe_Ingredient (recipe_id, ingredient_id, portion) VALUES (58, 93, 4);

INSERT INTO Recipe_Ingredient (recipe_id, ingredient_id, portion) VALUES (58, 140, 2);

INSERT INTO Recipe_Ingredient (recipe_id, ingredient_id, portion) VALUES (58, 184, 7);

INSERT INTO Recipe_Ingredient (recipe_id, ingredient_id, portion) VALUES (58, 87, 4);

INSERT INTO Recipe_Ingredient (recipe_id, ingredient_id, portion) VALUES (58, 53, 8);

INSERT INTO Recipe_Ingredient (recipe_id, ingredient_id, portion) VALUES (58, 91, 8);

INSERT INTO Recipe_Ingredient (recipe_id, ingredient_id, portion) VALUES (58, 152, 5);

INSERT INTO Recipe_Ingredient (recipe_id, ingredient_id, portion) VALUES (58, 3, 8);

INSERT INTO Recipe_Ingredient (recipe_id, ingredient_id, portion) VALUES (58, 56, 5);

INSERT INTO Recipe_Ingredient (recipe_id, ingredient_id, portion) VALUES (58, 47, 6);

INSERT INTO Recipe_Ingredient (recipe_id, ingredient_id, portion) VALUES (58, 133, 5);

INSERT INTO Recipe_Thematic_Unit (recipe_id, thematic_unit_id) VALUES (58, 3);

INSERT INTO Recipe_Thematic_Unit (recipe_id, thematic_unit_id) VALUES (58, 1);

INSERT INTO Recipe (recipe_type, name, national_cuisine_id, difficulty_level, description, tip1, tip2, cooking_time, prep_time, portions, basic_ingredient_id, image_id) VALUES ('pastry', 'Turkey Soup with Homemade Noodles', 12, 3, 'Success manager treat happen spend standard yeah. Low including risk.', 'better with slow cooking', 'better with butter instead of milk', 103, 39, 6, 5, 87);

INSERT INTO Step (recipe_id, order_number, description) VALUES (59, 1, 'Team from agree Mr box.');

INSERT INTO Step (recipe_id, order_number, description) VALUES (59, 2, 'Plan serve too.');

INSERT INTO Step (recipe_id, order_number, description) VALUES (59, 3, 'Heart here between big already center contain other.');

INSERT INTO Step (recipe_id, order_number, description) VALUES (59, 4, 'South sport any player her civil meet.');

INSERT INTO Step (recipe_id, order_number, description) VALUES (59, 5, 'Choice region point resource discover himself technology.');

INSERT INTO Step (recipe_id, order_number, description) VALUES (59, 6, 'Send resource two.');

INSERT INTO Step (recipe_id, order_number, description) VALUES (59, 7, 'Magazine and wonder shake.');

INSERT INTO Step (recipe_id, order_number, description) VALUES (59, 8, 'Form pull gas.');

INSERT INTO Nutritional_Info (recipe_id, fat_per_portion, carbs_per_portion, protein_per_portion) VALUES (59, 72, 191, 126);

INSERT INTO Recipe_Meal_Type (recipe_id, meal_type_id) VALUES (59, 6);

INSERT INTO Recipe_Label (recipe_id, label_id) VALUES (59, 6);

INSERT INTO Recipe_Label (recipe_id, label_id) VALUES (59, 10);

INSERT INTO Recipe_Equipment (recipe_id, equipment_id) VALUES (59, 49);

INSERT INTO Recipe_Equipment (recipe_id, equipment_id) VALUES (59, 45);

INSERT INTO Recipe_Equipment (recipe_id, equipment_id) VALUES (59, 6);

INSERT INTO Recipe_Equipment (recipe_id, equipment_id) VALUES (59, 5);

INSERT INTO Recipe_Equipment (recipe_id, equipment_id) VALUES (59, 13);

INSERT INTO Recipe_Equipment (recipe_id, equipment_id) VALUES (59, 1);

INSERT INTO Recipe_Equipment (recipe_id, equipment_id) VALUES (59, 14);

INSERT INTO Recipe_Equipment (recipe_id, equipment_id) VALUES (59, 35);

INSERT INTO Recipe_Equipment (recipe_id, equipment_id) VALUES (59, 34);

INSERT INTO Recipe_Ingredient (recipe_id, ingredient_id, portion) VALUES (59, 104, 6);

INSERT INTO Recipe_Ingredient (recipe_id, ingredient_id, portion) VALUES (59, 173, 8);

INSERT INTO Recipe_Ingredient (recipe_id, ingredient_id, portion) VALUES (59, 3, 2);

INSERT INTO Recipe_Ingredient (recipe_id, ingredient_id, portion) VALUES (59, 144, 2);

INSERT INTO Recipe_Ingredient (recipe_id, ingredient_id, portion) VALUES (59, 125, 6);

INSERT INTO Recipe_Ingredient (recipe_id, ingredient_id, portion) VALUES (59, 39, 6);

INSERT INTO Recipe_Ingredient (recipe_id, ingredient_id, portion) VALUES (59, 23, 7);

INSERT INTO Recipe_Ingredient (recipe_id, ingredient_id, portion) VALUES (59, 72, 3);

INSERT INTO Recipe_Ingredient (recipe_id, ingredient_id, portion) VALUES (59, 176, 6);

INSERT INTO Recipe_Ingredient (recipe_id, ingredient_id, portion) VALUES (59, 51, 7);

INSERT INTO Recipe_Ingredient (recipe_id, ingredient_id, portion) VALUES (59, 81, 7);

INSERT INTO Recipe_Ingredient (recipe_id, ingredient_id, portion) VALUES (59, 71, 8);

INSERT INTO Recipe_Ingredient (recipe_id, ingredient_id, portion) VALUES (59, 93, 3);

INSERT INTO Recipe_Ingredient (recipe_id, ingredient_id, portion) VALUES (59, 151, 6);

INSERT INTO Recipe_Ingredient (recipe_id, ingredient_id, portion) VALUES (59, 165, 3);

INSERT INTO Recipe_Ingredient (recipe_id, ingredient_id, portion) VALUES (59, 171, 4);

INSERT INTO Recipe_Ingredient (recipe_id, ingredient_id, portion) VALUES (59, 160, 3);

INSERT INTO Recipe_Ingredient (recipe_id, ingredient_id, portion) VALUES (59, 16, 5);

INSERT INTO Recipe_Ingredient (recipe_id, ingredient_id, portion) VALUES (59, 74, 2);

INSERT INTO Recipe_Ingredient (recipe_id, ingredient_id, portion) VALUES (59, 5, 2);

INSERT INTO Recipe_Thematic_Unit (recipe_id, thematic_unit_id) VALUES (59, 8);

INSERT INTO Recipe_Thematic_Unit (recipe_id, thematic_unit_id) VALUES (59, 11);

INSERT INTO Recipe_Thematic_Unit (recipe_id, thematic_unit_id) VALUES (59, 9);

INSERT INTO Recipe (recipe_type, name, national_cuisine_id, difficulty_level, description, tip1, cooking_time, prep_time, portions, basic_ingredient_id, image_id) VALUES ('cooking', 'Home fries', 12, 5, 'Rich media start star. Mind over during cell feeling. Significant yet foreign any especially.', 'you need to use your hands', 39, 24, 4, 102, 88);

INSERT INTO Step (recipe_id, order_number, description) VALUES (60, 1, 'Project my one check risk.');

INSERT INTO Nutritional_Info (recipe_id, fat_per_portion, carbs_per_portion, protein_per_portion) VALUES (60, 231, 179, 139);

INSERT INTO Recipe_Meal_Type (recipe_id, meal_type_id) VALUES (60, 2);

INSERT INTO Recipe_Meal_Type (recipe_id, meal_type_id) VALUES (60, 4);

INSERT INTO Recipe_Meal_Type (recipe_id, meal_type_id) VALUES (60, 3);

INSERT INTO Recipe_Label (recipe_id, label_id) VALUES (60, 9);

INSERT INTO Recipe_Equipment (recipe_id, equipment_id) VALUES (60, 35);

INSERT INTO Recipe_Equipment (recipe_id, equipment_id) VALUES (60, 47);

INSERT INTO Recipe_Equipment (recipe_id, equipment_id) VALUES (60, 46);

INSERT INTO Recipe_Equipment (recipe_id, equipment_id) VALUES (60, 24);

INSERT INTO Recipe_Equipment (recipe_id, equipment_id) VALUES (60, 2);

INSERT INTO Recipe_Equipment (recipe_id, equipment_id) VALUES (60, 39);

INSERT INTO Recipe_Equipment (recipe_id, equipment_id) VALUES (60, 12);

INSERT INTO Recipe_Equipment (recipe_id, equipment_id) VALUES (60, 38);

INSERT INTO Recipe_Ingredient (recipe_id, ingredient_id, portion) VALUES (60, 29, 2);

INSERT INTO Recipe_Ingredient (recipe_id, ingredient_id, portion) VALUES (60, 185, 4);

INSERT INTO Recipe_Ingredient (recipe_id, ingredient_id, portion) VALUES (60, 111, 5);

INSERT INTO Recipe_Ingredient (recipe_id, ingredient_id, portion) VALUES (60, 65, 2);

INSERT INTO Recipe_Ingredient (recipe_id, ingredient_id, portion) VALUES (60, 4, 2);

INSERT INTO Recipe_Ingredient (recipe_id, ingredient_id, portion) VALUES (60, 154, 2);

INSERT INTO Recipe_Ingredient (recipe_id, ingredient_id, portion) VALUES (60, 55, 5);

INSERT INTO Recipe_Ingredient (recipe_id, ingredient_id, portion) VALUES (60, 136, 7);

INSERT INTO Recipe_Ingredient (recipe_id, ingredient_id, portion) VALUES (60, 159, 2);

INSERT INTO Recipe_Ingredient (recipe_id, ingredient_id, portion) VALUES (60, 102, 2);

INSERT INTO Recipe_Thematic_Unit (recipe_id, thematic_unit_id) VALUES (60, 14);

INSERT INTO Recipe_Thematic_Unit (recipe_id, thematic_unit_id) VALUES (60, 2);

INSERT INTO Recipe (recipe_type, name, national_cuisine_id, difficulty_level, description, tip1, tip2, cooking_time, prep_time, portions, basic_ingredient_id, image_id) VALUES ('cooking', 'Chocolate Raspberry Torte', 13, 3, 'Reduce professor western help. Suffer first seven better peace campaign.', 'you need a lot of bowls', 'you need a lot of time', 77, 13, 6, 88, 89);

INSERT INTO Step (recipe_id, order_number, description) VALUES (61, 1, 'This all pull turn firm.');

INSERT INTO Step (recipe_id, order_number, description) VALUES (61, 2, 'Decade growth continue behavior.');

INSERT INTO Step (recipe_id, order_number, description) VALUES (61, 3, 'Affect lawyer music less describe here.');

INSERT INTO Step (recipe_id, order_number, description) VALUES (61, 4, 'Suddenly assume new affect score population theory.');

INSERT INTO Nutritional_Info (recipe_id, fat_per_portion, carbs_per_portion, protein_per_portion) VALUES (61, 333, 85, 215);

INSERT INTO Recipe_Meal_Type (recipe_id, meal_type_id) VALUES (61, 4);

INSERT INTO Recipe_Meal_Type (recipe_id, meal_type_id) VALUES (61, 6);

INSERT INTO Recipe_Label (recipe_id, label_id) VALUES (61, 4);

INSERT INTO Recipe_Equipment (recipe_id, equipment_id) VALUES (61, 16);

INSERT INTO Recipe_Equipment (recipe_id, equipment_id) VALUES (61, 49);

INSERT INTO Recipe_Equipment (recipe_id, equipment_id) VALUES (61, 5);

INSERT INTO Recipe_Equipment (recipe_id, equipment_id) VALUES (61, 33);

INSERT INTO Recipe_Equipment (recipe_id, equipment_id) VALUES (61, 18);

INSERT INTO Recipe_Equipment (recipe_id, equipment_id) VALUES (61, 38);

INSERT INTO Recipe_Equipment (recipe_id, equipment_id) VALUES (61, 42);

INSERT INTO Recipe_Equipment (recipe_id, equipment_id) VALUES (61, 12);

INSERT INTO Recipe_Equipment (recipe_id, equipment_id) VALUES (61, 10);

INSERT INTO Recipe_Equipment (recipe_id, equipment_id) VALUES (61, 30);

INSERT INTO Recipe_Ingredient (recipe_id, ingredient_id, portion) VALUES (61, 127, 2);

INSERT INTO Recipe_Ingredient (recipe_id, ingredient_id, portion) VALUES (61, 32, 8);

INSERT INTO Recipe_Ingredient (recipe_id, ingredient_id, portion) VALUES (61, 199, 6);

INSERT INTO Recipe_Ingredient (recipe_id, ingredient_id, portion) VALUES (61, 83, 2);

INSERT INTO Recipe_Ingredient (recipe_id, ingredient_id, portion) VALUES (61, 144, 1);

INSERT INTO Recipe_Ingredient (recipe_id, ingredient_id, portion) VALUES (61, 146, 1);

INSERT INTO Recipe_Ingredient (recipe_id, ingredient_id, portion) VALUES (61, 82, 2);

INSERT INTO Recipe_Ingredient (recipe_id, ingredient_id, portion) VALUES (61, 76, 3);

INSERT INTO Recipe_Ingredient (recipe_id, ingredient_id, portion) VALUES (61, 51, 4);

INSERT INTO Recipe_Ingredient (recipe_id, ingredient_id, portion) VALUES (61, 194, 3);

INSERT INTO Recipe_Ingredient (recipe_id, ingredient_id, portion) VALUES (61, 18, 8);

INSERT INTO Recipe_Ingredient (recipe_id, ingredient_id, portion) VALUES (61, 161, 6);

INSERT INTO Recipe_Ingredient (recipe_id, ingredient_id, portion) VALUES (61, 188, 8);

INSERT INTO Recipe_Ingredient (recipe_id, ingredient_id, portion) VALUES (61, 104, 8);

INSERT INTO Recipe_Ingredient (recipe_id, ingredient_id, portion) VALUES (61, 141, 7);

INSERT INTO Recipe_Ingredient (recipe_id, ingredient_id, portion) VALUES (61, 55, 8);

INSERT INTO Recipe_Ingredient (recipe_id, ingredient_id, portion) VALUES (61, 121, 7);

INSERT INTO Recipe_Ingredient (recipe_id, ingredient_id, portion) VALUES (61, 170, 4);

INSERT INTO Recipe_Ingredient (recipe_id, ingredient_id, portion) VALUES (61, 88, 6);

INSERT INTO Recipe_Thematic_Unit (recipe_id, thematic_unit_id) VALUES (61, 4);

INSERT INTO Recipe_Thematic_Unit (recipe_id, thematic_unit_id) VALUES (61, 2);

INSERT INTO Recipe_Thematic_Unit (recipe_id, thematic_unit_id) VALUES (61, 14);

INSERT INTO Recipe (recipe_type, name, national_cuisine_id, difficulty_level, description, tip1, tip2, cooking_time, prep_time, portions, basic_ingredient_id, image_id) VALUES ('cooking', 'Golden Latte', 13, 1, 'College blood manage. Control establish scientist yourself reason. Together live customer.', 'you can store iy outside the fridge', 'you need small cups', 117, 1, 5, 10, 90);

INSERT INTO Step (recipe_id, order_number, description) VALUES (62, 1, 'Air difference before help current last.');

INSERT INTO Step (recipe_id, order_number, description) VALUES (62, 2, 'Minute chance social play.');

INSERT INTO Step (recipe_id, order_number, description) VALUES (62, 3, 'Set treat term tree seem arrive major.');

INSERT INTO Nutritional_Info (recipe_id, fat_per_portion, carbs_per_portion, protein_per_portion) VALUES (62, 345, 121, 183);

INSERT INTO Recipe_Meal_Type (recipe_id, meal_type_id) VALUES (62, 2);

INSERT INTO Recipe_Meal_Type (recipe_id, meal_type_id) VALUES (62, 1);

INSERT INTO Recipe_Meal_Type (recipe_id, meal_type_id) VALUES (62, 3);

INSERT INTO Recipe_Label (recipe_id, label_id) VALUES (62, 2);

INSERT INTO Recipe_Label (recipe_id, label_id) VALUES (62, 4);

INSERT INTO Recipe_Label (recipe_id, label_id) VALUES (62, 9);

INSERT INTO Recipe_Equipment (recipe_id, equipment_id) VALUES (62, 43);

INSERT INTO Recipe_Equipment (recipe_id, equipment_id) VALUES (62, 16);

INSERT INTO Recipe_Equipment (recipe_id, equipment_id) VALUES (62, 7);

INSERT INTO Recipe_Equipment (recipe_id, equipment_id) VALUES (62, 48);

INSERT INTO Recipe_Equipment (recipe_id, equipment_id) VALUES (62, 6);

INSERT INTO Recipe_Ingredient (recipe_id, ingredient_id, portion) VALUES (62, 177, 4);

INSERT INTO Recipe_Ingredient (recipe_id, ingredient_id, portion) VALUES (62, 23, 1);

INSERT INTO Recipe_Ingredient (recipe_id, ingredient_id, portion) VALUES (62, 174, 1);

INSERT INTO Recipe_Ingredient (recipe_id, ingredient_id, portion) VALUES (62, 20, 6);

INSERT INTO Recipe_Ingredient (recipe_id, ingredient_id, portion) VALUES (62, 107, 1);

INSERT INTO Recipe_Ingredient (recipe_id, ingredient_id, portion) VALUES (62, 120, 6);

INSERT INTO Recipe_Ingredient (recipe_id, ingredient_id, portion) VALUES (62, 42, 6);

INSERT INTO Recipe_Ingredient (recipe_id, ingredient_id, portion) VALUES (62, 88, 5);

INSERT INTO Recipe_Ingredient (recipe_id, ingredient_id, portion) VALUES (62, 15, 1);

INSERT INTO Recipe_Ingredient (recipe_id, ingredient_id, portion) VALUES (62, 33, 3);

INSERT INTO Recipe_Ingredient (recipe_id, ingredient_id, portion) VALUES (62, 50, 5);

INSERT INTO Recipe_Ingredient (recipe_id, ingredient_id, portion) VALUES (62, 87, 4);

INSERT INTO Recipe_Ingredient (recipe_id, ingredient_id, portion) VALUES (62, 168, 6);

INSERT INTO Recipe_Ingredient (recipe_id, ingredient_id, portion) VALUES (62, 100, 5);

INSERT INTO Recipe_Ingredient (recipe_id, ingredient_id, portion) VALUES (62, 132, 3);

INSERT INTO Recipe_Ingredient (recipe_id, ingredient_id, portion) VALUES (62, 21, 3);

INSERT INTO Recipe_Ingredient (recipe_id, ingredient_id, portion) VALUES (62, 82, 6);

INSERT INTO Recipe_Ingredient (recipe_id, ingredient_id, portion) VALUES (62, 27, 7);

INSERT INTO Recipe_Ingredient (recipe_id, ingredient_id, portion) VALUES (62, 10, 2);

INSERT INTO Recipe_Thematic_Unit (recipe_id, thematic_unit_id) VALUES (62, 14);

INSERT INTO Recipe (recipe_type, name, national_cuisine_id, difficulty_level, description, tip1, cooking_time, prep_time, portions, basic_ingredient_id, image_id) VALUES ('pastry', 'Fig Shake', 13, 2, 'Fine floor imagine brother know customer suddenly. Develop into those finally. Little model notice pattern.', 'you need small cups', 43, 2, 1, 29, 91);

INSERT INTO Step (recipe_id, order_number, description) VALUES (63, 1, 'Them game speak seek few.');

INSERT INTO Step (recipe_id, order_number, description) VALUES (63, 2, 'Hotel ask ball figure high then away.');

INSERT INTO Nutritional_Info (recipe_id, fat_per_portion, carbs_per_portion, protein_per_portion) VALUES (63, 32, 40, 66);

INSERT INTO Recipe_Meal_Type (recipe_id, meal_type_id) VALUES (63, 3);

INSERT INTO Recipe_Meal_Type (recipe_id, meal_type_id) VALUES (63, 4);

INSERT INTO Recipe_Label (recipe_id, label_id) VALUES (63, 10);

INSERT INTO Recipe_Label (recipe_id, label_id) VALUES (63, 4);

INSERT INTO Recipe_Label (recipe_id, label_id) VALUES (63, 6);

INSERT INTO Recipe_Equipment (recipe_id, equipment_id) VALUES (63, 1);

INSERT INTO Recipe_Equipment (recipe_id, equipment_id) VALUES (63, 26);

INSERT INTO Recipe_Equipment (recipe_id, equipment_id) VALUES (63, 47);

INSERT INTO Recipe_Equipment (recipe_id, equipment_id) VALUES (63, 48);

INSERT INTO Recipe_Equipment (recipe_id, equipment_id) VALUES (63, 32);

INSERT INTO Recipe_Equipment (recipe_id, equipment_id) VALUES (63, 20);

INSERT INTO Recipe_Equipment (recipe_id, equipment_id) VALUES (63, 36);

INSERT INTO Recipe_Equipment (recipe_id, equipment_id) VALUES (63, 31);

INSERT INTO Recipe_Equipment (recipe_id, equipment_id) VALUES (63, 11);

INSERT INTO Recipe_Equipment (recipe_id, equipment_id) VALUES (63, 44);

INSERT INTO Recipe_Ingredient (recipe_id, ingredient_id, portion) VALUES (63, 81, 2);

INSERT INTO Recipe_Ingredient (recipe_id, ingredient_id, portion) VALUES (63, 9, 7);

INSERT INTO Recipe_Ingredient (recipe_id, ingredient_id, portion) VALUES (63, 99, 8);

INSERT INTO Recipe_Ingredient (recipe_id, ingredient_id, portion) VALUES (63, 15, 3);

INSERT INTO Recipe_Ingredient (recipe_id, ingredient_id, portion) VALUES (63, 59, 4);

INSERT INTO Recipe_Ingredient (recipe_id, ingredient_id, portion) VALUES (63, 167, 4);

INSERT INTO Recipe_Ingredient (recipe_id, ingredient_id, portion) VALUES (63, 27, 6);

INSERT INTO Recipe_Ingredient (recipe_id, ingredient_id, portion) VALUES (63, 63, 5);

INSERT INTO Recipe_Ingredient (recipe_id, ingredient_id, portion) VALUES (63, 188, 8);

INSERT INTO Recipe_Ingredient (recipe_id, ingredient_id, portion) VALUES (63, 126, 2);

INSERT INTO Recipe_Ingredient (recipe_id, ingredient_id, portion) VALUES (63, 72, 6);

INSERT INTO Recipe_Ingredient (recipe_id, ingredient_id, portion) VALUES (63, 33, 2);

INSERT INTO Recipe_Ingredient (recipe_id, ingredient_id, portion) VALUES (63, 112, 8);

INSERT INTO Recipe_Ingredient (recipe_id, ingredient_id, portion) VALUES (63, 104, 8);

INSERT INTO Recipe_Ingredient (recipe_id, ingredient_id, portion) VALUES (63, 29, 3);

INSERT INTO Recipe_Thematic_Unit (recipe_id, thematic_unit_id) VALUES (63, 6);

INSERT INTO Recipe_Thematic_Unit (recipe_id, thematic_unit_id) VALUES (63, 12);

INSERT INTO Recipe_Thematic_Unit (recipe_id, thematic_unit_id) VALUES (63, 10);

INSERT INTO Recipe (recipe_type, name, national_cuisine_id, difficulty_level, description, tip1, tip2, tip3, cooking_time, prep_time, portions, basic_ingredient_id, image_id) VALUES ('cooking', 'Lentil Soup', 13, 4, 'Southern attack our wife rise leg finally wife. Lawyer probably someone group.', 'you need to use your hands', 'you need an oven', 'you need to be patient', 112, 33, 3, 131, 92);

INSERT INTO Step (recipe_id, order_number, description) VALUES (64, 1, 'Analysis plant production record reason.');

INSERT INTO Nutritional_Info (recipe_id, fat_per_portion, carbs_per_portion, protein_per_portion) VALUES (64, 138, 136, 134);

INSERT INTO Recipe_Meal_Type (recipe_id, meal_type_id) VALUES (64, 6);

INSERT INTO Recipe_Label (recipe_id, label_id) VALUES (64, 9);

INSERT INTO Recipe_Equipment (recipe_id, equipment_id) VALUES (64, 31);

INSERT INTO Recipe_Equipment (recipe_id, equipment_id) VALUES (64, 49);

INSERT INTO Recipe_Equipment (recipe_id, equipment_id) VALUES (64, 5);

INSERT INTO Recipe_Equipment (recipe_id, equipment_id) VALUES (64, 19);

INSERT INTO Recipe_Equipment (recipe_id, equipment_id) VALUES (64, 24);

INSERT INTO Recipe_Equipment (recipe_id, equipment_id) VALUES (64, 45);

INSERT INTO Recipe_Ingredient (recipe_id, ingredient_id, portion) VALUES (64, 99, 2);

INSERT INTO Recipe_Ingredient (recipe_id, ingredient_id, portion) VALUES (64, 77, 4);

INSERT INTO Recipe_Ingredient (recipe_id, ingredient_id, portion) VALUES (64, 20, 4);

INSERT INTO Recipe_Ingredient (recipe_id, ingredient_id, portion) VALUES (64, 124, 2);

INSERT INTO Recipe_Ingredient (recipe_id, ingredient_id, portion) VALUES (64, 85, 1);

INSERT INTO Recipe_Ingredient (recipe_id, ingredient_id, portion) VALUES (64, 68, 4);

INSERT INTO Recipe_Ingredient (recipe_id, ingredient_id, portion) VALUES (64, 59, 4);

INSERT INTO Recipe_Ingredient (recipe_id, ingredient_id, portion) VALUES (64, 72, 6);

INSERT INTO Recipe_Ingredient (recipe_id, ingredient_id, portion) VALUES (64, 3, 2);

INSERT INTO Recipe_Ingredient (recipe_id, ingredient_id, portion) VALUES (64, 167, 8);

INSERT INTO Recipe_Ingredient (recipe_id, ingredient_id, portion) VALUES (64, 165, 3);

INSERT INTO Recipe_Ingredient (recipe_id, ingredient_id, portion) VALUES (64, 81, 6);

INSERT INTO Recipe_Ingredient (recipe_id, ingredient_id, portion) VALUES (64, 65, 5);

INSERT INTO Recipe_Ingredient (recipe_id, ingredient_id, portion) VALUES (64, 120, 4);

INSERT INTO Recipe_Ingredient (recipe_id, ingredient_id, portion) VALUES (64, 149, 3);

INSERT INTO Recipe_Ingredient (recipe_id, ingredient_id, portion) VALUES (64, 166, 8);

INSERT INTO Recipe_Ingredient (recipe_id, ingredient_id, portion) VALUES (64, 162, 7);

INSERT INTO Recipe_Ingredient (recipe_id, ingredient_id, portion) VALUES (64, 34, 7);

INSERT INTO Recipe_Ingredient (recipe_id, ingredient_id, portion) VALUES (64, 138, 3);

INSERT INTO Recipe_Ingredient (recipe_id, ingredient_id, portion) VALUES (64, 136, 7);

INSERT INTO Recipe_Ingredient (recipe_id, ingredient_id, portion) VALUES (64, 131, 1);

INSERT INTO Recipe_Thematic_Unit (recipe_id, thematic_unit_id) VALUES (64, 9);

INSERT INTO Recipe_Thematic_Unit (recipe_id, thematic_unit_id) VALUES (64, 8);

INSERT INTO Recipe (recipe_type, name, national_cuisine_id, difficulty_level, description, tip1, tip2, cooking_time, prep_time, portions, basic_ingredient_id, image_id) VALUES ('pastry', 'Buckwheat Tabboulah', 13, 2, 'Mission administration significant operation. Real someone society fill.', 'better with gloves', 'better when fresh', 68, 33, 7, 119, 93);

INSERT INTO Step (recipe_id, order_number, description) VALUES (65, 1, 'Each remain economic pretty.');

INSERT INTO Step (recipe_id, order_number, description) VALUES (65, 2, 'Other street just affect avoid claim art arm.');

INSERT INTO Step (recipe_id, order_number, description) VALUES (65, 3, 'Yourself business deep hard or indicate.');

INSERT INTO Step (recipe_id, order_number, description) VALUES (65, 4, 'Eight discover how difference parent move serve.');

INSERT INTO Step (recipe_id, order_number, description) VALUES (65, 5, 'Change fine field finally might maintain become lay.');

INSERT INTO Step (recipe_id, order_number, description) VALUES (65, 6, 'Near feel arrive approach none against bill work.');

INSERT INTO Nutritional_Info (recipe_id, fat_per_portion, carbs_per_portion, protein_per_portion) VALUES (65, 364, 194, 37);

INSERT INTO Recipe_Meal_Type (recipe_id, meal_type_id) VALUES (65, 4);

INSERT INTO Recipe_Meal_Type (recipe_id, meal_type_id) VALUES (65, 6);

INSERT INTO Recipe_Meal_Type (recipe_id, meal_type_id) VALUES (65, 3);

INSERT INTO Recipe_Label (recipe_id, label_id) VALUES (65, 8);

INSERT INTO Recipe_Label (recipe_id, label_id) VALUES (65, 4);

INSERT INTO Recipe_Equipment (recipe_id, equipment_id) VALUES (65, 35);

INSERT INTO Recipe_Equipment (recipe_id, equipment_id) VALUES (65, 36);

INSERT INTO Recipe_Equipment (recipe_id, equipment_id) VALUES (65, 38);

INSERT INTO Recipe_Equipment (recipe_id, equipment_id) VALUES (65, 46);

INSERT INTO Recipe_Equipment (recipe_id, equipment_id) VALUES (65, 21);

INSERT INTO Recipe_Equipment (recipe_id, equipment_id) VALUES (65, 31);

INSERT INTO Recipe_Equipment (recipe_id, equipment_id) VALUES (65, 4);

INSERT INTO Recipe_Equipment (recipe_id, equipment_id) VALUES (65, 14);

INSERT INTO Recipe_Ingredient (recipe_id, ingredient_id, portion) VALUES (65, 49, 8);

INSERT INTO Recipe_Ingredient (recipe_id, ingredient_id, portion) VALUES (65, 119, 7);

INSERT INTO Recipe_Thematic_Unit (recipe_id, thematic_unit_id) VALUES (65, 14);

INSERT INTO Recipe (recipe_type, name, national_cuisine_id, difficulty_level, description, tip1, tip2, cooking_time, prep_time, portions, basic_ingredient_id, image_id) VALUES ('cooking', 'Lentil Rice Bowls with Egg', 14, 4, 'Hospital trouble student join professor until. Tree that decide fall tax never part value. Generation foot research per.', 'better with butter instead of milk', 'you need a lot of time', 101, 27, 3, 197, 94);

INSERT INTO Step (recipe_id, order_number, description) VALUES (66, 1, 'Foreign growth seek their.');

INSERT INTO Step (recipe_id, order_number, description) VALUES (66, 2, 'Town husband fly central popular about what themselves.');

INSERT INTO Step (recipe_id, order_number, description) VALUES (66, 3, 'Glass number thing foot describe executive stock scene.');

INSERT INTO Step (recipe_id, order_number, description) VALUES (66, 4, 'Throughout stay finally edge position fight.');

INSERT INTO Step (recipe_id, order_number, description) VALUES (66, 5, 'No impact military tree religious save.');

INSERT INTO Step (recipe_id, order_number, description) VALUES (66, 6, 'Use expert from result executive interest try four.');

INSERT INTO Nutritional_Info (recipe_id, fat_per_portion, carbs_per_portion, protein_per_portion) VALUES (66, 314, 13, 203);

INSERT INTO Recipe_Meal_Type (recipe_id, meal_type_id) VALUES (66, 3);

INSERT INTO Recipe_Meal_Type (recipe_id, meal_type_id) VALUES (66, 2);

INSERT INTO Recipe_Meal_Type (recipe_id, meal_type_id) VALUES (66, 4);

INSERT INTO Recipe_Label (recipe_id, label_id) VALUES (66, 9);

INSERT INTO Recipe_Equipment (recipe_id, equipment_id) VALUES (66, 50);

INSERT INTO Recipe_Equipment (recipe_id, equipment_id) VALUES (66, 12);

INSERT INTO Recipe_Equipment (recipe_id, equipment_id) VALUES (66, 15);

INSERT INTO Recipe_Ingredient (recipe_id, ingredient_id, portion) VALUES (66, 132, 5);

INSERT INTO Recipe_Ingredient (recipe_id, ingredient_id, portion) VALUES (66, 73, 4);

INSERT INTO Recipe_Ingredient (recipe_id, ingredient_id, portion) VALUES (66, 128, 7);

INSERT INTO Recipe_Ingredient (recipe_id, ingredient_id, portion) VALUES (66, 24, 3);

INSERT INTO Recipe_Ingredient (recipe_id, ingredient_id, portion) VALUES (66, 99, 7);

INSERT INTO Recipe_Ingredient (recipe_id, ingredient_id, portion) VALUES (66, 145, 6);

INSERT INTO Recipe_Ingredient (recipe_id, ingredient_id, portion) VALUES (66, 110, 5);

INSERT INTO Recipe_Ingredient (recipe_id, ingredient_id, portion) VALUES (66, 140, 3);

INSERT INTO Recipe_Ingredient (recipe_id, ingredient_id, portion) VALUES (66, 197, 2);

INSERT INTO Recipe_Thematic_Unit (recipe_id, thematic_unit_id) VALUES (66, 1);

INSERT INTO Recipe_Thematic_Unit (recipe_id, thematic_unit_id) VALUES (66, 9);

INSERT INTO Recipe (recipe_type, name, national_cuisine_id, difficulty_level, description, tip1, tip2, cooking_time, prep_time, portions, basic_ingredient_id, image_id) VALUES ('cooking', 'Italian Vegetable Lentil Soup', 14, 1, 'Discuss seat travel week site box. Role fight character.', 'you can store iy outside the fridge', 'you need a lot of bowls', 146, 36, 4, 163, 95);

INSERT INTO Step (recipe_id, order_number, description) VALUES (67, 1, 'Time that like miss grow score.');

INSERT INTO Step (recipe_id, order_number, description) VALUES (67, 2, 'Two key card country very everybody.');

INSERT INTO Step (recipe_id, order_number, description) VALUES (67, 3, 'Everything stock enjoy expert.');

INSERT INTO Step (recipe_id, order_number, description) VALUES (67, 4, 'Hair people need face force.');

INSERT INTO Step (recipe_id, order_number, description) VALUES (67, 5, 'Near fly few politics morning pay sometimes deep.');

INSERT INTO Step (recipe_id, order_number, description) VALUES (67, 6, 'I turn especially left money song.');

INSERT INTO Step (recipe_id, order_number, description) VALUES (67, 7, 'Campaign country assume.');

INSERT INTO Nutritional_Info (recipe_id, fat_per_portion, carbs_per_portion, protein_per_portion) VALUES (67, 325, 77, 175);

INSERT INTO Recipe_Meal_Type (recipe_id, meal_type_id) VALUES (67, 3);

INSERT INTO Recipe_Meal_Type (recipe_id, meal_type_id) VALUES (67, 1);

INSERT INTO Recipe_Meal_Type (recipe_id, meal_type_id) VALUES (67, 4);

INSERT INTO Recipe_Label (recipe_id, label_id) VALUES (67, 6);

INSERT INTO Recipe_Label (recipe_id, label_id) VALUES (67, 8);

INSERT INTO Recipe_Equipment (recipe_id, equipment_id) VALUES (67, 27);

INSERT INTO Recipe_Equipment (recipe_id, equipment_id) VALUES (67, 21);

INSERT INTO Recipe_Equipment (recipe_id, equipment_id) VALUES (67, 47);

INSERT INTO Recipe_Equipment (recipe_id, equipment_id) VALUES (67, 24);

INSERT INTO Recipe_Ingredient (recipe_id, ingredient_id, portion) VALUES (67, 40, 4);

INSERT INTO Recipe_Ingredient (recipe_id, ingredient_id, portion) VALUES (67, 159, 6);

INSERT INTO Recipe_Ingredient (recipe_id, ingredient_id, portion) VALUES (67, 17, 4);

INSERT INTO Recipe_Ingredient (recipe_id, ingredient_id, portion) VALUES (67, 20, 6);

INSERT INTO Recipe_Ingredient (recipe_id, ingredient_id, portion) VALUES (67, 6, 3);

INSERT INTO Recipe_Ingredient (recipe_id, ingredient_id, portion) VALUES (67, 39, 7);

INSERT INTO Recipe_Ingredient (recipe_id, ingredient_id, portion) VALUES (67, 145, 7);

INSERT INTO Recipe_Ingredient (recipe_id, ingredient_id, portion) VALUES (67, 51, 6);

INSERT INTO Recipe_Ingredient (recipe_id, ingredient_id, portion) VALUES (67, 23, 4);

INSERT INTO Recipe_Ingredient (recipe_id, ingredient_id, portion) VALUES (67, 90, 6);

INSERT INTO Recipe_Ingredient (recipe_id, ingredient_id, portion) VALUES (67, 119, 8);

INSERT INTO Recipe_Ingredient (recipe_id, ingredient_id, portion) VALUES (67, 193, 6);

INSERT INTO Recipe_Ingredient (recipe_id, ingredient_id, portion) VALUES (67, 148, 4);

INSERT INTO Recipe_Ingredient (recipe_id, ingredient_id, portion) VALUES (67, 61, 2);

INSERT INTO Recipe_Ingredient (recipe_id, ingredient_id, portion) VALUES (67, 21, 3);

INSERT INTO Recipe_Ingredient (recipe_id, ingredient_id, portion) VALUES (67, 143, 2);

INSERT INTO Recipe_Ingredient (recipe_id, ingredient_id, portion) VALUES (67, 121, 2);

INSERT INTO Recipe_Ingredient (recipe_id, ingredient_id, portion) VALUES (67, 126, 7);

INSERT INTO Recipe_Ingredient (recipe_id, ingredient_id, portion) VALUES (67, 7, 4);

INSERT INTO Recipe_Ingredient (recipe_id, ingredient_id, portion) VALUES (67, 163, 1);

INSERT INTO Recipe_Thematic_Unit (recipe_id, thematic_unit_id) VALUES (67, 14);

INSERT INTO Recipe_Thematic_Unit (recipe_id, thematic_unit_id) VALUES (67, 13);

INSERT INTO Recipe_Thematic_Unit (recipe_id, thematic_unit_id) VALUES (67, 3);

INSERT INTO Recipe (recipe_type, name, national_cuisine_id, difficulty_level, description, tip1, cooking_time, prep_time, portions, basic_ingredient_id, image_id) VALUES ('cooking', 'One Pot Chicken & Potatoes', 14, 4, 'Determine customer special direction able. Lead focus along sport. Treat environmental table agent I professional style.', 'you need to be patient', 25, 31, 5, 181, 96);

INSERT INTO Step (recipe_id, order_number, description) VALUES (68, 1, 'Scene fly school subject.');

INSERT INTO Step (recipe_id, order_number, description) VALUES (68, 2, 'Somebody easy onto own environmental.');

INSERT INTO Step (recipe_id, order_number, description) VALUES (68, 3, 'Gas rate require street experience.');

INSERT INTO Step (recipe_id, order_number, description) VALUES (68, 4, 'Computer hospital color conference finally.');

INSERT INTO Step (recipe_id, order_number, description) VALUES (68, 5, 'Far car edge.');

INSERT INTO Step (recipe_id, order_number, description) VALUES (68, 6, 'Perform avoid site.');

INSERT INTO Step (recipe_id, order_number, description) VALUES (68, 7, 'Soldier stop land admit.');

INSERT INTO Step (recipe_id, order_number, description) VALUES (68, 8, 'Understand spend agency sell consider food test.');

INSERT INTO Nutritional_Info (recipe_id, fat_per_portion, carbs_per_portion, protein_per_portion) VALUES (68, 232, 158, 85);

INSERT INTO Recipe_Meal_Type (recipe_id, meal_type_id) VALUES (68, 1);

INSERT INTO Recipe_Meal_Type (recipe_id, meal_type_id) VALUES (68, 3);

INSERT INTO Recipe_Label (recipe_id, label_id) VALUES (68, 3);

INSERT INTO Recipe_Label (recipe_id, label_id) VALUES (68, 5);

INSERT INTO Recipe_Label (recipe_id, label_id) VALUES (68, 8);

INSERT INTO Recipe_Label (recipe_id, label_id) VALUES (68, 2);

INSERT INTO Recipe_Equipment (recipe_id, equipment_id) VALUES (68, 16);

INSERT INTO Recipe_Equipment (recipe_id, equipment_id) VALUES (68, 14);

INSERT INTO Recipe_Ingredient (recipe_id, ingredient_id, portion) VALUES (68, 21, 6);

INSERT INTO Recipe_Ingredient (recipe_id, ingredient_id, portion) VALUES (68, 27, 1);

INSERT INTO Recipe_Ingredient (recipe_id, ingredient_id, portion) VALUES (68, 121, 6);

INSERT INTO Recipe_Ingredient (recipe_id, ingredient_id, portion) VALUES (68, 147, 6);

INSERT INTO Recipe_Ingredient (recipe_id, ingredient_id, portion) VALUES (68, 26, 6);

INSERT INTO Recipe_Ingredient (recipe_id, ingredient_id, portion) VALUES (68, 134, 3);

INSERT INTO Recipe_Ingredient (recipe_id, ingredient_id, portion) VALUES (68, 28, 1);

INSERT INTO Recipe_Ingredient (recipe_id, ingredient_id, portion) VALUES (68, 50, 6);

INSERT INTO Recipe_Ingredient (recipe_id, ingredient_id, portion) VALUES (68, 61, 6);

INSERT INTO Recipe_Ingredient (recipe_id, ingredient_id, portion) VALUES (68, 20, 6);

INSERT INTO Recipe_Ingredient (recipe_id, ingredient_id, portion) VALUES (68, 106, 5);

INSERT INTO Recipe_Ingredient (recipe_id, ingredient_id, portion) VALUES (68, 8, 2);

INSERT INTO Recipe_Ingredient (recipe_id, ingredient_id, portion) VALUES (68, 91, 4);

INSERT INTO Recipe_Ingredient (recipe_id, ingredient_id, portion) VALUES (68, 181, 1);

INSERT INTO Recipe_Thematic_Unit (recipe_id, thematic_unit_id) VALUES (68, 9);

INSERT INTO Recipe (recipe_type, name, national_cuisine_id, difficulty_level, description, tip1, tip2, cooking_time, prep_time, portions, basic_ingredient_id, image_id) VALUES ('pastry', 'Sweet Korean Lentils', 14, 2, 'Organization young sure family available network a trade. Protect although why easy collection yet son institution.', 'better with gloves', 'you need small cups', 127, 20, 4, 117, 97);

INSERT INTO Step (recipe_id, order_number, description) VALUES (69, 1, 'Message class happen before support.');

INSERT INTO Step (recipe_id, order_number, description) VALUES (69, 2, 'Computer firm thought party while impact own.');

INSERT INTO Step (recipe_id, order_number, description) VALUES (69, 3, 'War girl support more already.');

INSERT INTO Nutritional_Info (recipe_id, fat_per_portion, carbs_per_portion, protein_per_portion) VALUES (69, 32, 117, 26);

INSERT INTO Recipe_Meal_Type (recipe_id, meal_type_id) VALUES (69, 4);

INSERT INTO Recipe_Meal_Type (recipe_id, meal_type_id) VALUES (69, 1);

INSERT INTO Recipe_Meal_Type (recipe_id, meal_type_id) VALUES (69, 3);

INSERT INTO Recipe_Label (recipe_id, label_id) VALUES (69, 10);

INSERT INTO Recipe_Equipment (recipe_id, equipment_id) VALUES (69, 34);

INSERT INTO Recipe_Equipment (recipe_id, equipment_id) VALUES (69, 47);

INSERT INTO Recipe_Equipment (recipe_id, equipment_id) VALUES (69, 25);

INSERT INTO Recipe_Equipment (recipe_id, equipment_id) VALUES (69, 17);

INSERT INTO Recipe_Equipment (recipe_id, equipment_id) VALUES (69, 39);

INSERT INTO Recipe_Ingredient (recipe_id, ingredient_id, portion) VALUES (69, 57, 2);

INSERT INTO Recipe_Ingredient (recipe_id, ingredient_id, portion) VALUES (69, 199, 5);

INSERT INTO Recipe_Ingredient (recipe_id, ingredient_id, portion) VALUES (69, 150, 7);

INSERT INTO Recipe_Ingredient (recipe_id, ingredient_id, portion) VALUES (69, 117, 3);

INSERT INTO Recipe_Thematic_Unit (recipe_id, thematic_unit_id) VALUES (69, 13);

INSERT INTO Recipe_Thematic_Unit (recipe_id, thematic_unit_id) VALUES (69, 6);

INSERT INTO Recipe_Thematic_Unit (recipe_id, thematic_unit_id) VALUES (69, 1);

INSERT INTO Recipe (recipe_type, name, national_cuisine_id, difficulty_level, description, tip1, tip2, cooking_time, prep_time, portions, basic_ingredient_id, image_id) VALUES ('pastry', 'Buckwheat Beetroot Salad', 14, 3, 'Rest fly when activity rock trade offer use. Democrat or traditional. Fish detail gas commercial.', 'you need salt', 'you need small cups', 36, 1, 7, 81, 98);

INSERT INTO Step (recipe_id, order_number, description) VALUES (70, 1, 'White store pattern green citizen.');

INSERT INTO Step (recipe_id, order_number, description) VALUES (70, 2, 'Board various moment again.');

INSERT INTO Step (recipe_id, order_number, description) VALUES (70, 3, 'First industry medical poor prepare.');

INSERT INTO Nutritional_Info (recipe_id, fat_per_portion, carbs_per_portion, protein_per_portion) VALUES (70, 142, 94, 133);

INSERT INTO Recipe_Meal_Type (recipe_id, meal_type_id) VALUES (70, 4);

INSERT INTO Recipe_Label (recipe_id, label_id) VALUES (70, 10);

INSERT INTO Recipe_Label (recipe_id, label_id) VALUES (70, 5);

INSERT INTO Recipe_Equipment (recipe_id, equipment_id) VALUES (70, 41);

INSERT INTO Recipe_Equipment (recipe_id, equipment_id) VALUES (70, 45);

INSERT INTO Recipe_Equipment (recipe_id, equipment_id) VALUES (70, 42);

INSERT INTO Recipe_Equipment (recipe_id, equipment_id) VALUES (70, 4);

INSERT INTO Recipe_Equipment (recipe_id, equipment_id) VALUES (70, 32);

INSERT INTO Recipe_Equipment (recipe_id, equipment_id) VALUES (70, 30);

INSERT INTO Recipe_Equipment (recipe_id, equipment_id) VALUES (70, 19);

INSERT INTO Recipe_Equipment (recipe_id, equipment_id) VALUES (70, 10);

INSERT INTO Recipe_Equipment (recipe_id, equipment_id) VALUES (70, 23);

INSERT INTO Recipe_Ingredient (recipe_id, ingredient_id, portion) VALUES (70, 198, 2);

INSERT INTO Recipe_Ingredient (recipe_id, ingredient_id, portion) VALUES (70, 161, 7);

INSERT INTO Recipe_Ingredient (recipe_id, ingredient_id, portion) VALUES (70, 165, 1);

INSERT INTO Recipe_Ingredient (recipe_id, ingredient_id, portion) VALUES (70, 116, 4);

INSERT INTO Recipe_Ingredient (recipe_id, ingredient_id, portion) VALUES (70, 78, 6);

INSERT INTO Recipe_Ingredient (recipe_id, ingredient_id, portion) VALUES (70, 87, 2);

INSERT INTO Recipe_Ingredient (recipe_id, ingredient_id, portion) VALUES (70, 112, 4);

INSERT INTO Recipe_Ingredient (recipe_id, ingredient_id, portion) VALUES (70, 61, 1);

INSERT INTO Recipe_Ingredient (recipe_id, ingredient_id, portion) VALUES (70, 70, 6);

INSERT INTO Recipe_Ingredient (recipe_id, ingredient_id, portion) VALUES (70, 145, 3);

INSERT INTO Recipe_Ingredient (recipe_id, ingredient_id, portion) VALUES (70, 148, 4);

INSERT INTO Recipe_Ingredient (recipe_id, ingredient_id, portion) VALUES (70, 162, 8);

INSERT INTO Recipe_Ingredient (recipe_id, ingredient_id, portion) VALUES (70, 127, 8);

INSERT INTO Recipe_Ingredient (recipe_id, ingredient_id, portion) VALUES (70, 35, 1);

INSERT INTO Recipe_Ingredient (recipe_id, ingredient_id, portion) VALUES (70, 81, 8);

INSERT INTO Recipe_Thematic_Unit (recipe_id, thematic_unit_id) VALUES (70, 12);

INSERT INTO Recipe (recipe_type, name, national_cuisine_id, difficulty_level, description, tip1, tip2, tip3, cooking_time, prep_time, portions, basic_ingredient_id, image_id) VALUES ('cooking', 'New Potato Lentil Salad', 15, 1, 'Water learn rest action. Hear act little. Society certain but moment knowledge.', 'it needs a fridge', 'you can use leftovers', 'you need small cups', 108, 41, 5, 110, 99);

INSERT INTO Step (recipe_id, order_number, description) VALUES (71, 1, 'Fund save radio life.');

INSERT INTO Step (recipe_id, order_number, description) VALUES (71, 2, 'School organization because consumer situation what.');

INSERT INTO Step (recipe_id, order_number, description) VALUES (71, 3, 'Camera close bill world low institution return.');

INSERT INTO Step (recipe_id, order_number, description) VALUES (71, 4, 'Her near safe course.');

INSERT INTO Step (recipe_id, order_number, description) VALUES (71, 5, 'Stage stay responsibility no daughter.');

INSERT INTO Step (recipe_id, order_number, description) VALUES (71, 6, 'Discover also hour peace generation and popular.');

INSERT INTO Nutritional_Info (recipe_id, fat_per_portion, carbs_per_portion, protein_per_portion) VALUES (71, 83, 160, 153);

INSERT INTO Recipe_Meal_Type (recipe_id, meal_type_id) VALUES (71, 6);

INSERT INTO Recipe_Meal_Type (recipe_id, meal_type_id) VALUES (71, 1);

INSERT INTO Recipe_Label (recipe_id, label_id) VALUES (71, 6);

INSERT INTO Recipe_Label (recipe_id, label_id) VALUES (71, 9);

INSERT INTO Recipe_Equipment (recipe_id, equipment_id) VALUES (71, 2);

INSERT INTO Recipe_Ingredient (recipe_id, ingredient_id, portion) VALUES (71, 113, 8);

INSERT INTO Recipe_Ingredient (recipe_id, ingredient_id, portion) VALUES (71, 115, 3);

INSERT INTO Recipe_Ingredient (recipe_id, ingredient_id, portion) VALUES (71, 142, 1);

INSERT INTO Recipe_Ingredient (recipe_id, ingredient_id, portion) VALUES (71, 34, 2);

INSERT INTO Recipe_Ingredient (recipe_id, ingredient_id, portion) VALUES (71, 91, 3);

INSERT INTO Recipe_Ingredient (recipe_id, ingredient_id, portion) VALUES (71, 178, 6);

INSERT INTO Recipe_Ingredient (recipe_id, ingredient_id, portion) VALUES (71, 84, 5);

INSERT INTO Recipe_Ingredient (recipe_id, ingredient_id, portion) VALUES (71, 27, 4);

INSERT INTO Recipe_Ingredient (recipe_id, ingredient_id, portion) VALUES (71, 165, 1);

INSERT INTO Recipe_Ingredient (recipe_id, ingredient_id, portion) VALUES (71, 116, 3);

INSERT INTO Recipe_Ingredient (recipe_id, ingredient_id, portion) VALUES (71, 108, 6);

INSERT INTO Recipe_Ingredient (recipe_id, ingredient_id, portion) VALUES (71, 134, 4);

INSERT INTO Recipe_Ingredient (recipe_id, ingredient_id, portion) VALUES (71, 7, 6);

INSERT INTO Recipe_Ingredient (recipe_id, ingredient_id, portion) VALUES (71, 190, 5);

INSERT INTO Recipe_Ingredient (recipe_id, ingredient_id, portion) VALUES (71, 182, 4);

INSERT INTO Recipe_Ingredient (recipe_id, ingredient_id, portion) VALUES (71, 42, 1);

INSERT INTO Recipe_Ingredient (recipe_id, ingredient_id, portion) VALUES (71, 187, 5);

INSERT INTO Recipe_Ingredient (recipe_id, ingredient_id, portion) VALUES (71, 43, 3);

INSERT INTO Recipe_Ingredient (recipe_id, ingredient_id, portion) VALUES (71, 83, 2);

INSERT INTO Recipe_Ingredient (recipe_id, ingredient_id, portion) VALUES (71, 110, 8);

INSERT INTO Recipe_Thematic_Unit (recipe_id, thematic_unit_id) VALUES (71, 2);

INSERT INTO Recipe_Thematic_Unit (recipe_id, thematic_unit_id) VALUES (71, 8);

INSERT INTO Recipe_Thematic_Unit (recipe_id, thematic_unit_id) VALUES (71, 9);

INSERT INTO Recipe (recipe_type, name, national_cuisine_id, difficulty_level, description, tip1, tip2, tip3, cooking_time, prep_time, portions, basic_ingredient_id, image_id) VALUES ('cooking', 'Ham & Potato Soup', 15, 3, 'Sense weight my trouble back hotel. Weight resource tax mission pay since something. Discover paper detail sense.', 'you can use leftovers', 'you need salt', 'good with honey', 83, 10, 1, 109, 100);

INSERT INTO Step (recipe_id, order_number, description) VALUES (72, 1, 'Herself approach suddenly factor hand instead.');

INSERT INTO Step (recipe_id, order_number, description) VALUES (72, 2, 'East plant bed huge cover civil.');

INSERT INTO Step (recipe_id, order_number, description) VALUES (72, 3, 'State well interview pretty need language.');

INSERT INTO Nutritional_Info (recipe_id, fat_per_portion, carbs_per_portion, protein_per_portion) VALUES (72, 232, 76, 96);

INSERT INTO Recipe_Meal_Type (recipe_id, meal_type_id) VALUES (72, 1);

INSERT INTO Recipe_Label (recipe_id, label_id) VALUES (72, 4);

INSERT INTO Recipe_Label (recipe_id, label_id) VALUES (72, 5);

INSERT INTO Recipe_Label (recipe_id, label_id) VALUES (72, 6);

INSERT INTO Recipe_Equipment (recipe_id, equipment_id) VALUES (72, 42);

INSERT INTO Recipe_Ingredient (recipe_id, ingredient_id, portion) VALUES (72, 155, 8);

INSERT INTO Recipe_Ingredient (recipe_id, ingredient_id, portion) VALUES (72, 178, 4);

INSERT INTO Recipe_Ingredient (recipe_id, ingredient_id, portion) VALUES (72, 48, 2);

INSERT INTO Recipe_Ingredient (recipe_id, ingredient_id, portion) VALUES (72, 107, 4);

INSERT INTO Recipe_Ingredient (recipe_id, ingredient_id, portion) VALUES (72, 63, 7);

INSERT INTO Recipe_Ingredient (recipe_id, ingredient_id, portion) VALUES (72, 47, 4);

INSERT INTO Recipe_Ingredient (recipe_id, ingredient_id, portion) VALUES (72, 10, 5);

INSERT INTO Recipe_Ingredient (recipe_id, ingredient_id, portion) VALUES (72, 125, 6);

INSERT INTO Recipe_Ingredient (recipe_id, ingredient_id, portion) VALUES (72, 132, 5);

INSERT INTO Recipe_Ingredient (recipe_id, ingredient_id, portion) VALUES (72, 200, 1);

INSERT INTO Recipe_Ingredient (recipe_id, ingredient_id, portion) VALUES (72, 109, 3);

INSERT INTO Recipe_Thematic_Unit (recipe_id, thematic_unit_id) VALUES (72, 11);

INSERT INTO Recipe_Thematic_Unit (recipe_id, thematic_unit_id) VALUES (72, 15);

INSERT INTO Recipe (recipe_type, name, national_cuisine_id, difficulty_level, description, tip1, cooking_time, prep_time, portions, basic_ingredient_id, image_id) VALUES ('pastry', 'Lemon Dill Potatoes', 15, 5, 'May against dream minute exist. Old top pass and.', 'better without sugar', 133, 27, 8, 122, 101);

INSERT INTO Step (recipe_id, order_number, description) VALUES (73, 1, 'Tend manager control woman finish knowledge ground.');

INSERT INTO Step (recipe_id, order_number, description) VALUES (73, 2, 'Whether child phone organization peace you.');

INSERT INTO Step (recipe_id, order_number, description) VALUES (73, 3, 'Design street bit individual can.');

INSERT INTO Step (recipe_id, order_number, description) VALUES (73, 4, 'Mean itself direction president including.');

INSERT INTO Step (recipe_id, order_number, description) VALUES (73, 5, 'Common truth provide better.');

INSERT INTO Nutritional_Info (recipe_id, fat_per_portion, carbs_per_portion, protein_per_portion) VALUES (73, 165, 185, 214);

INSERT INTO Recipe_Meal_Type (recipe_id, meal_type_id) VALUES (73, 2);

INSERT INTO Recipe_Label (recipe_id, label_id) VALUES (73, 3);

INSERT INTO Recipe_Label (recipe_id, label_id) VALUES (73, 1);

INSERT INTO Recipe_Equipment (recipe_id, equipment_id) VALUES (73, 43);

INSERT INTO Recipe_Equipment (recipe_id, equipment_id) VALUES (73, 23);

INSERT INTO Recipe_Equipment (recipe_id, equipment_id) VALUES (73, 20);

INSERT INTO Recipe_Equipment (recipe_id, equipment_id) VALUES (73, 10);

INSERT INTO Recipe_Ingredient (recipe_id, ingredient_id, portion) VALUES (73, 10, 6);

INSERT INTO Recipe_Ingredient (recipe_id, ingredient_id, portion) VALUES (73, 75, 8);

INSERT INTO Recipe_Ingredient (recipe_id, ingredient_id, portion) VALUES (73, 139, 7);

INSERT INTO Recipe_Ingredient (recipe_id, ingredient_id, portion) VALUES (73, 57, 2);

INSERT INTO Recipe_Ingredient (recipe_id, ingredient_id, portion) VALUES (73, 198, 3);

INSERT INTO Recipe_Ingredient (recipe_id, ingredient_id, portion) VALUES (73, 73, 4);

INSERT INTO Recipe_Ingredient (recipe_id, ingredient_id, portion) VALUES (73, 100, 4);

INSERT INTO Recipe_Ingredient (recipe_id, ingredient_id, portion) VALUES (73, 86, 5);

INSERT INTO Recipe_Ingredient (recipe_id, ingredient_id, portion) VALUES (73, 186, 5);

INSERT INTO Recipe_Ingredient (recipe_id, ingredient_id, portion) VALUES (73, 25, 6);

INSERT INTO Recipe_Ingredient (recipe_id, ingredient_id, portion) VALUES (73, 6, 2);

INSERT INTO Recipe_Ingredient (recipe_id, ingredient_id, portion) VALUES (73, 84, 3);

INSERT INTO Recipe_Ingredient (recipe_id, ingredient_id, portion) VALUES (73, 141, 4);

INSERT INTO Recipe_Ingredient (recipe_id, ingredient_id, portion) VALUES (73, 122, 6);

INSERT INTO Recipe_Thematic_Unit (recipe_id, thematic_unit_id) VALUES (73, 3);

INSERT INTO Recipe (recipe_type, name, national_cuisine_id, difficulty_level, description, tip1, cooking_time, prep_time, portions, basic_ingredient_id, image_id) VALUES ('cooking', 'BBQ Lentils', 15, 4, 'Soon later machine right recent nothing.', 'you need small cups', 39, 21, 8, 121, 102);

INSERT INTO Step (recipe_id, order_number, description) VALUES (74, 1, 'Water what author Republican opportunity.');

INSERT INTO Step (recipe_id, order_number, description) VALUES (74, 2, 'Break approach wall name half give site.');

INSERT INTO Step (recipe_id, order_number, description) VALUES (74, 3, 'Read management marriage game.');

INSERT INTO Step (recipe_id, order_number, description) VALUES (74, 4, 'Understand red manager culture worker.');

INSERT INTO Step (recipe_id, order_number, description) VALUES (74, 5, 'Wall ten meeting develop wait.');

INSERT INTO Step (recipe_id, order_number, description) VALUES (74, 6, 'Final use listen happen think.');

INSERT INTO Step (recipe_id, order_number, description) VALUES (74, 7, 'Discussion trade five serious.');

INSERT INTO Step (recipe_id, order_number, description) VALUES (74, 8, 'Training word light could major recent.');

INSERT INTO Nutritional_Info (recipe_id, fat_per_portion, carbs_per_portion, protein_per_portion) VALUES (74, 373, 76, 85);

INSERT INTO Recipe_Meal_Type (recipe_id, meal_type_id) VALUES (74, 6);

INSERT INTO Recipe_Meal_Type (recipe_id, meal_type_id) VALUES (74, 1);

INSERT INTO Recipe_Label (recipe_id, label_id) VALUES (74, 7);

INSERT INTO Recipe_Label (recipe_id, label_id) VALUES (74, 1);

INSERT INTO Recipe_Equipment (recipe_id, equipment_id) VALUES (74, 34);

INSERT INTO Recipe_Equipment (recipe_id, equipment_id) VALUES (74, 17);

INSERT INTO Recipe_Equipment (recipe_id, equipment_id) VALUES (74, 48);

INSERT INTO Recipe_Equipment (recipe_id, equipment_id) VALUES (74, 32);

INSERT INTO Recipe_Ingredient (recipe_id, ingredient_id, portion) VALUES (74, 174, 6);

INSERT INTO Recipe_Ingredient (recipe_id, ingredient_id, portion) VALUES (74, 154, 3);

INSERT INTO Recipe_Ingredient (recipe_id, ingredient_id, portion) VALUES (74, 113, 6);

INSERT INTO Recipe_Ingredient (recipe_id, ingredient_id, portion) VALUES (74, 7, 6);

INSERT INTO Recipe_Ingredient (recipe_id, ingredient_id, portion) VALUES (74, 101, 6);

INSERT INTO Recipe_Ingredient (recipe_id, ingredient_id, portion) VALUES (74, 44, 8);

INSERT INTO Recipe_Ingredient (recipe_id, ingredient_id, portion) VALUES (74, 58, 2);

INSERT INTO Recipe_Ingredient (recipe_id, ingredient_id, portion) VALUES (74, 10, 7);

INSERT INTO Recipe_Ingredient (recipe_id, ingredient_id, portion) VALUES (74, 134, 2);

INSERT INTO Recipe_Ingredient (recipe_id, ingredient_id, portion) VALUES (74, 120, 8);

INSERT INTO Recipe_Ingredient (recipe_id, ingredient_id, portion) VALUES (74, 195, 2);

INSERT INTO Recipe_Ingredient (recipe_id, ingredient_id, portion) VALUES (74, 92, 8);

INSERT INTO Recipe_Ingredient (recipe_id, ingredient_id, portion) VALUES (74, 87, 6);

INSERT INTO Recipe_Ingredient (recipe_id, ingredient_id, portion) VALUES (74, 1, 7);

INSERT INTO Recipe_Ingredient (recipe_id, ingredient_id, portion) VALUES (74, 60, 6);

INSERT INTO Recipe_Ingredient (recipe_id, ingredient_id, portion) VALUES (74, 133, 4);

INSERT INTO Recipe_Ingredient (recipe_id, ingredient_id, portion) VALUES (74, 165, 4);

INSERT INTO Recipe_Ingredient (recipe_id, ingredient_id, portion) VALUES (74, 121, 2);

INSERT INTO Recipe_Thematic_Unit (recipe_id, thematic_unit_id) VALUES (74, 5);

INSERT INTO Recipe_Thematic_Unit (recipe_id, thematic_unit_id) VALUES (74, 11);

INSERT INTO Recipe (recipe_type, name, national_cuisine_id, difficulty_level, description, tip1, tip2, cooking_time, prep_time, portions, basic_ingredient_id, image_id) VALUES ('cooking', 'Healthy Buckwheat Soup', 15, 4, 'Strategy stage notice soon. Stuff shoulder visit Mr. Those memory feel little politics nature game.', 'better after 2 days', 'better with gloves', 39, 39, 4, 25, 103);

INSERT INTO Step (recipe_id, order_number, description) VALUES (75, 1, 'Such north police employee.');

INSERT INTO Step (recipe_id, order_number, description) VALUES (75, 2, 'Degree party take state.');

INSERT INTO Step (recipe_id, order_number, description) VALUES (75, 3, 'West personal Mrs the identify onto agreement camera.');

INSERT INTO Step (recipe_id, order_number, description) VALUES (75, 4, 'Fill option likely commercial education.');

INSERT INTO Step (recipe_id, order_number, description) VALUES (75, 5, 'Argue day cover.');

INSERT INTO Step (recipe_id, order_number, description) VALUES (75, 6, 'Say history country shake line.');

INSERT INTO Step (recipe_id, order_number, description) VALUES (75, 7, 'Call kid design success minute body middle authority.');

INSERT INTO Nutritional_Info (recipe_id, fat_per_portion, carbs_per_portion, protein_per_portion) VALUES (75, 155, 12, 35);

INSERT INTO Recipe_Meal_Type (recipe_id, meal_type_id) VALUES (75, 2);

INSERT INTO Recipe_Label (recipe_id, label_id) VALUES (75, 6);

INSERT INTO Recipe_Equipment (recipe_id, equipment_id) VALUES (75, 49);

INSERT INTO Recipe_Equipment (recipe_id, equipment_id) VALUES (75, 28);

INSERT INTO Recipe_Equipment (recipe_id, equipment_id) VALUES (75, 40);

INSERT INTO Recipe_Equipment (recipe_id, equipment_id) VALUES (75, 16);

INSERT INTO Recipe_Equipment (recipe_id, equipment_id) VALUES (75, 15);

INSERT INTO Recipe_Equipment (recipe_id, equipment_id) VALUES (75, 7);

INSERT INTO Recipe_Equipment (recipe_id, equipment_id) VALUES (75, 18);

INSERT INTO Recipe_Ingredient (recipe_id, ingredient_id, portion) VALUES (75, 166, 3);

INSERT INTO Recipe_Ingredient (recipe_id, ingredient_id, portion) VALUES (75, 108, 3);

INSERT INTO Recipe_Ingredient (recipe_id, ingredient_id, portion) VALUES (75, 165, 4);

INSERT INTO Recipe_Ingredient (recipe_id, ingredient_id, portion) VALUES (75, 98, 6);

INSERT INTO Recipe_Ingredient (recipe_id, ingredient_id, portion) VALUES (75, 147, 5);

INSERT INTO Recipe_Ingredient (recipe_id, ingredient_id, portion) VALUES (75, 49, 5);

INSERT INTO Recipe_Ingredient (recipe_id, ingredient_id, portion) VALUES (75, 163, 2);

INSERT INTO Recipe_Ingredient (recipe_id, ingredient_id, portion) VALUES (75, 159, 5);

INSERT INTO Recipe_Ingredient (recipe_id, ingredient_id, portion) VALUES (75, 7, 3);

INSERT INTO Recipe_Ingredient (recipe_id, ingredient_id, portion) VALUES (75, 25, 4);

INSERT INTO Recipe_Thematic_Unit (recipe_id, thematic_unit_id) VALUES (75, 2);

INSERT INTO Recipe_Thematic_Unit (recipe_id, thematic_unit_id) VALUES (75, 12);

INSERT INTO Recipe (recipe_type, name, national_cuisine_id, difficulty_level, description, tip1, tip2, cooking_time, prep_time, portions, basic_ingredient_id, image_id) VALUES ('pastry', 'Buckwheat Chicken Pilaf', 16, 1, 'Open treat evidence cost leg throw chair. Record woman similar author store front lot. Serve happen never community response thousand.', 'you can use leftovers', 'you need an oven', 100, 11, 4, 140, 104);

INSERT INTO Step (recipe_id, order_number, description) VALUES (76, 1, 'Class section quite wonder successful case.');

INSERT INTO Step (recipe_id, order_number, description) VALUES (76, 2, 'Total note trial could.');

INSERT INTO Step (recipe_id, order_number, description) VALUES (76, 3, 'This degree economy site clearly management station defense.');

INSERT INTO Nutritional_Info (recipe_id, fat_per_portion, carbs_per_portion, protein_per_portion) VALUES (76, 267, 156, 243);

INSERT INTO Recipe_Meal_Type (recipe_id, meal_type_id) VALUES (76, 4);

INSERT INTO Recipe_Meal_Type (recipe_id, meal_type_id) VALUES (76, 6);

INSERT INTO Recipe_Meal_Type (recipe_id, meal_type_id) VALUES (76, 3);

INSERT INTO Recipe_Label (recipe_id, label_id) VALUES (76, 8);

INSERT INTO Recipe_Label (recipe_id, label_id) VALUES (76, 6);

INSERT INTO Recipe_Equipment (recipe_id, equipment_id) VALUES (76, 13);

INSERT INTO Recipe_Equipment (recipe_id, equipment_id) VALUES (76, 15);

INSERT INTO Recipe_Equipment (recipe_id, equipment_id) VALUES (76, 50);

INSERT INTO Recipe_Equipment (recipe_id, equipment_id) VALUES (76, 39);

INSERT INTO Recipe_Equipment (recipe_id, equipment_id) VALUES (76, 2);

INSERT INTO Recipe_Ingredient (recipe_id, ingredient_id, portion) VALUES (76, 106, 8);

INSERT INTO Recipe_Ingredient (recipe_id, ingredient_id, portion) VALUES (76, 93, 7);

INSERT INTO Recipe_Ingredient (recipe_id, ingredient_id, portion) VALUES (76, 41, 6);

INSERT INTO Recipe_Ingredient (recipe_id, ingredient_id, portion) VALUES (76, 86, 5);

INSERT INTO Recipe_Ingredient (recipe_id, ingredient_id, portion) VALUES (76, 182, 4);

INSERT INTO Recipe_Ingredient (recipe_id, ingredient_id, portion) VALUES (76, 140, 2);

INSERT INTO Recipe_Thematic_Unit (recipe_id, thematic_unit_id) VALUES (76, 15);

INSERT INTO Recipe_Thematic_Unit (recipe_id, thematic_unit_id) VALUES (76, 5);

INSERT INTO Recipe_Thematic_Unit (recipe_id, thematic_unit_id) VALUES (76, 10);

INSERT INTO Recipe (recipe_type, name, national_cuisine_id, difficulty_level, description, tip1, cooking_time, prep_time, portions, basic_ingredient_id, image_id) VALUES ('pastry', 'Vegetable Noodle Soup', 16, 5, 'Place study ago eye guess. Either thousand painting trade language I line onto. Marriage describe baby people sit society raise.', 'better when fresh', 22, 18, 3, 33, 105);

INSERT INTO Step (recipe_id, order_number, description) VALUES (77, 1, 'Area game easy point age assume.');

INSERT INTO Step (recipe_id, order_number, description) VALUES (77, 2, 'Hour idea weight education five.');

INSERT INTO Step (recipe_id, order_number, description) VALUES (77, 3, 'Son drive step.');

INSERT INTO Step (recipe_id, order_number, description) VALUES (77, 4, 'Close effect race change yes.');

INSERT INTO Step (recipe_id, order_number, description) VALUES (77, 5, 'Listen enough office rise system.');

INSERT INTO Step (recipe_id, order_number, description) VALUES (77, 6, 'Consider key discussion five consumer front.');

INSERT INTO Step (recipe_id, order_number, description) VALUES (77, 7, 'Wife scientist watch say water success.');

INSERT INTO Nutritional_Info (recipe_id, fat_per_portion, carbs_per_portion, protein_per_portion) VALUES (77, 220, 88, 228);

INSERT INTO Recipe_Meal_Type (recipe_id, meal_type_id) VALUES (77, 2);

INSERT INTO Recipe_Meal_Type (recipe_id, meal_type_id) VALUES (77, 5);

INSERT INTO Recipe_Meal_Type (recipe_id, meal_type_id) VALUES (77, 6);

INSERT INTO Recipe_Label (recipe_id, label_id) VALUES (77, 9);

INSERT INTO Recipe_Label (recipe_id, label_id) VALUES (77, 5);

INSERT INTO Recipe_Label (recipe_id, label_id) VALUES (77, 4);

INSERT INTO Recipe_Equipment (recipe_id, equipment_id) VALUES (77, 38);

INSERT INTO Recipe_Equipment (recipe_id, equipment_id) VALUES (77, 45);

INSERT INTO Recipe_Ingredient (recipe_id, ingredient_id, portion) VALUES (77, 15, 5);

INSERT INTO Recipe_Ingredient (recipe_id, ingredient_id, portion) VALUES (77, 174, 4);

INSERT INTO Recipe_Ingredient (recipe_id, ingredient_id, portion) VALUES (77, 163, 2);

INSERT INTO Recipe_Ingredient (recipe_id, ingredient_id, portion) VALUES (77, 32, 4);

INSERT INTO Recipe_Ingredient (recipe_id, ingredient_id, portion) VALUES (77, 140, 3);

INSERT INTO Recipe_Ingredient (recipe_id, ingredient_id, portion) VALUES (77, 33, 6);

INSERT INTO Recipe_Thematic_Unit (recipe_id, thematic_unit_id) VALUES (77, 7);

INSERT INTO Recipe_Thematic_Unit (recipe_id, thematic_unit_id) VALUES (77, 12);

INSERT INTO Recipe (recipe_type, name, national_cuisine_id, difficulty_level, description, tip1, tip2, tip3, cooking_time, prep_time, portions, basic_ingredient_id, image_id) VALUES ('pastry', 'Bacon and Honey Potato Salad', 16, 4, 'Energy ever possible quality especially increase. Onto house produce example hour. Bring southern dog thus.', 'it needs a fridge', 'you can store iy outside the fridge', 'good with honey', 68, 4, 3, 103, 106);

INSERT INTO Step (recipe_id, order_number, description) VALUES (78, 1, 'North trial tree.');

INSERT INTO Nutritional_Info (recipe_id, fat_per_portion, carbs_per_portion, protein_per_portion) VALUES (78, 181, 22, 140);

INSERT INTO Recipe_Meal_Type (recipe_id, meal_type_id) VALUES (78, 3);

INSERT INTO Recipe_Label (recipe_id, label_id) VALUES (78, 1);

INSERT INTO Recipe_Equipment (recipe_id, equipment_id) VALUES (78, 38);

INSERT INTO Recipe_Equipment (recipe_id, equipment_id) VALUES (78, 3);

INSERT INTO Recipe_Ingredient (recipe_id, ingredient_id, portion) VALUES (78, 77, 8);

INSERT INTO Recipe_Ingredient (recipe_id, ingredient_id, portion) VALUES (78, 27, 3);

INSERT INTO Recipe_Ingredient (recipe_id, ingredient_id, portion) VALUES (78, 142, 6);

INSERT INTO Recipe_Ingredient (recipe_id, ingredient_id, portion) VALUES (78, 12, 8);

INSERT INTO Recipe_Ingredient (recipe_id, ingredient_id, portion) VALUES (78, 161, 4);

INSERT INTO Recipe_Ingredient (recipe_id, ingredient_id, portion) VALUES (78, 171, 8);

INSERT INTO Recipe_Ingredient (recipe_id, ingredient_id, portion) VALUES (78, 180, 4);

INSERT INTO Recipe_Ingredient (recipe_id, ingredient_id, portion) VALUES (78, 19, 5);

INSERT INTO Recipe_Ingredient (recipe_id, ingredient_id, portion) VALUES (78, 60, 4);

INSERT INTO Recipe_Ingredient (recipe_id, ingredient_id, portion) VALUES (78, 20, 3);

INSERT INTO Recipe_Ingredient (recipe_id, ingredient_id, portion) VALUES (78, 148, 4);

INSERT INTO Recipe_Ingredient (recipe_id, ingredient_id, portion) VALUES (78, 103, 8);

INSERT INTO Recipe_Thematic_Unit (recipe_id, thematic_unit_id) VALUES (78, 7);

INSERT INTO Recipe_Thematic_Unit (recipe_id, thematic_unit_id) VALUES (78, 8);

INSERT INTO Recipe (recipe_type, name, national_cuisine_id, difficulty_level, description, tip1, tip2, cooking_time, prep_time, portions, basic_ingredient_id, image_id) VALUES ('cooking', 'Pretzel Sticks', 16, 5, 'Anyone increase purpose rest first weight develop draw. Figure lot attorney difficult. Huge near it father since green fund walk.', 'better with slow cooking', 'you need a lot of time', 47, 4, 4, 144, 107);

INSERT INTO Step (recipe_id, order_number, description) VALUES (79, 1, 'Threat budget event.');

INSERT INTO Step (recipe_id, order_number, description) VALUES (79, 2, 'Religious economic ten sister let finish.');

INSERT INTO Step (recipe_id, order_number, description) VALUES (79, 3, 'Rule fly lawyer take.');

INSERT INTO Step (recipe_id, order_number, description) VALUES (79, 4, 'Foreign music walk.');

INSERT INTO Step (recipe_id, order_number, description) VALUES (79, 5, 'Election figure before mind film open look.');

INSERT INTO Nutritional_Info (recipe_id, fat_per_portion, carbs_per_portion, protein_per_portion) VALUES (79, 336, 86, 52);

INSERT INTO Recipe_Meal_Type (recipe_id, meal_type_id) VALUES (79, 4);

INSERT INTO Recipe_Label (recipe_id, label_id) VALUES (79, 7);

INSERT INTO Recipe_Label (recipe_id, label_id) VALUES (79, 9);

INSERT INTO Recipe_Label (recipe_id, label_id) VALUES (79, 1);

INSERT INTO Recipe_Equipment (recipe_id, equipment_id) VALUES (79, 5);

INSERT INTO Recipe_Equipment (recipe_id, equipment_id) VALUES (79, 35);

INSERT INTO Recipe_Equipment (recipe_id, equipment_id) VALUES (79, 44);

INSERT INTO Recipe_Ingredient (recipe_id, ingredient_id, portion) VALUES (79, 128, 6);

INSERT INTO Recipe_Ingredient (recipe_id, ingredient_id, portion) VALUES (79, 122, 1);

INSERT INTO Recipe_Ingredient (recipe_id, ingredient_id, portion) VALUES (79, 97, 7);

INSERT INTO Recipe_Ingredient (recipe_id, ingredient_id, portion) VALUES (79, 144, 6);

INSERT INTO Recipe_Thematic_Unit (recipe_id, thematic_unit_id) VALUES (79, 4);

INSERT INTO Recipe_Thematic_Unit (recipe_id, thematic_unit_id) VALUES (79, 11);

INSERT INTO Recipe (recipe_type, name, national_cuisine_id, difficulty_level, description, tip1, cooking_time, prep_time, portions, basic_ingredient_id, image_id) VALUES ('pastry', 'Golden French Lentil Soup', 16, 2, 'Dark performance mean seven large finish service daughter. Man seven back situation baby report common.', 'it needs a fridge', 38, 16, 3, 24, 108);

INSERT INTO Step (recipe_id, order_number, description) VALUES (80, 1, 'Toward available check bad fast always item.');

INSERT INTO Step (recipe_id, order_number, description) VALUES (80, 2, 'Bit ask culture region threat prepare such use.');

INSERT INTO Step (recipe_id, order_number, description) VALUES (80, 3, 'Return war avoid gas.');

INSERT INTO Step (recipe_id, order_number, description) VALUES (80, 4, 'Dinner down appear reality environment.');

INSERT INTO Step (recipe_id, order_number, description) VALUES (80, 5, 'Audience resource often size field as.');

INSERT INTO Step (recipe_id, order_number, description) VALUES (80, 6, 'Even remain artist politics image case.');

INSERT INTO Step (recipe_id, order_number, description) VALUES (80, 7, 'Administration worker long bed our act ask.');

INSERT INTO Step (recipe_id, order_number, description) VALUES (80, 8, 'Again administration price environmental he.');

INSERT INTO Nutritional_Info (recipe_id, fat_per_portion, carbs_per_portion, protein_per_portion) VALUES (80, 255, 91, 249);

INSERT INTO Recipe_Meal_Type (recipe_id, meal_type_id) VALUES (80, 2);

INSERT INTO Recipe_Meal_Type (recipe_id, meal_type_id) VALUES (80, 4);

INSERT INTO Recipe_Label (recipe_id, label_id) VALUES (80, 3);

INSERT INTO Recipe_Label (recipe_id, label_id) VALUES (80, 9);

INSERT INTO Recipe_Label (recipe_id, label_id) VALUES (80, 8);

INSERT INTO Recipe_Equipment (recipe_id, equipment_id) VALUES (80, 22);

INSERT INTO Recipe_Equipment (recipe_id, equipment_id) VALUES (80, 30);

INSERT INTO Recipe_Ingredient (recipe_id, ingredient_id, portion) VALUES (80, 66, 2);

INSERT INTO Recipe_Ingredient (recipe_id, ingredient_id, portion) VALUES (80, 132, 1);

INSERT INTO Recipe_Ingredient (recipe_id, ingredient_id, portion) VALUES (80, 174, 3);

INSERT INTO Recipe_Ingredient (recipe_id, ingredient_id, portion) VALUES (80, 24, 5);

INSERT INTO Recipe_Thematic_Unit (recipe_id, thematic_unit_id) VALUES (80, 13);

INSERT INTO Recipe_Thematic_Unit (recipe_id, thematic_unit_id) VALUES (80, 11);

INSERT INTO Recipe_Thematic_Unit (recipe_id, thematic_unit_id) VALUES (80, 6);

INSERT INTO Recipe (recipe_type, name, national_cuisine_id, difficulty_level, description, tip1, cooking_time, prep_time, portions, basic_ingredient_id, image_id) VALUES ('pastry', 'Lentil Shepherd's Pie', 17, 2, 'Allow read heavy close. Protect wife term difficult look. Join school fly test glass night yourself.', 'you need salt', 28, 14, 8, 187, 109);

INSERT INTO Step (recipe_id, order_number, description) VALUES (81, 1, 'Really list forget article job.');

INSERT INTO Step (recipe_id, order_number, description) VALUES (81, 2, 'There challenge anything various assume.');

INSERT INTO Step (recipe_id, order_number, description) VALUES (81, 3, 'Main certain all actually soldier.');

INSERT INTO Step (recipe_id, order_number, description) VALUES (81, 4, 'Them mind nearly same.');

INSERT INTO Step (recipe_id, order_number, description) VALUES (81, 5, 'Usually together someone pay him chair improve the.');

INSERT INTO Step (recipe_id, order_number, description) VALUES (81, 6, 'Much arrive soldier natural nearly lay area.');

INSERT INTO Nutritional_Info (recipe_id, fat_per_portion, carbs_per_portion, protein_per_portion) VALUES (81, 227, 141, 171);

INSERT INTO Recipe_Meal_Type (recipe_id, meal_type_id) VALUES (81, 3);

INSERT INTO Recipe_Meal_Type (recipe_id, meal_type_id) VALUES (81, 4);

INSERT INTO Recipe_Label (recipe_id, label_id) VALUES (81, 10);

INSERT INTO Recipe_Label (recipe_id, label_id) VALUES (81, 6);

INSERT INTO Recipe_Equipment (recipe_id, equipment_id) VALUES (81, 43);

INSERT INTO Recipe_Equipment (recipe_id, equipment_id) VALUES (81, 17);

INSERT INTO Recipe_Equipment (recipe_id, equipment_id) VALUES (81, 48);

INSERT INTO Recipe_Equipment (recipe_id, equipment_id) VALUES (81, 46);

INSERT INTO Recipe_Ingredient (recipe_id, ingredient_id, portion) VALUES (81, 125, 2);

INSERT INTO Recipe_Ingredient (recipe_id, ingredient_id, portion) VALUES (81, 7, 3);

INSERT INTO Recipe_Ingredient (recipe_id, ingredient_id, portion) VALUES (81, 49, 7);

INSERT INTO Recipe_Ingredient (recipe_id, ingredient_id, portion) VALUES (81, 173, 1);

INSERT INTO Recipe_Ingredient (recipe_id, ingredient_id, portion) VALUES (81, 36, 2);

INSERT INTO Recipe_Ingredient (recipe_id, ingredient_id, portion) VALUES (81, 150, 2);

INSERT INTO Recipe_Ingredient (recipe_id, ingredient_id, portion) VALUES (81, 69, 4);

INSERT INTO Recipe_Ingredient (recipe_id, ingredient_id, portion) VALUES (81, 170, 6);

INSERT INTO Recipe_Ingredient (recipe_id, ingredient_id, portion) VALUES (81, 181, 7);

INSERT INTO Recipe_Ingredient (recipe_id, ingredient_id, portion) VALUES (81, 165, 5);

INSERT INTO Recipe_Ingredient (recipe_id, ingredient_id, portion) VALUES (81, 148, 7);

INSERT INTO Recipe_Ingredient (recipe_id, ingredient_id, portion) VALUES (81, 187, 7);

INSERT INTO Recipe_Thematic_Unit (recipe_id, thematic_unit_id) VALUES (81, 10);

INSERT INTO Recipe_Thematic_Unit (recipe_id, thematic_unit_id) VALUES (81, 1);

INSERT INTO Recipe (recipe_type, name, national_cuisine_id, difficulty_level, description, tip1, cooking_time, prep_time, portions, basic_ingredient_id, image_id) VALUES ('cooking', 'Honey Lime Chicken', 17, 1, 'Man wear apply smile leave. Cost large spring. Student change money stop sit.', 'better after 2 days', 107, 28, 3, 145, 110);

INSERT INTO Step (recipe_id, order_number, description) VALUES (82, 1, 'Energy left make language memory.');

INSERT INTO Step (recipe_id, order_number, description) VALUES (82, 2, 'Yet own huge until agreement apply.');

INSERT INTO Nutritional_Info (recipe_id, fat_per_portion, carbs_per_portion, protein_per_portion) VALUES (82, 77, 178, 230);

INSERT INTO Recipe_Meal_Type (recipe_id, meal_type_id) VALUES (82, 4);

INSERT INTO Recipe_Label (recipe_id, label_id) VALUES (82, 3);

INSERT INTO Recipe_Label (recipe_id, label_id) VALUES (82, 10);

INSERT INTO Recipe_Label (recipe_id, label_id) VALUES (82, 4);

INSERT INTO Recipe_Label (recipe_id, label_id) VALUES (82, 7);

INSERT INTO Recipe_Equipment (recipe_id, equipment_id) VALUES (82, 6);

INSERT INTO Recipe_Equipment (recipe_id, equipment_id) VALUES (82, 27);

INSERT INTO Recipe_Equipment (recipe_id, equipment_id) VALUES (82, 42);

INSERT INTO Recipe_Equipment (recipe_id, equipment_id) VALUES (82, 3);

INSERT INTO Recipe_Equipment (recipe_id, equipment_id) VALUES (82, 12);

INSERT INTO Recipe_Equipment (recipe_id, equipment_id) VALUES (82, 28);

INSERT INTO Recipe_Equipment (recipe_id, equipment_id) VALUES (82, 25);

INSERT INTO Recipe_Equipment (recipe_id, equipment_id) VALUES (82, 45);

INSERT INTO Recipe_Equipment (recipe_id, equipment_id) VALUES (82, 13);

INSERT INTO Recipe_Equipment (recipe_id, equipment_id) VALUES (82, 48);

INSERT INTO Recipe_Ingredient (recipe_id, ingredient_id, portion) VALUES (82, 176, 6);

INSERT INTO Recipe_Ingredient (recipe_id, ingredient_id, portion) VALUES (82, 1, 6);

INSERT INTO Recipe_Ingredient (recipe_id, ingredient_id, portion) VALUES (82, 148, 2);

INSERT INTO Recipe_Ingredient (recipe_id, ingredient_id, portion) VALUES (82, 58, 6);

INSERT INTO Recipe_Ingredient (recipe_id, ingredient_id, portion) VALUES (82, 187, 8);

INSERT INTO Recipe_Ingredient (recipe_id, ingredient_id, portion) VALUES (82, 171, 3);

INSERT INTO Recipe_Ingredient (recipe_id, ingredient_id, portion) VALUES (82, 35, 2);

INSERT INTO Recipe_Ingredient (recipe_id, ingredient_id, portion) VALUES (82, 157, 3);

INSERT INTO Recipe_Ingredient (recipe_id, ingredient_id, portion) VALUES (82, 5, 6);

INSERT INTO Recipe_Ingredient (recipe_id, ingredient_id, portion) VALUES (82, 71, 5);

INSERT INTO Recipe_Ingredient (recipe_id, ingredient_id, portion) VALUES (82, 153, 1);

INSERT INTO Recipe_Ingredient (recipe_id, ingredient_id, portion) VALUES (82, 54, 2);

INSERT INTO Recipe_Ingredient (recipe_id, ingredient_id, portion) VALUES (82, 174, 6);

INSERT INTO Recipe_Ingredient (recipe_id, ingredient_id, portion) VALUES (82, 45, 7);

INSERT INTO Recipe_Ingredient (recipe_id, ingredient_id, portion) VALUES (82, 3, 2);

INSERT INTO Recipe_Ingredient (recipe_id, ingredient_id, portion) VALUES (82, 99, 6);

INSERT INTO Recipe_Ingredient (recipe_id, ingredient_id, portion) VALUES (82, 8, 5);

INSERT INTO Recipe_Ingredient (recipe_id, ingredient_id, portion) VALUES (82, 131, 3);

INSERT INTO Recipe_Ingredient (recipe_id, ingredient_id, portion) VALUES (82, 12, 6);

INSERT INTO Recipe_Ingredient (recipe_id, ingredient_id, portion) VALUES (82, 103, 8);

INSERT INTO Recipe_Ingredient (recipe_id, ingredient_id, portion) VALUES (82, 145, 6);

INSERT INTO Recipe_Thematic_Unit (recipe_id, thematic_unit_id) VALUES (82, 6);

INSERT INTO Recipe_Thematic_Unit (recipe_id, thematic_unit_id) VALUES (82, 9);

INSERT INTO Recipe_Thematic_Unit (recipe_id, thematic_unit_id) VALUES (82, 15);

INSERT INTO Recipe (recipe_type, name, national_cuisine_id, difficulty_level, description, tip1, cooking_time, prep_time, portions, basic_ingredient_id, image_id) VALUES ('pastry', 'Lentil Curry', 17, 1, 'Close blue call item spend heart. Treatment person same big game evening structure. East cold often skill common.', 'you need salt', 133, 22, 2, 45, 111);

INSERT INTO Step (recipe_id, order_number, description) VALUES (83, 1, 'Boy artist kitchen stay building TV.');

INSERT INTO Step (recipe_id, order_number, description) VALUES (83, 2, 'Property economic material wide develop.');

INSERT INTO Step (recipe_id, order_number, description) VALUES (83, 3, 'Indicate week point compare apply animal.');

INSERT INTO Step (recipe_id, order_number, description) VALUES (83, 4, 'Safe present relate have.');

INSERT INTO Step (recipe_id, order_number, description) VALUES (83, 5, 'But capital evening truth head southern edge.');

INSERT INTO Nutritional_Info (recipe_id, fat_per_portion, carbs_per_portion, protein_per_portion) VALUES (83, 351, 13, 35);

INSERT INTO Recipe_Meal_Type (recipe_id, meal_type_id) VALUES (83, 5);

INSERT INTO Recipe_Meal_Type (recipe_id, meal_type_id) VALUES (83, 1);

INSERT INTO Recipe_Meal_Type (recipe_id, meal_type_id) VALUES (83, 4);

INSERT INTO Recipe_Label (recipe_id, label_id) VALUES (83, 5);

INSERT INTO Recipe_Label (recipe_id, label_id) VALUES (83, 3);

INSERT INTO Recipe_Equipment (recipe_id, equipment_id) VALUES (83, 20);

INSERT INTO Recipe_Ingredient (recipe_id, ingredient_id, portion) VALUES (83, 33, 5);

INSERT INTO Recipe_Ingredient (recipe_id, ingredient_id, portion) VALUES (83, 57, 7);

INSERT INTO Recipe_Ingredient (recipe_id, ingredient_id, portion) VALUES (83, 136, 2);

INSERT INTO Recipe_Ingredient (recipe_id, ingredient_id, portion) VALUES (83, 26, 4);

INSERT INTO Recipe_Ingredient (recipe_id, ingredient_id, portion) VALUES (83, 24, 6);

INSERT INTO Recipe_Ingredient (recipe_id, ingredient_id, portion) VALUES (83, 153, 6);

INSERT INTO Recipe_Ingredient (recipe_id, ingredient_id, portion) VALUES (83, 133, 4);

INSERT INTO Recipe_Ingredient (recipe_id, ingredient_id, portion) VALUES (83, 120, 5);

INSERT INTO Recipe_Ingredient (recipe_id, ingredient_id, portion) VALUES (83, 186, 4);

INSERT INTO Recipe_Ingredient (recipe_id, ingredient_id, portion) VALUES (83, 51, 6);

INSERT INTO Recipe_Ingredient (recipe_id, ingredient_id, portion) VALUES (83, 29, 4);

INSERT INTO Recipe_Ingredient (recipe_id, ingredient_id, portion) VALUES (83, 87, 2);

INSERT INTO Recipe_Ingredient (recipe_id, ingredient_id, portion) VALUES (83, 135, 2);

INSERT INTO Recipe_Ingredient (recipe_id, ingredient_id, portion) VALUES (83, 103, 8);

INSERT INTO Recipe_Ingredient (recipe_id, ingredient_id, portion) VALUES (83, 102, 5);

INSERT INTO Recipe_Ingredient (recipe_id, ingredient_id, portion) VALUES (83, 77, 3);

INSERT INTO Recipe_Ingredient (recipe_id, ingredient_id, portion) VALUES (83, 45, 5);

INSERT INTO Recipe_Thematic_Unit (recipe_id, thematic_unit_id) VALUES (83, 7);

INSERT INTO Recipe_Thematic_Unit (recipe_id, thematic_unit_id) VALUES (83, 15);

INSERT INTO Recipe_Thematic_Unit (recipe_id, thematic_unit_id) VALUES (83, 6);

INSERT INTO Recipe (recipe_type, name, national_cuisine_id, difficulty_level, description, tip1, tip2, tip3, cooking_time, prep_time, portions, basic_ingredient_id, image_id) VALUES ('cooking', 'Dutch Oven Bread', 17, 2, 'Someone scene place medical sure accept front. Better party hair onto environmental.', 'you have to be careful not to let it get stack', 'you need salt', 'you need to be patient', 98, 22, 7, 164, 112);

INSERT INTO Step (recipe_id, order_number, description) VALUES (84, 1, 'Friend party back whether nature forward race attorney.');

INSERT INTO Step (recipe_id, order_number, description) VALUES (84, 2, 'Case same enter.');

INSERT INTO Step (recipe_id, order_number, description) VALUES (84, 3, 'Common theory detail listen provide recently.');

INSERT INTO Step (recipe_id, order_number, description) VALUES (84, 4, 'Stand office theory you.');

INSERT INTO Step (recipe_id, order_number, description) VALUES (84, 5, 'Nice toward certainly institution response nation not.');

INSERT INTO Nutritional_Info (recipe_id, fat_per_portion, carbs_per_portion, protein_per_portion) VALUES (84, 137, 159, 57);

INSERT INTO Recipe_Meal_Type (recipe_id, meal_type_id) VALUES (84, 3);

INSERT INTO Recipe_Meal_Type (recipe_id, meal_type_id) VALUES (84, 2);

INSERT INTO Recipe_Meal_Type (recipe_id, meal_type_id) VALUES (84, 6);

INSERT INTO Recipe_Label (recipe_id, label_id) VALUES (84, 3);

INSERT INTO Recipe_Label (recipe_id, label_id) VALUES (84, 6);

INSERT INTO Recipe_Label (recipe_id, label_id) VALUES (84, 2);

INSERT INTO Recipe_Label (recipe_id, label_id) VALUES (84, 5);

INSERT INTO Recipe_Equipment (recipe_id, equipment_id) VALUES (84, 3);

INSERT INTO Recipe_Ingredient (recipe_id, ingredient_id, portion) VALUES (84, 5, 5);

INSERT INTO Recipe_Ingredient (recipe_id, ingredient_id, portion) VALUES (84, 168, 3);

INSERT INTO Recipe_Ingredient (recipe_id, ingredient_id, portion) VALUES (84, 54, 2);

INSERT INTO Recipe_Ingredient (recipe_id, ingredient_id, portion) VALUES (84, 13, 8);

INSERT INTO Recipe_Ingredient (recipe_id, ingredient_id, portion) VALUES (84, 47, 1);

INSERT INTO Recipe_Ingredient (recipe_id, ingredient_id, portion) VALUES (84, 22, 2);

INSERT INTO Recipe_Ingredient (recipe_id, ingredient_id, portion) VALUES (84, 172, 4);

INSERT INTO Recipe_Ingredient (recipe_id, ingredient_id, portion) VALUES (84, 125, 3);

INSERT INTO Recipe_Ingredient (recipe_id, ingredient_id, portion) VALUES (84, 140, 3);

INSERT INTO Recipe_Ingredient (recipe_id, ingredient_id, portion) VALUES (84, 99, 5);

INSERT INTO Recipe_Ingredient (recipe_id, ingredient_id, portion) VALUES (84, 156, 2);

INSERT INTO Recipe_Ingredient (recipe_id, ingredient_id, portion) VALUES (84, 51, 3);

INSERT INTO Recipe_Ingredient (recipe_id, ingredient_id, portion) VALUES (84, 164, 5);

INSERT INTO Recipe_Thematic_Unit (recipe_id, thematic_unit_id) VALUES (84, 15);

INSERT INTO Recipe (recipe_type, name, national_cuisine_id, difficulty_level, description, tip1, cooking_time, prep_time, portions, basic_ingredient_id, image_id) VALUES ('cooking', 'Potato Apple Roast', 17, 4, 'This interest property despite head much help.', 'you need small cups', 54, 28, 4, 109, 113);

INSERT INTO Step (recipe_id, order_number, description) VALUES (85, 1, 'High floor writer add question information special.');

INSERT INTO Step (recipe_id, order_number, description) VALUES (85, 2, 'Do sometimes low floor order involve agent effort.');

INSERT INTO Nutritional_Info (recipe_id, fat_per_portion, carbs_per_portion, protein_per_portion) VALUES (85, 332, 174, 239);

INSERT INTO Recipe_Meal_Type (recipe_id, meal_type_id) VALUES (85, 2);

INSERT INTO Recipe_Meal_Type (recipe_id, meal_type_id) VALUES (85, 1);

INSERT INTO Recipe_Label (recipe_id, label_id) VALUES (85, 2);

INSERT INTO Recipe_Label (recipe_id, label_id) VALUES (85, 8);

INSERT INTO Recipe_Equipment (recipe_id, equipment_id) VALUES (85, 26);

INSERT INTO Recipe_Equipment (recipe_id, equipment_id) VALUES (85, 36);

INSERT INTO Recipe_Equipment (recipe_id, equipment_id) VALUES (85, 10);

INSERT INTO Recipe_Equipment (recipe_id, equipment_id) VALUES (85, 28);

INSERT INTO Recipe_Equipment (recipe_id, equipment_id) VALUES (85, 11);

INSERT INTO Recipe_Equipment (recipe_id, equipment_id) VALUES (85, 43);

INSERT INTO Recipe_Equipment (recipe_id, equipment_id) VALUES (85, 22);

INSERT INTO Recipe_Equipment (recipe_id, equipment_id) VALUES (85, 6);

INSERT INTO Recipe_Equipment (recipe_id, equipment_id) VALUES (85, 37);

INSERT INTO Recipe_Equipment (recipe_id, equipment_id) VALUES (85, 14);

INSERT INTO Recipe_Ingredient (recipe_id, ingredient_id, portion) VALUES (85, 178, 1);

INSERT INTO Recipe_Ingredient (recipe_id, ingredient_id, portion) VALUES (85, 195, 4);

INSERT INTO Recipe_Ingredient (recipe_id, ingredient_id, portion) VALUES (85, 78, 3);

INSERT INTO Recipe_Ingredient (recipe_id, ingredient_id, portion) VALUES (85, 131, 8);

INSERT INTO Recipe_Ingredient (recipe_id, ingredient_id, portion) VALUES (85, 120, 7);

INSERT INTO Recipe_Ingredient (recipe_id, ingredient_id, portion) VALUES (85, 176, 1);

INSERT INTO Recipe_Ingredient (recipe_id, ingredient_id, portion) VALUES (85, 36, 7);

INSERT INTO Recipe_Ingredient (recipe_id, ingredient_id, portion) VALUES (85, 11, 1);

INSERT INTO Recipe_Ingredient (recipe_id, ingredient_id, portion) VALUES (85, 150, 8);

INSERT INTO Recipe_Ingredient (recipe_id, ingredient_id, portion) VALUES (85, 105, 8);

INSERT INTO Recipe_Ingredient (recipe_id, ingredient_id, portion) VALUES (85, 139, 5);

INSERT INTO Recipe_Ingredient (recipe_id, ingredient_id, portion) VALUES (85, 124, 8);

INSERT INTO Recipe_Ingredient (recipe_id, ingredient_id, portion) VALUES (85, 103, 7);

INSERT INTO Recipe_Ingredient (recipe_id, ingredient_id, portion) VALUES (85, 58, 4);

INSERT INTO Recipe_Ingredient (recipe_id, ingredient_id, portion) VALUES (85, 109, 4);

INSERT INTO Recipe_Thematic_Unit (recipe_id, thematic_unit_id) VALUES (85, 6);

INSERT INTO Recipe (recipe_type, name, national_cuisine_id, difficulty_level, description, tip1, tip2, tip3, cooking_time, prep_time, portions, basic_ingredient_id, image_id) VALUES ('pastry', 'Baking Powder Biscuits', 18, 2, 'Brother happy around decade method air future. Degree animal community country.', 'better with slow cooking', 'you need an oven', 'better with feta cheese', 118, 34, 6, 57, 114);

INSERT INTO Step (recipe_id, order_number, description) VALUES (86, 1, 'Now test sure may into.');

INSERT INTO Step (recipe_id, order_number, description) VALUES (86, 2, 'Animal would forward century.');

INSERT INTO Step (recipe_id, order_number, description) VALUES (86, 3, 'Same friend five information your agree development data.');

INSERT INTO Step (recipe_id, order_number, description) VALUES (86, 4, 'Project clear ready rich reach yard.');

INSERT INTO Step (recipe_id, order_number, description) VALUES (86, 5, 'Maybe behind morning watch red person.');

INSERT INTO Step (recipe_id, order_number, description) VALUES (86, 6, 'Ahead have traditional the turn.');

INSERT INTO Nutritional_Info (recipe_id, fat_per_portion, carbs_per_portion, protein_per_portion) VALUES (86, 199, 128, 115);

INSERT INTO Recipe_Meal_Type (recipe_id, meal_type_id) VALUES (86, 3);

INSERT INTO Recipe_Meal_Type (recipe_id, meal_type_id) VALUES (86, 1);

INSERT INTO Recipe_Label (recipe_id, label_id) VALUES (86, 6);

INSERT INTO Recipe_Label (recipe_id, label_id) VALUES (86, 2);

INSERT INTO Recipe_Equipment (recipe_id, equipment_id) VALUES (86, 22);

INSERT INTO Recipe_Equipment (recipe_id, equipment_id) VALUES (86, 11);

INSERT INTO Recipe_Equipment (recipe_id, equipment_id) VALUES (86, 17);

INSERT INTO Recipe_Equipment (recipe_id, equipment_id) VALUES (86, 4);

INSERT INTO Recipe_Equipment (recipe_id, equipment_id) VALUES (86, 26);

INSERT INTO Recipe_Ingredient (recipe_id, ingredient_id, portion) VALUES (86, 73, 1);

INSERT INTO Recipe_Ingredient (recipe_id, ingredient_id, portion) VALUES (86, 79, 3);

INSERT INTO Recipe_Ingredient (recipe_id, ingredient_id, portion) VALUES (86, 99, 3);

INSERT INTO Recipe_Ingredient (recipe_id, ingredient_id, portion) VALUES (86, 46, 5);

INSERT INTO Recipe_Ingredient (recipe_id, ingredient_id, portion) VALUES (86, 40, 4);

INSERT INTO Recipe_Ingredient (recipe_id, ingredient_id, portion) VALUES (86, 38, 3);

INSERT INTO Recipe_Ingredient (recipe_id, ingredient_id, portion) VALUES (86, 32, 4);

INSERT INTO Recipe_Ingredient (recipe_id, ingredient_id, portion) VALUES (86, 111, 1);

INSERT INTO Recipe_Ingredient (recipe_id, ingredient_id, portion) VALUES (86, 84, 3);

INSERT INTO Recipe_Ingredient (recipe_id, ingredient_id, portion) VALUES (86, 77, 1);

INSERT INTO Recipe_Ingredient (recipe_id, ingredient_id, portion) VALUES (86, 158, 5);

INSERT INTO Recipe_Ingredient (recipe_id, ingredient_id, portion) VALUES (86, 128, 5);

INSERT INTO Recipe_Ingredient (recipe_id, ingredient_id, portion) VALUES (86, 67, 8);

INSERT INTO Recipe_Ingredient (recipe_id, ingredient_id, portion) VALUES (86, 36, 8);

INSERT INTO Recipe_Ingredient (recipe_id, ingredient_id, portion) VALUES (86, 121, 7);

INSERT INTO Recipe_Ingredient (recipe_id, ingredient_id, portion) VALUES (86, 14, 5);

INSERT INTO Recipe_Ingredient (recipe_id, ingredient_id, portion) VALUES (86, 57, 6);

INSERT INTO Recipe_Thematic_Unit (recipe_id, thematic_unit_id) VALUES (86, 7);

INSERT INTO Recipe_Thematic_Unit (recipe_id, thematic_unit_id) VALUES (86, 11);

INSERT INTO Recipe_Thematic_Unit (recipe_id, thematic_unit_id) VALUES (86, 2);

INSERT INTO Recipe (recipe_type, name, national_cuisine_id, difficulty_level, description, tip1, tip2, cooking_time, prep_time, portions, basic_ingredient_id, image_id) VALUES ('cooking', 'Sugar Cookies', 18, 3, 'Tv level indeed natural only wind. Each news message talk property. Evening activity letter through consumer drop throughout operation.', 'better with slow cooking', 'better without sugar', 143, 19, 2, 28, 115);

INSERT INTO Step (recipe_id, order_number, description) VALUES (87, 1, 'Purpose since somebody growth federal join respond.');

INSERT INTO Step (recipe_id, order_number, description) VALUES (87, 2, 'Customer can reveal relationship.');

INSERT INTO Step (recipe_id, order_number, description) VALUES (87, 3, 'Fund there appear term yourself reason present.');

INSERT INTO Step (recipe_id, order_number, description) VALUES (87, 4, 'Newspaper team while ahead.');

INSERT INTO Nutritional_Info (recipe_id, fat_per_portion, carbs_per_portion, protein_per_portion) VALUES (87, 275, 60, 112);

INSERT INTO Recipe_Meal_Type (recipe_id, meal_type_id) VALUES (87, 2);

INSERT INTO Recipe_Meal_Type (recipe_id, meal_type_id) VALUES (87, 4);

INSERT INTO Recipe_Label (recipe_id, label_id) VALUES (87, 4);

INSERT INTO Recipe_Label (recipe_id, label_id) VALUES (87, 10);

INSERT INTO Recipe_Label (recipe_id, label_id) VALUES (87, 1);

INSERT INTO Recipe_Equipment (recipe_id, equipment_id) VALUES (87, 18);

INSERT INTO Recipe_Equipment (recipe_id, equipment_id) VALUES (87, 6);

INSERT INTO Recipe_Equipment (recipe_id, equipment_id) VALUES (87, 12);

INSERT INTO Recipe_Equipment (recipe_id, equipment_id) VALUES (87, 27);

INSERT INTO Recipe_Equipment (recipe_id, equipment_id) VALUES (87, 49);

INSERT INTO Recipe_Equipment (recipe_id, equipment_id) VALUES (87, 25);

INSERT INTO Recipe_Equipment (recipe_id, equipment_id) VALUES (87, 14);

INSERT INTO Recipe_Equipment (recipe_id, equipment_id) VALUES (87, 45);

INSERT INTO Recipe_Equipment (recipe_id, equipment_id) VALUES (87, 24);

INSERT INTO Recipe_Equipment (recipe_id, equipment_id) VALUES (87, 20);

INSERT INTO Recipe_Ingredient (recipe_id, ingredient_id, portion) VALUES (87, 156, 6);

INSERT INTO Recipe_Ingredient (recipe_id, ingredient_id, portion) VALUES (87, 112, 7);

INSERT INTO Recipe_Ingredient (recipe_id, ingredient_id, portion) VALUES (87, 89, 2);

INSERT INTO Recipe_Ingredient (recipe_id, ingredient_id, portion) VALUES (87, 144, 3);

INSERT INTO Recipe_Ingredient (recipe_id, ingredient_id, portion) VALUES (87, 28, 1);

INSERT INTO Recipe_Thematic_Unit (recipe_id, thematic_unit_id) VALUES (87, 7);

INSERT INTO Recipe_Thematic_Unit (recipe_id, thematic_unit_id) VALUES (87, 3);

INSERT INTO Recipe_Thematic_Unit (recipe_id, thematic_unit_id) VALUES (87, 12);

INSERT INTO Recipe (recipe_type, name, national_cuisine_id, difficulty_level, description, tip1, tip2, cooking_time, prep_time, portions, basic_ingredient_id, image_id) VALUES ('pastry', 'Potato Curry', 18, 4, 'Firm thing our but parent media large.', 'you have to be careful not to let it get stack', 'you need 2 people to make it', 126, 39, 4, 126, 116);

INSERT INTO Step (recipe_id, order_number, description) VALUES (88, 1, 'Effect current city financial.');

INSERT INTO Step (recipe_id, order_number, description) VALUES (88, 2, 'Single agent and mission.');

INSERT INTO Step (recipe_id, order_number, description) VALUES (88, 3, 'Share hair family small.');

INSERT INTO Step (recipe_id, order_number, description) VALUES (88, 4, 'Today place company administration suffer lose interview.');

INSERT INTO Step (recipe_id, order_number, description) VALUES (88, 5, 'Significant door give heavy course.');

INSERT INTO Step (recipe_id, order_number, description) VALUES (88, 6, 'Onto fill case teacher win.');

INSERT INTO Step (recipe_id, order_number, description) VALUES (88, 7, 'Task score but senior analysis.');

INSERT INTO Step (recipe_id, order_number, description) VALUES (88, 8, 'Glass during help federal employee hour.');

INSERT INTO Nutritional_Info (recipe_id, fat_per_portion, carbs_per_portion, protein_per_portion) VALUES (88, 295, 124, 80);

INSERT INTO Recipe_Meal_Type (recipe_id, meal_type_id) VALUES (88, 6);

INSERT INTO Recipe_Meal_Type (recipe_id, meal_type_id) VALUES (88, 3);

INSERT INTO Recipe_Label (recipe_id, label_id) VALUES (88, 6);

INSERT INTO Recipe_Equipment (recipe_id, equipment_id) VALUES (88, 39);

INSERT INTO Recipe_Equipment (recipe_id, equipment_id) VALUES (88, 12);

INSERT INTO Recipe_Equipment (recipe_id, equipment_id) VALUES (88, 36);

INSERT INTO Recipe_Equipment (recipe_id, equipment_id) VALUES (88, 8);

INSERT INTO Recipe_Ingredient (recipe_id, ingredient_id, portion) VALUES (88, 55, 1);

INSERT INTO Recipe_Ingredient (recipe_id, ingredient_id, portion) VALUES (88, 191, 5);

INSERT INTO Recipe_Ingredient (recipe_id, ingredient_id, portion) VALUES (88, 167, 6);

INSERT INTO Recipe_Ingredient (recipe_id, ingredient_id, portion) VALUES (88, 140, 3);

INSERT INTO Recipe_Ingredient (recipe_id, ingredient_id, portion) VALUES (88, 126, 3);

INSERT INTO Recipe_Thematic_Unit (recipe_id, thematic_unit_id) VALUES (88, 7);

INSERT INTO Recipe (recipe_type, name, national_cuisine_id, difficulty_level, description, tip1, cooking_time, prep_time, portions, basic_ingredient_id, image_id) VALUES ('pastry', 'Bucatini all'Amatriciana', 18, 3, 'Party control cut. Attorney fine town daughter for. Camera easy indeed.', 'better with slow cooking', 29, 17, 3, 20, 117);

INSERT INTO Step (recipe_id, order_number, description) VALUES (89, 1, 'Race debate idea down.');

INSERT INTO Nutritional_Info (recipe_id, fat_per_portion, carbs_per_portion, protein_per_portion) VALUES (89, 245, 180, 120);

INSERT INTO Recipe_Meal_Type (recipe_id, meal_type_id) VALUES (89, 1);

INSERT INTO Recipe_Meal_Type (recipe_id, meal_type_id) VALUES (89, 2);

INSERT INTO Recipe_Label (recipe_id, label_id) VALUES (89, 9);

INSERT INTO Recipe_Equipment (recipe_id, equipment_id) VALUES (89, 4);

INSERT INTO Recipe_Equipment (recipe_id, equipment_id) VALUES (89, 21);

INSERT INTO Recipe_Equipment (recipe_id, equipment_id) VALUES (89, 10);

INSERT INTO Recipe_Equipment (recipe_id, equipment_id) VALUES (89, 20);

INSERT INTO Recipe_Equipment (recipe_id, equipment_id) VALUES (89, 37);

INSERT INTO Recipe_Equipment (recipe_id, equipment_id) VALUES (89, 45);

INSERT INTO Recipe_Ingredient (recipe_id, ingredient_id, portion) VALUES (89, 89, 4);

INSERT INTO Recipe_Ingredient (recipe_id, ingredient_id, portion) VALUES (89, 20, 5);

INSERT INTO Recipe_Thematic_Unit (recipe_id, thematic_unit_id) VALUES (89, 5);

INSERT INTO Recipe_Thematic_Unit (recipe_id, thematic_unit_id) VALUES (89, 13);

INSERT INTO Recipe (recipe_type, name, national_cuisine_id, difficulty_level, description, tip1, tip2, cooking_time, prep_time, portions, basic_ingredient_id, image_id) VALUES ('pastry', 'Brioche Chocolate Rolls', 18, 5, 'Simple energy put suggest law. Positive scene name college. Total star well create recent develop understand maintain.', 'you can store iy outside the fridge', 'you need a lot of bowls', 142, 16, 1, 34, 118);

INSERT INTO Step (recipe_id, order_number, description) VALUES (90, 1, 'Station whatever despite increase.');

INSERT INTO Nutritional_Info (recipe_id, fat_per_portion, carbs_per_portion, protein_per_portion) VALUES (90, 176, 117, 150);

INSERT INTO Recipe_Meal_Type (recipe_id, meal_type_id) VALUES (90, 1);

INSERT INTO Recipe_Meal_Type (recipe_id, meal_type_id) VALUES (90, 5);

INSERT INTO Recipe_Label (recipe_id, label_id) VALUES (90, 4);

INSERT INTO Recipe_Label (recipe_id, label_id) VALUES (90, 3);

INSERT INTO Recipe_Label (recipe_id, label_id) VALUES (90, 7);

INSERT INTO Recipe_Label (recipe_id, label_id) VALUES (90, 6);

INSERT INTO Recipe_Equipment (recipe_id, equipment_id) VALUES (90, 16);

INSERT INTO Recipe_Equipment (recipe_id, equipment_id) VALUES (90, 26);

INSERT INTO Recipe_Equipment (recipe_id, equipment_id) VALUES (90, 9);

INSERT INTO Recipe_Equipment (recipe_id, equipment_id) VALUES (90, 18);

INSERT INTO Recipe_Equipment (recipe_id, equipment_id) VALUES (90, 47);

INSERT INTO Recipe_Ingredient (recipe_id, ingredient_id, portion) VALUES (90, 151, 1);

INSERT INTO Recipe_Ingredient (recipe_id, ingredient_id, portion) VALUES (90, 120, 8);

INSERT INTO Recipe_Ingredient (recipe_id, ingredient_id, portion) VALUES (90, 11, 3);

INSERT INTO Recipe_Ingredient (recipe_id, ingredient_id, portion) VALUES (90, 164, 7);

INSERT INTO Recipe_Ingredient (recipe_id, ingredient_id, portion) VALUES (90, 111, 1);

INSERT INTO Recipe_Ingredient (recipe_id, ingredient_id, portion) VALUES (90, 184, 7);

INSERT INTO Recipe_Ingredient (recipe_id, ingredient_id, portion) VALUES (90, 174, 8);

INSERT INTO Recipe_Ingredient (recipe_id, ingredient_id, portion) VALUES (90, 103, 7);

INSERT INTO Recipe_Ingredient (recipe_id, ingredient_id, portion) VALUES (90, 132, 6);

INSERT INTO Recipe_Ingredient (recipe_id, ingredient_id, portion) VALUES (90, 34, 8);

INSERT INTO Recipe_Thematic_Unit (recipe_id, thematic_unit_id) VALUES (90, 12);

INSERT INTO Recipe_Thematic_Unit (recipe_id, thematic_unit_id) VALUES (90, 7);

INSERT INTO Recipe_Thematic_Unit (recipe_id, thematic_unit_id) VALUES (90, 10);

INSERT INTO Recipe (recipe_type, name, national_cuisine_id, difficulty_level, description, tip1, cooking_time, prep_time, portions, basic_ingredient_id, image_id) VALUES ('pastry', 'Naan', 19, 2, 'Trial beat learn group nearly cover however. Large career similar just father truth probably. Attorney assume best hour.', 'you need a lot of bowls', 99, 21, 8, 89, 119);

INSERT INTO Step (recipe_id, order_number, description) VALUES (91, 1, 'Imagine key compare know.');

INSERT INTO Step (recipe_id, order_number, description) VALUES (91, 2, 'Reduce over so want wind.');

INSERT INTO Nutritional_Info (recipe_id, fat_per_portion, carbs_per_portion, protein_per_portion) VALUES (91, 325, 121, 48);

INSERT INTO Recipe_Meal_Type (recipe_id, meal_type_id) VALUES (91, 1);

INSERT INTO Recipe_Meal_Type (recipe_id, meal_type_id) VALUES (91, 6);

INSERT INTO Recipe_Meal_Type (recipe_id, meal_type_id) VALUES (91, 5);

INSERT INTO Recipe_Label (recipe_id, label_id) VALUES (91, 9);

INSERT INTO Recipe_Label (recipe_id, label_id) VALUES (91, 3);

INSERT INTO Recipe_Label (recipe_id, label_id) VALUES (91, 7);

INSERT INTO Recipe_Equipment (recipe_id, equipment_id) VALUES (91, 49);

INSERT INTO Recipe_Equipment (recipe_id, equipment_id) VALUES (91, 17);

INSERT INTO Recipe_Equipment (recipe_id, equipment_id) VALUES (91, 33);

INSERT INTO Recipe_Equipment (recipe_id, equipment_id) VALUES (91, 10);

INSERT INTO Recipe_Equipment (recipe_id, equipment_id) VALUES (91, 47);

INSERT INTO Recipe_Equipment (recipe_id, equipment_id) VALUES (91, 3);

INSERT INTO Recipe_Equipment (recipe_id, equipment_id) VALUES (91, 39);

INSERT INTO Recipe_Equipment (recipe_id, equipment_id) VALUES (91, 34);

INSERT INTO Recipe_Equipment (recipe_id, equipment_id) VALUES (91, 28);

INSERT INTO Recipe_Ingredient (recipe_id, ingredient_id, portion) VALUES (91, 41, 2);

INSERT INTO Recipe_Ingredient (recipe_id, ingredient_id, portion) VALUES (91, 14, 3);

INSERT INTO Recipe_Ingredient (recipe_id, ingredient_id, portion) VALUES (91, 112, 7);

INSERT INTO Recipe_Ingredient (recipe_id, ingred
ient_id, portion) VALUES (91, 180, 5);

INSERT INTO Recipe_Ingredient (recipe_id, ingredient_id, portion) VALUES (91, 194, 2);

INSERT INTO Recipe_Ingredient (recipe_id, ingredient_id, portion) VALUES (91, 126, 3);

INSERT INTO Recipe_Ingredient (recipe_id, ingredient_id, portion) VALUES (91, 69, 2);

INSERT INTO Recipe_Ingredient (recipe_id, ingredient_id, portion) VALUES (91, 78, 2);

INSERT INTO Recipe_Ingredient (recipe_id, ingredient_id, portion) VALUES (91, 89, 3);

INSERT INTO Recipe_Thematic_Unit (recipe_id, thematic_unit_id) VALUES (91, 6);

INSERT INTO Recipe (recipe_type, name, national_cuisine_id, difficulty_level, description, tip1, cooking_time, prep_time, portions, basic_ingredient_id, image_id) VALUES ('cooking', 'Lemon Poppy Seed Scones', 19, 5, 'Budget stand chair quickly whether manager into. Same some order. Knowledge sport share shake discuss whatever.', 'better with slow cooking', 142, 13, 2, 132, 120);

INSERT INTO Step (recipe_id, order_number, description) VALUES (92, 1, 'Support explain past follow piece enjoy finish.');

INSERT INTO Step (recipe_id, order_number, description) VALUES (92, 2, 'Impact summer it director food type west population.');

INSERT INTO Step (recipe_id, order_number, description) VALUES (92, 3, 'Apply hit wrong take friend.');

INSERT INTO Nutritional_Info (recipe_id, fat_per_portion, carbs_per_portion, protein_per_portion) VALUES (92, 88, 107, 234);

INSERT INTO Recipe_Meal_Type (recipe_id, meal_type_id) VALUES (92, 6);

INSERT INTO Recipe_Label (recipe_id, label_id) VALUES (92, 7);

INSERT INTO Recipe_Label (recipe_id, label_id) VALUES (92, 10);

INSERT INTO Recipe_Equipment (recipe_id, equipment_id) VALUES (92, 6);

INSERT INTO Recipe_Equipment (recipe_id, equipment_id) VALUES (92, 12);

INSERT INTO Recipe_Equipment (recipe_id, equipment_id) VALUES (92, 19);

INSERT INTO Recipe_Equipment (recipe_id, equipment_id) VALUES (92, 36);

INSERT INTO Recipe_Equipment (recipe_id, equipment_id) VALUES (92, 11);

INSERT INTO Recipe_Equipment (recipe_id, equipment_id) VALUES (92, 5);

INSERT INTO Recipe_Ingredient (recipe_id, ingredient_id, portion) VALUES (92, 49, 6);

INSERT INTO Recipe_Ingredient (recipe_id, ingredient_id, portion) VALUES (92, 148, 6);

INSERT INTO Recipe_Ingredient (recipe_id, ingredient_id, portion) VALUES (92, 86, 1);

INSERT INTO Recipe_Ingredient (recipe_id, ingredient_id, portion) VALUES (92, 54, 8);

INSERT INTO Recipe_Ingredient (recipe_id, ingredient_id, portion) VALUES (92, 133, 2);

INSERT INTO Recipe_Ingredient (recipe_id, ingredient_id, portion) VALUES (92, 169, 5);

INSERT INTO Recipe_Ingredient (recipe_id, ingredient_id, portion) VALUES (92, 175, 8);

INSERT INTO Recipe_Ingredient (recipe_id, ingredient_id, portion) VALUES (92, 57, 5);

INSERT INTO Recipe_Ingredient (recipe_id, ingredient_id, portion) VALUES (92, 197, 8);

INSERT INTO Recipe_Ingredient (recipe_id, ingredient_id, portion) VALUES (92, 136, 4);

INSERT INTO Recipe_Ingredient (recipe_id, ingredient_id, portion) VALUES (92, 5, 1);

INSERT INTO Recipe_Ingredient (recipe_id, ingredient_id, portion) VALUES (92, 3, 7);

INSERT INTO Recipe_Ingredient (recipe_id, ingredient_id, portion) VALUES (92, 184, 3);

INSERT INTO Recipe_Ingredient (recipe_id, ingredient_id, portion) VALUES (92, 14, 2);

INSERT INTO Recipe_Ingredient (recipe_id, ingredient_id, portion) VALUES (92, 6, 6);

INSERT INTO Recipe_Ingredient (recipe_id, ingredient_id, portion) VALUES (92, 141, 2);

INSERT INTO Recipe_Ingredient (recipe_id, ingredient_id, portion) VALUES (92, 85, 2);

INSERT INTO Recipe_Ingredient (recipe_id, ingredient_id, portion) VALUES (92, 113, 5);

INSERT INTO Recipe_Ingredient (recipe_id, ingredient_id, portion) VALUES (92, 192, 6);

INSERT INTO Recipe_Ingredient (recipe_id, ingredient_id, portion) VALUES (92, 159, 6);

INSERT INTO Recipe_Ingredient (recipe_id, ingredient_id, portion) VALUES (92, 132, 8);

INSERT INTO Recipe_Thematic_Unit (recipe_id, thematic_unit_id) VALUES (92, 2);

INSERT INTO Recipe (recipe_type, name, national_cuisine_id, difficulty_level, description, tip1, tip2, tip3, cooking_time, prep_time, portions, basic_ingredient_id, image_id) VALUES ('cooking', 'Balsamic Dijon Root Vegetables', 19, 4, 'Field section sure under young. Upon require fill quite improve relate.', 'better without sugar', 'you have to be careful not to let it get stack', 'better with gloves', 147, 22, 7, 164, 121);

INSERT INTO Step (recipe_id, order_number, description) VALUES (93, 1, 'Arm which else into well have find out.');

INSERT INTO Step (recipe_id, order_number, description) VALUES (93, 2, 'Opportunity today chair party staff understand.');

INSERT INTO Step (recipe_id, order_number, description) VALUES (93, 3, 'Just participant window question just write visit spring.');

INSERT INTO Step (recipe_id, order_number, description) VALUES (93, 4, 'Action between more hair.');

INSERT INTO Nutritional_Info (recipe_id, fat_per_portion, carbs_per_portion, protein_per_portion) VALUES (93, 63, 54, 149);

INSERT INTO Recipe_Meal_Type (recipe_id, meal_type_id) VALUES (93, 3);

INSERT INTO Recipe_Label (recipe_id, label_id) VALUES (93, 1);

INSERT INTO Recipe_Label (recipe_id, label_id) VALUES (93, 4);

INSERT INTO Recipe_Label (recipe_id, label_id) VALUES (93, 9);

INSERT INTO Recipe_Label (recipe_id, label_id) VALUES (93, 10);

INSERT INTO Recipe_Equipment (recipe_id, equipment_id) VALUES (93, 9);

INSERT INTO Recipe_Equipment (recipe_id, equipment_id) VALUES (93, 26);

INSERT INTO Recipe_Equipment (recipe_id, equipment_id) VALUES (93, 33);

INSERT INTO Recipe_Equipment (recipe_id, equipment_id) VALUES (93, 8);

INSERT INTO Recipe_Equipment (recipe_id, equipment_id) VALUES (93, 47);

INSERT INTO Recipe_Equipment (recipe_id, equipment_id) VALUES (93, 30);

INSERT INTO Recipe_Equipment (recipe_id, equipment_id) VALUES (93, 25);

INSERT INTO Recipe_Equipment (recipe_id, equipment_id) VALUES (93, 1);

INSERT INTO Recipe_Equipment (recipe_id, equipment_id) VALUES (93, 12);

INSERT INTO Recipe_Equipment (recipe_id, equipment_id) VALUES (93, 44);

INSERT INTO Recipe_Ingredient (recipe_id, ingredient_id, portion) VALUES (93, 59, 4);

INSERT INTO Recipe_Ingredient (recipe_id, ingredient_id, portion) VALUES (93, 31, 4);

INSERT INTO Recipe_Ingredient (recipe_id, ingredient_id, portion) VALUES (93, 173, 3);

INSERT INTO Recipe_Ingredient (recipe_id, ingredient_id, portion) VALUES (93, 193, 7);

INSERT INTO Recipe_Ingredient (recipe_id, ingredient_id, portion) VALUES (93, 40, 1);

INSERT INTO Recipe_Ingredient (recipe_id, ingredient_id, portion) VALUES (93, 137, 5);

INSERT INTO Recipe_Ingredient (recipe_id, ingredient_id, portion) VALUES (93, 24, 8);

INSERT INTO Recipe_Ingredient (recipe_id, ingredient_id, portion) VALUES (93, 175, 2);

INSERT INTO Recipe_Ingredient (recipe_id, ingredient_id, portion) VALUES (93, 186, 8);

INSERT INTO Recipe_Ingredient (recipe_id, ingredient_id, portion) VALUES (93, 136, 7);

INSERT INTO Recipe_Ingredient (recipe_id, ingredient_id, portion) VALUES (93, 9, 8);

INSERT INTO Recipe_Ingredient (recipe_id, ingredient_id, portion) VALUES (93, 91, 2);

INSERT INTO Recipe_Ingredient (recipe_id, ingredient_id, portion) VALUES (93, 100, 5);

INSERT INTO Recipe_Ingredient (recipe_id, ingredient_id, portion) VALUES (93, 135, 1);

INSERT INTO Recipe_Ingredient (recipe_id, ingredient_id, portion) VALUES (93, 2, 4);

INSERT INTO Recipe_Ingredient (recipe_id, ingredient_id, portion) VALUES (93, 68, 4);

INSERT INTO Recipe_Ingredient (recipe_id, ingredient_id, portion) VALUES (93, 164, 6);

INSERT INTO Recipe_Thematic_Unit (recipe_id, thematic_unit_id) VALUES (93, 14);

INSERT INTO Recipe_Thematic_Unit (recipe_id, thematic_unit_id) VALUES (93, 1);

INSERT INTO Recipe_Thematic_Unit (recipe_id, thematic_unit_id) VALUES (93, 7);

INSERT INTO Recipe (recipe_type, name, national_cuisine_id, difficulty_level, description, tip1, tip2, cooking_time, prep_time, portions, basic_ingredient_id, image_id) VALUES ('cooking', 'Best Baked Chicken Legs', 19, 2, 'Eat program research for wall science nearly. Everyone cost month eye worry agency board want. Party growth notice seat glass bar college. Compare politics generation lead.', 'you need small cups', 'you can use leftovers', 19, 10, 5, 74, 122);

INSERT INTO Step (recipe_id, order_number, description) VALUES (94, 1, 'Also American while.');

INSERT INTO Step (recipe_id, order_number, description) VALUES (94, 2, 'Later identify out like black.');

INSERT INTO Step (recipe_id, order_number, description) VALUES (94, 3, 'Executive article avoid fly.');

INSERT INTO Step (recipe_id, order_number, description) VALUES (94, 4, 'Probably address fight serve so.');

INSERT INTO Step (recipe_id, order_number, description) VALUES (94, 5, 'Continue radio including discuss party should.');

INSERT INTO Nutritional_Info (recipe_id, fat_per_portion, carbs_per_portion, protein_per_portion) VALUES (94, 273, 131, 24);

INSERT INTO Recipe_Meal_Type (recipe_id, meal_type_id) VALUES (94, 3);

INSERT INTO Recipe_Meal_Type (recipe_id, meal_type_id) VALUES (94, 4);

INSERT INTO Recipe_Meal_Type (recipe_id, meal_type_id) VALUES (94, 6);

INSERT INTO Recipe_Label (recipe_id, label_id) VALUES (94, 8);

INSERT INTO Recipe_Equipment (recipe_id, equipment_id) VALUES (94, 11);

INSERT INTO Recipe_Equipment (recipe_id, equipment_id) VALUES (94, 26);

INSERT INTO Recipe_Equipment (recipe_id, equipment_id) VALUES (94, 48);

INSERT INTO Recipe_Equipment (recipe_id, equipment_id) VALUES (94, 37);

INSERT INTO Recipe_Equipment (recipe_id, equipment_id) VALUES (94, 22);

INSERT INTO Recipe_Equipment (recipe_id, equipment_id) VALUES (94, 4);

INSERT INTO Recipe_Ingredient (recipe_id, ingredient_id, portion) VALUES (94, 150, 5);

INSERT INTO Recipe_Ingredient (recipe_id, ingredient_id, portion) VALUES (94, 123, 7);

INSERT INTO Recipe_Ingredient (recipe_id, ingredient_id, portion) VALUES (94, 54, 7);

INSERT INTO Recipe_Ingredient (recipe_id, ingredient_id, portion) VALUES (94, 52, 5);

INSERT INTO Recipe_Ingredient (recipe_id, ingredient_id, portion) VALUES (94, 63, 2);

INSERT INTO Recipe_Ingredient (recipe_id, ingredient_id, portion) VALUES (94, 129, 1);

INSERT INTO Recipe_Ingredient (recipe_id, ingredient_id, portion) VALUES (94, 162, 2);

INSERT INTO Recipe_Ingredient (recipe_id, ingredient_id, portion) VALUES (94, 130, 5);

INSERT INTO Recipe_Ingredient (recipe_id, ingredient_id, portion) VALUES (94, 36, 2);

INSERT INTO Recipe_Ingredient (recipe_id, ingredient_id, portion) VALUES (94, 18, 3);

INSERT INTO Recipe_Ingredient (recipe_id, ingredient_id, portion) VALUES (94, 74, 1);

INSERT INTO Recipe_Thematic_Unit (recipe_id, thematic_unit_id) VALUES (94, 6);

INSERT INTO Recipe (recipe_type, name, national_cuisine_id, difficulty_level, description, tip1, tip2, tip3, cooking_time, prep_time, portions, basic_ingredient_id, image_id) VALUES ('pastry', 'Spanish Lentil Soup', 19, 3, 'Road tree research cut not lose yeah reality. Step middle recognize enter where message success. Fill born card per there decide.', 'you can use leftovers', 'better when fresh', 'better with slow cooking', 136, 30, 4, 191, 123);

INSERT INTO Step (recipe_id, order_number, description) VALUES (95, 1, 'However though father culture fire why.');

INSERT INTO Step (recipe_id, order_number, description) VALUES (95, 2, 'Down free argue ask.');

INSERT INTO Step (recipe_id, order_number, description) VALUES (95, 3, 'Material reason end court.');

INSERT INTO Step (recipe_id, order_number, description) VALUES (95, 4, 'Front while trouble half officer meeting professor.');

INSERT INTO Nutritional_Info (recipe_id, fat_per_portion, carbs_per_portion, protein_per_portion) VALUES (95, 288, 29, 248);

INSERT INTO Recipe_Meal_Type (recipe_id, meal_type_id) VALUES (95, 4);

INSERT INTO Recipe_Label (recipe_id, label_id) VALUES (95, 3);

INSERT INTO Recipe_Label (recipe_id, label_id) VALUES (95, 4);

INSERT INTO Recipe_Label (recipe_id, label_id) VALUES (95, 7);

INSERT INTO Recipe_Label (recipe_id, label_id) VALUES (95, 1);

INSERT INTO Recipe_Equipment (recipe_id, equipment_id) VALUES (95, 38);

INSERT INTO Recipe_Ingredient (recipe_id, ingredient_id, portion) VALUES (95, 129, 1);

INSERT INTO Recipe_Ingredient (recipe_id, ingredient_id, portion) VALUES (95, 43, 2);

INSERT INTO Recipe_Ingredient (recipe_id, ingredient_id, portion) VALUES (95, 163, 2);

INSERT INTO Recipe_Ingredient (recipe_id, ingredient_id, portion) VALUES (95, 36, 3);

INSERT INTO Recipe_Ingredient (recipe_id, ingredient_id, portion) VALUES (95, 120, 8);

INSERT INTO Recipe_Ingredient (recipe_id, ingredient_id, portion) VALUES (95, 77, 3);

INSERT INTO Recipe_Ingredient (recipe_id, ingredient_id, portion) VALUES (95, 152, 2);

INSERT INTO Recipe_Ingredient (recipe_id, ingredient_id, portion) VALUES (95, 76, 4);

INSERT INTO Recipe_Ingredient (recipe_id, ingredient_id, portion) VALUES (95, 28, 8);

INSERT INTO Recipe_Ingredient (recipe_id, ingredient_id, portion) VALUES (95, 148, 4);

INSERT INTO Recipe_Ingredient (recipe_id, ingredient_id, portion) VALUES (95, 169, 1);

INSERT INTO Recipe_Ingredient (recipe_id, ingredient_id, portion) VALUES (95, 191, 6);

INSERT INTO Recipe_Thematic_Unit (recipe_id, thematic_unit_id) VALUES (95, 6);

INSERT INTO Recipe_Thematic_Unit (recipe_id, thematic_unit_id) VALUES (95, 13);

INSERT INTO Recipe (recipe_type, name, national_cuisine_id, difficulty_level, description, tip1, tip2, tip3, cooking_time, prep_time, portions, basic_ingredient_id, image_id) VALUES ('pastry', 'Chocolate Chip Irish Soda Bread', 20, 5, 'Enter only friend thought seem each pretty. Throw bit hit language quite laugh. Career cell whatever test science nature.', 'better with slow cooking', 'it needs a fridge', 'better after 2 days', 25, 18, 8, 147, 124);

INSERT INTO Step (recipe_id, order_number, description) VALUES (96, 1, 'Able teach her both good unit.');

INSERT INTO Nutritional_Info (recipe_id, fat_per_portion, carbs_per_portion, protein_per_portion) VALUES (96, 259, 111, 200);

INSERT INTO Recipe_Meal_Type (recipe_id, meal_type_id) VALUES (96, 5);

INSERT INTO Recipe_Meal_Type (recipe_id, meal_type_id) VALUES (96, 2);

INSERT INTO Recipe_Meal_Type (recipe_id, meal_type_id) VALUES (96, 1);

INSERT INTO Recipe_Label (recipe_id, label_id) VALUES (96, 5);

INSERT INTO Recipe_Label (recipe_id, label_id) VALUES (96, 1);

INSERT INTO Recipe_Label (recipe_id, label_id) VALUES (96, 8);

INSERT INTO Recipe_Equipment (recipe_id, equipment_id) VALUES (96, 11);

INSERT INTO Recipe_Equipment (recipe_id, equipment_id) VALUES (96, 25);

INSERT INTO Recipe_Equipment (recipe_id, equipment_id) VALUES (96, 49);

INSERT INTO Recipe_Equipment (recipe_id, equipment_id) VALUES (96, 39);

INSERT INTO Recipe_Equipment (recipe_id, equipment_id) VALUES (96, 6);

INSERT INTO Recipe_Equipment (recipe_id, equipment_id) VALUES (96, 17);

INSERT INTO Recipe_Equipment (recipe_id, equipment_id) VALUES (96, 8);

INSERT INTO Recipe_Equipment (recipe_id, equipment_id) VALUES (96, 5);

INSERT INTO Recipe_Ingredient (recipe_id, ingredient_id, portion) VALUES (96, 3, 1);

INSERT INTO Recipe_Ingredient (recipe_id, ingredient_id, portion) VALUES (96, 37, 1);

INSERT INTO Recipe_Ingredient (recipe_id, ingredient_id, portion) VALUES (96, 65, 5);

INSERT INTO Recipe_Ingredient (recipe_id, ingredient_id, portion) VALUES (96, 149, 4);

INSERT INTO Recipe_Ingredient (recipe_id, ingredient_id, portion) VALUES (96, 175, 6);

INSERT INTO Recipe_Ingredient (recipe_id, ingredient_id, portion) VALUES (96, 75, 1);

INSERT INTO Recipe_Ingredient (recipe_id, ingredient_id, portion) VALUES (96, 128, 5);

INSERT INTO Recipe_Ingredient (recipe_id, ingredient_id, portion) VALUES (96, 81, 4);

INSERT INTO Recipe_Ingredient (recipe_id, ingredient_id, portion) VALUES (96, 19, 7);

INSERT INTO Recipe_Ingredient (recipe_id, ingredient_id, portion) VALUES (96, 79, 2);

INSERT INTO Recipe_Ingredient (recipe_id, ingredient_id, portion) VALUES (96, 117, 3);

INSERT INTO Recipe_Ingredient (recipe_id, ingredient_id, portion) VALUES (96, 91, 7);

INSERT INTO Recipe_Ingredient (recipe_id, ingredient_id, portion) VALUES (96, 86, 6);

INSERT INTO Recipe_Ingredient (recipe_id, ingredient_id, portion) VALUES (96, 52, 3);

INSERT INTO Recipe_Ingredient (recipe_id, ingredient_id, portion) VALUES (96, 147, 3);

INSERT INTO Recipe_Thematic_Unit (recipe_id, thematic_unit_id) VALUES (96, 1);

INSERT INTO Recipe_Thematic_Unit (recipe_id, thematic_unit_id) VALUES (96, 7);

INSERT INTO Recipe (recipe_type, name, national_cuisine_id, difficulty_level, description, tip1, tip2, tip3, cooking_time, prep_time, portions, basic_ingredient_id, image_id) VALUES ('pastry', 'Malteese Gilatti', 20, 2, 'Suddenly moment product reduce gas our some go. Big color party value no organization method. Not painting without week could.', 'better after 2 days', 'you have to be careful not to let it get stack', 'you can store iy outside the fridge', 61, 17, 1, 19, 125);

INSERT INTO Step (recipe_id, order_number, description) VALUES (97, 1, 'Several away age study military.');

INSERT INTO Step (recipe_id, order_number, description) VALUES (97, 2, 'Along believe camera force argue above carry.');

INSERT INTO Step (recipe_id, order_number, description) VALUES (97, 3, 'House simply up wait test different message investment.');

INSERT INTO Step (recipe_id, order_number, description) VALUES (97, 4, 'Ball movie doctor building weight.');

INSERT INTO Step (recipe_id, order_number, description) VALUES (97, 5, 'Rock think country career.');

INSERT INTO Step (recipe_id, order_number, description) VALUES (97, 6, 'Enjoy fall end Republican common care response.');

INSERT INTO Nutritional_Info (recipe_id, fat_per_portion, carbs_per_portion, protein_per_portion) VALUES (97, 156, 91, 200);

INSERT INTO Recipe_Meal_Type (recipe_id, meal_type_id) VALUES (97, 4);

INSERT INTO Recipe_Meal_Type (recipe_id, meal_type_id) VALUES (97, 5);

INSERT INTO Recipe_Meal_Type (recipe_id, meal_type_id) VALUES (97, 6);

INSERT INTO Recipe_Label (recipe_id, label_id) VALUES (97, 10);

INSERT INTO Recipe_Label (recipe_id, label_id) VALUES (97, 7);

INSERT INTO Recipe_Equipment (recipe_id, equipment_id) VALUES (97, 19);

INSERT INTO Recipe_Equipment (recipe_id, equipment_id) VALUES (97, 39);

INSERT INTO Recipe_Equipment (recipe_id, equipment_id) VALUES (97, 8);

INSERT INTO Recipe_Equipment (recipe_id, equipment_id) VALUES (97, 26);

INSERT INTO Recipe_Equipment (recipe_id, equipment_id) VALUES (97, 2);

INSERT INTO Recipe_Equipment (recipe_id, equipment_id) VALUES (97, 42);

INSERT INTO Recipe_Ingredient (recipe_id, ingredient_id, portion) VALUES (97, 180, 5);

INSERT INTO Recipe_Ingredient (recipe_id, ingredient_id, portion) VALUES (97, 35, 6);

INSERT INTO Recipe_Ingredient (recipe_id, ingredient_id, portion) VALUES (97, 62, 5);

INSERT INTO Recipe_Ingredient (recipe_id, ingredient_id, portion) VALUES (97, 130, 7);

INSERT INTO Recipe_Ingredient (recipe_id, ingredient_id, portion) VALUES (97, 100, 5);

INSERT INTO Recipe_Ingredient (recipe_id, ingredient_id, portion) VALUES (97, 135, 2);

INSERT INTO Recipe_Ingredient (recipe_id, ingredient_id, portion) VALUES (97, 128, 8);

INSERT INTO Recipe_Ingredient (recipe_id, ingredient_id, portion) VALUES (97, 168, 4);

INSERT INTO Recipe_Ingredient (recipe_id, ingredient_id, portion) VALUES (97, 178, 2);

INSERT INTO Recipe_Ingredient (recipe_id, ingredient_id, portion) VALUES (97, 142, 6);

INSERT INTO Recipe_Ingredient (recipe_id, ingredient_id, portion) VALUES (97, 68, 3);

INSERT INTO Recipe_Ingredient (recipe_id, ingredient_id, portion) VALUES (97, 17, 2);

INSERT INTO Recipe_Ingredient (recipe_id, ingredient_id, portion) VALUES (97, 1, 1);

INSERT INTO Recipe_Ingredient (recipe_id, ingredient_id, portion) VALUES (97, 47, 4);

INSERT INTO Recipe_Ingredient (recipe_id, ingredient_id, portion) VALUES (97, 197, 4);

INSERT INTO Recipe_Ingredient (recipe_id, ingredient_id, portion) VALUES (97, 182, 3);

INSERT INTO Recipe_Ingredient (recipe_id, ingredient_id, portion) VALUES (97, 53, 7);

INSERT INTO Recipe_Ingredient (recipe_id, ingredient_id, portion) VALUES (97, 194, 2);

INSERT INTO Recipe_Ingredient (recipe_id, ingredient_id, portion) VALUES (97, 137, 4);

INSERT INTO Recipe_Ingredient (recipe_id, ingredient_id, portion) VALUES (97, 19, 5);

INSERT INTO Recipe_Thematic_Unit (recipe_id, thematic_unit_id) VALUES (97, 13);

INSERT INTO Recipe_Thematic_Unit (recipe_id, thematic_unit_id) VALUES (97, 7);

INSERT INTO Recipe_Thematic_Unit (recipe_id, thematic_unit_id) VALUES (97, 4);

INSERT INTO Recipe (recipe_type, name, national_cuisine_id, difficulty_level, description, tip1, tip2, cooking_time, prep_time, portions, basic_ingredient_id, image_id) VALUES ('cooking', 'Buckwheat Carrot and Onion', 20, 3, 'Experience discussion door husband boy look. That step impact oil environmental director. New experience discuss thus.', 'you can use leftovers', 'you need an oven', 16, 19, 4, 119, 126);

INSERT INTO Step (recipe_id, order_number, description) VALUES (98, 1, 'Modern husband trouble cost discuss.');

INSERT INTO Step (recipe_id, order_number, description) VALUES (98, 2, 'Cover west green source floor effect.');

INSERT INTO Step (recipe_id, order_number, description) VALUES (98, 3, 'Rise knowledge national manager.');

INSERT INTO Nutritional_Info (recipe_id, fat_per_portion, carbs_per_portion, protein_per_portion) VALUES (98, 355, 16, 53);

INSERT INTO Recipe_Meal_Type (recipe_id, meal_type_id) VALUES (98, 6);

INSERT INTO Recipe_Meal_Type (recipe_id, meal_type_id) VALUES (98, 3);

INSERT INTO Recipe_Meal_Type (recipe_id, meal_type_id) VALUES (98, 1);

INSERT INTO Recipe_Label (recipe_id, label_id) VALUES (98, 4);

INSERT INTO Recipe_Equipment (recipe_id, equipment_id) VALUES (98, 42);

INSERT INTO Recipe_Equipment (recipe_id, equipment_id) VALUES (98, 22);

INSERT INTO Recipe_Equipment (recipe_id, equipment_id) VALUES (98, 29);

INSERT INTO Recipe_Equipment (recipe_id, equipment_id) VALUES (98, 31);

INSERT INTO Recipe_Equipment (recipe_id, equipment_id) VALUES (98, 27);

INSERT INTO Recipe_Equipment (recipe_id, equipment_id) VALUES (98, 16);

INSERT INTO Recipe_Equipment (recipe_id, equipment_id) VALUES (98, 48);

INSERT INTO Recipe_Equipment (recipe_id, equipment_id) VALUES (98, 32);

INSERT INTO Recipe_Equipment (recipe_id, equipment_id) VALUES (98, 21);

INSERT INTO Recipe_Ingredient (recipe_id, ingredient_id, portion) VALUES (98, 62, 7);

INSERT INTO Recipe_Ingredient (recipe_id, ingredient_id, portion) VALUES (98, 34, 8);

INSERT INTO Recipe_Ingredient (recipe_id, ingredient_id, portion) VALUES (98, 190, 1);

INSERT INTO Recipe_Ingredient (recipe_id, ingredient_id, portion) VALUES (98, 69, 4);

INSERT INTO Recipe_Ingredient (recipe_id, ingredient_id, portion) VALUES (98, 191, 8);

INSERT INTO Recipe_Ingredient (recipe_id, ingredient_id, portion) VALUES (98, 119, 5);

INSERT INTO Recipe_Thematic_Unit (recipe_id, thematic_unit_id) VALUES (98, 7);

INSERT INTO Recipe_Thematic_Unit (recipe_id, thematic_unit_id) VALUES (98, 15);

INSERT INTO Recipe_Thematic_Unit (recipe_id, thematic_unit_id) VALUES (98, 2);

INSERT INTO Recipe (recipe_type, name, national_cuisine_id, difficulty_level, description, tip1, tip2, tip3, cooking_time, prep_time, portions, basic_ingredient_id, image_id) VALUES ('pastry', 'Sweet Potatoes with Yogurt and Chickpeas', 20, 2, 'Recognize rich able toward. Conference fear respond institution television police.', 'you can use leftovers', 'better without sugar', 'you need salt', 68, 8, 8, 63, 127);

INSERT INTO Step (recipe_id, order_number, description) VALUES (99, 1, 'Window car dark official.');

INSERT INTO Step (recipe_id, order_number, description) VALUES (99, 2, 'Economic back no score accept attention.');

INSERT INTO Step (recipe_id, order_number, description) VALUES (99, 3, 'Color admit type enjoy deep.');

INSERT INTO Nutritional_Info (recipe_id, fat_per_portion, carbs_per_portion, protein_per_portion) VALUES (99, 308, 160, 139);

INSERT INTO Recipe_Meal_Type (recipe_id, meal_type_id) VALUES (99, 1);

INSERT INTO Recipe_Label (recipe_id, label_id) VALUES (99, 5);

INSERT INTO Recipe_Equipment (recipe_id, equipment_id) VALUES (99, 44);

INSERT INTO Recipe_Equipment (recipe_id, equipment_id) VALUES (99, 18);

INSERT INTO Recipe_Equipment (recipe_id, equipment_id) VALUES (99, 45);

INSERT INTO Recipe_Equipment (recipe_id, equipment_id) VALUES (99, 6);

INSERT INTO Recipe_Equipment (recipe_id, equipment_id) VALUES (99, 5);

INSERT INTO Recipe_Equipment (recipe_id, equipment_id) VALUES (99, 37);

INSERT INTO Recipe_Equipment (recipe_id, equipment_id) VALUES (99, 50);

INSERT INTO Recipe_Equipment (recipe_id, equipment_id) VALUES (99, 1);

INSERT INTO Recipe_Equipment (recipe_id, equipment_id) VALUES (99, 46);

INSERT INTO Recipe_Equipment (recipe_id, equipment_id) VALUES (99, 38);

INSERT INTO Recipe_Ingredient (recipe_id, ingredient_id, portion) VALUES (99, 98, 1);

INSERT INTO Recipe_Ingredient (recipe_id, ingredient_id, portion) VALUES (99, 127, 1);

INSERT INTO Recipe_Ingredient (recipe_id, ingredient_id, portion) VALUES (99, 47, 5);

INSERT INTO Recipe_Ingredient (recipe_id, ingredient_id, portion) VALUES (99, 29, 4);

INSERT INTO Recipe_Ingredient (recipe_id, ingredient_id, portion) VALUES (99, 25, 6);

INSERT INTO Recipe_Ingredient (recipe_id, ingredient_id, portion) VALUES (99, 79, 8);

INSERT INTO Recipe_Ingredient (recipe_id, ingredient_id, portion) VALUES (99, 167, 4);

INSERT INTO Recipe_Ingredient (recipe_id, ingredient_id, portion) VALUES (99, 96, 1);

INSERT INTO Recipe_Ingredient (recipe_id, ingredient_id, portion) VALUES (99, 87, 5);

INSERT INTO Recipe_Ingredient (recipe_id, ingredient_id, portion) VALUES (99, 122, 3);

INSERT INTO Recipe_Ingredient (recipe_id, ingredient_id, portion) VALUES (99, 148, 2);

INSERT INTO Recipe_Ingredient (recipe_id, ingredient_id, portion) VALUES (99, 82, 5);

INSERT INTO Recipe_Ingredient (recipe_id, ingredient_id, portion) VALUES (99, 184, 6);

INSERT INTO Recipe_Ingredient (recipe_id, ingredient_id, portion) VALUES (99, 195, 2);

INSERT INTO Recipe_Ingredient (recipe_id, ingredient_id, portion) VALUES (99, 26, 6);

INSERT INTO Recipe_Ingredient (recipe_id, ingredient_id, portion) VALUES (99, 59, 1);

INSERT INTO Recipe_Ingredient (recipe_id, ingredient_id, portion) VALUES (99, 63, 4);

INSERT INTO Recipe_Thematic_Unit (recipe_id, thematic_unit_id) VALUES (99, 8);

INSERT INTO Recipe_Thematic_Unit (recipe_id, thematic_unit_id) VALUES (99, 14);

INSERT INTO Recipe_Thematic_Unit (recipe_id, thematic_unit_id) VALUES (99, 6);

INSERT INTO Recipe (recipe_type, name, national_cuisine_id, difficulty_level, description, tip1, cooking_time, prep_time, portions, basic_ingredient_id, image_id) VALUES ('pastry', 'Spanish Chickpeas', 20, 3, 'Interesting least sense anything spring memory less I. Middle cause value education ok movie picture hand.', 'better with butter instead of milk', 40, 14, 8, 152, 128);

INSERT INTO Step (recipe_id, order_number, description) VALUES (100, 1, 'Dark coach surface officer upon.');

INSERT INTO Step (recipe_id, order_number, description) VALUES (100, 2, 'My trouble small exactly which culture.');

INSERT INTO Nutritional_Info (recipe_id, fat_per_portion, carbs_per_portion, protein_per_portion) VALUES (100, 348, 123, 55);

INSERT INTO Recipe_Meal_Type (recipe_id, meal_type_id) VALUES (100, 3);

INSERT INTO Recipe_Meal_Type (recipe_id, meal_type_id) VALUES (100, 6);

INSERT INTO Recipe_Label (recipe_id, label_id) VALUES (100, 7);

INSERT INTO Recipe_Equipment (recipe_id, equipment_id) VALUES (100, 17);

INSERT INTO Recipe_Equipment (recipe_id, equipment_id) VALUES (100, 13);

INSERT INTO Recipe_Equipment (recipe_id, equipment_id) VALUES (100, 14);

INSERT INTO Recipe_Equipment (recipe_id, equipment_id) VALUES (100, 26);

INSERT INTO Recipe_Equipment (recipe_id, equipment_id) VALUES (100, 38);

INSERT INTO Recipe_Equipment (recipe_id, equipment_id) VALUES (100, 42);

INSERT INTO Recipe_Equipment (recipe_id, equipment_id) VALUES (100, 18);

INSERT INTO Recipe_Ingredient (recipe_id, ingredient_id, portion) VALUES (100, 198, 7);

INSERT INTO Recipe_Ingredient (recipe_id, ingredient_id, portion) VALUES (100, 51, 1);

INSERT INTO Recipe_Ingredient (recipe_id, ingredient_id, portion) VALUES (100, 152, 4);

INSERT INTO Recipe_Thematic_Unit (recipe_id, thematic_unit_id) VALUES (100, 15);
