#cook + cook_national_cuisine + recipe_cook
INSERT INTO Cook (user_id, first_name, last_name, phone_number, date_of_birth, years_of_experience, chef_status, image_id) VALUES (1, 'John','Morton', 0611831219090, 1986-07-29, 19, 'B', 329);

INSERT INTO Cook_National_Cuisine (cook_id, national_cuisine_id) VALUES (1, 9);

INSERT INTO Cook_National_Cuisine (cook_id, national_cuisine_id) VALUES (1, 4);

INSERT INTO Recipe_Cook (recipe_id, cook_id) VALUES (46, 1);

INSERT INTO Recipe_Cook (recipe_id, cook_id) VALUES (47, 1);

INSERT INTO Recipe_Cook (recipe_id, cook_id) VALUES (48, 1);

INSERT INTO Recipe_Cook (recipe_id, cook_id) VALUES (49, 1);

INSERT INTO Recipe_Cook (recipe_id, cook_id) VALUES (50, 1);

INSERT INTO Recipe_Cook (recipe_id, cook_id) VALUES (21, 1);

INSERT INTO Recipe_Cook (recipe_id, cook_id) VALUES (22, 1);

INSERT INTO Recipe_Cook (recipe_id, cook_id) VALUES (23, 1);

INSERT INTO Recipe_Cook (recipe_id, cook_id) VALUES (24, 1);

INSERT INTO Recipe_Cook (recipe_id, cook_id) VALUES (25, 1);

INSERT INTO Cook (user_id, first_name, last_name, phone_number, date_of_birth, years_of_experience, chef_status, image_id) VALUES (2, 'Lindsey','White', 9818936142395, 1994-01-24, 5, 'C', 330);

INSERT INTO Cook_National_Cuisine (cook_id, national_cuisine_id) VALUES (2, 4);

INSERT INTO Recipe_Cook (recipe_id, cook_id) VALUES (21, 2);

INSERT INTO Recipe_Cook (recipe_id, cook_id) VALUES (22, 2);

INSERT INTO Recipe_Cook (recipe_id, cook_id) VALUES (23, 2);

INSERT INTO Recipe_Cook (recipe_id, cook_id) VALUES (24, 2);

INSERT INTO Recipe_Cook (recipe_id, cook_id) VALUES (25, 2);

INSERT INTO Cook (user_id, first_name, last_name, phone_number, date_of_birth, years_of_experience, chef_status, image_id) VALUES (3, 'Peter','Roy', 8731535453710, 1989-08-05, 17, 'C', 331);

INSERT INTO Cook_National_Cuisine (cook_id, national_cuisine_id) VALUES (3, 11);

INSERT INTO Recipe_Cook (recipe_id, cook_id) VALUES (56, 3);

INSERT INTO Recipe_Cook (recipe_id, cook_id) VALUES (57, 3);

INSERT INTO Recipe_Cook (recipe_id, cook_id) VALUES (58, 3);

INSERT INTO Recipe_Cook (recipe_id, cook_id) VALUES (59, 3);

INSERT INTO Recipe_Cook (recipe_id, cook_id) VALUES (60, 3);

INSERT INTO Cook (user_id, first_name, last_name, phone_number, date_of_birth, years_of_experience, chef_status, image_id) VALUES (4, 'Marcus','Michael', 1115206060195, 1999-09-15, 2, 'B', 332);

INSERT INTO Cook_National_Cuisine (cook_id, national_cuisine_id) VALUES (4, 17);

INSERT INTO Cook_National_Cuisine (cook_id, national_cuisine_id) VALUES (4, 14);

INSERT INTO Cook_National_Cuisine (cook_id, national_cuisine_id) VALUES (4, 3);

INSERT INTO Recipe_Cook (recipe_id, cook_id) VALUES (86, 4);

INSERT INTO Recipe_Cook (recipe_id, cook_id) VALUES (87, 4);

INSERT INTO Recipe_Cook (recipe_id, cook_id) VALUES (88, 4);

INSERT INTO Recipe_Cook (recipe_id, cook_id) VALUES (89, 4);

INSERT INTO Recipe_Cook (recipe_id, cook_id) VALUES (90, 4);

INSERT INTO Recipe_Cook (recipe_id, cook_id) VALUES (71, 4);

INSERT INTO Recipe_Cook (recipe_id, cook_id) VALUES (72, 4);

INSERT INTO Recipe_Cook (recipe_id, cook_id) VALUES (73, 4);

INSERT INTO Recipe_Cook (recipe_id, cook_id) VALUES (74, 4);

INSERT INTO Recipe_Cook (recipe_id, cook_id) VALUES (75, 4);

INSERT INTO Recipe_Cook (recipe_id, cook_id) VALUES (16, 4);

INSERT INTO Recipe_Cook (recipe_id, cook_id) VALUES (17, 4);

INSERT INTO Recipe_Cook (recipe_id, cook_id) VALUES (18, 4);

INSERT INTO Recipe_Cook (recipe_id, cook_id) VALUES (19, 4);

INSERT INTO Recipe_Cook (recipe_id, cook_id) VALUES (20, 4);

INSERT INTO Cook (user_id, first_name, last_name, phone_number, date_of_birth, years_of_experience, chef_status, image_id) VALUES (5, 'Jeremiah','Miller', 6908741814885, 1998-04-10, 8, 'C', 333);

INSERT INTO Cook_National_Cuisine (cook_id, national_cuisine_id) VALUES (5, 15);

INSERT INTO Cook_National_Cuisine (cook_id, national_cuisine_id) VALUES (5, 9);

INSERT INTO Cook_National_Cuisine (cook_id, national_cuisine_id) VALUES (5, 4);

INSERT INTO Recipe_Cook (recipe_id, cook_id) VALUES (76, 5);

INSERT INTO Recipe_Cook (recipe_id, cook_id) VALUES (77, 5);

INSERT INTO Recipe_Cook (recipe_id, cook_id) VALUES (78, 5);

INSERT INTO Recipe_Cook (recipe_id, cook_id) VALUES (79, 5);

INSERT INTO Recipe_Cook (recipe_id, cook_id) VALUES (80, 5);

INSERT INTO Recipe_Cook (recipe_id, cook_id) VALUES (46, 5);

INSERT INTO Recipe_Cook (recipe_id, cook_id) VALUES (47, 5);

INSERT INTO Recipe_Cook (recipe_id, cook_id) VALUES (48, 5);

INSERT INTO Recipe_Cook (recipe_id, cook_id) VALUES (49, 5);

INSERT INTO Recipe_Cook (recipe_id, cook_id) VALUES (50, 5);

INSERT INTO Recipe_Cook (recipe_id, cook_id) VALUES (21, 5);

INSERT INTO Recipe_Cook (recipe_id, cook_id) VALUES (22, 5);

INSERT INTO Recipe_Cook (recipe_id, cook_id) VALUES (23, 5);

INSERT INTO Recipe_Cook (recipe_id, cook_id) VALUES (24, 5);

INSERT INTO Recipe_Cook (recipe_id, cook_id) VALUES (25, 5);

INSERT INTO Cook (user_id, first_name, last_name, phone_number, date_of_birth, years_of_experience, chef_status, image_id) VALUES (6, 'Sarah','Shannon', 8354478339761, 1973-09-08, 7, 'sous chef', 334);

INSERT INTO Cook_National_Cuisine (cook_id, national_cuisine_id) VALUES (6, 14);

INSERT INTO Recipe_Cook (recipe_id, cook_id) VALUES (71, 6);

INSERT INTO Recipe_Cook (recipe_id, cook_id) VALUES (72, 6);

INSERT INTO Recipe_Cook (recipe_id, cook_id) VALUES (73, 6);

INSERT INTO Recipe_Cook (recipe_id, cook_id) VALUES (74, 6);

INSERT INTO Recipe_Cook (recipe_id, cook_id) VALUES (75, 6);

INSERT INTO Cook (user_id, first_name, last_name, phone_number, date_of_birth, years_of_experience, chef_status, image_id) VALUES (7, 'Gabrielle','Rangel', 7121672768982, 1990-05-31, 7, 'C', 335);

INSERT INTO Cook_National_Cuisine (cook_id, national_cuisine_id) VALUES (7, 11);

INSERT INTO Recipe_Cook (recipe_id, cook_id) VALUES (56, 7);

INSERT INTO Recipe_Cook (recipe_id, cook_id) VALUES (57, 7);

INSERT INTO Recipe_Cook (recipe_id, cook_id) VALUES (58, 7);

INSERT INTO Recipe_Cook (recipe_id, cook_id) VALUES (59, 7);

INSERT INTO Recipe_Cook (recipe_id, cook_id) VALUES (60, 7);

INSERT INTO Cook (user_id, first_name, last_name, phone_number, date_of_birth, years_of_experience, chef_status, image_id) VALUES (8, 'Chase','Carter', 8390903807831, 1994-05-15, 1, 'B', 336);

INSERT INTO Cook_National_Cuisine (cook_id, national_cuisine_id) VALUES (8, 3);

INSERT INTO Recipe_Cook (recipe_id, cook_id) VALUES (16, 8);

INSERT INTO Recipe_Cook (recipe_id, cook_id) VALUES (17, 8);

INSERT INTO Recipe_Cook (recipe_id, cook_id) VALUES (18, 8);

INSERT INTO Recipe_Cook (recipe_id, cook_id) VALUES (19, 8);

INSERT INTO Recipe_Cook (recipe_id, cook_id) VALUES (20, 8);

INSERT INTO Cook (user_id, first_name, last_name, phone_number, date_of_birth, years_of_experience, chef_status, image_id) VALUES (9, 'Carlos','George', 3568553938715, 1985-06-20, 7, 'B', 337);

INSERT INTO Cook_National_Cuisine (cook_id, national_cuisine_id) VALUES (9, 2);

INSERT INTO Recipe_Cook (recipe_id, cook_id) VALUES (11, 9);

INSERT INTO Recipe_Cook (recipe_id, cook_id) VALUES (12, 9);

INSERT INTO Recipe_Cook (recipe_id, cook_id) VALUES (13, 9);

INSERT INTO Recipe_Cook (recipe_id, cook_id) VALUES (14, 9);

INSERT INTO Recipe_Cook (recipe_id, cook_id) VALUES (15, 9);

INSERT INTO Cook (user_id, first_name, last_name, phone_number, date_of_birth, years_of_experience, chef_status, image_id) VALUES (10, 'Sarah','Santiago', 4000067345229, 1960-07-04, 15, 'A', 338);

INSERT INTO Cook_National_Cuisine (cook_id, national_cuisine_id) VALUES (10, 3);

INSERT INTO Recipe_Cook (recipe_id, cook_id) VALUES (16, 10);

INSERT INTO Recipe_Cook (recipe_id, cook_id) VALUES (17, 10);

INSERT INTO Recipe_Cook (recipe_id, cook_id) VALUES (18, 10);

INSERT INTO Recipe_Cook (recipe_id, cook_id) VALUES (19, 10);

INSERT INTO Recipe_Cook (recipe_id, cook_id) VALUES (20, 10);

INSERT INTO Cook (user_id, first_name, last_name, phone_number, date_of_birth, years_of_experience, chef_status, image_id) VALUES (11, 'Gina','Cox', 7781297864437, 1987-10-05, 19, 'C', 339);

INSERT INTO Cook_National_Cuisine (cook_id, national_cuisine_id) VALUES (11, 3);

INSERT INTO Cook_National_Cuisine (cook_id, national_cuisine_id) VALUES (11, 12);

INSERT INTO Recipe_Cook (recipe_id, cook_id) VALUES (16, 11);

INSERT INTO Recipe_Cook (recipe_id, cook_id) VALUES (17, 11);

INSERT INTO Recipe_Cook (recipe_id, cook_id) VALUES (18, 11);

INSERT INTO Recipe_Cook (recipe_id, cook_id) VALUES (19, 11);

INSERT INTO Recipe_Cook (recipe_id, cook_id) VALUES (20, 11);

INSERT INTO Recipe_Cook (recipe_id, cook_id) VALUES (61, 11);

INSERT INTO Recipe_Cook (recipe_id, cook_id) VALUES (62, 11);

INSERT INTO Recipe_Cook (recipe_id, cook_id) VALUES (63, 11);

INSERT INTO Recipe_Cook (recipe_id, cook_id) VALUES (64, 11);

INSERT INTO Recipe_Cook (recipe_id, cook_id) VALUES (65, 11);

INSERT INTO Cook (user_id, first_name, last_name, phone_number, date_of_birth, years_of_experience, chef_status, image_id) VALUES (12, 'Kyle','Marshall', 0001029974195, 1996-08-04, 6, 'chef', 340);

INSERT INTO Cook_National_Cuisine (cook_id, national_cuisine_id) VALUES (12, 4);

INSERT INTO Cook_National_Cuisine (cook_id, national_cuisine_id) VALUES (12, 2);

INSERT INTO Recipe_Cook (recipe_id, cook_id) VALUES (21, 12);

INSERT INTO Recipe_Cook (recipe_id, cook_id) VALUES (22, 12);

INSERT INTO Recipe_Cook (recipe_id, cook_id) VALUES (23, 12);

INSERT INTO Recipe_Cook (recipe_id, cook_id) VALUES (24, 12);

INSERT INTO Recipe_Cook (recipe_id, cook_id) VALUES (25, 12);

INSERT INTO Recipe_Cook (recipe_id, cook_id) VALUES (11, 12);

INSERT INTO Recipe_Cook (recipe_id, cook_id) VALUES (12, 12);

INSERT INTO Recipe_Cook (recipe_id, cook_id) VALUES (13, 12);

INSERT INTO Recipe_Cook (recipe_id, cook_id) VALUES (14, 12);

INSERT INTO Recipe_Cook (recipe_id, cook_id) VALUES (15, 12);

INSERT INTO Cook (user_id, first_name, last_name, phone_number, date_of_birth, years_of_experience, chef_status, image_id) VALUES (13, 'Timothy','Olson', 3531451131825, 1961-06-25, 10, 'chef', 341);

INSERT INTO Cook_National_Cuisine (cook_id, national_cuisine_id) VALUES (13, 10);

INSERT INTO Recipe_Cook (recipe_id, cook_id) VALUES (51, 13);

INSERT INTO Recipe_Cook (recipe_id, cook_id) VALUES (52, 13);

INSERT INTO Recipe_Cook (recipe_id, cook_id) VALUES (53, 13);

INSERT INTO Recipe_Cook (recipe_id, cook_id) VALUES (54, 13);

INSERT INTO Recipe_Cook (recipe_id, cook_id) VALUES (55, 13);

INSERT INTO Cook (user_id, first_name, last_name, phone_number, date_of_birth, years_of_experience, chef_status, image_id) VALUES (14, 'Robert','Farmer', 0834939220883, 1993-08-02, 10, 'A', 342);

INSERT INTO Cook_National_Cuisine (cook_id, national_cuisine_id) VALUES (14, 12);

INSERT INTO Cook_National_Cuisine (cook_id, national_cuisine_id) VALUES (14, 16);

INSERT INTO Recipe_Cook (recipe_id, cook_id) VALUES (61, 14);

INSERT INTO Recipe_Cook (recipe_id, cook_id) VALUES (62, 14);

INSERT INTO Recipe_Cook (recipe_id, cook_id) VALUES (63, 14);

INSERT INTO Recipe_Cook (recipe_id, cook_id) VALUES (64, 14);

INSERT INTO Recipe_Cook (recipe_id, cook_id) VALUES (65, 14);

INSERT INTO Recipe_Cook (recipe_id, cook_id) VALUES (81, 14);

INSERT INTO Recipe_Cook (recipe_id, cook_id) VALUES (82, 14);

INSERT INTO Recipe_Cook (recipe_id, cook_id) VALUES (83, 14);

INSERT INTO Recipe_Cook (recipe_id, cook_id) VALUES (84, 14);

INSERT INTO Recipe_Cook (recipe_id, cook_id) VALUES (85, 14);

INSERT INTO Cook (user_id, first_name, last_name, phone_number, date_of_birth, years_of_experience, chef_status, image_id) VALUES (15, 'Alexandria','Hubbard', 6891486648529, 1988-09-28, 16, 'C', 343);

INSERT INTO Cook_National_Cuisine (cook_id, national_cuisine_id) VALUES (15, 17);

INSERT INTO Cook_National_Cuisine (cook_id, national_cuisine_id) VALUES (15, 7);

INSERT INTO Cook_National_Cuisine (cook_id, national_cuisine_id) VALUES (15, 19);

INSERT INTO Recipe_Cook (recipe_id, cook_id) VALUES (86, 15);

INSERT INTO Recipe_Cook (recipe_id, cook_id) VALUES (87, 15);

INSERT INTO Recipe_Cook (recipe_id, cook_id) VALUES (88, 15);

INSERT INTO Recipe_Cook (recipe_id, cook_id) VALUES (89, 15);

INSERT INTO Recipe_Cook (recipe_id, cook_id) VALUES (90, 15);

INSERT INTO Recipe_Cook (recipe_id, cook_id) VALUES (36, 15);

INSERT INTO Recipe_Cook (recipe_id, cook_id) VALUES (37, 15);

INSERT INTO Recipe_Cook (recipe_id, cook_id) VALUES (38, 15);

INSERT INTO Recipe_Cook (recipe_id, cook_id) VALUES (39, 15);

INSERT INTO Recipe_Cook (recipe_id, cook_id) VALUES (40, 15);

INSERT INTO Recipe_Cook (recipe_id, cook_id) VALUES (96, 15);

INSERT INTO Recipe_Cook (recipe_id, cook_id) VALUES (97, 15);

INSERT INTO Recipe_Cook (recipe_id, cook_id) VALUES (98, 15);

INSERT INTO Recipe_Cook (recipe_id, cook_id) VALUES (99, 15);

INSERT INTO Recipe_Cook (recipe_id, cook_id) VALUES (100, 15);

INSERT INTO Cook (user_id, first_name, last_name, phone_number, date_of_birth, years_of_experience, chef_status, image_id) VALUES (16, 'Joyce','Tucker', 9930837425163, 1977-06-22, 5, 'A', 344);

INSERT INTO Cook_National_Cuisine (cook_id, national_cuisine_id) VALUES (16, 2);

INSERT INTO Recipe_Cook (recipe_id, cook_id) VALUES (11, 16);

INSERT INTO Recipe_Cook (recipe_id, cook_id) VALUES (12, 16);

INSERT INTO Recipe_Cook (recipe_id, cook_id) VALUES (13, 16);

INSERT INTO Recipe_Cook (recipe_id, cook_id) VALUES (14, 16);

INSERT INTO Recipe_Cook (recipe_id, cook_id) VALUES (15, 16);

INSERT INTO Cook (user_id, first_name, last_name, phone_number, date_of_birth, years_of_experience, chef_status, image_id) VALUES (17, 'Cheryl','Maldonado', 3416062825518, 1966-09-29, 22, 'C', 345);

INSERT INTO Cook_National_Cuisine (cook_id, national_cuisine_id) VALUES (17, 3);

INSERT INTO Recipe_Cook (recipe_id, cook_id) VALUES (16, 17);

INSERT INTO Recipe_Cook (recipe_id, cook_id) VALUES (17, 17);

INSERT INTO Recipe_Cook (recipe_id, cook_id) VALUES (18, 17);

INSERT INTO Recipe_Cook (recipe_id, cook_id) VALUES (19, 17);

INSERT INTO Recipe_Cook (recipe_id, cook_id) VALUES (20, 17);

INSERT INTO Cook (user_id, first_name, last_name, phone_number, date_of_birth, years_of_experience, chef_status, image_id) VALUES (18, 'Michelle','Davidson', 6399089749118, 1981-04-06, 10, 'B', 346);

INSERT INTO Cook_National_Cuisine (cook_id, national_cuisine_id) VALUES (18, 14);

INSERT INTO Recipe_Cook (recipe_id, cook_id) VALUES (71, 18);

INSERT INTO Recipe_Cook (recipe_id, cook_id) VALUES (72, 18);

INSERT INTO Recipe_Cook (recipe_id, cook_id) VALUES (73, 18);

INSERT INTO Recipe_Cook (recipe_id, cook_id) VALUES (74, 18);

INSERT INTO Recipe_Cook (recipe_id, cook_id) VALUES (75, 18);

INSERT INTO Cook (user_id, first_name, last_name, phone_number, date_of_birth, years_of_experience, chef_status, image_id) VALUES (19, 'Chris','Castillo', 3388987396123, 1971-08-23, 8, 'B', 347);

INSERT INTO Cook_National_Cuisine (cook_id, national_cuisine_id) VALUES (19, 6);

INSERT INTO Cook_National_Cuisine (cook_id, national_cuisine_id) VALUES (19, 14);

INSERT INTO Cook_National_Cuisine (cook_id, national_cuisine_id) VALUES (19, 12);

INSERT INTO Recipe_Cook (recipe_id, cook_id) VALUES (31, 19);

INSERT INTO Recipe_Cook (recipe_id, cook_id) VALUES (32, 19);

INSERT INTO Recipe_Cook (recipe_id, cook_id) VALUES (33, 19);

INSERT INTO Recipe_Cook (recipe_id, cook_id) VALUES (34, 19);

INSERT INTO Recipe_Cook (recipe_id, cook_id) VALUES (35, 19);

INSERT INTO Recipe_Cook (recipe_id, cook_id) VALUES (71, 19);

INSERT INTO Recipe_Cook (recipe_id, cook_id) VALUES (72, 19);

INSERT INTO Recipe_Cook (recipe_id, cook_id) VALUES (73, 19);

INSERT INTO Recipe_Cook (recipe_id, cook_id) VALUES (74, 19);

INSERT INTO Recipe_Cook (recipe_id, cook_id) VALUES (75, 19);

INSERT INTO Recipe_Cook (recipe_id, cook_id) VALUES (61, 19);

INSERT INTO Recipe_Cook (recipe_id, cook_id) VALUES (62, 19);

INSERT INTO Recipe_Cook (recipe_id, cook_id) VALUES (63, 19);

INSERT INTO Recipe_Cook (recipe_id, cook_id) VALUES (64, 19);

INSERT INTO Recipe_Cook (recipe_id, cook_id) VALUES (65, 19);

INSERT INTO Cook (user_id, first_name, last_name, phone_number, date_of_birth, years_of_experience, chef_status, image_id) VALUES (20, 'Elizabeth','Rivera', 3176984948121, 1987-02-24, 5, 'sous chef', 348);

INSERT INTO Cook_National_Cuisine (cook_id, national_cuisine_id) VALUES (20, 15);

INSERT INTO Cook_National_Cuisine (cook_id, national_cuisine_id) VALUES (20, 7);

INSERT INTO Cook_National_Cuisine (cook_id, national_cuisine_id) VALUES (20, 4);

INSERT INTO Recipe_Cook (recipe_id, cook_id) VALUES (76, 20);

INSERT INTO Recipe_Cook (recipe_id, cook_id) VALUES (77, 20);

INSERT INTO Recipe_Cook (recipe_id, cook_id) VALUES (78, 20);

INSERT INTO Recipe_Cook (recipe_id, cook_id) VALUES (79, 20);

INSERT INTO Recipe_Cook (recipe_id, cook_id) VALUES (80, 20);

INSERT INTO Recipe_Cook (recipe_id, cook_id) VALUES (36, 20);

INSERT INTO Recipe_Cook (recipe_id, cook_id) VALUES (37, 20);

INSERT INTO Recipe_Cook (recipe_id, cook_id) VALUES (38, 20);

INSERT INTO Recipe_Cook (recipe_id, cook_id) VALUES (39, 20);

INSERT INTO Recipe_Cook (recipe_id, cook_id) VALUES (40, 20);

INSERT INTO Recipe_Cook (recipe_id, cook_id) VALUES (21, 20);

INSERT INTO Recipe_Cook (recipe_id, cook_id) VALUES (22, 20);

INSERT INTO Recipe_Cook (recipe_id, cook_id) VALUES (23, 20);

INSERT INTO Recipe_Cook (recipe_id, cook_id) VALUES (24, 20);

INSERT INTO Recipe_Cook (recipe_id, cook_id) VALUES (25, 20);

INSERT INTO Cook (user_id, first_name, last_name, phone_number, date_of_birth, years_of_experience, chef_status, image_id) VALUES (21, 'Heather','Brown', 7014161237638, 1970-04-02, 23, 'sous chef', 349);

INSERT INTO Cook_National_Cuisine (cook_id, national_cuisine_id) VALUES (21, 8);

INSERT INTO Cook_National_Cuisine (cook_id, national_cuisine_id) VALUES (21, 15);

INSERT INTO Cook_National_Cuisine (cook_id, national_cuisine_id) VALUES (21, 16);

INSERT INTO Recipe_Cook (recipe_id, cook_id) VALUES (41, 21);

INSERT INTO Recipe_Cook (recipe_id, cook_id) VALUES (42, 21);

INSERT INTO Recipe_Cook (recipe_id, cook_id) VALUES (43, 21);

INSERT INTO Recipe_Cook (recipe_id, cook_id) VALUES (44, 21);

INSERT INTO Recipe_Cook (recipe_id, cook_id) VALUES (45, 21);

INSERT INTO Recipe_Cook (recipe_id, cook_id) VALUES (76, 21);

INSERT INTO Recipe_Cook (recipe_id, cook_id) VALUES (77, 21);

INSERT INTO Recipe_Cook (recipe_id, cook_id) VALUES (78, 21);

INSERT INTO Recipe_Cook (recipe_id, cook_id) VALUES (79, 21);

INSERT INTO Recipe_Cook (recipe_id, cook_id) VALUES (80, 21);

INSERT INTO Recipe_Cook (recipe_id, cook_id) VALUES (81, 21);

INSERT INTO Recipe_Cook (recipe_id, cook_id) VALUES (82, 21);

INSERT INTO Recipe_Cook (recipe_id, cook_id) VALUES (83, 21);

INSERT INTO Recipe_Cook (recipe_id, cook_id) VALUES (84, 21);

INSERT INTO Recipe_Cook (recipe_id, cook_id) VALUES (85, 21);

INSERT INTO Cook (user_id, first_name, last_name, phone_number, date_of_birth, years_of_experience, chef_status, image_id) VALUES (22, 'Michael','Snyder', 1046236316153, 1969-07-04, 29, 'sous chef', 350);

INSERT INTO Cook_National_Cuisine (cook_id, national_cuisine_id) VALUES (22, 19);

INSERT INTO Recipe_Cook (recipe_id, cook_id) VALUES (96, 22);

INSERT INTO Recipe_Cook (recipe_id, cook_id) VALUES (97, 22);

INSERT INTO Recipe_Cook (recipe_id, cook_id) VALUES (98, 22);

INSERT INTO Recipe_Cook (recipe_id, cook_id) VALUES (99, 22);

INSERT INTO Recipe_Cook (recipe_id, cook_id) VALUES (100, 22);

INSERT INTO Cook (user_id, first_name, last_name, phone_number, date_of_birth, years_of_experience, chef_status, image_id) VALUES (23, 'Rebecca','Wilson', 1619800641160, 1975-08-18, 5, 'C', 351);

INSERT INTO Cook_National_Cuisine (cook_id, national_cuisine_id) VALUES (23, 16);

INSERT INTO Cook_National_Cuisine (cook_id, national_cuisine_id) VALUES (23, 1);

INSERT INTO Cook_National_Cuisine (cook_id, national_cuisine_id) VALUES (23, 17);

INSERT INTO Recipe_Cook (recipe_id, cook_id) VALUES (81, 23);

INSERT INTO Recipe_Cook (recipe_id, cook_id) VALUES (82, 23);

INSERT INTO Recipe_Cook (recipe_id, cook_id) VALUES (83, 23);

INSERT INTO Recipe_Cook (recipe_id, cook_id) VALUES (84, 23);

INSERT INTO Recipe_Cook (recipe_id, cook_id) VALUES (85, 23);

INSERT INTO Recipe_Cook (recipe_id, cook_id) VALUES (6, 23);

INSERT INTO Recipe_Cook (recipe_id, cook_id) VALUES (7, 23);

INSERT INTO Recipe_Cook (recipe_id, cook_id) VALUES (8, 23);

INSERT INTO Recipe_Cook (recipe_id, cook_id) VALUES (9, 23);

INSERT INTO Recipe_Cook (recipe_id, cook_id) VALUES (10, 23);

INSERT INTO Recipe_Cook (recipe_id, cook_id) VALUES (86, 23);

INSERT INTO Recipe_Cook (recipe_id, cook_id) VALUES (87, 23);

INSERT INTO Recipe_Cook (recipe_id, cook_id) VALUES (88, 23);

INSERT INTO Recipe_Cook (recipe_id, cook_id) VALUES (89, 23);

INSERT INTO Recipe_Cook (recipe_id, cook_id) VALUES (90, 23);

INSERT INTO Cook (user_id, first_name, last_name, phone_number, date_of_birth, years_of_experience, chef_status, image_id) VALUES (24, 'Samantha','Campbell', 5127509169095, 1997-07-22, 8, 'sous chef', 352);

INSERT INTO Cook_National_Cuisine (cook_id, national_cuisine_id) VALUES (24, 8);

INSERT INTO Recipe_Cook (recipe_id, cook_id) VALUES (41, 24);

INSERT INTO Recipe_Cook (recipe_id, cook_id) VALUES (42, 24);

INSERT INTO Recipe_Cook (recipe_id, cook_id) VALUES (43, 24);

INSERT INTO Recipe_Cook (recipe_id, cook_id) VALUES (44, 24);

INSERT INTO Recipe_Cook (recipe_id, cook_id) VALUES (45, 24);

INSERT INTO Cook (user_id, first_name, last_name, phone_number, date_of_birth, years_of_experience, chef_status, image_id) VALUES (25, 'David','Allen', 5991079196207, 1968-01-14, 33, 'C', 353);

INSERT INTO Cook_National_Cuisine (cook_id, national_cuisine_id) VALUES (25, 11);

INSERT INTO Cook_National_Cuisine (cook_id, national_cuisine_id) VALUES (25, 4);

INSERT INTO Recipe_Cook (recipe_id, cook_id) VALUES (56, 25);

INSERT INTO Recipe_Cook (recipe_id, cook_id) VALUES (57, 25);

INSERT INTO Recipe_Cook (recipe_id, cook_id) VALUES (58, 25);

INSERT INTO Recipe_Cook (recipe_id, cook_id) VALUES (59, 25);

INSERT INTO Recipe_Cook (recipe_id, cook_id) VALUES (60, 25);

INSERT INTO Recipe_Cook (recipe_id, cook_id) VALUES (21, 25);

INSERT INTO Recipe_Cook (recipe_id, cook_id) VALUES (22, 25);

INSERT INTO Recipe_Cook (recipe_id, cook_id) VALUES (23, 25);

INSERT INTO Recipe_Cook (recipe_id, cook_id) VALUES (24, 25);

INSERT INTO Recipe_Cook (recipe_id, cook_id) VALUES (25, 25);

INSERT INTO Cook (user_id, first_name, last_name, phone_number, date_of_birth, years_of_experience, chef_status, image_id) VALUES (26, 'Michele','Taylor', 6368485594742, 1997-07-28, 5, 'chef', 354);

INSERT INTO Cook_National_Cuisine (cook_id, national_cuisine_id) VALUES (26, 6);

INSERT INTO Cook_National_Cuisine (cook_id, national_cuisine_id) VALUES (26, 3);

INSERT INTO Cook_National_Cuisine (cook_id, national_cuisine_id) VALUES (26, 7);

INSERT INTO Recipe_Cook (recipe_id, cook_id) VALUES (31, 26);

INSERT INTO Recipe_Cook (recipe_id, cook_id) VALUES (32, 26);

INSERT INTO Recipe_Cook (recipe_id, cook_id) VALUES (33, 26);

INSERT INTO Recipe_Cook (recipe_id, cook_id) VALUES (34, 26);

INSERT INTO Recipe_Cook (recipe_id, cook_id) VALUES (35, 26);

INSERT INTO Recipe_Cook (recipe_id, cook_id) VALUES (16, 26);

INSERT INTO Recipe_Cook (recipe_id, cook_id) VALUES (17, 26);

INSERT INTO Recipe_Cook (recipe_id, cook_id) VALUES (18, 26);

INSERT INTO Recipe_Cook (recipe_id, cook_id) VALUES (19, 26);

INSERT INTO Recipe_Cook (recipe_id, cook_id) VALUES (20, 26);

INSERT INTO Recipe_Cook (recipe_id, cook_id) VALUES (36, 26);

INSERT INTO Recipe_Cook (recipe_id, cook_id) VALUES (37, 26);

INSERT INTO Recipe_Cook (recipe_id, cook_id) VALUES (38, 26);

INSERT INTO Recipe_Cook (recipe_id, cook_id) VALUES (39, 26);

INSERT INTO Recipe_Cook (recipe_id, cook_id) VALUES (40, 26);

INSERT INTO Cook (user_id, first_name, last_name, phone_number, date_of_birth, years_of_experience, chef_status, image_id) VALUES (27, 'Mario','Patel', 0338526715802, 1981-05-06, 24, 'chef', 355);

INSERT INTO Cook_National_Cuisine (cook_id, national_cuisine_id) VALUES (27, 4);

INSERT INTO Cook_National_Cuisine (cook_id, national_cuisine_id) VALUES (27, 1);

INSERT INTO Recipe_Cook (recipe_id, cook_id) VALUES (21, 27);

INSERT INTO Recipe_Cook (recipe_id, cook_id) VALUES (22, 27);

INSERT INTO Recipe_Cook (recipe_id, cook_id) VALUES (23, 27);

INSERT INTO Recipe_Cook (recipe_id, cook_id) VALUES (24, 27);

INSERT INTO Recipe_Cook (recipe_id, cook_id) VALUES (25, 27);

INSERT INTO Recipe_Cook (recipe_id, cook_id) VALUES (6, 27);

INSERT INTO Recipe_Cook (recipe_id, cook_id) VALUES (7, 27);

INSERT INTO Recipe_Cook (recipe_id, cook_id) VALUES (8, 27);

INSERT INTO Recipe_Cook (recipe_id, cook_id) VALUES (9, 27);

INSERT INTO Recipe_Cook (recipe_id, cook_id) VALUES (10, 27);

INSERT INTO Cook (user_id, first_name, last_name, phone_number, date_of_birth, years_of_experience, chef_status, image_id) VALUES (28, 'Anthony','Huber', 4901669111806, 1982-10-28, 5, 'chef', 356);

INSERT INTO Cook_National_Cuisine (cook_id, national_cuisine_id) VALUES (28, 17);

INSERT INTO Cook_National_Cuisine (cook_id, national_cuisine_id) VALUES (28, 19);

INSERT INTO Recipe_Cook (recipe_id, cook_id) VALUES (86, 28);

INSERT INTO Recipe_Cook (recipe_id, cook_id) VALUES (87, 28);

INSERT INTO Recipe_Cook (recipe_id, cook_id) VALUES (88, 28);

INSERT INTO Recipe_Cook (recipe_id, cook_id) VALUES (89, 28);

INSERT INTO Recipe_Cook (recipe_id, cook_id) VALUES (90, 28);

INSERT INTO Recipe_Cook (recipe_id, cook_id) VALUES (96, 28);

INSERT INTO Recipe_Cook (recipe_id, cook_id) VALUES (97, 28);

INSERT INTO Recipe_Cook (recipe_id, cook_id) VALUES (98, 28);

INSERT INTO Recipe_Cook (recipe_id, cook_id) VALUES (99, 28);

INSERT INTO Recipe_Cook (recipe_id, cook_id) VALUES (100, 28);

INSERT INTO Cook (user_id, first_name, last_name, phone_number, date_of_birth, years_of_experience, chef_status, image_id) VALUES (29, 'Melissa','Todd', 9183967656403, 1970-06-01, 20, 'sous chef', 357);

INSERT INTO Cook_National_Cuisine (cook_id, national_cuisine_id) VALUES (29, 13);

INSERT INTO Cook_National_Cuisine (cook_id, national_cuisine_id) VALUES (29, 1);

INSERT INTO Recipe_Cook (recipe_id, cook_id) VALUES (66, 29);

INSERT INTO Recipe_Cook (recipe_id, cook_id) VALUES (67, 29);

INSERT INTO Recipe_Cook (recipe_id, cook_id) VALUES (68, 29);

INSERT INTO Recipe_Cook (recipe_id, cook_id) VALUES (69, 29);

INSERT INTO Recipe_Cook (recipe_id, cook_id) VALUES (70, 29);

INSERT INTO Recipe_Cook (recipe_id, cook_id) VALUES (6, 29);

INSERT INTO Recipe_Cook (recipe_id, cook_id) VALUES (7, 29);

INSERT INTO Recipe_Cook (recipe_id, cook_id) VALUES (8, 29);

INSERT INTO Recipe_Cook (recipe_id, cook_id) VALUES (9, 29);

INSERT INTO Recipe_Cook (recipe_id, cook_id) VALUES (10, 29);

INSERT INTO Cook (user_id, first_name, last_name, phone_number, date_of_birth, years_of_experience, chef_status, image_id) VALUES (30, 'Wesley','Smith', 6398500009205, 1994-09-19, 4, 'A', 358);

INSERT INTO Cook_National_Cuisine (cook_id, national_cuisine_id) VALUES (30, 17);

INSERT INTO Cook_National_Cuisine (cook_id, national_cuisine_id) VALUES (30, 4);

INSERT INTO Cook_National_Cuisine (cook_id, national_cuisine_id) VALUES (30, 6);

INSERT INTO Recipe_Cook (recipe_id, cook_id) VALUES (86, 30);

INSERT INTO Recipe_Cook (recipe_id, cook_id) VALUES (87, 30);

INSERT INTO Recipe_Cook (recipe_id, cook_id) VALUES (88, 30);

INSERT INTO Recipe_Cook (recipe_id, cook_id) VALUES (89, 30);

INSERT INTO Recipe_Cook (recipe_id, cook_id) VALUES (90, 30);

INSERT INTO Recipe_Cook (recipe_id, cook_id) VALUES (21, 30);

INSERT INTO Recipe_Cook (recipe_id, cook_id) VALUES (22, 30);

INSERT INTO Recipe_Cook (recipe_id, cook_id) VALUES (23, 30);

INSERT INTO Recipe_Cook (recipe_id, cook_id) VALUES (24, 30);

INSERT INTO Recipe_Cook (recipe_id, cook_id) VALUES (25, 30);

INSERT INTO Recipe_Cook (recipe_id, cook_id) VALUES (31, 30);

INSERT INTO Recipe_Cook (recipe_id, cook_id) VALUES (32, 30);

INSERT INTO Recipe_Cook (recipe_id, cook_id) VALUES (33, 30);

INSERT INTO Recipe_Cook (recipe_id, cook_id) VALUES (34, 30);

INSERT INTO Recipe_Cook (recipe_id, cook_id) VALUES (35, 30);

INSERT INTO Cook (user_id, first_name, last_name, phone_number, date_of_birth, years_of_experience, chef_status, image_id) VALUES (31, 'Deanna','Thompson', 8624278642446, 2000-03-23, 5, 'sous chef', 359);

INSERT INTO Cook_National_Cuisine (cook_id, national_cuisine_id) VALUES (31, 2);

INSERT INTO Cook_National_Cuisine (cook_id, national_cuisine_id) VALUES (31, 18);

INSERT INTO Recipe_Cook (recipe_id, cook_id) VALUES (11, 31);

INSERT INTO Recipe_Cook (recipe_id, cook_id) VALUES (12, 31);

INSERT INTO Recipe_Cook (recipe_id, cook_id) VALUES (13, 31);

INSERT INTO Recipe_Cook (recipe_id, cook_id) VALUES (14, 31);

INSERT INTO Recipe_Cook (recipe_id, cook_id) VALUES (15, 31);

INSERT INTO Recipe_Cook (recipe_id, cook_id) VALUES (91, 31);

INSERT INTO Recipe_Cook (recipe_id, cook_id) VALUES (92, 31);

INSERT INTO Recipe_Cook (recipe_id, cook_id) VALUES (93, 31);

INSERT INTO Recipe_Cook (recipe_id, cook_id) VALUES (94, 31);

INSERT INTO Recipe_Cook (recipe_id, cook_id) VALUES (95, 31);

INSERT INTO Cook (user_id, first_name, last_name, phone_number, date_of_birth, years_of_experience, chef_status, image_id) VALUES (32, 'Megan','Foster', 4281010394651, 1978-04-23, 19, 'chef', 360);

INSERT INTO Cook_National_Cuisine (cook_id, national_cuisine_id) VALUES (32, 3);

INSERT INTO Cook_National_Cuisine (cook_id, national_cuisine_id) VALUES (32, 8);

INSERT INTO Recipe_Cook (recipe_id, cook_id) VALUES (16, 32);

INSERT INTO Recipe_Cook (recipe_id, cook_id) VALUES (17, 32);

INSERT INTO Recipe_Cook (recipe_id, cook_id) VALUES (18, 32);

INSERT INTO Recipe_Cook (recipe_id, cook_id) VALUES (19, 32);

INSERT INTO Recipe_Cook (recipe_id, cook_id) VALUES (20, 32);

INSERT INTO Recipe_Cook (recipe_id, cook_id) VALUES (41, 32);

INSERT INTO Recipe_Cook (recipe_id, cook_id) VALUES (42, 32);

INSERT INTO Recipe_Cook (recipe_id, cook_id) VALUES (43, 32);

INSERT INTO Recipe_Cook (recipe_id, cook_id) VALUES (44, 32);

INSERT INTO Recipe_Cook (recipe_id, cook_id) VALUES (45, 32);

INSERT INTO Cook (user_id, first_name, last_name, phone_number, date_of_birth, years_of_experience, chef_status, image_id) VALUES (33, 'Crystal','Kennedy', 2555283969707, 1988-11-25, 15, 'C', 361);

INSERT INTO Cook_National_Cuisine (cook_id, national_cuisine_id) VALUES (33, 6);

INSERT INTO Cook_National_Cuisine (cook_id, national_cuisine_id) VALUES (33, 15);

INSERT INTO Recipe_Cook (recipe_id, cook_id) VALUES (31, 33);

INSERT INTO Recipe_Cook (recipe_id, cook_id) VALUES (32, 33);

INSERT INTO Recipe_Cook (recipe_id, cook_id) VALUES (33, 33);

INSERT INTO Recipe_Cook (recipe_id, cook_id) VALUES (34, 33);

INSERT INTO Recipe_Cook (recipe_id, cook_id) VALUES (35, 33);

INSERT INTO Recipe_Cook (recipe_id, cook_id) VALUES (76, 33);

INSERT INTO Recipe_Cook (recipe_id, cook_id) VALUES (77, 33);

INSERT INTO Recipe_Cook (recipe_id, cook_id) VALUES (78, 33);

INSERT INTO Recipe_Cook (recipe_id, cook_id) VALUES (79, 33);

INSERT INTO Recipe_Cook (recipe_id, cook_id) VALUES (80, 33);

INSERT INTO Cook (user_id, first_name, last_name, phone_number, date_of_birth, years_of_experience, chef_status, image_id) VALUES (34, 'Mark','Lee', 2579929201194, 1973-12-12, 4, 'B', 362);

INSERT INTO Cook_National_Cuisine (cook_id, national_cuisine_id) VALUES (34, 7);

INSERT INTO Recipe_Cook (recipe_id, cook_id) VALUES (36, 34);

INSERT INTO Recipe_Cook (recipe_id, cook_id) VALUES (37, 34);

INSERT INTO Recipe_Cook (recipe_id, cook_id) VALUES (38, 34);

INSERT INTO Recipe_Cook (recipe_id, cook_id) VALUES (39, 34);

INSERT INTO Recipe_Cook (recipe_id, cook_id) VALUES (40, 34);

INSERT INTO Cook (user_id, first_name, last_name, phone_number, date_of_birth, years_of_experience, chef_status, image_id) VALUES (35, 'Aaron','Greer', 9251168672378, 1986-01-19, 8, 'C', 363);

INSERT INTO Cook_National_Cuisine (cook_id, national_cuisine_id) VALUES (35, 10);

INSERT INTO Cook_National_Cuisine (cook_id, national_cuisine_id) VALUES (35, 19);

INSERT INTO Cook_National_Cuisine (cook_id, national_cuisine_id) VALUES (35, 15);

INSERT INTO Recipe_Cook (recipe_id, cook_id) VALUES (51, 35);

INSERT INTO Recipe_Cook (recipe_id, cook_id) VALUES (52, 35);

INSERT INTO Recipe_Cook (recipe_id, cook_id) VALUES (53, 35);

INSERT INTO Recipe_Cook (recipe_id, cook_id) VALUES (54, 35);

INSERT INTO Recipe_Cook (recipe_id, cook_id) VALUES (55, 35);

INSERT INTO Recipe_Cook (recipe_id, cook_id) VALUES (96, 35);

INSERT INTO Recipe_Cook (recipe_id, cook_id) VALUES (97, 35);

INSERT INTO Recipe_Cook (recipe_id, cook_id) VALUES (98, 35);

INSERT INTO Recipe_Cook (recipe_id, cook_id) VALUES (99, 35);

INSERT INTO Recipe_Cook (recipe_id, cook_id) VALUES (100, 35);

INSERT INTO Recipe_Cook (recipe_id, cook_id) VALUES (76, 35);

INSERT INTO Recipe_Cook (recipe_id, cook_id) VALUES (77, 35);

INSERT INTO Recipe_Cook (recipe_id, cook_id) VALUES (78, 35);

INSERT INTO Recipe_Cook (recipe_id, cook_id) VALUES (79, 35);

INSERT INTO Recipe_Cook (recipe_id, cook_id) VALUES (80, 35);

INSERT INTO Cook (user_id, first_name, last_name, phone_number, date_of_birth, years_of_experience, chef_status, image_id) VALUES (36, 'Keith','Beard', 6751689334099, 1985-08-08, 11, 'C', 364);

INSERT INTO Cook_National_Cuisine (cook_id, national_cuisine_id) VALUES (36, 6);

INSERT INTO Cook_National_Cuisine (cook_id, national_cuisine_id) VALUES (36, 8);

INSERT INTO Cook_National_Cuisine (cook_id, national_cuisine_id) VALUES (36, 19);

INSERT INTO Recipe_Cook (recipe_id, cook_id) VALUES (31, 36);

INSERT INTO Recipe_Cook (recipe_id, cook_id) VALUES (32, 36);

INSERT INTO Recipe_Cook (recipe_id, cook_id) VALUES (33, 36);

INSERT INTO Recipe_Cook (recipe_id, cook_id) VALUES (34, 36);

INSERT INTO Recipe_Cook (recipe_id, cook_id) VALUES (35, 36);

INSERT INTO Recipe_Cook (recipe_id, cook_id) VALUES (41, 36);

INSERT INTO Recipe_Cook (recipe_id, cook_id) VALUES (42, 36);

INSERT INTO Recipe_Cook (recipe_id, cook_id) VALUES (43, 36);

INSERT INTO Recipe_Cook (recipe_id, cook_id) VALUES (44, 36);

INSERT INTO Recipe_Cook (recipe_id, cook_id) VALUES (45, 36);

INSERT INTO Recipe_Cook (recipe_id, cook_id) VALUES (96, 36);

INSERT INTO Recipe_Cook (recipe_id, cook_id) VALUES (97, 36);

INSERT INTO Recipe_Cook (recipe_id, cook_id) VALUES (98, 36);

INSERT INTO Recipe_Cook (recipe_id, cook_id) VALUES (99, 36);

INSERT INTO Recipe_Cook (recipe_id, cook_id) VALUES (100, 36);

INSERT INTO Cook (user_id, first_name, last_name, phone_number, date_of_birth, years_of_experience, chef_status, image_id) VALUES (37, 'Lori','Hunt', 2666073090701, 1990-06-12, 15, 'chef', 365);

INSERT INTO Cook_National_Cuisine (cook_id, national_cuisine_id) VALUES (37, 17);

INSERT INTO Cook_National_Cuisine (cook_id, national_cuisine_id) VALUES (37, 13);

INSERT INTO Recipe_Cook (recipe_id, cook_id) VALUES (86, 37);

INSERT INTO Recipe_Cook (recipe_id, cook_id) VALUES (87, 37);

INSERT INTO Recipe_Cook (recipe_id, cook_id) VALUES (88, 37);

INSERT INTO Recipe_Cook (recipe_id, cook_id) VALUES (89, 37);

INSERT INTO Recipe_Cook (recipe_id, cook_id) VALUES (90, 37);

INSERT INTO Recipe_Cook (recipe_id, cook_id) VALUES (66, 37);

INSERT INTO Recipe_Cook (recipe_id, cook_id) VALUES (67, 37);

INSERT INTO Recipe_Cook (recipe_id, cook_id) VALUES (68, 37);

INSERT INTO Recipe_Cook (recipe_id, cook_id) VALUES (69, 37);

INSERT INTO Recipe_Cook (recipe_id, cook_id) VALUES (70, 37);

INSERT INTO Cook (user_id, first_name, last_name, phone_number, date_of_birth, years_of_experience, chef_status, image_id) VALUES (38, 'John','Bryant', 5430978032184, 1997-08-02, 1, 'sous chef', 366);

INSERT INTO Cook_National_Cuisine (cook_id, national_cuisine_id) VALUES (38, 17);

INSERT INTO Recipe_Cook (recipe_id, cook_id) VALUES (86, 38);

INSERT INTO Recipe_Cook (recipe_id, cook_id) VALUES (87, 38);

INSERT INTO Recipe_Cook (recipe_id, cook_id) VALUES (88, 38);

INSERT INTO Recipe_Cook (recipe_id, cook_id) VALUES (89, 38);

INSERT INTO Recipe_Cook (recipe_id, cook_id) VALUES (90, 38);

INSERT INTO Cook (user_id, first_name, last_name, phone_number, date_of_birth, years_of_experience, chef_status, image_id) VALUES (39, 'Jerry','Hodges', 0999781224823, 1974-07-01, 23, 'B', 367);

INSERT INTO Cook_National_Cuisine (cook_id, national_cuisine_id) VALUES (39, 17);

INSERT INTO Cook_National_Cuisine (cook_id, national_cuisine_id) VALUES (39, 15);

INSERT INTO Cook_National_Cuisine (cook_id, national_cuisine_id) VALUES (39, 16);

INSERT INTO Recipe_Cook (recipe_id, cook_id) VALUES (86, 39);

INSERT INTO Recipe_Cook (recipe_id, cook_id) VALUES (87, 39);

INSERT INTO Recipe_Cook (recipe_id, cook_id) VALUES (88, 39);

INSERT INTO Recipe_Cook (recipe_id, cook_id) VALUES (89, 39);

INSERT INTO Recipe_Cook (recipe_id, cook_id) VALUES (90, 39);

INSERT INTO Recipe_Cook (recipe_id, cook_id) VALUES (76, 39);

INSERT INTO Recipe_Cook (recipe_id, cook_id) VALUES (77, 39);

INSERT INTO Recipe_Cook (recipe_id, cook_id) VALUES (78, 39);

INSERT INTO Recipe_Cook (recipe_id, cook_id) VALUES (79, 39);

INSERT INTO Recipe_Cook (recipe_id, cook_id) VALUES (80, 39);

INSERT INTO Recipe_Cook (recipe_id, cook_id) VALUES (81, 39);

INSERT INTO Recipe_Cook (recipe_id, cook_id) VALUES (82, 39);

INSERT INTO Recipe_Cook (recipe_id, cook_id) VALUES (83, 39);

INSERT INTO Recipe_Cook (recipe_id, cook_id) VALUES (84, 39);

INSERT INTO Recipe_Cook (recipe_id, cook_id) VALUES (85, 39);

INSERT INTO Cook (user_id, first_name, last_name, phone_number, date_of_birth, years_of_experience, chef_status, image_id) VALUES (40, 'Tanya','Benson', 0571859583940, 1995-08-18, 6, 'chef', 368);

INSERT INTO Cook_National_Cuisine (cook_id, national_cuisine_id) VALUES (40, 1);

INSERT INTO Cook_National_Cuisine (cook_id, national_cuisine_id) VALUES (40, 9);

INSERT INTO Recipe_Cook (recipe_id, cook_id) VALUES (6, 40);

INSERT INTO Recipe_Cook (recipe_id, cook_id) VALUES (7, 40);

INSERT INTO Recipe_Cook (recipe_id, cook_id) VALUES (8, 40);

INSERT INTO Recipe_Cook (recipe_id, cook_id) VALUES (9, 40);

INSERT INTO Recipe_Cook (recipe_id, cook_id) VALUES (10, 40);

INSERT INTO Recipe_Cook (recipe_id, cook_id) VALUES (46, 40);

INSERT INTO Recipe_Cook (recipe_id, cook_id) VALUES (47, 40);

INSERT INTO Recipe_Cook (recipe_id, cook_id) VALUES (48, 40);

INSERT INTO Recipe_Cook (recipe_id, cook_id) VALUES (49, 40);

INSERT INTO Recipe_Cook (recipe_id, cook_id) VALUES (50, 40);

INSERT INTO Cook (user_id, first_name, last_name, phone_number, date_of_birth, years_of_experience, chef_status, image_id) VALUES (41, 'Noah','Barnes', 1925996156747, 1980-12-12, 22, 'sous chef', 369);

INSERT INTO Cook_National_Cuisine (cook_id, national_cuisine_id) VALUES (41, 14);

INSERT INTO Recipe_Cook (recipe_id, cook_id) VALUES (71, 41);

INSERT INTO Recipe_Cook (recipe_id, cook_id) VALUES (72, 41);

INSERT INTO Recipe_Cook (recipe_id, cook_id) VALUES (73, 41);

INSERT INTO Recipe_Cook (recipe_id, cook_id) VALUES (74, 41);

INSERT INTO Recipe_Cook (recipe_id, cook_id) VALUES (75, 41);

INSERT INTO Cook (user_id, first_name, last_name, phone_number, date_of_birth, years_of_experience, chef_status, image_id) VALUES (42, 'Donald','Johnson', 9488448401801, 1984-12-21, 18, 'C', 370);

INSERT INTO Cook_National_Cuisine (cook_id, national_cuisine_id) VALUES (42, 15);

INSERT INTO Cook_National_Cuisine (cook_id, national_cuisine_id) VALUES (42, 17);

INSERT INTO Recipe_Cook (recipe_id, cook_id) VALUES (76, 42);

INSERT INTO Recipe_Cook (recipe_id, cook_id) VALUES (77, 42);

INSERT INTO Recipe_Cook (recipe_id, cook_id) VALUES (78, 42);

INSERT INTO Recipe_Cook (recipe_id, cook_id) VALUES (79, 42);

INSERT INTO Recipe_Cook (recipe_id, cook_id) VALUES (80, 42);

INSERT INTO Recipe_Cook (recipe_id, cook_id) VALUES (86, 42);

INSERT INTO Recipe_Cook (recipe_id, cook_id) VALUES (87, 42);

INSERT INTO Recipe_Cook (recipe_id, cook_id) VALUES (88, 42);

INSERT INTO Recipe_Cook (recipe_id, cook_id) VALUES (89, 42);

INSERT INTO Recipe_Cook (recipe_id, cook_id) VALUES (90, 42);

INSERT INTO Cook (user_id, first_name, last_name, phone_number, date_of_birth, years_of_experience, chef_status, image_id) VALUES (43, 'Nathan','George', 7796249681584, 1963-01-02, 26, 'sous chef', 371);

INSERT INTO Cook_National_Cuisine (cook_id, national_cuisine_id) VALUES (43, 8);

INSERT INTO Cook_National_Cuisine (cook_id, national_cuisine_id) VALUES (43, 19);

INSERT INTO Cook_National_Cuisine (cook_id, national_cuisine_id) VALUES (43, 12);

INSERT INTO Recipe_Cook (recipe_id, cook_id) VALUES (41, 43);

INSERT INTO Recipe_Cook (recipe_id, cook_id) VALUES (42, 43);

INSERT INTO Recipe_Cook (recipe_id, cook_id) VALUES (43, 43);

INSERT INTO Recipe_Cook (recipe_id, cook_id) VALUES (44, 43);

INSERT INTO Recipe_Cook (recipe_id, cook_id) VALUES (45, 43);

INSERT INTO Recipe_Cook (recipe_id, cook_id) VALUES (96, 43);

INSERT INTO Recipe_Cook (recipe_id, cook_id) VALUES (97, 43);

INSERT INTO Recipe_Cook (recipe_id, cook_id) VALUES (98, 43);

INSERT INTO Recipe_Cook (recipe_id, cook_id) VALUES (99, 43);

INSERT INTO Recipe_Cook (recipe_id, cook_id) VALUES (100, 43);

INSERT INTO Recipe_Cook (recipe_id, cook_id) VALUES (61, 43);

INSERT INTO Recipe_Cook (recipe_id, cook_id) VALUES (62, 43);

INSERT INTO Recipe_Cook (recipe_id, cook_id) VALUES (63, 43);

INSERT INTO Recipe_Cook (recipe_id, cook_id) VALUES (64, 43);

INSERT INTO Recipe_Cook (recipe_id, cook_id) VALUES (65, 43);

INSERT INTO Cook (user_id, first_name, last_name, phone_number, date_of_birth, years_of_experience, chef_status, image_id) VALUES (44, 'Megan','Riddle', 8559449769656, 1992-09-30, 13, 'sous chef', 372);

INSERT INTO Cook_National_Cuisine (cook_id, national_cuisine_id) VALUES (44, 14);

INSERT INTO Cook_National_Cuisine (cook_id, national_cuisine_id) VALUES (44, 1);

INSERT INTO Recipe_Cook (recipe_id, cook_id) VALUES (71, 44);

INSERT INTO Recipe_Cook (recipe_id, cook_id) VALUES (72, 44);

INSERT INTO Recipe_Cook (recipe_id, cook_id) VALUES (73, 44);

INSERT INTO Recipe_Cook (recipe_id, cook_id) VALUES (74, 44);

INSERT INTO Recipe_Cook (recipe_id, cook_id) VALUES (75, 44);

INSERT INTO Recipe_Cook (recipe_id, cook_id) VALUES (6, 44);

INSERT INTO Recipe_Cook (recipe_id, cook_id) VALUES (7, 44);

INSERT INTO Recipe_Cook (recipe_id, cook_id) VALUES (8, 44);

INSERT INTO Recipe_Cook (recipe_id, cook_id) VALUES (9, 44);

INSERT INTO Recipe_Cook (recipe_id, cook_id) VALUES (10, 44);

INSERT INTO Cook (user_id, first_name, last_name, phone_number, date_of_birth, years_of_experience, chef_status, image_id) VALUES (45, 'Christina','Schmidt', 8943891308278, 1991-12-31, 11, 'A', 373);

INSERT INTO Cook_National_Cuisine (cook_id, national_cuisine_id) VALUES (45, 10);

INSERT INTO Cook_National_Cuisine (cook_id, national_cuisine_id) VALUES (45, 2);

INSERT INTO Cook_National_Cuisine (cook_id, national_cuisine_id) VALUES (45, 16);

INSERT INTO Recipe_Cook (recipe_id, cook_id) VALUES (51, 45);

INSERT INTO Recipe_Cook (recipe_id, cook_id) VALUES (52, 45);

INSERT INTO Recipe_Cook (recipe_id, cook_id) VALUES (53, 45);

INSERT INTO Recipe_Cook (recipe_id, cook_id) VALUES (54, 45);

INSERT INTO Recipe_Cook (recipe_id, cook_id) VALUES (55, 45);

INSERT INTO Recipe_Cook (recipe_id, cook_id) VALUES (11, 45);

INSERT INTO Recipe_Cook (recipe_id, cook_id) VALUES (12, 45);

INSERT INTO Recipe_Cook (recipe_id, cook_id) VALUES (13, 45);

INSERT INTO Recipe_Cook (recipe_id, cook_id) VALUES (14, 45);

INSERT INTO Recipe_Cook (recipe_id, cook_id) VALUES (15, 45);

INSERT INTO Recipe_Cook (recipe_id, cook_id) VALUES (81, 45);

INSERT INTO Recipe_Cook (recipe_id, cook_id) VALUES (82, 45);

INSERT INTO Recipe_Cook (recipe_id, cook_id) VALUES (83, 45);

INSERT INTO Recipe_Cook (recipe_id, cook_id) VALUES (84, 45);

INSERT INTO Recipe_Cook (recipe_id, cook_id) VALUES (85, 45);

INSERT INTO Cook (user_id, first_name, last_name, phone_number, date_of_birth, years_of_experience, chef_status, image_id) VALUES (46, 'Daniel','Sherman', 8196604047460, 1993-08-09, 1, 'B', 374);

INSERT INTO Cook_National_Cuisine (cook_id, national_cuisine_id) VALUES (46, 1);

INSERT INTO Cook_National_Cuisine (cook_id, national_cuisine_id) VALUES (46, 15);

INSERT INTO Recipe_Cook (recipe_id, cook_id) VALUES (6, 46);

INSERT INTO Recipe_Cook (recipe_id, cook_id) VALUES (7, 46);

INSERT INTO Recipe_Cook (recipe_id, cook_id) VALUES (8, 46);

INSERT INTO Recipe_Cook (recipe_id, cook_id) VALUES (9, 46);

INSERT INTO Recipe_Cook (recipe_id, cook_id) VALUES (10, 46);

INSERT INTO Recipe_Cook (recipe_id, cook_id) VALUES (76, 46);

INSERT INTO Recipe_Cook (recipe_id, cook_id) VALUES (77, 46);

INSERT INTO Recipe_Cook (recipe_id, cook_id) VALUES (78, 46);

INSERT INTO Recipe_Cook (recipe_id, cook_id) VALUES (79, 46);

INSERT INTO Recipe_Cook (recipe_id, cook_id) VALUES (80, 46);

INSERT INTO Cook (user_id, first_name, last_name, phone_number, date_of_birth, years_of_experience, chef_status, image_id) VALUES (47, 'Ricardo','Miller', 8269635725145, 1983-01-23, 20, 'A', 375);

INSERT INTO Cook_National_Cuisine (cook_id, national_cuisine_id) VALUES (47, 11);

INSERT INTO Cook_National_Cuisine (cook_id, national_cuisine_id) VALUES (47, 3);

INSERT INTO Recipe_Cook (recipe_id, cook_id) VALUES (56, 47);

INSERT INTO Recipe_Cook (recipe_id, cook_id) VALUES (57, 47);

INSERT INTO Recipe_Cook (recipe_id, cook_id) VALUES (58, 47);

INSERT INTO Recipe_Cook (recipe_id, cook_id) VALUES (59, 47);

INSERT INTO Recipe_Cook (recipe_id, cook_id) VALUES (60, 47);

INSERT INTO Recipe_Cook (recipe_id, cook_id) VALUES (16, 47);

INSERT INTO Recipe_Cook (recipe_id, cook_id) VALUES (17, 47);

INSERT INTO Recipe_Cook (recipe_id, cook_id) VALUES (18, 47);

INSERT INTO Recipe_Cook (recipe_id, cook_id) VALUES (19, 47);

INSERT INTO Recipe_Cook (recipe_id, cook_id) VALUES (20, 47);

INSERT INTO Cook (user_id, first_name, last_name, phone_number, date_of_birth, years_of_experience, chef_status, image_id) VALUES (48, 'James','Lloyd', 4291541012423, 1977-11-08, 15, 'sous chef', 376);

INSERT INTO Cook_National_Cuisine (cook_id, national_cuisine_id) VALUES (48, 12);

INSERT INTO Cook_National_Cuisine (cook_id, national_cuisine_id) VALUES (48, 13);

INSERT INTO Cook_National_Cuisine (cook_id, national_cuisine_id) VALUES (48, 5);

INSERT INTO Recipe_Cook (recipe_id, cook_id) VALUES (61, 48);

INSERT INTO Recipe_Cook (recipe_id, cook_id) VALUES (62, 48);

INSERT INTO Recipe_Cook (recipe_id, cook_id) VALUES (63, 48);

INSERT INTO Recipe_Cook (recipe_id, cook_id) VALUES (64, 48);

INSERT INTO Recipe_Cook (recipe_id, cook_id) VALUES (65, 48);

INSERT INTO Recipe_Cook (recipe_id, cook_id) VALUES (66, 48);

INSERT INTO Recipe_Cook (recipe_id, cook_id) VALUES (67, 48);

INSERT INTO Recipe_Cook (recipe_id, cook_id) VALUES (68, 48);

INSERT INTO Recipe_Cook (recipe_id, cook_id) VALUES (69, 48);

INSERT INTO Recipe_Cook (recipe_id, cook_id) VALUES (70, 48);

INSERT INTO Recipe_Cook (recipe_id, cook_id) VALUES (26, 48);

INSERT INTO Recipe_Cook (recipe_id, cook_id) VALUES (27, 48);

INSERT INTO Recipe_Cook (recipe_id, cook_id) VALUES (28, 48);

INSERT INTO Recipe_Cook (recipe_id, cook_id) VALUES (29, 48);

INSERT INTO Recipe_Cook (recipe_id, cook_id) VALUES (30, 48);

INSERT INTO Cook (user_id, first_name, last_name, phone_number, date_of_birth, years_of_experience, chef_status, image_id) VALUES (49, 'James','Lawson', 5904179714243, 1963-02-25, 24, 'sous chef', 377);

INSERT INTO Cook_National_Cuisine (cook_id, national_cuisine_id) VALUES (49, 1);

INSERT INTO Recipe_Cook (recipe_id, cook_id) VALUES (6, 49);

INSERT INTO Recipe_Cook (recipe_id, cook_id) VALUES (7, 49);

INSERT INTO Recipe_Cook (recipe_id, cook_id) VALUES (8, 49);

INSERT INTO Recipe_Cook (recipe_id, cook_id) VALUES (9, 49);

INSERT INTO Recipe_Cook (recipe_id, cook_id) VALUES (10, 49);

INSERT INTO Cook (user_id, first_name, last_name, phone_number, date_of_birth, years_of_experience, chef_status, image_id) VALUES (50, 'Matthew','Lambert', 5145441865058, 1986-02-18, 7, 'chef', 378);

INSERT INTO Cook_National_Cuisine (cook_id, national_cuisine_id) VALUES (50, 3);

INSERT INTO Recipe_Cook (recipe_id, cook_id) VALUES (16, 50);

INSERT INTO Recipe_Cook (recipe_id, cook_id) VALUES (17, 50);

INSERT INTO Recipe_Cook (recipe_id, cook_id) VALUES (18, 50);

INSERT INTO Recipe_Cook (recipe_id, cook_id) VALUES (19, 50);

INSERT INTO Recipe_Cook (recipe_id, cook_id) VALUES (20, 50);

INSERT INTO Cook (user_id, first_name, last_name, phone_number, date_of_birth, years_of_experience, chef_status, image_id) VALUES (51, 'Ricky','Carroll', 7186887947278, 1989-12-26, 11, 'B', 379);

INSERT INTO Cook_National_Cuisine (cook_id, national_cuisine_id) VALUES (51, 3);

INSERT INTO Cook_National_Cuisine (cook_id, national_cuisine_id) VALUES (51, 13);

INSERT INTO Recipe_Cook (recipe_id, cook_id) VALUES (16, 51);

INSERT INTO Recipe_Cook (recipe_id, cook_id) VALUES (17, 51);

INSERT INTO Recipe_Cook (recipe_id, cook_id) VALUES (18, 51);

INSERT INTO Recipe_Cook (recipe_id, cook_id) VALUES (19, 51);

INSERT INTO Recipe_Cook (recipe_id, cook_id) VALUES (20, 51);

INSERT INTO Recipe_Cook (recipe_id, cook_id) VALUES (66, 51);

INSERT INTO Recipe_Cook (recipe_id, cook_id) VALUES (67, 51);

INSERT INTO Recipe_Cook (recipe_id, cook_id) VALUES (68, 51);

INSERT INTO Recipe_Cook (recipe_id, cook_id) VALUES (69, 51);

INSERT INTO Recipe_Cook (recipe_id, cook_id) VALUES (70, 51);

INSERT INTO Cook (user_id, first_name, last_name, phone_number, date_of_birth, years_of_experience, chef_status, image_id) VALUES (52, 'Samantha','Anderson', 8936422950656, 1962-10-01, 6, 'A', 380);

INSERT INTO Cook_National_Cuisine (cook_id, national_cuisine_id) VALUES (52, 14);

INSERT INTO Cook_National_Cuisine (cook_id, national_cuisine_id) VALUES (52, 3);

INSERT INTO Recipe_Cook (recipe_id, cook_id) VALUES (71, 52);

INSERT INTO Recipe_Cook (recipe_id, cook_id) VALUES (72, 52);

INSERT INTO Recipe_Cook (recipe_id, cook_id) VALUES (73, 52);

INSERT INTO Recipe_Cook (recipe_id, cook_id) VALUES (74, 52);

INSERT INTO Recipe_Cook (recipe_id, cook_id) VALUES (75, 52);

INSERT INTO Recipe_Cook (recipe_id, cook_id) VALUES (16, 52);

INSERT INTO Recipe_Cook (recipe_id, cook_id) VALUES (17, 52);

INSERT INTO Recipe_Cook (recipe_id, cook_id) VALUES (18, 52);

INSERT INTO Recipe_Cook (recipe_id, cook_id) VALUES (19, 52);

INSERT INTO Recipe_Cook (recipe_id, cook_id) VALUES (20, 52);

INSERT INTO Cook (user_id, first_name, last_name, phone_number, date_of_birth, years_of_experience, chef_status, image_id) VALUES (53, 'Lisa','Stewart', 3346801777673, 1964-04-24, 17, 'sous chef', 381);

INSERT INTO Cook_National_Cuisine (cook_id, national_cuisine_id) VALUES (53, 15);

INSERT INTO Cook_National_Cuisine (cook_id, national_cuisine_id) VALUES (53, 16);

INSERT INTO Recipe_Cook (recipe_id, cook_id) VALUES (76, 53);

INSERT INTO Recipe_Cook (recipe_id, cook_id) VALUES (77, 53);

INSERT INTO Recipe_Cook (recipe_id, cook_id) VALUES (78, 53);

INSERT INTO Recipe_Cook (recipe_id, cook_id) VALUES (79, 53);

INSERT INTO Recipe_Cook (recipe_id, cook_id) VALUES (80, 53);

INSERT INTO Recipe_Cook (recipe_id, cook_id) VALUES (81, 53);

INSERT INTO Recipe_Cook (recipe_id, cook_id) VALUES (82, 53);

INSERT INTO Recipe_Cook (recipe_id, cook_id) VALUES (83, 53);

INSERT INTO Recipe_Cook (recipe_id, cook_id) VALUES (84, 53);

INSERT INTO Recipe_Cook (recipe_id, cook_id) VALUES (85, 53);

INSERT INTO Cook (user_id, first_name, last_name, phone_number, date_of_birth, years_of_experience, chef_status, image_id) VALUES (54, 'Brian','Johnson', 1173904995580, 2000-02-25, 6, 'sous chef', 382);

INSERT INTO Cook_National_Cuisine (cook_id, national_cuisine_id) VALUES (54, 15);

INSERT INTO Cook_National_Cuisine (cook_id, national_cuisine_id) VALUES (54, 11);

INSERT INTO Recipe_Cook (recipe_id, cook_id) VALUES (76, 54);

INSERT INTO Recipe_Cook (recipe_id, cook_id) VALUES (77, 54);

INSERT INTO Recipe_Cook (recipe_id, cook_id) VALUES (78, 54);

INSERT INTO Recipe_Cook (recipe_id, cook_id) VALUES (79, 54);

INSERT INTO Recipe_Cook (recipe_id, cook_id) VALUES (80, 54);

INSERT INTO Recipe_Cook (recipe_id, cook_id) VALUES (56, 54);

INSERT INTO Recipe_Cook (recipe_id, cook_id) VALUES (57, 54);

INSERT INTO Recipe_Cook (recipe_id, cook_id) VALUES (58, 54);

INSERT INTO Recipe_Cook (recipe_id, cook_id) VALUES (59, 54);

INSERT INTO Recipe_Cook (recipe_id, cook_id) VALUES (60, 54);

INSERT INTO Cook (user_id, first_name, last_name, phone_number, date_of_birth, years_of_experience, chef_status, image_id) VALUES (55, 'Nicole','Roth', 1475081926104, 1977-06-10, 28, 'A', 383);

INSERT INTO Cook_National_Cuisine (cook_id, national_cuisine_id) VALUES (55, 11);

INSERT INTO Cook_National_Cuisine (cook_id, national_cuisine_id) VALUES (55, 6);

INSERT INTO Recipe_Cook (recipe_id, cook_id) VALUES (56, 55);

INSERT INTO Recipe_Cook (recipe_id, cook_id) VALUES (57, 55);

INSERT INTO Recipe_Cook (recipe_id, cook_id) VALUES (58, 55);

INSERT INTO Recipe_Cook (recipe_id, cook_id) VALUES (59, 55);

INSERT INTO Recipe_Cook (recipe_id, cook_id) VALUES (60, 55);

INSERT INTO Recipe_Cook (recipe_id, cook_id) VALUES (31, 55);

INSERT INTO Recipe_Cook (recipe_id, cook_id) VALUES (32, 55);

INSERT INTO Recipe_Cook (recipe_id, cook_id) VALUES (33, 55);

INSERT INTO Recipe_Cook (recipe_id, cook_id) VALUES (34, 55);

INSERT INTO Recipe_Cook (recipe_id, cook_id) VALUES (35, 55);

INSERT INTO Cook (user_id, first_name, last_name, phone_number, date_of_birth, years_of_experience, chef_status, image_id) VALUES (56, 'Michael','Smith', 7642828456910, 1971-06-02, 35, 'C', 384);

INSERT INTO Cook_National_Cuisine (cook_id, national_cuisine_id) VALUES (56, 14);

INSERT INTO Cook_National_Cuisine (cook_id, national_cuisine_id) VALUES (56, 3);

INSERT INTO Cook_National_Cuisine (cook_id, national_cuisine_id) VALUES (56, 15);

INSERT INTO Recipe_Cook (recipe_id, cook_id) VALUES (71, 56);

INSERT INTO Recipe_Cook (recipe_id, cook_id) VALUES (72, 56);

INSERT INTO Recipe_Cook (recipe_id, cook_id) VALUES (73, 56);

INSERT INTO Recipe_Cook (recipe_id, cook_id) VALUES (74, 56);

INSERT INTO Recipe_Cook (recipe_id, cook_id) VALUES (75, 56);

INSERT INTO Recipe_Cook (recipe_id, cook_id) VALUES (16, 56);

INSERT INTO Recipe_Cook (recipe_id, cook_id) VALUES (17, 56);

INSERT INTO Recipe_Cook (recipe_id, cook_id) VALUES (18, 56);

INSERT INTO Recipe_Cook (recipe_id, cook_id) VALUES (19, 56);

INSERT INTO Recipe_Cook (recipe_id, cook_id) VALUES (20, 56);

INSERT INTO Recipe_Cook (recipe_id, cook_id) VALUES (76, 56);

INSERT INTO Recipe_Cook (recipe_id, cook_id) VALUES (77, 56);

INSERT INTO Recipe_Cook (recipe_id, cook_id) VALUES (78, 56);

INSERT INTO Recipe_Cook (recipe_id, cook_id) VALUES (79, 56);

INSERT INTO Recipe_Cook (recipe_id, cook_id) VALUES (80, 56);

INSERT INTO Cook (user_id, first_name, last_name, phone_number, date_of_birth, years_of_experience, chef_status, image_id) VALUES (57, 'Frederick','Manning', 8119271194466, 1960-02-15, 3, 'C', 385);

INSERT INTO Cook_National_Cuisine (cook_id, national_cuisine_id) VALUES (57, 12);

INSERT INTO Recipe_Cook (recipe_id, cook_id) VALUES (61, 57);

INSERT INTO Recipe_Cook (recipe_id, cook_id) VALUES (62, 57);

INSERT INTO Recipe_Cook (recipe_id, cook_id) VALUES (63, 57);

INSERT INTO Recipe_Cook (recipe_id, cook_id) VALUES (64, 57);

INSERT INTO Recipe_Cook (recipe_id, cook_id) VALUES (65, 57);

INSERT INTO Cook (user_id, first_name, last_name, phone_number, date_of_birth, years_of_experience, chef_status, image_id) VALUES (58, 'Sheryl','Murphy', 1381717422995, 1965-06-28, 11, 'C', 386);

INSERT INTO Cook_National_Cuisine (cook_id, national_cuisine_id) VALUES (58, 16);

INSERT INTO Cook_National_Cuisine (cook_id, national_cuisine_id) VALUES (58, 1);

INSERT INTO Recipe_Cook (recipe_id, cook_id) VALUES (81, 58);

INSERT INTO Recipe_Cook (recipe_id, cook_id) VALUES (82, 58);

INSERT INTO Recipe_Cook (recipe_id, cook_id) VALUES (83, 58);

INSERT INTO Recipe_Cook (recipe_id, cook_id) VALUES (84, 58);

INSERT INTO Recipe_Cook (recipe_id, cook_id) VALUES (85, 58);

INSERT INTO Recipe_Cook (recipe_id, cook_id) VALUES (6, 58);

INSERT INTO Recipe_Cook (recipe_id, cook_id) VALUES (7, 58);

INSERT INTO Recipe_Cook (recipe_id, cook_id) VALUES (8, 58);

INSERT INTO Recipe_Cook (recipe_id, cook_id) VALUES (9, 58);

INSERT INTO Recipe_Cook (recipe_id, cook_id) VALUES (10, 58);

INSERT INTO Cook (user_id, first_name, last_name, phone_number, date_of_birth, years_of_experience, chef_status, image_id) VALUES (59, 'Sarah','Jordan', 0729747787351, 1976-09-16, 22, 'B', 387);

INSERT INTO Cook_National_Cuisine (cook_id, national_cuisine_id) VALUES (59, 8);

INSERT INTO Cook_National_Cuisine (cook_id, national_cuisine_id) VALUES (59, 17);

INSERT INTO Recipe_Cook (recipe_id, cook_id) VALUES (41, 59);

INSERT INTO Recipe_Cook (recipe_id, cook_id) VALUES (42, 59);

INSERT INTO Recipe_Cook (recipe_id, cook_id) VALUES (43, 59);

INSERT INTO Recipe_Cook (recipe_id, cook_id) VALUES (44, 59);

INSERT INTO Recipe_Cook (recipe_id, cook_id) VALUES (45, 59);

INSERT INTO Recipe_Cook (recipe_id, cook_id) VALUES (86, 59);

INSERT INTO Recipe_Cook (recipe_id, cook_id) VALUES (87, 59);

INSERT INTO Recipe_Cook (recipe_id, cook_id) VALUES (88, 59);

INSERT INTO Recipe_Cook (recipe_id, cook_id) VALUES (89, 59);

INSERT INTO Recipe_Cook (recipe_id, cook_id) VALUES (90, 59);

INSERT INTO Cook (user_id, first_name, last_name, phone_number, date_of_birth, years_of_experience, chef_status, image_id) VALUES (60, 'Christopher','Torres', 0356714601489, 1986-08-20, 10, 'chef', 388);

INSERT INTO Cook_National_Cuisine (cook_id, national_cuisine_id) VALUES (60, 18);

INSERT INTO Cook_National_Cuisine (cook_id, national_cuisine_id) VALUES (60, 17);

INSERT INTO Recipe_Cook (recipe_id, cook_id) VALUES (91, 60);

INSERT INTO Recipe_Cook (recipe_id, cook_id) VALUES (92, 60);

INSERT INTO Recipe_Cook (recipe_id, cook_id) VALUES (93, 60);

INSERT INTO Recipe_Cook (recipe_id, cook_id) VALUES (94, 60);

INSERT INTO Recipe_Cook (recipe_id, cook_id) VALUES (95, 60);

INSERT INTO Recipe_Cook (recipe_id, cook_id) VALUES (86, 60);

INSERT INTO Recipe_Cook (recipe_id, cook_id) VALUES (87, 60);

INSERT INTO Recipe_Cook (recipe_id, cook_id) VALUES (88, 60);

INSERT INTO Recipe_Cook (recipe_id, cook_id) VALUES (89, 60);

INSERT INTO Recipe_Cook (recipe_id, cook_id) VALUES (90, 60);

INSERT INTO Cook (user_id, first_name, last_name, phone_number, date_of_birth, years_of_experience, chef_status, image_id) VALUES (61, 'Robert','Jimenez', 5115755653558, 1965-12-11, 38, 'sous chef', 389);

INSERT INTO Cook_National_Cuisine (cook_id, national_cuisine_id) VALUES (61, 9);

INSERT INTO Recipe_Cook (recipe_id, cook_id) VALUES (46, 61);

INSERT INTO Recipe_Cook (recipe_id, cook_id) VALUES (47, 61);

INSERT INTO Recipe_Cook (recipe_id, cook_id) VALUES (48, 61);

INSERT INTO Recipe_Cook (recipe_id, cook_id) VALUES (49, 61);

INSERT INTO Recipe_Cook (recipe_id, cook_id) VALUES (50, 61);

INSERT INTO Cook (user_id, first_name, last_name, phone_number, date_of_birth, years_of_experience, chef_status, image_id) VALUES (62, 'Leah','Shepard', 4259970410875, 1960-11-30, 7, 'sous chef', 390);

INSERT INTO Cook_National_Cuisine (cook_id, national_cuisine_id) VALUES (62, 19);

INSERT INTO Cook_National_Cuisine (cook_id, national_cuisine_id) VALUES (62, 2);

INSERT INTO Cook_National_Cuisine (cook_id, national_cuisine_id) VALUES (62, 12);

INSERT INTO Recipe_Cook (recipe_id, cook_id) VALUES (96, 62);

INSERT INTO Recipe_Cook (recipe_id, cook_id) VALUES (97, 62);

INSERT INTO Recipe_Cook (recipe_id, cook_id) VALUES (98, 62);

INSERT INTO Recipe_Cook (recipe_id, cook_id) VALUES (99, 62);

INSERT INTO Recipe_Cook (recipe_id, cook_id) VALUES (100, 62);

INSERT INTO Recipe_Cook (recipe_id, cook_id) VALUES (11, 62);

INSERT INTO Recipe_Cook (recipe_id, cook_id) VALUES (12, 62);

INSERT INTO Recipe_Cook (recipe_id, cook_id) VALUES (13, 62);

INSERT INTO Recipe_Cook (recipe_id, cook_id) VALUES (14, 62);

INSERT INTO Recipe_Cook (recipe_id, cook_id) VALUES (15, 62);

INSERT INTO Recipe_Cook (recipe_id, cook_id) VALUES (61, 62);

INSERT INTO Recipe_Cook (recipe_id, cook_id) VALUES (62, 62);

INSERT INTO Recipe_Cook (recipe_id, cook_id) VALUES (63, 62);

INSERT INTO Recipe_Cook (recipe_id, cook_id) VALUES (64, 62);

INSERT INTO Recipe_Cook (recipe_id, cook_id) VALUES (65, 62);

INSERT INTO Cook (user_id, first_name, last_name, phone_number, date_of_birth, years_of_experience, chef_status, image_id) VALUES (63, 'Timothy','Martin', 9246802241435, 1962-11-07, 21, 'C', 391);

INSERT INTO Cook_National_Cuisine (cook_id, national_cuisine_id) VALUES (63, 17);

INSERT INTO Cook_National_Cuisine (cook_id, national_cuisine_id) VALUES (63, 11);

INSERT INTO Recipe_Cook (recipe_id, cook_id) VALUES (86, 63);

INSERT INTO Recipe_Cook (recipe_id, cook_id) VALUES (87, 63);

INSERT INTO Recipe_Cook (recipe_id, cook_id) VALUES (88, 63);

INSERT INTO Recipe_Cook (recipe_id, cook_id) VALUES (89, 63);

INSERT INTO Recipe_Cook (recipe_id, cook_id) VALUES (90, 63);

INSERT INTO Recipe_Cook (recipe_id, cook_id) VALUES (56, 63);

INSERT INTO Recipe_Cook (recipe_id, cook_id) VALUES (57, 63);

INSERT INTO Recipe_Cook (recipe_id, cook_id) VALUES (58, 63);

INSERT INTO Recipe_Cook (recipe_id, cook_id) VALUES (59, 63);

INSERT INTO Recipe_Cook (recipe_id, cook_id) VALUES (60, 63);

INSERT INTO Cook (user_id, first_name, last_name, phone_number, date_of_birth, years_of_experience, chef_status, image_id) VALUES (64, 'Gregory','Bullock', 7356885173703, 2000-05-27, 1, 'sous chef', 392);

INSERT INTO Cook_National_Cuisine (cook_id, national_cuisine_id) VALUES (64, 3);

INSERT INTO Recipe_Cook (recipe_id, cook_id) VALUES (16, 64);

INSERT INTO Recipe_Cook (recipe_id, cook_id) VALUES (17, 64);

INSERT INTO Recipe_Cook (recipe_id, cook_id) VALUES (18, 64);

INSERT INTO Recipe_Cook (recipe_id, cook_id) VALUES (19, 64);

INSERT INTO Recipe_Cook (recipe_id, cook_id) VALUES (20, 64);

INSERT INTO Cook (user_id, first_name, last_name, phone_number, date_of_birth, years_of_experience, chef_status, image_id) VALUES (65, 'Tracy','Rodriguez', 9382627702427, 1990-06-26, 9, 'chef', 393);

INSERT INTO Cook_National_Cuisine (cook_id, national_cuisine_id) VALUES (65, 19);

INSERT INTO Recipe_Cook (recipe_id, cook_id) VALUES (96, 65);

INSERT INTO Recipe_Cook (recipe_id, cook_id) VALUES (97, 65);

INSERT INTO Recipe_Cook (recipe_id, cook_id) VALUES (98, 65);

INSERT INTO Recipe_Cook (recipe_id, cook_id) VALUES (99, 65);

INSERT INTO Recipe_Cook (recipe_id, cook_id) VALUES (100, 65);

INSERT INTO Cook (user_id, first_name, last_name, phone_number, date_of_birth, years_of_experience, chef_status, image_id) VALUES (66, 'Carrie','Hopkins', 9736081080346, 1991-06-20, 10, 'chef', 394);

INSERT INTO Cook_National_Cuisine (cook_id, national_cuisine_id) VALUES (66, 15);

INSERT INTO Cook_National_Cuisine (cook_id, national_cuisine_id) VALUES (66, 16);

INSERT INTO Recipe_Cook (recipe_id, cook_id) VALUES (76, 66);

INSERT INTO Recipe_Cook (recipe_id, cook_id) VALUES (77, 66);

INSERT INTO Recipe_Cook (recipe_id, cook_id) VALUES (78, 66);

INSERT INTO Recipe_Cook (recipe_id, cook_id) VALUES (79, 66);

INSERT INTO Recipe_Cook (recipe_id, cook_id) VALUES (80, 66);

INSERT INTO Recipe_Cook (recipe_id, cook_id) VALUES (81, 66);

INSERT INTO Recipe_Cook (recipe_id, cook_id) VALUES (82, 66);

INSERT INTO Recipe_Cook (recipe_id, cook_id) VALUES (83, 66);

INSERT INTO Recipe_Cook (recipe_id, cook_id) VALUES (84, 66);

INSERT INTO Recipe_Cook (recipe_id, cook_id) VALUES (85, 66);

INSERT INTO Cook (user_id, first_name, last_name, phone_number, date_of_birth, years_of_experience, chef_status, image_id) VALUES (67, 'Tommy','Castillo', 9562995210610, 1980-08-15, 14, 'B', 395);

INSERT INTO Cook_National_Cuisine (cook_id, national_cuisine_id) VALUES (67, 11);

INSERT INTO Recipe_Cook (recipe_id, cook_id) VALUES (56, 67);

INSERT INTO Recipe_Cook (recipe_id, cook_id) VALUES (57, 67);

INSERT INTO Recipe_Cook (recipe_id, cook_id) VALUES (58, 67);

INSERT INTO Recipe_Cook (recipe_id, cook_id) VALUES (59, 67);

INSERT INTO Recipe_Cook (recipe_id, cook_id) VALUES (60, 67);

INSERT INTO Cook (user_id, first_name, last_name, phone_number, date_of_birth, years_of_experience, chef_status, image_id) VALUES (68, 'Susan','Wang', 4727655590088, 1962-05-09, 40, 'sous chef', 396);

INSERT INTO Cook_National_Cuisine (cook_id, national_cuisine_id) VALUES (68, 13);

INSERT INTO Cook_National_Cuisine (cook_id, national_cuisine_id) VALUES (68, 11);

INSERT INTO Cook_National_Cuisine (cook_id, national_cuisine_id) VALUES (68, 19);

INSERT INTO Recipe_Cook (recipe_id, cook_id) VALUES (66, 68);

INSERT INTO Recipe_Cook (recipe_id, cook_id) VALUES (67, 68);

INSERT INTO Recipe_Cook (recipe_id, cook_id) VALUES (68, 68);

INSERT INTO Recipe_Cook (recipe_id, cook_id) VALUES (69, 68);

INSERT INTO Recipe_Cook (recipe_id, cook_id) VALUES (70, 68);

INSERT INTO Recipe_Cook (recipe_id, cook_id) VALUES (56, 68);

INSERT INTO Recipe_Cook (recipe_id, cook_id) VALUES (57, 68);

INSERT INTO Recipe_Cook (recipe_id, cook_id) VALUES (58, 68);

INSERT INTO Recipe_Cook (recipe_id, cook_id) VALUES (59, 68);

INSERT INTO Recipe_Cook (recipe_id, cook_id) VALUES (60, 68);

INSERT INTO Recipe_Cook (recipe_id, cook_id) VALUES (96, 68);

INSERT INTO Recipe_Cook (recipe_id, cook_id) VALUES (97, 68);

INSERT INTO Recipe_Cook (recipe_id, cook_id) VALUES (98, 68);

INSERT INTO Recipe_Cook (recipe_id, cook_id) VALUES (99, 68);

INSERT INTO Recipe_Cook (recipe_id, cook_id) VALUES (100, 68);

INSERT INTO Cook (user_id, first_name, last_name, phone_number, date_of_birth, years_of_experience, chef_status, image_id) VALUES (69, 'Alicia','Carrillo', 9477914919670, 1967-12-13, 17, 'A', 397);

INSERT INTO Cook_National_Cuisine (cook_id, national_cuisine_id) VALUES (69, 9);

INSERT INTO Cook_National_Cuisine (cook_id, national_cuisine_id) VALUES (69, 17);

INSERT INTO Cook_National_Cuisine (cook_id, national_cuisine_id) VALUES (69, 6);

INSERT INTO Recipe_Cook (recipe_id, cook_id) VALUES (46, 69);

INSERT INTO Recipe_Cook (recipe_id, cook_id) VALUES (47, 69);

INSERT INTO Recipe_Cook (recipe_id, cook_id) VALUES (48, 69);

INSERT INTO Recipe_Cook (recipe_id, cook_id) VALUES (49, 69);

INSERT INTO Recipe_Cook (recipe_id, cook_id) VALUES (50, 69);

INSERT INTO Recipe_Cook (recipe_id, cook_id) VALUES (86, 69);

INSERT INTO Recipe_Cook (recipe_id, cook_id) VALUES (87, 69);

INSERT INTO Recipe_Cook (recipe_id, cook_id) VALUES (88, 69);

INSERT INTO Recipe_Cook (recipe_id, cook_id) VALUES (89, 69);

INSERT INTO Recipe_Cook (recipe_id, cook_id) VALUES (90, 69);

INSERT INTO Recipe_Cook (recipe_id, cook_id) VALUES (31, 69);

INSERT INTO Recipe_Cook (recipe_id, cook_id) VALUES (32, 69);

INSERT INTO Recipe_Cook (recipe_id, cook_id) VALUES (33, 69);

INSERT INTO Recipe_Cook (recipe_id, cook_id) VALUES (34, 69);

INSERT INTO Recipe_Cook (recipe_id, cook_id) VALUES (35, 69);

INSERT INTO Cook (user_id, first_name, last_name, phone_number, date_of_birth, years_of_experience, chef_status, image_id) VALUES (70, 'Joseph','Ward', 9773737229131, 1976-10-01, 16, 'sous chef', 398);

INSERT INTO Cook_National_Cuisine (cook_id, national_cuisine_id) VALUES (70, 14);

INSERT INTO Recipe_Cook (recipe_id, cook_id) VALUES (71, 70);

INSERT INTO Recipe_Cook (recipe_id, cook_id) VALUES (72, 70);

INSERT INTO Recipe_Cook (recipe_id, cook_id) VALUES (73, 70);

INSERT INTO Recipe_Cook (recipe_id, cook_id) VALUES (74, 70);

INSERT INTO Recipe_Cook (recipe_id, cook_id) VALUES (75, 70);

INSERT INTO Cook (user_id, first_name, last_name, phone_number, date_of_birth, years_of_experience, chef_status, image_id) VALUES (71, 'Lisa','Griffin', 9783564051673, 1965-05-18, 5, 'sous chef', 399);

INSERT INTO Cook_National_Cuisine (cook_id, national_cuisine_id) VALUES (71, 18);

INSERT INTO Recipe_Cook (recipe_id, cook_id) VALUES (91, 71);

INSERT INTO Recipe_Cook (recipe_id, cook_id) VALUES (92, 71);

INSERT INTO Recipe_Cook (recipe_id, cook_id) VALUES (93, 71);

INSERT INTO Recipe_Cook (recipe_id, cook_id) VALUES (94, 71);

INSERT INTO Recipe_Cook (recipe_id, cook_id) VALUES (95, 71);

INSERT INTO Cook (user_id, first_name, last_name, phone_number, date_of_birth, years_of_experience, chef_status, image_id) VALUES (72, 'Jason','Jimenez', 2612985002194, 1985-04-01, 14, 'C', 400);

INSERT INTO Cook_National_Cuisine (cook_id, national_cuisine_id) VALUES (72, 9);

INSERT INTO Cook_National_Cuisine (cook_id, national_cuisine_id) VALUES (72, 10);

INSERT INTO Recipe_Cook (recipe_id, cook_id) VALUES (46, 72);

INSERT INTO Recipe_Cook (recipe_id, cook_id) VALUES (47, 72);

INSERT INTO Recipe_Cook (recipe_id, cook_id) VALUES (48, 72);

INSERT INTO Recipe_Cook (recipe_id, cook_id) VALUES (49, 72);

INSERT INTO Recipe_Cook (recipe_id, cook_id) VALUES (50, 72);

INSERT INTO Recipe_Cook (recipe_id, cook_id) VALUES (51, 72);

INSERT INTO Recipe_Cook (recipe_id, cook_id) VALUES (52, 72);

INSERT INTO Recipe_Cook (recipe_id, cook_id) VALUES (53, 72);

INSERT INTO Recipe_Cook (recipe_id, cook_id) VALUES (54, 72);

INSERT INTO Recipe_Cook (recipe_id, cook_id) VALUES (55, 72);

INSERT INTO Cook (user_id, first_name, last_name, phone_number, date_of_birth, years_of_experience, chef_status, image_id) VALUES (73, 'Elizabeth','Mejia', 0538289066878, 1998-04-23, 4, 'A', 401);

INSERT INTO Cook_National_Cuisine (cook_id, national_cuisine_id) VALUES (73, 12);

INSERT INTO Cook_National_Cuisine (cook_id, national_cuisine_id) VALUES (73, 14);

INSERT INTO Recipe_Cook (recipe_id, cook_id) VALUES (61, 73);

INSERT INTO Recipe_Cook (recipe_id, cook_id) VALUES (62, 73);

INSERT INTO Recipe_Cook (recipe_id, cook_id) VALUES (63, 73);

INSERT INTO Recipe_Cook (recipe_id, cook_id) VALUES (64, 73);

INSERT INTO Recipe_Cook (recipe_id, cook_id) VALUES (65, 73);

INSERT INTO Recipe_Cook (recipe_id, cook_id) VALUES (71, 73);

INSERT INTO Recipe_Cook (recipe_id, cook_id) VALUES (72, 73);

INSERT INTO Recipe_Cook (recipe_id, cook_id) VALUES (73, 73);

INSERT INTO Recipe_Cook (recipe_id, cook_id) VALUES (74, 73);

INSERT INTO Recipe_Cook (recipe_id, cook_id) VALUES (75, 73);

INSERT INTO Cook (user_id, first_name, last_name, phone_number, date_of_birth, years_of_experience, chef_status, image_id) VALUES (74, 'Eric','Robinson', 8612684469780, 1965-06-05, 16, 'sous chef', 402);

INSERT INTO Cook_National_Cuisine (cook_id, national_cuisine_id) VALUES (74, 14);

INSERT INTO Cook_National_Cuisine (cook_id, national_cuisine_id) VALUES (74, 12);

INSERT INTO Cook_National_Cuisine (cook_id, national_cuisine_id) VALUES (74, 10);

INSERT INTO Recipe_Cook (recipe_id, cook_id) VALUES (71, 74);

INSERT INTO Recipe_Cook (recipe_id, cook_id) VALUES (72, 74);

INSERT INTO Recipe_Cook (recipe_id, cook_id) VALUES (73, 74);

INSERT INTO Recipe_Cook (recipe_id, cook_id) VALUES (74, 74);

INSERT INTO Recipe_Cook (recipe_id, cook_id) VALUES (75, 74);

INSERT INTO Recipe_Cook (recipe_id, cook_id) VALUES (61, 74);

INSERT INTO Recipe_Cook (recipe_id, cook_id) VALUES (62, 74);

INSERT INTO Recipe_Cook (recipe_id, cook_id) VALUES (63, 74);

INSERT INTO Recipe_Cook (recipe_id, cook_id) VALUES (64, 74);

INSERT INTO Recipe_Cook (recipe_id, cook_id) VALUES (65, 74);

INSERT INTO Recipe_Cook (recipe_id, cook_id) VALUES (51, 74);

INSERT INTO Recipe_Cook (recipe_id, cook_id) VALUES (52, 74);

INSERT INTO Recipe_Cook (recipe_id, cook_id) VALUES (53, 74);

INSERT INTO Recipe_Cook (recipe_id, cook_id) VALUES (54, 74);

INSERT INTO Recipe_Cook (recipe_id, cook_id) VALUES (55, 74);

INSERT INTO Cook (user_id, first_name, last_name, phone_number, date_of_birth, years_of_experience, chef_status, image_id) VALUES (75, 'Eric','Smith', 1682831857860, 1987-10-13, 2, 'chef', 403);

INSERT INTO Cook_National_Cuisine (cook_id, national_cuisine_id) VALUES (75, 12);

INSERT INTO Cook_National_Cuisine (cook_id, national_cuisine_id) VALUES (75, 15);

INSERT INTO Cook_National_Cuisine (cook_id, national_cuisine_id) VALUES (75, 6);

INSERT INTO Recipe_Cook (recipe_id, cook_id) VALUES (61, 75);

INSERT INTO Recipe_Cook (recipe_id, cook_id) VALUES (62, 75);

INSERT INTO Recipe_Cook (recipe_id, cook_id) VALUES (63, 75);

INSERT INTO Recipe_Cook (recipe_id, cook_id) VALUES (64, 75);

INSERT INTO Recipe_Cook (recipe_id, cook_id) VALUES (65, 75);

INSERT INTO Recipe_Cook (recipe_id, cook_id) VALUES (76, 75);

INSERT INTO Recipe_Cook (recipe_id, cook_id) VALUES (77, 75);

INSERT INTO Recipe_Cook (recipe_id, cook_id) VALUES (78, 75);

INSERT INTO Recipe_Cook (recipe_id, cook_id) VALUES (79, 75);

INSERT INTO Recipe_Cook (recipe_id, cook_id) VALUES (80, 75);

INSERT INTO Recipe_Cook (recipe_id, cook_id) VALUES (31, 75);

INSERT INTO Recipe_Cook (recipe_id, cook_id) VALUES (32, 75);

INSERT INTO Recipe_Cook (recipe_id, cook_id) VALUES (33, 75);

INSERT INTO Recipe_Cook (recipe_id, cook_id) VALUES (34, 75);

INSERT INTO Recipe_Cook (recipe_id, cook_id) VALUES (35, 75);

INSERT INTO Cook (user_id, first_name, last_name, phone_number, date_of_birth, years_of_experience, chef_status, image_id) VALUES (76, 'Emily','Lindsey', 1842078066597, 1994-09-22, 6, 'chef', 404);

INSERT INTO Cook_National_Cuisine (cook_id, national_cuisine_id) VALUES (76, 14);

INSERT INTO Cook_National_Cuisine (cook_id, national_cuisine_id) VALUES (76, 1);

INSERT INTO Recipe_Cook (recipe_id, cook_id) VALUES (71, 76);

INSERT INTO Recipe_Cook (recipe_id, cook_id) VALUES (72, 76);

INSERT INTO Recipe_Cook (recipe_id, cook_id) VALUES (73, 76);

INSERT INTO Recipe_Cook (recipe_id, cook_id) VALUES (74, 76);

INSERT INTO Recipe_Cook (recipe_id, cook_id) VALUES (75, 76);

INSERT INTO Recipe_Cook (recipe_id, cook_id) VALUES (6, 76);

INSERT INTO Recipe_Cook (recipe_id, cook_id) VALUES (7, 76);

INSERT INTO Recipe_Cook (recipe_id, cook_id) VALUES (8, 76);

INSERT INTO Recipe_Cook (recipe_id, cook_id) VALUES (9, 76);

INSERT INTO Recipe_Cook (recipe_id, cook_id) VALUES (10, 76);

INSERT INTO Cook (user_id, first_name, last_name, phone_number, date_of_birth, years_of_experience, chef_status, image_id) VALUES (77, 'Gary','Davis', 9391069816858, 1960-05-15, 22, 'chef', 405);

INSERT INTO Cook_National_Cuisine (cook_id, national_cuisine_id) VALUES (77, 18);

INSERT INTO Recipe_Cook (recipe_id, cook_id) VALUES (91, 77);

INSERT INTO Recipe_Cook (recipe_id, cook_id) VALUES (92, 77);

INSERT INTO Recipe_Cook (recipe_id, cook_id) VALUES (93, 77);

INSERT INTO Recipe_Cook (recipe_id, cook_id) VALUES (94, 77);

INSERT INTO Recipe_Cook (recipe_id, cook_id) VALUES (95, 77);

INSERT INTO Cook (user_id, first_name, last_name, phone_number, date_of_birth, years_of_experience, chef_status, image_id) VALUES (78, 'April','Williams', 3642026438403, 1995-12-20, 5, 'chef', 406);

INSERT INTO Cook_National_Cuisine (cook_id, national_cuisine_id) VALUES (78, 13);

INSERT INTO Cook_National_Cuisine (cook_id, national_cuisine_id) VALUES (78, 2);

INSERT INTO Cook_National_Cuisine (cook_id, national_cuisine_id) VALUES (78, 12);

INSERT INTO Recipe_Cook (recipe_id, cook_id) VALUES (66, 78);

INSERT INTO Recipe_Cook (recipe_id, cook_id) VALUES (67, 78);

INSERT INTO Recipe_Cook (recipe_id, cook_id) VALUES (68, 78);

INSERT INTO Recipe_Cook (recipe_id, cook_id) VALUES (69, 78);

INSERT INTO Recipe_Cook (recipe_id, cook_id) VALUES (70, 78);

INSERT INTO Recipe_Cook (recipe_id, cook_id) VALUES (11, 78);

INSERT INTO Recipe_Cook (recipe_id, cook_id) VALUES (12, 78);

INSERT INTO Recipe_Cook (recipe_id, cook_id) VALUES (13, 78);

INSERT INTO Recipe_Cook (recipe_id, cook_id) VALUES (14, 78);

INSERT INTO Recipe_Cook (recipe_id, cook_id) VALUES (15, 78);

INSERT INTO Recipe_Cook (recipe_id, cook_id) VALUES (61, 78);

INSERT INTO Recipe_Cook (recipe_id, cook_id) VALUES (62, 78);

INSERT INTO Recipe_Cook (recipe_id, cook_id) VALUES (63, 78);

INSERT INTO Recipe_Cook (recipe_id, cook_id) VALUES (64, 78);

INSERT INTO Recipe_Cook (recipe_id, cook_id) VALUES (65, 78);

INSERT INTO Cook (user_id, first_name, last_name, phone_number, date_of_birth, years_of_experience, chef_status, image_id) VALUES (79, 'Jacqueline','Ewing', 3678931775663, 1995-01-01, 7, 'A', 407);

INSERT INTO Cook_National_Cuisine (cook_id, national_cuisine_id) VALUES (79, 10);

INSERT INTO Cook_National_Cuisine (cook_id, national_cuisine_id) VALUES (79, 1);

INSERT INTO Cook_National_Cuisine (cook_id, national_cuisine_id) VALUES (79, 7);

INSERT INTO Recipe_Cook (recipe_id, cook_id) VALUES (51, 79);

INSERT INTO Recipe_Cook (recipe_id, cook_id) VALUES (52, 79);

INSERT INTO Recipe_Cook (recipe_id, cook_id) VALUES (53, 79);

INSERT INTO Recipe_Cook (recipe_id, cook_id) VALUES (54, 79);

INSERT INTO Recipe_Cook (recipe_id, cook_id) VALUES (55, 79);

INSERT INTO Recipe_Cook (recipe_id, cook_id) VALUES (6, 79);

INSERT INTO Recipe_Cook (recipe_id, cook_id) VALUES (7, 79);

INSERT INTO Recipe_Cook (recipe_id, cook_id) VALUES (8, 79);

INSERT INTO Recipe_Cook (recipe_id, cook_id) VALUES (9, 79);

INSERT INTO Recipe_Cook (recipe_id, cook_id) VALUES (10, 79);

INSERT INTO Recipe_Cook (recipe_id, cook_id) VALUES (36, 79);

INSERT INTO Recipe_Cook (recipe_id, cook_id) VALUES (37, 79);

INSERT INTO Recipe_Cook (recipe_id, cook_id) VALUES (38, 79);

INSERT INTO Recipe_Cook (recipe_id, cook_id) VALUES (39, 79);

INSERT INTO Recipe_Cook (recipe_id, cook_id) VALUES (40, 79);

INSERT INTO Cook (user_id, first_name, last_name, phone_number, date_of_birth, years_of_experience, chef_status, image_id) VALUES (80, 'Deanna','Estrada', 2000476659591, 1969-03-18, 8, 'B', 408);

INSERT INTO Cook_National_Cuisine (cook_id, national_cuisine_id) VALUES (80, 5);

INSERT INTO Recipe_Cook (recipe_id, cook_id) VALUES (26, 80);

INSERT INTO Recipe_Cook (recipe_id, cook_id) VALUES (27, 80);

INSERT INTO Recipe_Cook (recipe_id, cook_id) VALUES (28, 80);

INSERT INTO Recipe_Cook (recipe_id, cook_id) VALUES (29, 80);

INSERT INTO Recipe_Cook (recipe_id, cook_id) VALUES (30, 80);

INSERT INTO Cook (user_id, first_name, last_name, phone_number, date_of_birth, years_of_experience, chef_status, image_id) VALUES (81, 'Jennifer','Price', 5176485818371, 1997-07-18, 3, 'C', 409);

INSERT INTO Cook_National_Cuisine (cook_id, national_cuisine_id) VALUES (81, 15);

INSERT INTO Cook_National_Cuisine (cook_id, national_cuisine_id) VALUES (81, 19);

INSERT INTO Recipe_Cook (recipe_id, cook_id) VALUES (76, 81);

INSERT INTO Recipe_Cook (recipe_id, cook_id) VALUES (77, 81);

INSERT INTO Recipe_Cook (recipe_id, cook_id) VALUES (78, 81);

INSERT INTO Recipe_Cook (recipe_id, cook_id) VALUES (79, 81);

INSERT INTO Recipe_Cook (recipe_id, cook_id) VALUES (80, 81);

INSERT INTO Recipe_Cook (recipe_id, cook_id) VALUES (96, 81);

INSERT INTO Recipe_Cook (recipe_id, cook_id) VALUES (97, 81);

INSERT INTO Recipe_Cook (recipe_id, cook_id) VALUES (98, 81);

INSERT INTO Recipe_Cook (recipe_id, cook_id) VALUES (99, 81);

INSERT INTO Recipe_Cook (recipe_id, cook_id) VALUES (100, 81);

INSERT INTO Cook (user_id, first_name, last_name, phone_number, date_of_birth, years_of_experience, chef_status, image_id) VALUES (82, 'John','Hall', 2839110179420, 1998-04-27, 5, 'sous chef', 410);

INSERT INTO Cook_National_Cuisine (cook_id, national_cuisine_id) VALUES (82, 10);

INSERT INTO Cook_National_Cuisine (cook_id, national_cuisine_id) VALUES (82, 17);

INSERT INTO Recipe_Cook (recipe_id, cook_id) VALUES (51, 82);

INSERT INTO Recipe_Cook (recipe_id, cook_id) VALUES (52, 82);

INSERT INTO Recipe_Cook (recipe_id, cook_id) VALUES (53, 82);

INSERT INTO Recipe_Cook (recipe_id, cook_id) VALUES (54, 82);

INSERT INTO Recipe_Cook (recipe_id, cook_id) VALUES (55, 82);

INSERT INTO Recipe_Cook (recipe_id, cook_id) VALUES (86, 82);

INSERT INTO Recipe_Cook (recipe_id, cook_id) VALUES (87, 82);

INSERT INTO Recipe_Cook (recipe_id, cook_id) VALUES (88, 82);

INSERT INTO Recipe_Cook (recipe_id, cook_id) VALUES (89, 82);

INSERT INTO Recipe_Cook (recipe_id, cook_id) VALUES (90, 82);

INSERT INTO Cook (user_id, first_name, last_name, phone_number, date_of_birth, years_of_experience, chef_status, image_id) VALUES (83, 'Debra','Lopez', 7939133764629, 1993-07-16, 13, 'B', 411);

INSERT INTO Cook_National_Cuisine (cook_id, national_cuisine_id) VALUES (83, 5);

INSERT INTO Recipe_Cook (recipe_id, cook_id) VALUES (26, 83);

INSERT INTO Recipe_Cook (recipe_id, cook_id) VALUES (27, 83);

INSERT INTO Recipe_Cook (recipe_id, cook_id) VALUES (28, 83);

INSERT INTO Recipe_Cook (recipe_id, cook_id) VALUES (29, 83);

INSERT INTO Recipe_Cook (recipe_id, cook_id) VALUES (30, 83);

INSERT INTO Cook (user_id, first_name, last_name, phone_number, date_of_birth, years_of_experience, chef_status, image_id) VALUES (84, 'Travis','Khan', 7226450309382, 1960-02-10, 46, 'C', 412);

INSERT INTO Cook_National_Cuisine (cook_id, national_cuisine_id) VALUES (84, 17);

INSERT INTO Cook_National_Cuisine (cook_id, national_cuisine_id) VALUES (84, 19);

INSERT INTO Recipe_Cook (recipe_id, cook_id) VALUES (86, 84);

INSERT INTO Recipe_Cook (recipe_id, cook_id) VALUES (87, 84);

INSERT INTO Recipe_Cook (recipe_id, cook_id) VALUES (88, 84);

INSERT INTO Recipe_Cook (recipe_id, cook_id) VALUES (89, 84);

INSERT INTO Recipe_Cook (recipe_id, cook_id) VALUES (90, 84);

INSERT INTO Recipe_Cook (recipe_id, cook_id) VALUES (96, 84);

INSERT INTO Recipe_Cook (recipe_id, cook_id) VALUES (97, 84);

INSERT INTO Recipe_Cook (recipe_id, cook_id) VALUES (98, 84);

INSERT INTO Recipe_Cook (recipe_id, cook_id) VALUES (99, 84);

INSERT INTO Recipe_Cook (recipe_id, cook_id) VALUES (100, 84);

INSERT INTO Cook (user_id, first_name, last_name, phone_number, date_of_birth, years_of_experience, chef_status, image_id) VALUES (85, 'Lee','Byrd', 4963525181524, 1985-03-16, 20, 'A', 413);

INSERT INTO Cook_National_Cuisine (cook_id, national_cuisine_id) VALUES (85, 10);

INSERT INTO Cook_National_Cuisine (cook_id, national_cuisine_id) VALUES (85, 8);

INSERT INTO Cook_National_Cuisine (cook_id, national_cuisine_id) VALUES (85, 4);

INSERT INTO Recipe_Cook (recipe_id, cook_id) VALUES (51, 85);

INSERT INTO Recipe_Cook (recipe_id, cook_id) VALUES (52, 85);

INSERT INTO Recipe_Cook (recipe_id, cook_id) VALUES (53, 85);

INSERT INTO Recipe_Cook (recipe_id, cook_id) VALUES (54, 85);

INSERT INTO Recipe_Cook (recipe_id, cook_id) VALUES (55, 85);

INSERT INTO Recipe_Cook (recipe_id, cook_id) VALUES (41, 85);

INSERT INTO Recipe_Cook (recipe_id, cook_id) VALUES (42, 85);

INSERT INTO Recipe_Cook (recipe_id, cook_id) VALUES (43, 85);

INSERT INTO Recipe_Cook (recipe_id, cook_id) VALUES (44, 85);

INSERT INTO Recipe_Cook (recipe_id, cook_id) VALUES (45, 85);

INSERT INTO Recipe_Cook (recipe_id, cook_id) VALUES (21, 85);

INSERT INTO Recipe_Cook (recipe_id, cook_id) VALUES (22, 85);

INSERT INTO Recipe_Cook (recipe_id, cook_id) VALUES (23, 85);

INSERT INTO Recipe_Cook (recipe_id, cook_id) VALUES (24, 85);

INSERT INTO Recipe_Cook (recipe_id, cook_id) VALUES (25, 85);

INSERT INTO Cook (user_id, first_name, last_name, phone_number, date_of_birth, years_of_experience, chef_status, image_id) VALUES (86, 'Alicia','Mckee', 2246933662033, 1970-10-20, 19, 'A', 414);

INSERT INTO Cook_National_Cuisine (cook_id, national_cuisine_id) VALUES (86, 8);

INSERT INTO Recipe_Cook (recipe_id, cook_id) VALUES (41, 86);

INSERT INTO Recipe_Cook (recipe_id, cook_id) VALUES (42, 86);

INSERT INTO Recipe_Cook (recipe_id, cook_id) VALUES (43, 86);

INSERT INTO Recipe_Cook (recipe_id, cook_id) VALUES (44, 86);

INSERT INTO Recipe_Cook (recipe_id, cook_id) VALUES (45, 86);

INSERT INTO Cook (user_id, first_name, last_name, phone_number, date_of_birth, years_of_experience, chef_status, image_id) VALUES (87, 'Kendra','Orozco', 9364136272304, 1970-04-17, 26, 'sous chef', 415);

INSERT INTO Cook_National_Cuisine (cook_id, national_cuisine_id) VALUES (87, 12);

INSERT INTO Recipe_Cook (recipe_id, cook_id) VALUES (61, 87);

INSERT INTO Recipe_Cook (recipe_id, cook_id) VALUES (62, 87);

INSERT INTO Recipe_Cook (recipe_id, cook_id) VALUES (63, 87);

INSERT INTO Recipe_Cook (recipe_id, cook_id) VALUES (64, 87);

INSERT INTO Recipe_Cook (recipe_id, cook_id) VALUES (65, 87);

INSERT INTO Cook (user_id, first_name, last_name, phone_number, date_of_birth, years_of_experience, chef_status, image_id) VALUES (88, 'Dawn','Ferguson', 6100347000040, 1993-07-06, 6, 'chef', 416);

INSERT INTO Cook_National_Cuisine (cook_id, national_cuisine_id) VALUES (88, 9);

INSERT INTO Cook_National_Cuisine (cook_id, national_cuisine_id) VALUES (88, 2);

INSERT INTO Cook_National_Cuisine (cook_id, national_cuisine_id) VALUES (88, 17);

INSERT INTO Recipe_Cook (recipe_id, cook_id) VALUES (46, 88);

INSERT INTO Recipe_Cook (recipe_id, cook_id) VALUES (47, 88);

INSERT INTO Recipe_Cook (recipe_id, cook_id) VALUES (48, 88);

INSERT INTO Recipe_Cook (recipe_id, cook_id) VALUES (49, 88);

INSERT INTO Recipe_Cook (recipe_id, cook_id) VALUES (50, 88);

INSERT INTO Recipe_Cook (recipe_id, cook_id) VALUES (11, 88);

INSERT INTO Recipe_Cook (recipe_id, cook_id) VALUES (12, 88);

INSERT INTO Recipe_Cook (recipe_id, cook_id) VALUES (13, 88);

INSERT INTO Recipe_Cook (recipe_id, cook_id) VALUES (14, 88);

INSERT INTO Recipe_Cook (recipe_id, cook_id) VALUES (15, 88);

INSERT INTO Recipe_Cook (recipe_id, cook_id) VALUES (86, 88);

INSERT INTO Recipe_Cook (recipe_id, cook_id) VALUES (87, 88);

INSERT INTO Recipe_Cook (recipe_id, cook_id) VALUES (88, 88);

INSERT INTO Recipe_Cook (recipe_id, cook_id) VALUES (89, 88);

INSERT INTO Recipe_Cook (recipe_id, cook_id) VALUES (90, 88);

INSERT INTO Cook (user_id, first_name, last_name, phone_number, date_of_birth, years_of_experience, chef_status, image_id) VALUES (89, 'Thomas','Cruz', 2814505034301, 1984-02-06, 20, 'sous chef', 417);

INSERT INTO Cook_National_Cuisine (cook_id, national_cuisine_id) VALUES (89, 1);

INSERT INTO Recipe_Cook (recipe_id, cook_id) VALUES (6, 89);

INSERT INTO Recipe_Cook (recipe_id, cook_id) VALUES (7, 89);

INSERT INTO Recipe_Cook (recipe_id, cook_id) VALUES (8, 89);

INSERT INTO Recipe_Cook (recipe_id, cook_id) VALUES (9, 89);

INSERT INTO Recipe_Cook (recipe_id, cook_id) VALUES (10, 89);

INSERT INTO Cook (user_id, first_name, last_name, phone_number, date_of_birth, years_of_experience, chef_status, image_id) VALUES (90, 'Susan','Richardson', 9200640019326, 1960-11-03, 3, 'B', 418);

INSERT INTO Cook_National_Cuisine (cook_id, national_cuisine_id) VALUES (90, 12);

INSERT INTO Cook_National_Cuisine (cook_id, national_cuisine_id) VALUES (90, 11);

INSERT INTO Recipe_Cook (recipe_id, cook_id) VALUES (61, 90);

INSERT INTO Recipe_Cook (recipe_id, cook_id) VALUES (62, 90);

INSERT INTO Recipe_Cook (recipe_id, cook_id) VALUES (63, 90);

INSERT INTO Recipe_Cook (recipe_id, cook_id) VALUES (64, 90);

INSERT INTO Recipe_Cook (recipe_id, cook_id) VALUES (65, 90);

INSERT INTO Recipe_Cook (recipe_id, cook_id) VALUES (56, 90);

INSERT INTO Recipe_Cook (recipe_id, cook_id) VALUES (57, 90);

INSERT INTO Recipe_Cook (recipe_id, cook_id) VALUES (58, 90);

INSERT INTO Recipe_Cook (recipe_id, cook_id) VALUES (59, 90);

INSERT INTO Recipe_Cook (recipe_id, cook_id) VALUES (60, 90);

INSERT INTO Cook (user_id, first_name, last_name, phone_number, date_of_birth, years_of_experience, chef_status, image_id) VALUES (91, 'Fernando','Mccoy', 3514137905714, 1989-12-21, 12, 'A', 419);

INSERT INTO Cook_National_Cuisine (cook_id, national_cuisine_id) VALUES (91, 11);

INSERT INTO Cook_National_Cuisine (cook_id, national_cuisine_id) VALUES (91, 1);

INSERT INTO Cook_National_Cuisine (cook_id, national_cuisine_id) VALUES (91, 18);

INSERT INTO Recipe_Cook (recipe_id, cook_id) VALUES (56, 91);

INSERT INTO Recipe_Cook (recipe_id, cook_id) VALUES (57, 91);

INSERT INTO Recipe_Cook (recipe_id, cook_id) VALUES (58, 91);

INSERT INTO Recipe_Cook (recipe_id, cook_id) VALUES (59, 91);

INSERT INTO Recipe_Cook (recipe_id, cook_id) VALUES (60, 91);

INSERT INTO Recipe_Cook (recipe_id, cook_id) VALUES (6, 91);

INSERT INTO Recipe_Cook (recipe_id, cook_id) VALUES (7, 91);

INSERT INTO Recipe_Cook (recipe_id, cook_id) VALUES (8, 91);

INSERT INTO Recipe_Cook (recipe_id, cook_id) VALUES (9, 91);

INSERT INTO Recipe_Cook (recipe_id, cook_id) VALUES (10, 91);

INSERT INTO Recipe_Cook (recipe_id, cook_id) VALUES (91, 91);

INSERT INTO Recipe_Cook (recipe_id, cook_id) VALUES (92, 91);

INSERT INTO Recipe_Cook (recipe_id, cook_id) VALUES (93, 91);

INSERT INTO Recipe_Cook (recipe_id, cook_id) VALUES (94, 91);

INSERT INTO Recipe_Cook (recipe_id, cook_id) VALUES (95, 91);

INSERT INTO Cook (user_id, first_name, last_name, phone_number, date_of_birth, years_of_experience, chef_status, image_id) VALUES (92, 'Jesse','Moore', 4211934933730, 1992-12-15, 14, 'sous chef', 420);

INSERT INTO Cook_National_Cuisine (cook_id, national_cuisine_id) VALUES (92, 1);

INSERT INTO Cook_National_Cuisine (cook_id, national_cuisine_id) VALUES (92, 7);

INSERT INTO Recipe_Cook (recipe_id, cook_id) VALUES (6, 92);

INSERT INTO Recipe_Cook (recipe_id, cook_id) VALUES (7, 92);

INSERT INTO Recipe_Cook (recipe_id, cook_id) VALUES (8, 92);

INSERT INTO Recipe_Cook (recipe_id, cook_id) VALUES (9, 92);

INSERT INTO Recipe_Cook (recipe_id, cook_id) VALUES (10, 92);

INSERT INTO Recipe_Cook (recipe_id, cook_id) VALUES (36, 92);

INSERT INTO Recipe_Cook (recipe_id, cook_id) VALUES (37, 92);

INSERT INTO Recipe_Cook (recipe_id, cook_id) VALUES (38, 92);

INSERT INTO Recipe_Cook (recipe_id, cook_id) VALUES (39, 92);

INSERT INTO Recipe_Cook (recipe_id, cook_id) VALUES (40, 92);

INSERT INTO Cook (user_id, first_name, last_name, phone_number, date_of_birth, years_of_experience, chef_status, image_id) VALUES (93, 'Valerie','Gutierrez', 9964389049483, 1986-03-12, 7, 'C', 421);

INSERT INTO Cook_National_Cuisine (cook_id, national_cuisine_id) VALUES (93, 5);

INSERT INTO Cook_National_Cuisine (cook_id, national_cuisine_id) VALUES (93, 19);

INSERT INTO Recipe_Cook (recipe_id, cook_id) VALUES (26, 93);

INSERT INTO Recipe_Cook (recipe_id, cook_id) VALUES (27, 93);

INSERT INTO Recipe_Cook (recipe_id, cook_id) VALUES (28, 93);

INSERT INTO Recipe_Cook (recipe_id, cook_id) VALUES (29, 93);

INSERT INTO Recipe_Cook (recipe_id, cook_id) VALUES (30, 93);

INSERT INTO Recipe_Cook (recipe_id, cook_id) VALUES (96, 93);

INSERT INTO Recipe_Cook (recipe_id, cook_id) VALUES (97, 93);

INSERT INTO Recipe_Cook (recipe_id, cook_id) VALUES (98, 93);

INSERT INTO Recipe_Cook (recipe_id, cook_id) VALUES (99, 93);

INSERT INTO Recipe_Cook (recipe_id, cook_id) VALUES (100, 93);

INSERT INTO Cook (user_id, first_name, last_name, phone_number, date_of_birth, years_of_experience, chef_status, image_id) VALUES (94, 'Tyler','Wheeler', 6696657403174, 1970-12-14, 31, 'sous chef', 422);

INSERT INTO Cook_National_Cuisine (cook_id, national_cuisine_id) VALUES (94, 18);

INSERT INTO Cook_National_Cuisine (cook_id, national_cuisine_id) VALUES (94, 9);

INSERT INTO Recipe_Cook (recipe_id, cook_id) VALUES (91, 94);

INSERT INTO Recipe_Cook (recipe_id, cook_id) VALUES (92, 94);

INSERT INTO Recipe_Cook (recipe_id, cook_id) VALUES (93, 94);

INSERT INTO Recipe_Cook (recipe_id, cook_id) VALUES (94, 94);

INSERT INTO Recipe_Cook (recipe_id, cook_id) VALUES (95, 94);

INSERT INTO Recipe_Cook (recipe_id, cook_id) VALUES (46, 94);

INSERT INTO Recipe_Cook (recipe_id, cook_id) VALUES (47, 94);

INSERT INTO Recipe_Cook (recipe_id, cook_id) VALUES (48, 94);

INSERT INTO Recipe_Cook (recipe_id, cook_id) VALUES (49, 94);

INSERT INTO Recipe_Cook (recipe_id, cook_id) VALUES (50, 94);

INSERT INTO Cook (user_id, first_name, last_name, phone_number, date_of_birth, years_of_experience, chef_status, image_id) VALUES (95, 'Gloria','Robinson', 1458672553441, 1999-08-25, 4, 'C', 423);

INSERT INTO Cook_National_Cuisine (cook_id, national_cuisine_id) VALUES (95, 9);

INSERT INTO Cook_National_Cuisine (cook_id, national_cuisine_id) VALUES (95, 5);

INSERT INTO Recipe_Cook (recipe_id, cook_id) VALUES (46, 95);

INSERT INTO Recipe_Cook (recipe_id, cook_id) VALUES (47, 95);

INSERT INTO Recipe_Cook (recipe_id, cook_id) VALUES (48, 95);

INSERT INTO Recipe_Cook (recipe_id, cook_id) VALUES (49, 95);

INSERT INTO Recipe_Cook (recipe_id, cook_id) VALUES (50, 95);

INSERT INTO Recipe_Cook (recipe_id, cook_id) VALUES (26, 95);

INSERT INTO Recipe_Cook (recipe_id, cook_id) VALUES (27, 95);

INSERT INTO Recipe_Cook (recipe_id, cook_id) VALUES (28, 95);

INSERT INTO Recipe_Cook (recipe_id, cook_id) VALUES (29, 95);

INSERT INTO Recipe_Cook (recipe_id, cook_id) VALUES (30, 95);

INSERT INTO Cook (user_id, first_name, last_name, phone_number, date_of_birth, years_of_experience, chef_status, image_id) VALUES (96, 'Christopher','Kidd', 1187553933498, 1988-06-13, 1, 'A', 424);

INSERT INTO Cook_National_Cuisine (cook_id, national_cuisine_id) VALUES (96, 19);

INSERT INTO Recipe_Cook (recipe_id, cook_id) VALUES (96, 96);

INSERT INTO Recipe_Cook (recipe_id, cook_id) VALUES (97, 96);

INSERT INTO Recipe_Cook (recipe_id, cook_id) VALUES (98, 96);

INSERT INTO Recipe_Cook (recipe_id, cook_id) VALUES (99, 96);

INSERT INTO Recipe_Cook (recipe_id, cook_id) VALUES (100, 96);

INSERT INTO Cook (user_id, first_name, last_name, phone_number, date_of_birth, years_of_experience, chef_status, image_id) VALUES (97, 'Robin','Nichols', 7025614196999, 1995-03-06, 9, 'B', 425);

INSERT INTO Cook_National_Cuisine (cook_id, national_cuisine_id) VALUES (97, 1);

INSERT INTO Cook_National_Cuisine (cook_id, national_cuisine_id) VALUES (97, 2);

INSERT INTO Cook_National_Cuisine (cook_id, national_cuisine_id) VALUES (97, 9);

INSERT INTO Recipe_Cook (recipe_id, cook_id) VALUES (6, 97);

INSERT INTO Recipe_Cook (recipe_id, cook_id) VALUES (7, 97);

INSERT INTO Recipe_Cook (recipe_id, cook_id) VALUES (8, 97);

INSERT INTO Recipe_Cook (recipe_id, cook_id) VALUES (9, 97);

INSERT INTO Recipe_Cook (recipe_id, cook_id) VALUES (10, 97);

INSERT INTO Recipe_Cook (recipe_id, cook_id) VALUES (11, 97);

INSERT INTO Recipe_Cook (recipe_id, cook_id) VALUES (12, 97);

INSERT INTO Recipe_Cook (recipe_id, cook_id) VALUES (13, 97);

INSERT INTO Recipe_Cook (recipe_id, cook_id) VALUES (14, 97);

INSERT INTO Recipe_Cook (recipe_id, cook_id) VALUES (15, 97);

INSERT INTO Recipe_Cook (recipe_id, cook_id) VALUES (46, 97);

INSERT INTO Recipe_Cook (recipe_id, cook_id) VALUES (47, 97);

INSERT INTO Recipe_Cook (recipe_id, cook_id) VALUES (48, 97);

INSERT INTO Recipe_Cook (recipe_id, cook_id) VALUES (49, 97);

INSERT INTO Recipe_Cook (recipe_id, cook_id) VALUES (50, 97);

INSERT INTO Cook (user_id, first_name, last_name, phone_number, date_of_birth, years_of_experience, chef_status, image_id) VALUES (98, 'Austin','Benson', 7781761396192, 1997-06-19, 2, 'B', 426);

INSERT INTO Cook_National_Cuisine (cook_id, national_cuisine_id) VALUES (98, 19);

INSERT INTO Cook_National_Cuisine (cook_id, national_cuisine_id) VALUES (98, 15);

INSERT INTO Recipe_Cook (recipe_id, cook_id) VALUES (96, 98);

INSERT INTO Recipe_Cook (recipe_id, cook_id) VALUES (97, 98);

INSERT INTO Recipe_Cook (recipe_id, cook_id) VALUES (98, 98);

INSERT INTO Recipe_Cook (recipe_id, cook_id) VALUES (99, 98);

INSERT INTO Recipe_Cook (recipe_id, cook_id) VALUES (100, 98);

INSERT INTO Recipe_Cook (recipe_id, cook_id) VALUES (76, 98);

INSERT INTO Recipe_Cook (recipe_id, cook_id) VALUES (77, 98);

INSERT INTO Recipe_Cook (recipe_id, cook_id) VALUES (78, 98);

INSERT INTO Recipe_Cook (recipe_id, cook_id) VALUES (79, 98);

INSERT INTO Recipe_Cook (recipe_id, cook_id) VALUES (80, 98);

INSERT INTO Cook (user_id, first_name, last_name, phone_number, date_of_birth, years_of_experience, chef_status, image_id) VALUES (99, 'Jennifer','Thompson', 4462856209482, 1974-04-30, 27, 'B', 427);

INSERT INTO Cook_National_Cuisine (cook_id, national_cuisine_id) VALUES (99, 13);

INSERT INTO Cook_National_Cuisine (cook_id, national_cuisine_id) VALUES (99, 14);

INSERT INTO Recipe_Cook (recipe_id, cook_id) VALUES (66, 99);

INSERT INTO Recipe_Cook (recipe_id, cook_id) VALUES (67, 99);

INSERT INTO Recipe_Cook (recipe_id, cook_id) VALUES (68, 99);

INSERT INTO Recipe_Cook (recipe_id, cook_id) VALUES (69, 99);

INSERT INTO Recipe_Cook (recipe_id, cook_id) VALUES (70, 99);

INSERT INTO Recipe_Cook (recipe_id, cook_id) VALUES (71, 99);

INSERT INTO Recipe_Cook (recipe_id, cook_id) VALUES (72, 99);

INSERT INTO Recipe_Cook (recipe_id, cook_id) VALUES (73, 99);

INSERT INTO Recipe_Cook (recipe_id, cook_id) VALUES (74, 99);

INSERT INTO Recipe_Cook (recipe_id, cook_id) VALUES (75, 99);

INSERT INTO Cook (user_id, first_name, last_name, phone_number, date_of_birth, years_of_experience, chef_status, image_id) VALUES (100, 'Timothy','Marquez', 0126473584221, 1964-08-07, 30, 'A', 428);

INSERT INTO Cook_National_Cuisine (cook_id, national_cuisine_id) VALUES (100, 2);

INSERT INTO Cook_National_Cuisine (cook_id, national_cuisine_id) VALUES (100, 5);

INSERT INTO Cook_National_Cuisine (cook_id, national_cuisine_id) VALUES (100, 18);

INSERT INTO Recipe_Cook (recipe_id, cook_id) VALUES (11, 100);

INSERT INTO Recipe_Cook (recipe_id, cook_id) VALUES (12, 100);

INSERT INTO Recipe_Cook (recipe_id, cook_id) VALUES (13, 100);

INSERT INTO Recipe_Cook (recipe_id, cook_id) VALUES (14, 100);

INSERT INTO Recipe_Cook (recipe_id, cook_id) VALUES (15, 100);

INSERT INTO Recipe_Cook (recipe_id, cook_id) VALUES (26, 100);

INSERT INTO Recipe_Cook (recipe_id, cook_id) VALUES (27, 100);

INSERT INTO Recipe_Cook (recipe_id, cook_id) VALUES (28, 100);

INSERT INTO Recipe_Cook (recipe_id, cook_id) VALUES (29, 100);

INSERT INTO Recipe_Cook (recipe_id, cook_id) VALUES (30, 100);

INSERT INTO Recipe_Cook (recipe_id, cook_id) VALUES (91, 100);

INSERT INTO Recipe_Cook (recipe_id, cook_id) VALUES (92, 100);

INSERT INTO Recipe_Cook (recipe_id, cook_id) VALUES (93, 100);

INSERT INTO Recipe_Cook (recipe_id, cook_id) VALUES (94, 100);

INSERT INTO Recipe_Cook (recipe_id, cook_id) VALUES (95, 100);
