
BEGIN;
INSERT INTO Cook (user_id, first_name, last_name, phone_number, date_of_birth, years_of_experience, chef_status, image_id) VALUES (1, 'Steven','Coleman', 6865042109, '1985-03-11', 21, 'sous chef', 329);

INSERT INTO Recipe_Cook (recipe_id, cook_id) VALUES (41, 1);

INSERT INTO Recipe_Cook (recipe_id, cook_id) VALUES (42, 1);

INSERT INTO Recipe_Cook (recipe_id, cook_id) VALUES (43, 1);

INSERT INTO Recipe_Cook (recipe_id, cook_id) VALUES (44, 1);

INSERT INTO Recipe_Cook (recipe_id, cook_id) VALUES (45, 1);

INSERT INTO Cook (user_id, first_name, last_name, phone_number, date_of_birth, years_of_experience, chef_status, image_id) VALUES (2, 'Gabrielle','Harris', 3225958063, '1993-11-13', 2, 'B', 330);

INSERT INTO Recipe_Cook (recipe_id, cook_id) VALUES (21, 2);

INSERT INTO Recipe_Cook (recipe_id, cook_id) VALUES (22, 2);

INSERT INTO Recipe_Cook (recipe_id, cook_id) VALUES (23, 2);

INSERT INTO Recipe_Cook (recipe_id, cook_id) VALUES (24, 2);

INSERT INTO Recipe_Cook (recipe_id, cook_id) VALUES (25, 2);

INSERT INTO Cook (user_id, first_name, last_name, phone_number, date_of_birth, years_of_experience, chef_status, image_id) VALUES (3, 'Annette','Warner', 3752197638, '1998-07-01', 6, 'A', 331);

INSERT INTO Recipe_Cook (recipe_id, cook_id) VALUES (86, 3);

INSERT INTO Recipe_Cook (recipe_id, cook_id) VALUES (87, 3);

INSERT INTO Recipe_Cook (recipe_id, cook_id) VALUES (88, 3);

INSERT INTO Recipe_Cook (recipe_id, cook_id) VALUES (89, 3);

INSERT INTO Recipe_Cook (recipe_id, cook_id) VALUES (90, 3);

INSERT INTO Cook (user_id, first_name, last_name, phone_number, date_of_birth, years_of_experience, chef_status, image_id) VALUES (4, 'Leslie','Harrington', 8448287512, '1968-08-04', 8, 'A', 332);

INSERT INTO Recipe_Cook (recipe_id, cook_id) VALUES (31, 4);

INSERT INTO Recipe_Cook (recipe_id, cook_id) VALUES (32, 4);

INSERT INTO Recipe_Cook (recipe_id, cook_id) VALUES (33, 4);

INSERT INTO Recipe_Cook (recipe_id, cook_id) VALUES (34, 4);

INSERT INTO Recipe_Cook (recipe_id, cook_id) VALUES (35, 4);

INSERT INTO Cook (user_id, first_name, last_name, phone_number, date_of_birth, years_of_experience, chef_status, image_id) VALUES (5, 'Frederick','Oneal', 6725342491, '1965-08-09', 26, 'chef', 333);

INSERT INTO Recipe_Cook (recipe_id, cook_id) VALUES (51, 5);

INSERT INTO Recipe_Cook (recipe_id, cook_id) VALUES (52, 5);

INSERT INTO Recipe_Cook (recipe_id, cook_id) VALUES (53, 5);

INSERT INTO Recipe_Cook (recipe_id, cook_id) VALUES (54, 5);

INSERT INTO Recipe_Cook (recipe_id, cook_id) VALUES (55, 5);

INSERT INTO Recipe_Cook (recipe_id, cook_id) VALUES (56, 5);

INSERT INTO Recipe_Cook (recipe_id, cook_id) VALUES (57, 5);

INSERT INTO Recipe_Cook (recipe_id, cook_id) VALUES (58, 5);

INSERT INTO Recipe_Cook (recipe_id, cook_id) VALUES (59, 5);

INSERT INTO Recipe_Cook (recipe_id, cook_id) VALUES (60, 5);

INSERT INTO Recipe_Cook (recipe_id, cook_id) VALUES (46, 5);

INSERT INTO Recipe_Cook (recipe_id, cook_id) VALUES (47, 5);

INSERT INTO Recipe_Cook (recipe_id, cook_id) VALUES (48, 5);

INSERT INTO Recipe_Cook (recipe_id, cook_id) VALUES (49, 5);

INSERT INTO Recipe_Cook (recipe_id, cook_id) VALUES (50, 5);

INSERT INTO Cook (user_id, first_name, last_name, phone_number, date_of_birth, years_of_experience, chef_status, image_id) VALUES (6, 'Joshua','Keller', 8253314445, '1966-08-04', 11, 'chef', 334);

INSERT INTO Recipe_Cook (recipe_id, cook_id) VALUES (21, 6);

INSERT INTO Recipe_Cook (recipe_id, cook_id) VALUES (22, 6);

INSERT INTO Recipe_Cook (recipe_id, cook_id) VALUES (23, 6);

INSERT INTO Recipe_Cook (recipe_id, cook_id) VALUES (24, 6);

INSERT INTO Recipe_Cook (recipe_id, cook_id) VALUES (25, 6);

INSERT INTO Cook (user_id, first_name, last_name, phone_number, date_of_birth, years_of_experience, chef_status, image_id) VALUES (7, 'Russell','Johnson', 2159853093, '1972-12-06', 26, 'B', 335);

INSERT INTO Recipe_Cook (recipe_id, cook_id) VALUES (71, 7);

INSERT INTO Recipe_Cook (recipe_id, cook_id) VALUES (72, 7);

INSERT INTO Recipe_Cook (recipe_id, cook_id) VALUES (73, 7);

INSERT INTO Recipe_Cook (recipe_id, cook_id) VALUES (74, 7);

INSERT INTO Recipe_Cook (recipe_id, cook_id) VALUES (75, 7);

INSERT INTO Cook (user_id, first_name, last_name, phone_number, date_of_birth, years_of_experience, chef_status, image_id) VALUES (8, 'Alejandro','Wheeler', 6007656012, '1970-10-03', 1, 'C', 336);

INSERT INTO Recipe_Cook (recipe_id, cook_id) VALUES (51, 8);

INSERT INTO Recipe_Cook (recipe_id, cook_id) VALUES (52, 8);

INSERT INTO Recipe_Cook (recipe_id, cook_id) VALUES (53, 8);

INSERT INTO Recipe_Cook (recipe_id, cook_id) VALUES (54, 8);

INSERT INTO Recipe_Cook (recipe_id, cook_id) VALUES (55, 8);

INSERT INTO Recipe_Cook (recipe_id, cook_id) VALUES (91, 8);

INSERT INTO Recipe_Cook (recipe_id, cook_id) VALUES (92, 8);

INSERT INTO Recipe_Cook (recipe_id, cook_id) VALUES (93, 8);

INSERT INTO Recipe_Cook (recipe_id, cook_id) VALUES (94, 8);

INSERT INTO Recipe_Cook (recipe_id, cook_id) VALUES (95, 8);

INSERT INTO Recipe_Cook (recipe_id, cook_id) VALUES (66, 8);

INSERT INTO Recipe_Cook (recipe_id, cook_id) VALUES (67, 8);

INSERT INTO Recipe_Cook (recipe_id, cook_id) VALUES (68, 8);

INSERT INTO Recipe_Cook (recipe_id, cook_id) VALUES (69, 8);

INSERT INTO Recipe_Cook (recipe_id, cook_id) VALUES (70, 8);

INSERT INTO Cook (user_id, first_name, last_name, phone_number, date_of_birth, years_of_experience, chef_status, image_id) VALUES (9, 'Michelle','Powell', 5248775982, '1991-09-19', 7, 'A', 337);

INSERT INTO Recipe_Cook (recipe_id, cook_id) VALUES (11, 9);

INSERT INTO Recipe_Cook (recipe_id, cook_id) VALUES (12, 9);

INSERT INTO Recipe_Cook (recipe_id, cook_id) VALUES (13, 9);

INSERT INTO Recipe_Cook (recipe_id, cook_id) VALUES (14, 9);

INSERT INTO Recipe_Cook (recipe_id, cook_id) VALUES (15, 9);

INSERT INTO Cook (user_id, first_name, last_name, phone_number, date_of_birth, years_of_experience, chef_status, image_id) VALUES (10, 'Mark','Baker', 1387289825, '1991-06-03', 13, 'A', 338);

INSERT INTO Recipe_Cook (recipe_id, cook_id) VALUES (16, 10);

INSERT INTO Recipe_Cook (recipe_id, cook_id) VALUES (17, 10);

INSERT INTO Recipe_Cook (recipe_id, cook_id) VALUES (18, 10);

INSERT INTO Recipe_Cook (recipe_id, cook_id) VALUES (19, 10);

INSERT INTO Recipe_Cook (recipe_id, cook_id) VALUES (20, 10);

INSERT INTO Recipe_Cook (recipe_id, cook_id) VALUES (91, 10);

INSERT INTO Recipe_Cook (recipe_id, cook_id) VALUES (92, 10);

INSERT INTO Recipe_Cook (recipe_id, cook_id) VALUES (93, 10);

INSERT INTO Recipe_Cook (recipe_id, cook_id) VALUES (94, 10);

INSERT INTO Recipe_Cook (recipe_id, cook_id) VALUES (95, 10);

INSERT INTO Recipe_Cook (recipe_id, cook_id) VALUES (66, 10);

INSERT INTO Recipe_Cook (recipe_id, cook_id) VALUES (67, 10);

INSERT INTO Recipe_Cook (recipe_id, cook_id) VALUES (68, 10);

INSERT INTO Recipe_Cook (recipe_id, cook_id) VALUES (69, 10);

INSERT INTO Recipe_Cook (recipe_id, cook_id) VALUES (70, 10);

INSERT INTO Cook (user_id, first_name, last_name, phone_number, date_of_birth, years_of_experience, chef_status, image_id) VALUES (11, 'Joshua','Bell', 8530499516, '1989-12-01', 13, 'chef', 339);

INSERT INTO Recipe_Cook (recipe_id, cook_id) VALUES (6, 11);

INSERT INTO Recipe_Cook (recipe_id, cook_id) VALUES (7, 11);

INSERT INTO Recipe_Cook (recipe_id, cook_id) VALUES (8, 11);

INSERT INTO Recipe_Cook (recipe_id, cook_id) VALUES (9, 11);

INSERT INTO Recipe_Cook (recipe_id, cook_id) VALUES (10, 11);

INSERT INTO Recipe_Cook (recipe_id, cook_id) VALUES (56, 11);

INSERT INTO Recipe_Cook (recipe_id, cook_id) VALUES (57, 11);

INSERT INTO Recipe_Cook (recipe_id, cook_id) VALUES (58, 11);

INSERT INTO Recipe_Cook (recipe_id, cook_id) VALUES (59, 11);

INSERT INTO Recipe_Cook (recipe_id, cook_id) VALUES (60, 11);

INSERT INTO Recipe_Cook (recipe_id, cook_id) VALUES (36, 11);

INSERT INTO Recipe_Cook (recipe_id, cook_id) VALUES (37, 11);

INSERT INTO Recipe_Cook (recipe_id, cook_id) VALUES (38, 11);

INSERT INTO Recipe_Cook (recipe_id, cook_id) VALUES (39, 11);

INSERT INTO Recipe_Cook (recipe_id, cook_id) VALUES (40, 11);

INSERT INTO Cook (user_id, first_name, last_name, phone_number, date_of_birth, years_of_experience, chef_status, image_id) VALUES (12, 'William','Lee', 2911567488, '1960-10-03', 11, 'A', 340);

INSERT INTO Recipe_Cook (recipe_id, cook_id) VALUES (31, 12);

INSERT INTO Recipe_Cook (recipe_id, cook_id) VALUES (32, 12);

INSERT INTO Recipe_Cook (recipe_id, cook_id) VALUES (33, 12);

INSERT INTO Recipe_Cook (recipe_id, cook_id) VALUES (34, 12);

INSERT INTO Recipe_Cook (recipe_id, cook_id) VALUES (35, 12);

INSERT INTO Recipe_Cook (recipe_id, cook_id) VALUES (51, 12);

INSERT INTO Recipe_Cook (recipe_id, cook_id) VALUES (52, 12);

INSERT INTO Recipe_Cook (recipe_id, cook_id) VALUES (53, 12);

INSERT INTO Recipe_Cook (recipe_id, cook_id) VALUES (54, 12);

INSERT INTO Recipe_Cook (recipe_id, cook_id) VALUES (55, 12);

INSERT INTO Recipe_Cook (recipe_id, cook_id) VALUES (6, 12);

INSERT INTO Recipe_Cook (recipe_id, cook_id) VALUES (7, 12);

INSERT INTO Recipe_Cook (recipe_id, cook_id) VALUES (8, 12);

INSERT INTO Recipe_Cook (recipe_id, cook_id) VALUES (9, 12);

INSERT INTO Recipe_Cook (recipe_id, cook_id) VALUES (10, 12);

INSERT INTO Cook (user_id, first_name, last_name, phone_number, date_of_birth, years_of_experience, chef_status, image_id) VALUES (13, 'Brandy','Sloan', 4043724539, '1962-08-02', 21, 'sous chef', 341);

INSERT INTO Recipe_Cook (recipe_id, cook_id) VALUES (11, 13);

INSERT INTO Recipe_Cook (recipe_id, cook_id) VALUES (12, 13);

INSERT INTO Recipe_Cook (recipe_id, cook_id) VALUES (13, 13);

INSERT INTO Recipe_Cook (recipe_id, cook_id) VALUES (14, 13);

INSERT INTO Recipe_Cook (recipe_id, cook_id) VALUES (15, 13);

INSERT INTO Cook (user_id, first_name, last_name, phone_number, date_of_birth, years_of_experience, chef_status, image_id) VALUES (14, 'David','Hawkins', 1970143246, '1964-10-19', 12, 'sous chef', 342);

INSERT INTO Recipe_Cook (recipe_id, cook_id) VALUES (26, 14);

INSERT INTO Recipe_Cook (recipe_id, cook_id) VALUES (27, 14);

INSERT INTO Recipe_Cook (recipe_id, cook_id) VALUES (28, 14);

INSERT INTO Recipe_Cook (recipe_id, cook_id) VALUES (29, 14);

INSERT INTO Recipe_Cook (recipe_id, cook_id) VALUES (30, 14);

INSERT INTO Cook (user_id, first_name, last_name, phone_number, date_of_birth, years_of_experience, chef_status, image_id) VALUES (15, 'Alexander','Evans', 7935523582, '1982-09-05', 17, 'C', 343);

INSERT INTO Recipe_Cook (recipe_id, cook_id) VALUES (61, 15);

INSERT INTO Recipe_Cook (recipe_id, cook_id) VALUES (62, 15);

INSERT INTO Recipe_Cook (recipe_id, cook_id) VALUES (63, 15);

INSERT INTO Recipe_Cook (recipe_id, cook_id) VALUES (64, 15);

INSERT INTO Recipe_Cook (recipe_id, cook_id) VALUES (65, 15);

INSERT INTO Recipe_Cook (recipe_id, cook_id) VALUES (56, 15);

INSERT INTO Recipe_Cook (recipe_id, cook_id) VALUES (57, 15);

INSERT INTO Recipe_Cook (recipe_id, cook_id) VALUES (58, 15);

INSERT INTO Recipe_Cook (recipe_id, cook_id) VALUES (59, 15);

INSERT INTO Recipe_Cook (recipe_id, cook_id) VALUES (60, 15);

INSERT INTO Cook (user_id, first_name, last_name, phone_number, date_of_birth, years_of_experience, chef_status, image_id) VALUES (16, 'Martin','Day', 4609062071, '1962-10-11', 33, 'C', 344);

INSERT INTO Recipe_Cook (recipe_id, cook_id) VALUES (61, 16);

INSERT INTO Recipe_Cook (recipe_id, cook_id) VALUES (62, 16);

INSERT INTO Recipe_Cook (recipe_id, cook_id) VALUES (63, 16);

INSERT INTO Recipe_Cook (recipe_id, cook_id) VALUES (64, 16);

INSERT INTO Recipe_Cook (recipe_id, cook_id) VALUES (65, 16);

INSERT INTO Recipe_Cook (recipe_id, cook_id) VALUES (81, 16);

INSERT INTO Recipe_Cook (recipe_id, cook_id) VALUES (82, 16);

INSERT INTO Recipe_Cook (recipe_id, cook_id) VALUES (83, 16);

INSERT INTO Recipe_Cook (recipe_id, cook_id) VALUES (84, 16);

INSERT INTO Recipe_Cook (recipe_id, cook_id) VALUES (85, 16);

INSERT INTO Recipe_Cook (recipe_id, cook_id) VALUES (41, 16);

INSERT INTO Recipe_Cook (recipe_id, cook_id) VALUES (42, 16);

INSERT INTO Recipe_Cook (recipe_id, cook_id) VALUES (43, 16);

INSERT INTO Recipe_Cook (recipe_id, cook_id) VALUES (44, 16);

INSERT INTO Recipe_Cook (recipe_id, cook_id) VALUES (45, 16);

INSERT INTO Cook (user_id, first_name, last_name, phone_number, date_of_birth, years_of_experience, chef_status, image_id) VALUES (17, 'Michael','Howell', 8380264245, '1974-05-23', 28, 'B', 345);

INSERT INTO Recipe_Cook (recipe_id, cook_id) VALUES (16, 17);

INSERT INTO Recipe_Cook (recipe_id, cook_id) VALUES (17, 17);

INSERT INTO Recipe_Cook (recipe_id, cook_id) VALUES (18, 17);

INSERT INTO Recipe_Cook (recipe_id, cook_id) VALUES (19, 17);

INSERT INTO Recipe_Cook (recipe_id, cook_id) VALUES (20, 17);

INSERT INTO Recipe_Cook (recipe_id, cook_id) VALUES (76, 17);

INSERT INTO Recipe_Cook (recipe_id, cook_id) VALUES (77, 17);

INSERT INTO Recipe_Cook (recipe_id, cook_id) VALUES (78, 17);

INSERT INTO Recipe_Cook (recipe_id, cook_id) VALUES (79, 17);

INSERT INTO Recipe_Cook (recipe_id, cook_id) VALUES (80, 17);

INSERT INTO Recipe_Cook (recipe_id, cook_id) VALUES (61, 17);

INSERT INTO Recipe_Cook (recipe_id, cook_id) VALUES (62, 17);

INSERT INTO Recipe_Cook (recipe_id, cook_id) VALUES (63, 17);

INSERT INTO Recipe_Cook (recipe_id, cook_id) VALUES (64, 17);

INSERT INTO Recipe_Cook (recipe_id, cook_id) VALUES (65, 17);

INSERT INTO Cook (user_id, first_name, last_name, phone_number, date_of_birth, years_of_experience, chef_status, image_id) VALUES (18, 'Roger','Clark', 9747417968, '1979-04-13', 21, 'sous chef', 346);

INSERT INTO Recipe_Cook (recipe_id, cook_id) VALUES (91, 18);

INSERT INTO Recipe_Cook (recipe_id, cook_id) VALUES (92, 18);

INSERT INTO Recipe_Cook (recipe_id, cook_id) VALUES (93, 18);

INSERT INTO Recipe_Cook (recipe_id, cook_id) VALUES (94, 18);

INSERT INTO Recipe_Cook (recipe_id, cook_id) VALUES (95, 18);

INSERT INTO Cook (user_id, first_name, last_name, phone_number, date_of_birth, years_of_experience, chef_status, image_id) VALUES (19, 'Tristan','Marshall', 9727143901, '2000-07-16', 2, 'B', 347);

INSERT INTO Recipe_Cook (recipe_id, cook_id) VALUES (36, 19);

INSERT INTO Recipe_Cook (recipe_id, cook_id) VALUES (37, 19);

INSERT INTO Recipe_Cook (recipe_id, cook_id) VALUES (38, 19);

INSERT INTO Recipe_Cook (recipe_id, cook_id) VALUES (39, 19);

INSERT INTO Recipe_Cook (recipe_id, cook_id) VALUES (40, 19);

INSERT INTO Recipe_Cook (recipe_id, cook_id) VALUES (61, 19);

INSERT INTO Recipe_Cook (recipe_id, cook_id) VALUES (62, 19);

INSERT INTO Recipe_Cook (recipe_id, cook_id) VALUES (63, 19);

INSERT INTO Recipe_Cook (recipe_id, cook_id) VALUES (64, 19);

INSERT INTO Recipe_Cook (recipe_id, cook_id) VALUES (65, 19);

INSERT INTO Cook (user_id, first_name, last_name, phone_number, date_of_birth, years_of_experience, chef_status, image_id) VALUES (20, 'Alexander','James', 3397769661, '1975-07-31', 16, 'C', 348);

INSERT INTO Recipe_Cook (recipe_id, cook_id) VALUES (31, 20);

INSERT INTO Recipe_Cook (recipe_id, cook_id) VALUES (32, 20);

INSERT INTO Recipe_Cook (recipe_id, cook_id) VALUES (33, 20);

INSERT INTO Recipe_Cook (recipe_id, cook_id) VALUES (34, 20);

INSERT INTO Recipe_Cook (recipe_id, cook_id) VALUES (35, 20);

INSERT INTO Cook (user_id, first_name, last_name, phone_number, date_of_birth, years_of_experience, chef_status, image_id) VALUES (21, 'Sarah','Rivera', 8161252683, '1974-06-18', 26, 'C', 349);

INSERT INTO Recipe_Cook (recipe_id, cook_id) VALUES (21, 21);

INSERT INTO Recipe_Cook (recipe_id, cook_id) VALUES (22, 21);

INSERT INTO Recipe_Cook (recipe_id, cook_id) VALUES (23, 21);

INSERT INTO Recipe_Cook (recipe_id, cook_id) VALUES (24, 21);

INSERT INTO Recipe_Cook (recipe_id, cook_id) VALUES (25, 21);

INSERT INTO Cook (user_id, first_name, last_name, phone_number, date_of_birth, years_of_experience, chef_status, image_id) VALUES (22, 'Jeffery','Martin', 3556564868, '1971-01-03', 7, 'B', 350);

INSERT INTO Recipe_Cook (recipe_id, cook_id) VALUES (26, 22);

INSERT INTO Recipe_Cook (recipe_id, cook_id) VALUES (27, 22);

INSERT INTO Recipe_Cook (recipe_id, cook_id) VALUES (28, 22);

INSERT INTO Recipe_Cook (recipe_id, cook_id) VALUES (29, 22);

INSERT INTO Recipe_Cook (recipe_id, cook_id) VALUES (30, 22);

INSERT INTO Cook (user_id, first_name, last_name, phone_number, date_of_birth, years_of_experience, chef_status, image_id) VALUES (23, 'Katelyn','Campbell', 1433547130, '1964-05-14', 17, 'B', 351);

INSERT INTO Recipe_Cook (recipe_id, cook_id) VALUES (56, 23);

INSERT INTO Recipe_Cook (recipe_id, cook_id) VALUES (57, 23);

INSERT INTO Recipe_Cook (recipe_id, cook_id) VALUES (58, 23);

INSERT INTO Recipe_Cook (recipe_id, cook_id) VALUES (59, 23);

INSERT INTO Recipe_Cook (recipe_id, cook_id) VALUES (60, 23);

INSERT INTO Recipe_Cook (recipe_id, cook_id) VALUES (6, 23);

INSERT INTO Recipe_Cook (recipe_id, cook_id) VALUES (7, 23);

INSERT INTO Recipe_Cook (recipe_id, cook_id) VALUES (8, 23);

INSERT INTO Recipe_Cook (recipe_id, cook_id) VALUES (9, 23);

INSERT INTO Recipe_Cook (recipe_id, cook_id) VALUES (10, 23);

INSERT INTO Recipe_Cook (recipe_id, cook_id) VALUES (96, 23);

INSERT INTO Recipe_Cook (recipe_id, cook_id) VALUES (97, 23);

INSERT INTO Recipe_Cook (recipe_id, cook_id) VALUES (98, 23);

INSERT INTO Recipe_Cook (recipe_id, cook_id) VALUES (99, 23);

INSERT INTO Recipe_Cook (recipe_id, cook_id) VALUES (100, 23);

INSERT INTO Cook (user_id, first_name, last_name, phone_number, date_of_birth, years_of_experience, chef_status, image_id) VALUES (24, 'Julie','Rojas', 3868161067, '1991-03-21', 2, 'sous chef', 352);

INSERT INTO Recipe_Cook (recipe_id, cook_id) VALUES (71, 24);

INSERT INTO Recipe_Cook (recipe_id, cook_id) VALUES (72, 24);

INSERT INTO Recipe_Cook (recipe_id, cook_id) VALUES (73, 24);

INSERT INTO Recipe_Cook (recipe_id, cook_id) VALUES (74, 24);

INSERT INTO Recipe_Cook (recipe_id, cook_id) VALUES (75, 24);

INSERT INTO Recipe_Cook (recipe_id, cook_id) VALUES (11, 24);

INSERT INTO Recipe_Cook (recipe_id, cook_id) VALUES (12, 24);

INSERT INTO Recipe_Cook (recipe_id, cook_id) VALUES (13, 24);

INSERT INTO Recipe_Cook (recipe_id, cook_id) VALUES (14, 24);

INSERT INTO Recipe_Cook (recipe_id, cook_id) VALUES (15, 24);

INSERT INTO Cook (user_id, first_name, last_name, phone_number, date_of_birth, years_of_experience, chef_status, image_id) VALUES (25, 'Jerry','Ford', 4022354240, '1970-04-30', 21, 'sous chef', 353);

INSERT INTO Recipe_Cook (recipe_id, cook_id) VALUES (26, 25);

INSERT INTO Recipe_Cook (recipe_id, cook_id) VALUES (27, 25);

INSERT INTO Recipe_Cook (recipe_id, cook_id) VALUES (28, 25);

INSERT INTO Recipe_Cook (recipe_id, cook_id) VALUES (29, 25);

INSERT INTO Recipe_Cook (recipe_id, cook_id) VALUES (30, 25);

INSERT INTO Recipe_Cook (recipe_id, cook_id) VALUES (31, 25);

INSERT INTO Recipe_Cook (recipe_id, cook_id) VALUES (32, 25);

INSERT INTO Recipe_Cook (recipe_id, cook_id) VALUES (33, 25);

INSERT INTO Recipe_Cook (recipe_id, cook_id) VALUES (34, 25);

INSERT INTO Recipe_Cook (recipe_id, cook_id) VALUES (35, 25);

INSERT INTO Cook (user_id, first_name, last_name, phone_number, date_of_birth, years_of_experience, chef_status, image_id) VALUES (26, 'Justin','Moore', 9315510420, '1987-03-07', 4, 'chef', 354);

INSERT INTO Recipe_Cook (recipe_id, cook_id) VALUES (36, 26);

INSERT INTO Recipe_Cook (recipe_id, cook_id) VALUES (37, 26);

INSERT INTO Recipe_Cook (recipe_id, cook_id) VALUES (38, 26);

INSERT INTO Recipe_Cook (recipe_id, cook_id) VALUES (39, 26);

INSERT INTO Recipe_Cook (recipe_id, cook_id) VALUES (40, 26);

INSERT INTO Recipe_Cook (recipe_id, cook_id) VALUES (61, 26);

INSERT INTO Recipe_Cook (recipe_id, cook_id) VALUES (62, 26);

INSERT INTO Recipe_Cook (recipe_id, cook_id) VALUES (63, 26);

INSERT INTO Recipe_Cook (recipe_id, cook_id) VALUES (64, 26);

INSERT INTO Recipe_Cook (recipe_id, cook_id) VALUES (65, 26);

INSERT INTO Recipe_Cook (recipe_id, cook_id) VALUES (66, 26);

INSERT INTO Recipe_Cook (recipe_id, cook_id) VALUES (67, 26);

INSERT INTO Recipe_Cook (recipe_id, cook_id) VALUES (68, 26);

INSERT INTO Recipe_Cook (recipe_id, cook_id) VALUES (69, 26);

INSERT INTO Recipe_Cook (recipe_id, cook_id) VALUES (70, 26);

INSERT INTO Cook (user_id, first_name, last_name, phone_number, date_of_birth, years_of_experience, chef_status, image_id) VALUES (27, 'Brittany','Anderson', 8357739888, '1979-10-08', 16, 'chef', 355);

INSERT INTO Recipe_Cook (recipe_id, cook_id) VALUES (61, 27);

INSERT INTO Recipe_Cook (recipe_id, cook_id) VALUES (62, 27);

INSERT INTO Recipe_Cook (recipe_id, cook_id) VALUES (63, 27);

INSERT INTO Recipe_Cook (recipe_id, cook_id) VALUES (64, 27);

INSERT INTO Recipe_Cook (recipe_id, cook_id) VALUES (65, 27);

INSERT INTO Cook (user_id, first_name, last_name, phone_number, date_of_birth, years_of_experience, chef_status, image_id) VALUES (28, 'Larry','Costa', 6650940714, '1990-11-16', 1, 'C', 356);

INSERT INTO Recipe_Cook (recipe_id, cook_id) VALUES (56, 28);

INSERT INTO Recipe_Cook (recipe_id, cook_id) VALUES (57, 28);

INSERT INTO Recipe_Cook (recipe_id, cook_id) VALUES (58, 28);

INSERT INTO Recipe_Cook (recipe_id, cook_id) VALUES (59, 28);

INSERT INTO Recipe_Cook (recipe_id, cook_id) VALUES (60, 28);

INSERT INTO Cook (user_id, first_name, last_name, phone_number, date_of_birth, years_of_experience, chef_status, image_id) VALUES (29, 'Mark','Zavala', 5389985984, '2000-10-23', 6, 'chef', 357);

INSERT INTO Recipe_Cook (recipe_id, cook_id) VALUES (61, 29);

INSERT INTO Recipe_Cook (recipe_id, cook_id) VALUES (62, 29);

INSERT INTO Recipe_Cook (recipe_id, cook_id) VALUES (63, 29);

INSERT INTO Recipe_Cook (recipe_id, cook_id) VALUES (64, 29);

INSERT INTO Recipe_Cook (recipe_id, cook_id) VALUES (65, 29);

INSERT INTO Recipe_Cook (recipe_id, cook_id) VALUES (11, 29);

INSERT INTO Recipe_Cook (recipe_id, cook_id) VALUES (12, 29);

INSERT INTO Recipe_Cook (recipe_id, cook_id) VALUES (13, 29);

INSERT INTO Recipe_Cook (recipe_id, cook_id) VALUES (14, 29);

INSERT INTO Recipe_Cook (recipe_id, cook_id) VALUES (15, 29);

INSERT INTO Cook (user_id, first_name, last_name, phone_number, date_of_birth, years_of_experience, chef_status, image_id) VALUES (30, 'Elizabeth','Ortiz', 2035673498, '1971-04-26', 35, 'C', 358);

INSERT INTO Recipe_Cook (recipe_id, cook_id) VALUES (56, 30);

INSERT INTO Recipe_Cook (recipe_id, cook_id) VALUES (57, 30);

INSERT INTO Recipe_Cook (recipe_id, cook_id) VALUES (58, 30);

INSERT INTO Recipe_Cook (recipe_id, cook_id) VALUES (59, 30);

INSERT INTO Recipe_Cook (recipe_id, cook_id) VALUES (60, 30);

INSERT INTO Cook (user_id, first_name, last_name, phone_number, date_of_birth, years_of_experience, chef_status, image_id) VALUES (31, 'Denise','Taylor', 2848183291, '1961-06-10', 33, 'sous chef', 359);

INSERT INTO Recipe_Cook (recipe_id, cook_id) VALUES (81, 31);

INSERT INTO Recipe_Cook (recipe_id, cook_id) VALUES (82, 31);

INSERT INTO Recipe_Cook (recipe_id, cook_id) VALUES (83, 31);

INSERT INTO Recipe_Cook (recipe_id, cook_id) VALUES (84, 31);

INSERT INTO Recipe_Cook (recipe_id, cook_id) VALUES (85, 31);

INSERT INTO Recipe_Cook (recipe_id, cook_id) VALUES (41, 31);

INSERT INTO Recipe_Cook (recipe_id, cook_id) VALUES (42, 31);

INSERT INTO Recipe_Cook (recipe_id, cook_id) VALUES (43, 31);

INSERT INTO Recipe_Cook (recipe_id, cook_id) VALUES (44, 31);

INSERT INTO Recipe_Cook (recipe_id, cook_id) VALUES (45, 31);

INSERT INTO Cook (user_id, first_name, last_name, phone_number, date_of_birth, years_of_experience, chef_status, image_id) VALUES (32, 'Mark','Mcdaniel', 7828745330, '1965-08-20', 4, 'sous chef', 360);

INSERT INTO Recipe_Cook (recipe_id, cook_id) VALUES (61, 32);

INSERT INTO Recipe_Cook (recipe_id, cook_id) VALUES (62, 32);

INSERT INTO Recipe_Cook (recipe_id, cook_id) VALUES (63, 32);

INSERT INTO Recipe_Cook (recipe_id, cook_id) VALUES (64, 32);

INSERT INTO Recipe_Cook (recipe_id, cook_id) VALUES (65, 32);

INSERT INTO Recipe_Cook (recipe_id, cook_id) VALUES (21, 32);

INSERT INTO Recipe_Cook (recipe_id, cook_id) VALUES (22, 32);

INSERT INTO Recipe_Cook (recipe_id, cook_id) VALUES (23, 32);

INSERT INTO Recipe_Cook (recipe_id, cook_id) VALUES (24, 32);

INSERT INTO Recipe_Cook (recipe_id, cook_id) VALUES (25, 32);

INSERT INTO Recipe_Cook (recipe_id, cook_id) VALUES (86, 32);

INSERT INTO Recipe_Cook (recipe_id, cook_id) VALUES (87, 32);

INSERT INTO Recipe_Cook (recipe_id, cook_id) VALUES (88, 32);

INSERT INTO Recipe_Cook (recipe_id, cook_id) VALUES (89, 32);

INSERT INTO Recipe_Cook (recipe_id, cook_id) VALUES (90, 32);

INSERT INTO Cook (user_id, first_name, last_name, phone_number, date_of_birth, years_of_experience, chef_status, image_id) VALUES (33, 'Bryan','Underwood', 1533163198, '1978-04-17', 2, 'B', 361);

INSERT INTO Recipe_Cook (recipe_id, cook_id) VALUES (61, 33);

INSERT INTO Recipe_Cook (recipe_id, cook_id) VALUES (62, 33);

INSERT INTO Recipe_Cook (recipe_id, cook_id) VALUES (63, 33);

INSERT INTO Recipe_Cook (recipe_id, cook_id) VALUES (64, 33);

INSERT INTO Recipe_Cook (recipe_id, cook_id) VALUES (65, 33);

INSERT INTO Recipe_Cook (recipe_id, cook_id) VALUES (46, 33);

INSERT INTO Recipe_Cook (recipe_id, cook_id) VALUES (47, 33);

INSERT INTO Recipe_Cook (recipe_id, cook_id) VALUES (48, 33);

INSERT INTO Recipe_Cook (recipe_id, cook_id) VALUES (49, 33);

INSERT INTO Recipe_Cook (recipe_id, cook_id) VALUES (50, 33);

INSERT INTO Cook (user_id, first_name, last_name, phone_number, date_of_birth, years_of_experience, chef_status, image_id) VALUES (34, 'Zachary','Carpenter', 8962586353, '1978-03-31', 1, 'chef', 362);

INSERT INTO Recipe_Cook (recipe_id, cook_id) VALUES (91, 34);

INSERT INTO Recipe_Cook (recipe_id, cook_id) VALUES (92, 34);

INSERT INTO Recipe_Cook (recipe_id, cook_id) VALUES (93, 34);

INSERT INTO Recipe_Cook (recipe_id, cook_id) VALUES (94, 34);

INSERT INTO Recipe_Cook (recipe_id, cook_id) VALUES (95, 34);

INSERT INTO Cook (user_id, first_name, last_name, phone_number, date_of_birth, years_of_experience, chef_status, image_id) VALUES (35, 'Julie','Davis', 4320321737, '1966-03-30', 37, 'B', 363);

INSERT INTO Recipe_Cook (recipe_id, cook_id) VALUES (36, 35);

INSERT INTO Recipe_Cook (recipe_id, cook_id) VALUES (37, 35);

INSERT INTO Recipe_Cook (recipe_id, cook_id) VALUES (38, 35);

INSERT INTO Recipe_Cook (recipe_id, cook_id) VALUES (39, 35);

INSERT INTO Recipe_Cook (recipe_id, cook_id) VALUES (40, 35);

INSERT INTO Cook (user_id, first_name, last_name, phone_number, date_of_birth, years_of_experience, chef_status, image_id) VALUES (36, 'Kurt','Sandoval', 2871560375, '1983-04-27', 4, 'sous chef', 364);

INSERT INTO Recipe_Cook (recipe_id, cook_id) VALUES (66, 36);

INSERT INTO Recipe_Cook (recipe_id, cook_id) VALUES (67, 36);

INSERT INTO Recipe_Cook (recipe_id, cook_id) VALUES (68, 36);

INSERT INTO Recipe_Cook (recipe_id, cook_id) VALUES (69, 36);

INSERT INTO Recipe_Cook (recipe_id, cook_id) VALUES (70, 36);

INSERT INTO Recipe_Cook (recipe_id, cook_id) VALUES (81, 36);

INSERT INTO Recipe_Cook (recipe_id, cook_id) VALUES (82, 36);

INSERT INTO Recipe_Cook (recipe_id, cook_id) VALUES (83, 36);

INSERT INTO Recipe_Cook (recipe_id, cook_id) VALUES (84, 36);

INSERT INTO Recipe_Cook (recipe_id, cook_id) VALUES (85, 36);

INSERT INTO Cook (user_id, first_name, last_name, phone_number, date_of_birth, years_of_experience, chef_status, image_id) VALUES (37, 'Douglas','Nelson', 6140353027, '1987-10-01', 5, 'B', 365);

INSERT INTO Recipe_Cook (recipe_id, cook_id) VALUES (86, 37);

INSERT INTO Recipe_Cook (recipe_id, cook_id) VALUES (87, 37);

INSERT INTO Recipe_Cook (recipe_id, cook_id) VALUES (88, 37);

INSERT INTO Recipe_Cook (recipe_id, cook_id) VALUES (89, 37);

INSERT INTO Recipe_Cook (recipe_id, cook_id) VALUES (90, 37);

INSERT INTO Recipe_Cook (recipe_id, cook_id) VALUES (36, 37);

INSERT INTO Recipe_Cook (recipe_id, cook_id) VALUES (37, 37);

INSERT INTO Recipe_Cook (recipe_id, cook_id) VALUES (38, 37);

INSERT INTO Recipe_Cook (recipe_id, cook_id) VALUES (39, 37);

INSERT INTO Recipe_Cook (recipe_id, cook_id) VALUES (40, 37);

INSERT INTO Cook (user_id, first_name, last_name, phone_number, date_of_birth, years_of_experience, chef_status, image_id) VALUES (38, 'Adam','Oliver', 2404754077, '1982-01-30', 17, 'A', 366);

INSERT INTO Recipe_Cook (recipe_id, cook_id) VALUES (41, 38);

INSERT INTO Recipe_Cook (recipe_id, cook_id) VALUES (42, 38);

INSERT INTO Recipe_Cook (recipe_id, cook_id) VALUES (43, 38);

INSERT INTO Recipe_Cook (recipe_id, cook_id) VALUES (44, 38);

INSERT INTO Recipe_Cook (recipe_id, cook_id) VALUES (45, 38);

INSERT INTO Recipe_Cook (recipe_id, cook_id) VALUES (86, 38);

INSERT INTO Recipe_Cook (recipe_id, cook_id) VALUES (87, 38);

INSERT INTO Recipe_Cook (recipe_id, cook_id) VALUES (88, 38);

INSERT INTO Recipe_Cook (recipe_id, cook_id) VALUES (89, 38);

INSERT INTO Recipe_Cook (recipe_id, cook_id) VALUES (90, 38);

INSERT INTO Cook (user_id, first_name, last_name, phone_number, date_of_birth, years_of_experience, chef_status, image_id) VALUES (39, 'Andrew','Young', 6089520030, '1981-09-16', 1, 'sous chef', 367);

INSERT INTO Recipe_Cook (recipe_id, cook_id) VALUES (11, 39);

INSERT INTO Recipe_Cook (recipe_id, cook_id) VALUES (12, 39);

INSERT INTO Recipe_Cook (recipe_id, cook_id) VALUES (13, 39);

INSERT INTO Recipe_Cook (recipe_id, cook_id) VALUES (14, 39);

INSERT INTO Recipe_Cook (recipe_id, cook_id) VALUES (15, 39);

INSERT INTO Recipe_Cook (recipe_id, cook_id) VALUES (46, 39);

INSERT INTO Recipe_Cook (recipe_id, cook_id) VALUES (47, 39);

INSERT INTO Recipe_Cook (recipe_id, cook_id) VALUES (48, 39);

INSERT INTO Recipe_Cook (recipe_id, cook_id) VALUES (49, 39);

INSERT INTO Recipe_Cook (recipe_id, cook_id) VALUES (50, 39);

INSERT INTO Recipe_Cook (recipe_id, cook_id) VALUES (56, 39);

INSERT INTO Recipe_Cook (recipe_id, cook_id) VALUES (57, 39);

INSERT INTO Recipe_Cook (recipe_id, cook_id) VALUES (58, 39);

INSERT INTO Recipe_Cook (recipe_id, cook_id) VALUES (59, 39);

INSERT INTO Recipe_Cook (recipe_id, cook_id) VALUES (60, 39);

INSERT INTO Cook (user_id, first_name, last_name, phone_number, date_of_birth, years_of_experience, chef_status, image_id) VALUES (40, 'Daniel','Jenkins', 9396469329, '1962-03-24', 11, 'chef', 368);

INSERT INTO Recipe_Cook (recipe_id, cook_id) VALUES (81, 40);

INSERT INTO Recipe_Cook (recipe_id, cook_id) VALUES (82, 40);

INSERT INTO Recipe_Cook (recipe_id, cook_id) VALUES (83, 40);

INSERT INTO Recipe_Cook (recipe_id, cook_id) VALUES (84, 40);

INSERT INTO Recipe_Cook (recipe_id, cook_id) VALUES (85, 40);

INSERT INTO Cook (user_id, first_name, last_name, phone_number, date_of_birth, years_of_experience, chef_status, image_id) VALUES (41, 'Crystal','Jackson', 5299592735, '1967-06-17', 32, 'A', 369);

INSERT INTO Recipe_Cook (recipe_id, cook_id) VALUES (86, 41);

INSERT INTO Recipe_Cook (recipe_id, cook_id) VALUES (87, 41);

INSERT INTO Recipe_Cook (recipe_id, cook_id) VALUES (88, 41);

INSERT INTO Recipe_Cook (recipe_id, cook_id) VALUES (89, 41);

INSERT INTO Recipe_Cook (recipe_id, cook_id) VALUES (90, 41);

INSERT INTO Cook (user_id, first_name, last_name, phone_number, date_of_birth, years_of_experience, chef_status, image_id) VALUES (42, 'Olivia','Brown', 6755794137, '1981-08-30', 2, 'B', 370);

INSERT INTO Recipe_Cook (recipe_id, cook_id) VALUES (41, 42);

INSERT INTO Recipe_Cook (recipe_id, cook_id) VALUES (42, 42);

INSERT INTO Recipe_Cook (recipe_id, cook_id) VALUES (43, 42);

INSERT INTO Recipe_Cook (recipe_id, cook_id) VALUES (44, 42);

INSERT INTO Recipe_Cook (recipe_id, cook_id) VALUES (45, 42);

INSERT INTO Recipe_Cook (recipe_id, cook_id) VALUES (51, 42);

INSERT INTO Recipe_Cook (recipe_id, cook_id) VALUES (52, 42);

INSERT INTO Recipe_Cook (recipe_id, cook_id) VALUES (53, 42);

INSERT INTO Recipe_Cook (recipe_id, cook_id) VALUES (54, 42);

INSERT INTO Recipe_Cook (recipe_id, cook_id) VALUES (55, 42);

INSERT INTO Cook (user_id, first_name, last_name, phone_number, date_of_birth, years_of_experience, chef_status, image_id) VALUES (43, 'Colin','Hughes', 9518956180, '1989-09-04', 16, 'chef', 371);

INSERT INTO Recipe_Cook (recipe_id, cook_id) VALUES (61, 43);

INSERT INTO Recipe_Cook (recipe_id, cook_id) VALUES (62, 43);

INSERT INTO Recipe_Cook (recipe_id, cook_id) VALUES (63, 43);

INSERT INTO Recipe_Cook (recipe_id, cook_id) VALUES (64, 43);

INSERT INTO Recipe_Cook (recipe_id, cook_id) VALUES (65, 43);

INSERT INTO Recipe_Cook (recipe_id, cook_id) VALUES (11, 43);

INSERT INTO Recipe_Cook (recipe_id, cook_id) VALUES (12, 43);

INSERT INTO Recipe_Cook (recipe_id, cook_id) VALUES (13, 43);

INSERT INTO Recipe_Cook (recipe_id, cook_id) VALUES (14, 43);

INSERT INTO Recipe_Cook (recipe_id, cook_id) VALUES (15, 43);

INSERT INTO Recipe_Cook (recipe_id, cook_id) VALUES (56, 43);

INSERT INTO Recipe_Cook (recipe_id, cook_id) VALUES (57, 43);

INSERT INTO Recipe_Cook (recipe_id, cook_id) VALUES (58, 43);

INSERT INTO Recipe_Cook (recipe_id, cook_id) VALUES (59, 43);

INSERT INTO Recipe_Cook (recipe_id, cook_id) VALUES (60, 43);

INSERT INTO Cook (user_id, first_name, last_name, phone_number, date_of_birth, years_of_experience, chef_status, image_id) VALUES (44, 'Sara','Burton', 4176889510, '1988-02-27', 7, 'chef', 372);

INSERT INTO Recipe_Cook (recipe_id, cook_id) VALUES (26, 44);

INSERT INTO Recipe_Cook (recipe_id, cook_id) VALUES (27, 44);

INSERT INTO Recipe_Cook (recipe_id, cook_id) VALUES (28, 44);

INSERT INTO Recipe_Cook (recipe_id, cook_id) VALUES (29, 44);

INSERT INTO Recipe_Cook (recipe_id, cook_id) VALUES (30, 44);

INSERT INTO Recipe_Cook (recipe_id, cook_id) VALUES (36, 44);

INSERT INTO Recipe_Cook (recipe_id, cook_id) VALUES (37, 44);

INSERT INTO Recipe_Cook (recipe_id, cook_id) VALUES (38, 44);

INSERT INTO Recipe_Cook (recipe_id, cook_id) VALUES (39, 44);

INSERT INTO Recipe_Cook (recipe_id, cook_id) VALUES (40, 44);

INSERT INTO Cook (user_id, first_name, last_name, phone_number, date_of_birth, years_of_experience, chef_status, image_id) VALUES (45, 'Robert','Bush', 8419225011, '1969-06-11', 14, 'B', 373);

INSERT INTO Recipe_Cook (recipe_id, cook_id) VALUES (71, 45);

INSERT INTO Recipe_Cook (recipe_id, cook_id) VALUES (72, 45);

INSERT INTO Recipe_Cook (recipe_id, cook_id) VALUES (73, 45);

INSERT INTO Recipe_Cook (recipe_id, cook_id) VALUES (74, 45);

INSERT INTO Recipe_Cook (recipe_id, cook_id) VALUES (75, 45);

INSERT INTO Recipe_Cook (recipe_id, cook_id) VALUES (46, 45);

INSERT INTO Recipe_Cook (recipe_id, cook_id) VALUES (47, 45);

INSERT INTO Recipe_Cook (recipe_id, cook_id) VALUES (48, 45);

INSERT INTO Recipe_Cook (recipe_id, cook_id) VALUES (49, 45);

INSERT INTO Recipe_Cook (recipe_id, cook_id) VALUES (50, 45);

INSERT INTO Recipe_Cook (recipe_id, cook_id) VALUES (51, 45);

INSERT INTO Recipe_Cook (recipe_id, cook_id) VALUES (52, 45);

INSERT INTO Recipe_Cook (recipe_id, cook_id) VALUES (53, 45);

INSERT INTO Recipe_Cook (recipe_id, cook_id) VALUES (54, 45);

INSERT INTO Recipe_Cook (recipe_id, cook_id) VALUES (55, 45);

INSERT INTO Cook (user_id, first_name, last_name, phone_number, date_of_birth, years_of_experience, chef_status, image_id) VALUES (46, 'Julie','Thompson', 7484777901, '1968-03-15', 14, 'sous chef', 374);

INSERT INTO Recipe_Cook (recipe_id, cook_id) VALUES (91, 46);

INSERT INTO Recipe_Cook (recipe_id, cook_id) VALUES (92, 46);

INSERT INTO Recipe_Cook (recipe_id, cook_id) VALUES (93, 46);

INSERT INTO Recipe_Cook (recipe_id, cook_id) VALUES (94, 46);

INSERT INTO Recipe_Cook (recipe_id, cook_id) VALUES (95, 46);

INSERT INTO Cook (user_id, first_name, last_name, phone_number, date_of_birth, years_of_experience, chef_status, image_id) VALUES (47, 'Jesus','Howard', 4237093209, '1991-10-15', 2, 'B', 375);

INSERT INTO Recipe_Cook (recipe_id, cook_id) VALUES (6, 47);

INSERT INTO Recipe_Cook (recipe_id, cook_id) VALUES (7, 47);

INSERT INTO Recipe_Cook (recipe_id, cook_id) VALUES (8, 47);

INSERT INTO Recipe_Cook (recipe_id, cook_id) VALUES (9, 47);

INSERT INTO Recipe_Cook (recipe_id, cook_id) VALUES (10, 47);

INSERT INTO Cook (user_id, first_name, last_name, phone_number, date_of_birth, years_of_experience, chef_status, image_id) VALUES (48, 'Jonathan','Sullivan', 7696047489, '1966-01-29', 38, 'C', 376);

INSERT INTO Recipe_Cook (recipe_id, cook_id) VALUES (81, 48);

INSERT INTO Recipe_Cook (recipe_id, cook_id) VALUES (82, 48);

INSERT INTO Recipe_Cook (recipe_id, cook_id) VALUES (83, 48);

INSERT INTO Recipe_Cook (recipe_id, cook_id) VALUES (84, 48);

INSERT INTO Recipe_Cook (recipe_id, cook_id) VALUES (85, 48);

INSERT INTO Cook (user_id, first_name, last_name, phone_number, date_of_birth, years_of_experience, chef_status, image_id) VALUES (49, 'Trevor','Peterson', 8816879393, '1986-04-12', 11, 'chef', 377);

INSERT INTO Recipe_Cook (recipe_id, cook_id) VALUES (76, 49);

INSERT INTO Recipe_Cook (recipe_id, cook_id) VALUES (77, 49);

INSERT INTO Recipe_Cook (recipe_id, cook_id) VALUES (78, 49);

INSERT INTO Recipe_Cook (recipe_id, cook_id) VALUES (79, 49);

INSERT INTO Recipe_Cook (recipe_id, cook_id) VALUES (80, 49);

INSERT INTO Recipe_Cook (recipe_id, cook_id) VALUES (11, 49);

INSERT INTO Recipe_Cook (recipe_id, cook_id) VALUES (12, 49);

INSERT INTO Recipe_Cook (recipe_id, cook_id) VALUES (13, 49);

INSERT INTO Recipe_Cook (recipe_id, cook_id) VALUES (14, 49);

INSERT INTO Recipe_Cook (recipe_id, cook_id) VALUES (15, 49);

INSERT INTO Recipe_Cook (recipe_id, cook_id) VALUES (51, 49);

INSERT INTO Recipe_Cook (recipe_id, cook_id) VALUES (52, 49);

INSERT INTO Recipe_Cook (recipe_id, cook_id) VALUES (53, 49);

INSERT INTO Recipe_Cook (recipe_id, cook_id) VALUES (54, 49);

INSERT INTO Recipe_Cook (recipe_id, cook_id) VALUES (55, 49);

INSERT INTO Cook (user_id, first_name, last_name, phone_number, date_of_birth, years_of_experience, chef_status, image_id) VALUES (50, 'Jonathan','Smith', 7546156728, '1980-02-01', 9, 'C', 378);

INSERT INTO Recipe_Cook (recipe_id, cook_id) VALUES (96, 50);

INSERT INTO Recipe_Cook (recipe_id, cook_id) VALUES (97, 50);

INSERT INTO Recipe_Cook (recipe_id, cook_id) VALUES (98, 50);

INSERT INTO Recipe_Cook (recipe_id, cook_id) VALUES (99, 50);

INSERT INTO Recipe_Cook (recipe_id, cook_id) VALUES (100, 50);

INSERT INTO Cook (user_id, first_name, last_name, phone_number, date_of_birth, years_of_experience, chef_status, image_id) VALUES (51, 'Paige','Burgess', 6842778150, '1997-02-20', 6, 'B', 379);

INSERT INTO Recipe_Cook (recipe_id, cook_id) VALUES (51, 51);

INSERT INTO Recipe_Cook (recipe_id, cook_id) VALUES (52, 51);

INSERT INTO Recipe_Cook (recipe_id, cook_id) VALUES (53, 51);

INSERT INTO Recipe_Cook (recipe_id, cook_id) VALUES (54, 51);

INSERT INTO Recipe_Cook (recipe_id, cook_id) VALUES (55, 51);

INSERT INTO Cook (user_id, first_name, last_name, phone_number, date_of_birth, years_of_experience, chef_status, image_id) VALUES (52, 'Cassandra','Moore', 7969326910, '1985-06-30', 17, 'chef', 380);

INSERT INTO Recipe_Cook (recipe_id, cook_id) VALUES (36, 52);

INSERT INTO Recipe_Cook (recipe_id, cook_id) VALUES (37, 52);

INSERT INTO Recipe_Cook (recipe_id, cook_id) VALUES (38, 52);

INSERT INTO Recipe_Cook (recipe_id, cook_id) VALUES (39, 52);

INSERT INTO Recipe_Cook (recipe_id, cook_id) VALUES (40, 52);

INSERT INTO Cook (user_id, first_name, last_name, phone_number, date_of_birth, years_of_experience, chef_status, image_id) VALUES (53, 'Alexander','Mercado', 3729462713, '1989-10-06', 12, 'B', 381);

INSERT INTO Recipe_Cook (recipe_id, cook_id) VALUES (81, 53);

INSERT INTO Recipe_Cook (recipe_id, cook_id) VALUES (82, 53);

INSERT INTO Recipe_Cook (recipe_id, cook_id) VALUES (83, 53);

INSERT INTO Recipe_Cook (recipe_id, cook_id) VALUES (84, 53);

INSERT INTO Recipe_Cook (recipe_id, cook_id) VALUES (85, 53);

INSERT INTO Recipe_Cook (recipe_id, cook_id) VALUES (21, 53);

INSERT INTO Recipe_Cook (recipe_id, cook_id) VALUES (22, 53);

INSERT INTO Recipe_Cook (recipe_id, cook_id) VALUES (23, 53);

INSERT INTO Recipe_Cook (recipe_id, cook_id) VALUES (24, 53);

INSERT INTO Recipe_Cook (recipe_id, cook_id) VALUES (25, 53);

INSERT INTO Recipe_Cook (recipe_id, cook_id) VALUES (61, 53);

INSERT INTO Recipe_Cook (recipe_id, cook_id) VALUES (62, 53);

INSERT INTO Recipe_Cook (recipe_id, cook_id) VALUES (63, 53);

INSERT INTO Recipe_Cook (recipe_id, cook_id) VALUES (64, 53);

INSERT INTO Recipe_Cook (recipe_id, cook_id) VALUES (65, 53);

INSERT INTO Cook (user_id, first_name, last_name, phone_number, date_of_birth, years_of_experience, chef_status, image_id) VALUES (54, 'Troy','Strickland', 3818411608, '1970-02-08', 18, 'B', 382);

INSERT INTO Recipe_Cook (recipe_id, cook_id) VALUES (96, 54);

INSERT INTO Recipe_Cook (recipe_id, cook_id) VALUES (97, 54);

INSERT INTO Recipe_Cook (recipe_id, cook_id) VALUES (98, 54);

INSERT INTO Recipe_Cook (recipe_id, cook_id) VALUES (99, 54);

INSERT INTO Recipe_Cook (recipe_id, cook_id) VALUES (100, 54);

INSERT INTO Cook (user_id, first_name, last_name, phone_number, date_of_birth, years_of_experience, chef_status, image_id) VALUES (55, 'Kathryn','Ballard', 2978575852, '1965-10-09', 13, 'B', 383);

INSERT INTO Recipe_Cook (recipe_id, cook_id) VALUES (11, 55);

INSERT INTO Recipe_Cook (recipe_id, cook_id) VALUES (12, 55);

INSERT INTO Recipe_Cook (recipe_id, cook_id) VALUES (13, 55);

INSERT INTO Recipe_Cook (recipe_id, cook_id) VALUES (14, 55);

INSERT INTO Recipe_Cook (recipe_id, cook_id) VALUES (15, 55);

INSERT INTO Recipe_Cook (recipe_id, cook_id) VALUES (26, 55);

INSERT INTO Recipe_Cook (recipe_id, cook_id) VALUES (27, 55);

INSERT INTO Recipe_Cook (recipe_id, cook_id) VALUES (28, 55);

INSERT INTO Recipe_Cook (recipe_id, cook_id) VALUES (29, 55);

INSERT INTO Recipe_Cook (recipe_id, cook_id) VALUES (30, 55);

INSERT INTO Recipe_Cook (recipe_id, cook_id) VALUES (6, 55);

INSERT INTO Recipe_Cook (recipe_id, cook_id) VALUES (7, 55);

INSERT INTO Recipe_Cook (recipe_id, cook_id) VALUES (8, 55);

INSERT INTO Recipe_Cook (recipe_id, cook_id) VALUES (9, 55);

INSERT INTO Recipe_Cook (recipe_id, cook_id) VALUES (10, 55);

INSERT INTO Cook (user_id, first_name, last_name, phone_number, date_of_birth, years_of_experience, chef_status, image_id) VALUES (56, 'Ricky','Tucker', 8822327721, '1973-09-01', 24, 'C', 384);

INSERT INTO Recipe_Cook (recipe_id, cook_id) VALUES (41, 56);

INSERT INTO Recipe_Cook (recipe_id, cook_id) VALUES (42, 56);

INSERT INTO Recipe_Cook (recipe_id, cook_id) VALUES (43, 56);

INSERT INTO Recipe_Cook (recipe_id, cook_id) VALUES (44, 56);

INSERT INTO Recipe_Cook (recipe_id, cook_id) VALUES (45, 56);

INSERT INTO Recipe_Cook (recipe_id, cook_id) VALUES (36, 56);

INSERT INTO Recipe_Cook (recipe_id, cook_id) VALUES (37, 56);

INSERT INTO Recipe_Cook (recipe_id, cook_id) VALUES (38, 56);

INSERT INTO Recipe_Cook (recipe_id, cook_id) VALUES (39, 56);

INSERT INTO Recipe_Cook (recipe_id, cook_id) VALUES (40, 56);

INSERT INTO Recipe_Cook (recipe_id, cook_id) VALUES (16, 56);

INSERT INTO Recipe_Cook (recipe_id, cook_id) VALUES (17, 56);

INSERT INTO Recipe_Cook (recipe_id, cook_id) VALUES (18, 56);

INSERT INTO Recipe_Cook (recipe_id, cook_id) VALUES (19, 56);

INSERT INTO Recipe_Cook (recipe_id, cook_id) VALUES (20, 56);

INSERT INTO Cook (user_id, first_name, last_name, phone_number, date_of_birth, years_of_experience, chef_status, image_id) VALUES (57, 'Michael','Jones', 9597223065, '1989-10-16', 2, 'A', 385);

INSERT INTO Recipe_Cook (recipe_id, cook_id) VALUES (41, 57);

INSERT INTO Recipe_Cook (recipe_id, cook_id) VALUES (42, 57);

INSERT INTO Recipe_Cook (recipe_id, cook_id) VALUES (43, 57);

INSERT INTO Recipe_Cook (recipe_id, cook_id) VALUES (44, 57);

INSERT INTO Recipe_Cook (recipe_id, cook_id) VALUES (45, 57);

INSERT INTO Recipe_Cook (recipe_id, cook_id) VALUES (81, 57);

INSERT INTO Recipe_Cook (recipe_id, cook_id) VALUES (82, 57);

INSERT INTO Recipe_Cook (recipe_id, cook_id) VALUES (83, 57);

INSERT INTO Recipe_Cook (recipe_id, cook_id) VALUES (84, 57);

INSERT INTO Recipe_Cook (recipe_id, cook_id) VALUES (85, 57);

INSERT INTO Cook (user_id, first_name, last_name, phone_number, date_of_birth, years_of_experience, chef_status, image_id) VALUES (58, 'Anthony','Scott', 5829713298, '1993-09-20', 11, 'C', 386);

INSERT INTO Recipe_Cook (recipe_id, cook_id) VALUES (6, 58);

INSERT INTO Recipe_Cook (recipe_id, cook_id) VALUES (7, 58);

INSERT INTO Recipe_Cook (recipe_id, cook_id) VALUES (8, 58);

INSERT INTO Recipe_Cook (recipe_id, cook_id) VALUES (9, 58);

INSERT INTO Recipe_Cook (recipe_id, cook_id) VALUES (10, 58);

INSERT INTO Cook (user_id, first_name, last_name, phone_number, date_of_birth, years_of_experience, chef_status, image_id) VALUES (59, 'Laura','Gonzalez', 9769752880, '1999-10-24', 4, 'A', 387);

INSERT INTO Recipe_Cook (recipe_id, cook_id) VALUES (96, 59);

INSERT INTO Recipe_Cook (recipe_id, cook_id) VALUES (97, 59);

INSERT INTO Recipe_Cook (recipe_id, cook_id) VALUES (98, 59);

INSERT INTO Recipe_Cook (recipe_id, cook_id) VALUES (99, 59);

INSERT INTO Recipe_Cook (recipe_id, cook_id) VALUES (100, 59);

INSERT INTO Recipe_Cook (recipe_id, cook_id) VALUES (31, 59);

INSERT INTO Recipe_Cook (recipe_id, cook_id) VALUES (32, 59);

INSERT INTO Recipe_Cook (recipe_id, cook_id) VALUES (33, 59);

INSERT INTO Recipe_Cook (recipe_id, cook_id) VALUES (34, 59);

INSERT INTO Recipe_Cook (recipe_id, cook_id) VALUES (35, 59);

INSERT INTO Recipe_Cook (recipe_id, cook_id) VALUES (6, 59);

INSERT INTO Recipe_Cook (recipe_id, cook_id) VALUES (7, 59);

INSERT INTO Recipe_Cook (recipe_id, cook_id) VALUES (8, 59);

INSERT INTO Recipe_Cook (recipe_id, cook_id) VALUES (9, 59);

INSERT INTO Recipe_Cook (recipe_id, cook_id) VALUES (10, 59);

INSERT INTO Cook (user_id, first_name, last_name, phone_number, date_of_birth, years_of_experience, chef_status, image_id) VALUES (60, 'Kristine','Stewart', 2112635316, '1982-12-22', 15, 'sous chef', 388);

INSERT INTO Recipe_Cook (recipe_id, cook_id) VALUES (91, 60);

INSERT INTO Recipe_Cook (recipe_id, cook_id) VALUES (92, 60);

INSERT INTO Recipe_Cook (recipe_id, cook_id) VALUES (93, 60);

INSERT INTO Recipe_Cook (recipe_id, cook_id) VALUES (94, 60);

INSERT INTO Recipe_Cook (recipe_id, cook_id) VALUES (95, 60);

INSERT INTO Recipe_Cook (recipe_id, cook_id) VALUES (16, 60);

INSERT INTO Recipe_Cook (recipe_id, cook_id) VALUES (17, 60);

INSERT INTO Recipe_Cook (recipe_id, cook_id) VALUES (18, 60);

INSERT INTO Recipe_Cook (recipe_id, cook_id) VALUES (19, 60);

INSERT INTO Recipe_Cook (recipe_id, cook_id) VALUES (20, 60);

INSERT INTO Recipe_Cook (recipe_id, cook_id) VALUES (51, 60);

INSERT INTO Recipe_Cook (recipe_id, cook_id) VALUES (52, 60);

INSERT INTO Recipe_Cook (recipe_id, cook_id) VALUES (53, 60);

INSERT INTO Recipe_Cook (recipe_id, cook_id) VALUES (54, 60);

INSERT INTO Recipe_Cook (recipe_id, cook_id) VALUES (55, 60);

INSERT INTO Cook (user_id, first_name, last_name, phone_number, date_of_birth, years_of_experience, chef_status, image_id) VALUES (61, 'Daniel','Carter', 3742364972, '1963-07-14', 41, 'C', 389);

INSERT INTO Recipe_Cook (recipe_id, cook_id) VALUES (96, 61);

INSERT INTO Recipe_Cook (recipe_id, cook_id) VALUES (97, 61);

INSERT INTO Recipe_Cook (recipe_id, cook_id) VALUES (98, 61);

INSERT INTO Recipe_Cook (recipe_id, cook_id) VALUES (99, 61);

INSERT INTO Recipe_Cook (recipe_id, cook_id) VALUES (100, 61);

INSERT INTO Recipe_Cook (recipe_id, cook_id) VALUES (71, 61);

INSERT INTO Recipe_Cook (recipe_id, cook_id) VALUES (72, 61);

INSERT INTO Recipe_Cook (recipe_id, cook_id) VALUES (73, 61);

INSERT INTO Recipe_Cook (recipe_id, cook_id) VALUES (74, 61);

INSERT INTO Recipe_Cook (recipe_id, cook_id) VALUES (75, 61);

INSERT INTO Recipe_Cook (recipe_id, cook_id) VALUES (26, 61);

INSERT INTO Recipe_Cook (recipe_id, cook_id) VALUES (27, 61);

INSERT INTO Recipe_Cook (recipe_id, cook_id) VALUES (28, 61);

INSERT INTO Recipe_Cook (recipe_id, cook_id) VALUES (29, 61);

INSERT INTO Recipe_Cook (recipe_id, cook_id) VALUES (30, 61);

INSERT INTO Cook (user_id, first_name, last_name, phone_number, date_of_birth, years_of_experience, chef_status, image_id) VALUES (62, 'Sarah','Richardson', 9517283640, '1998-02-28', 8, 'chef', 390);

INSERT INTO Recipe_Cook (recipe_id, cook_id) VALUES (71, 62);

INSERT INTO Recipe_Cook (recipe_id, cook_id) VALUES (72, 62);

INSERT INTO Recipe_Cook (recipe_id, cook_id) VALUES (73, 62);

INSERT INTO Recipe_Cook (recipe_id, cook_id) VALUES (74, 62);

INSERT INTO Recipe_Cook (recipe_id, cook_id) VALUES (75, 62);

INSERT INTO Cook (user_id, first_name, last_name, phone_number, date_of_birth, years_of_experience, chef_status, image_id) VALUES (63, 'Austin','Baker', 3796117391, '1964-09-27', 29, 'C', 391);

INSERT INTO Recipe_Cook (recipe_id, cook_id) VALUES (86, 63);

INSERT INTO Recipe_Cook (recipe_id, cook_id) VALUES (87, 63);

INSERT INTO Recipe_Cook (recipe_id, cook_id) VALUES (88, 63);

INSERT INTO Recipe_Cook (recipe_id, cook_id) VALUES (89, 63);

INSERT INTO Recipe_Cook (recipe_id, cook_id) VALUES (90, 63);

INSERT INTO Recipe_Cook (recipe_id, cook_id) VALUES (6, 63);

INSERT INTO Recipe_Cook (recipe_id, cook_id) VALUES (7, 63);

INSERT INTO Recipe_Cook (recipe_id, cook_id) VALUES (8, 63);

INSERT INTO Recipe_Cook (recipe_id, cook_id) VALUES (9, 63);

INSERT INTO Recipe_Cook (recipe_id, cook_id) VALUES (10, 63);

INSERT INTO Recipe_Cook (recipe_id, cook_id) VALUES (31, 63);

INSERT INTO Recipe_Cook (recipe_id, cook_id) VALUES (32, 63);

INSERT INTO Recipe_Cook (recipe_id, cook_id) VALUES (33, 63);

INSERT INTO Recipe_Cook (recipe_id, cook_id) VALUES (34, 63);

INSERT INTO Recipe_Cook (recipe_id, cook_id) VALUES (35, 63);

INSERT INTO Cook (user_id, first_name, last_name, phone_number, date_of_birth, years_of_experience, chef_status, image_id) VALUES (64, 'Matthew','Lewis', 6910429169, '1990-07-16', 11, 'chef', 392);

INSERT INTO Recipe_Cook (recipe_id, cook_id) VALUES (26, 64);

INSERT INTO Recipe_Cook (recipe_id, cook_id) VALUES (27, 64);

INSERT INTO Recipe_Cook (recipe_id, cook_id) VALUES (28, 64);

INSERT INTO Recipe_Cook (recipe_id, cook_id) VALUES (29, 64);

INSERT INTO Recipe_Cook (recipe_id, cook_id) VALUES (30, 64);

INSERT INTO Cook (user_id, first_name, last_name, phone_number, date_of_birth, years_of_experience, chef_status, image_id) VALUES (65, 'Keith','Fisher', 1840087619, '1975-03-11', 9, 'B', 393);

INSERT INTO Recipe_Cook (recipe_id, cook_id) VALUES (96, 65);

INSERT INTO Recipe_Cook (recipe_id, cook_id) VALUES (97, 65);

INSERT INTO Recipe_Cook (recipe_id, cook_id) VALUES (98, 65);

INSERT INTO Recipe_Cook (recipe_id, cook_id) VALUES (99, 65);

INSERT INTO Recipe_Cook (recipe_id, cook_id) VALUES (100, 65);

INSERT INTO Recipe_Cook (recipe_id, cook_id) VALUES (46, 65);

INSERT INTO Recipe_Cook (recipe_id, cook_id) VALUES (47, 65);

INSERT INTO Recipe_Cook (recipe_id, cook_id) VALUES (48, 65);

INSERT INTO Recipe_Cook (recipe_id, cook_id) VALUES (49, 65);

INSERT INTO Recipe_Cook (recipe_id, cook_id) VALUES (50, 65);

INSERT INTO Recipe_Cook (recipe_id, cook_id) VALUES (81, 65);

INSERT INTO Recipe_Cook (recipe_id, cook_id) VALUES (82, 65);

INSERT INTO Recipe_Cook (recipe_id, cook_id) VALUES (83, 65);

INSERT INTO Recipe_Cook (recipe_id, cook_id) VALUES (84, 65);

INSERT INTO Recipe_Cook (recipe_id, cook_id) VALUES (85, 65);

INSERT INTO Cook (user_id, first_name, last_name, phone_number, date_of_birth, years_of_experience, chef_status, image_id) VALUES (66, 'Dale','Small', 2670256998, '1992-06-30', 8, 'B', 394);

INSERT INTO Recipe_Cook (recipe_id, cook_id) VALUES (26, 66);

INSERT INTO Recipe_Cook (recipe_id, cook_id) VALUES (27, 66);

INSERT INTO Recipe_Cook (recipe_id, cook_id) VALUES (28, 66);

INSERT INTO Recipe_Cook (recipe_id, cook_id) VALUES (29, 66);

INSERT INTO Recipe_Cook (recipe_id, cook_id) VALUES (30, 66);

INSERT INTO Recipe_Cook (recipe_id, cook_id) VALUES (21, 66);

INSERT INTO Recipe_Cook (recipe_id, cook_id) VALUES (22, 66);

INSERT INTO Recipe_Cook (recipe_id, cook_id) VALUES (23, 66);

INSERT INTO Recipe_Cook (recipe_id, cook_id) VALUES (24, 66);

INSERT INTO Recipe_Cook (recipe_id, cook_id) VALUES (25, 66);

INSERT INTO Recipe_Cook (recipe_id, cook_id) VALUES (91, 66);

INSERT INTO Recipe_Cook (recipe_id, cook_id) VALUES (92, 66);

INSERT INTO Recipe_Cook (recipe_id, cook_id) VALUES (93, 66);

INSERT INTO Recipe_Cook (recipe_id, cook_id) VALUES (94, 66);

INSERT INTO Recipe_Cook (recipe_id, cook_id) VALUES (95, 66);

INSERT INTO Cook (user_id, first_name, last_name, phone_number, date_of_birth, years_of_experience, chef_status, image_id) VALUES (67, 'Joshua','Evans', 3819642182, '1979-08-04', 3, 'A', 395);

INSERT INTO Recipe_Cook (recipe_id, cook_id) VALUES (41, 67);

INSERT INTO Recipe_Cook (recipe_id, cook_id) VALUES (42, 67);

INSERT INTO Recipe_Cook (recipe_id, cook_id) VALUES (43, 67);

INSERT INTO Recipe_Cook (recipe_id, cook_id) VALUES (44, 67);

INSERT INTO Recipe_Cook (recipe_id, cook_id) VALUES (45, 67);

INSERT INTO Recipe_Cook (recipe_id, cook_id) VALUES (66, 67);

INSERT INTO Recipe_Cook (recipe_id, cook_id) VALUES (67, 67);

INSERT INTO Recipe_Cook (recipe_id, cook_id) VALUES (68, 67);

INSERT INTO Recipe_Cook (recipe_id, cook_id) VALUES (69, 67);

INSERT INTO Recipe_Cook (recipe_id, cook_id) VALUES (70, 67);

INSERT INTO Recipe_Cook (recipe_id, cook_id) VALUES (51, 67);

INSERT INTO Recipe_Cook (recipe_id, cook_id) VALUES (52, 67);

INSERT INTO Recipe_Cook (recipe_id, cook_id) VALUES (53, 67);

INSERT INTO Recipe_Cook (recipe_id, cook_id) VALUES (54, 67);

INSERT INTO Recipe_Cook (recipe_id, cook_id) VALUES (55, 67);

INSERT INTO Cook (user_id, first_name, last_name, phone_number, date_of_birth, years_of_experience, chef_status, image_id) VALUES (68, 'Betty','Lopez', 7735922204, '1988-06-13', 2, 'A', 396);

INSERT INTO Recipe_Cook (recipe_id, cook_id) VALUES (56, 68);

INSERT INTO Recipe_Cook (recipe_id, cook_id) VALUES (57, 68);

INSERT INTO Recipe_Cook (recipe_id, cook_id) VALUES (58, 68);

INSERT INTO Recipe_Cook (recipe_id, cook_id) VALUES (59, 68);

INSERT INTO Recipe_Cook (recipe_id, cook_id) VALUES (60, 68);

INSERT INTO Recipe_Cook (recipe_id, cook_id) VALUES (71, 68);

INSERT INTO Recipe_Cook (recipe_id, cook_id) VALUES (72, 68);

INSERT INTO Recipe_Cook (recipe_id, cook_id) VALUES (73, 68);

INSERT INTO Recipe_Cook (recipe_id, cook_id) VALUES (74, 68);

INSERT INTO Recipe_Cook (recipe_id, cook_id) VALUES (75, 68);

INSERT INTO Cook (user_id, first_name, last_name, phone_number, date_of_birth, years_of_experience, chef_status, image_id) VALUES (69, 'John','Martinez', 6558263053, '1992-09-24', 13, 'chef', 397);

INSERT INTO Recipe_Cook (recipe_id, cook_id) VALUES (71, 69);

INSERT INTO Recipe_Cook (recipe_id, cook_id) VALUES (72, 69);

INSERT INTO Recipe_Cook (recipe_id, cook_id) VALUES (73, 69);

INSERT INTO Recipe_Cook (recipe_id, cook_id) VALUES (74, 69);

INSERT INTO Recipe_Cook (recipe_id, cook_id) VALUES (75, 69);

INSERT INTO Recipe_Cook (recipe_id, cook_id) VALUES (86, 69);

INSERT INTO Recipe_Cook (recipe_id, cook_id) VALUES (87, 69);

INSERT INTO Recipe_Cook (recipe_id, cook_id) VALUES (88, 69);

INSERT INTO Recipe_Cook (recipe_id, cook_id) VALUES (89, 69);

INSERT INTO Recipe_Cook (recipe_id, cook_id) VALUES (90, 69);

INSERT INTO Recipe_Cook (recipe_id, cook_id) VALUES (81, 69);

INSERT INTO Recipe_Cook (recipe_id, cook_id) VALUES (82, 69);

INSERT INTO Recipe_Cook (recipe_id, cook_id) VALUES (83, 69);

INSERT INTO Recipe_Cook (recipe_id, cook_id) VALUES (84, 69);

INSERT INTO Recipe_Cook (recipe_id, cook_id) VALUES (85, 69);

INSERT INTO Cook (user_id, first_name, last_name, phone_number, date_of_birth, years_of_experience, chef_status, image_id) VALUES (70, 'Kevin','Montes', 5080494063, '1962-09-21', 5, 'C', 398);

INSERT INTO Recipe_Cook (recipe_id, cook_id) VALUES (46, 70);

INSERT INTO Recipe_Cook (recipe_id, cook_id) VALUES (47, 70);

INSERT INTO Recipe_Cook (recipe_id, cook_id) VALUES (48, 70);

INSERT INTO Recipe_Cook (recipe_id, cook_id) VALUES (49, 70);

INSERT INTO Recipe_Cook (recipe_id, cook_id) VALUES (50, 70);

INSERT INTO Cook (user_id, first_name, last_name, phone_number, date_of_birth, years_of_experience, chef_status, image_id) VALUES (71, 'Seth','Collins', 2670440887, '1974-01-19', 23, 'chef', 399);

INSERT INTO Recipe_Cook (recipe_id, cook_id) VALUES (66, 71);

INSERT INTO Recipe_Cook (recipe_id, cook_id) VALUES (67, 71);

INSERT INTO Recipe_Cook (recipe_id, cook_id) VALUES (68, 71);

INSERT INTO Recipe_Cook (recipe_id, cook_id) VALUES (69, 71);

INSERT INTO Recipe_Cook (recipe_id, cook_id) VALUES (70, 71);

INSERT INTO Recipe_Cook (recipe_id, cook_id) VALUES (51, 71);

INSERT INTO Recipe_Cook (recipe_id, cook_id) VALUES (52, 71);

INSERT INTO Recipe_Cook (recipe_id, cook_id) VALUES (53, 71);

INSERT INTO Recipe_Cook (recipe_id, cook_id) VALUES (54, 71);

INSERT INTO Recipe_Cook (recipe_id, cook_id) VALUES (55, 71);

INSERT INTO Cook (user_id, first_name, last_name, phone_number, date_of_birth, years_of_experience, chef_status, image_id) VALUES (72, 'Christopher','Frazier', 9453653042, '1975-09-28', 26, 'C', 400);

INSERT INTO Recipe_Cook (recipe_id, cook_id) VALUES (66, 72);

INSERT INTO Recipe_Cook (recipe_id, cook_id) VALUES (67, 72);

INSERT INTO Recipe_Cook (recipe_id, cook_id) VALUES (68, 72);

INSERT INTO Recipe_Cook (recipe_id, cook_id) VALUES (69, 72);

INSERT INTO Recipe_Cook (recipe_id, cook_id) VALUES (70, 72);

INSERT INTO Recipe_Cook (recipe_id, cook_id) VALUES (41, 72);

INSERT INTO Recipe_Cook (recipe_id, cook_id) VALUES (42, 72);

INSERT INTO Recipe_Cook (recipe_id, cook_id) VALUES (43, 72);

INSERT INTO Recipe_Cook (recipe_id, cook_id) VALUES (44, 72);

INSERT INTO Recipe_Cook (recipe_id, cook_id) VALUES (45, 72);

INSERT INTO Recipe_Cook (recipe_id, cook_id) VALUES (71, 72);

INSERT INTO Recipe_Cook (recipe_id, cook_id) VALUES (72, 72);

INSERT INTO Recipe_Cook (recipe_id, cook_id) VALUES (73, 72);

INSERT INTO Recipe_Cook (recipe_id, cook_id) VALUES (74, 72);

INSERT INTO Recipe_Cook (recipe_id, cook_id) VALUES (75, 72);

INSERT INTO Cook (user_id, first_name, last_name, phone_number, date_of_birth, years_of_experience, chef_status, image_id) VALUES (73, 'Brian','Wilson', 3658653474, '1999-01-06', 4, 'sous chef', 401);

INSERT INTO Recipe_Cook (recipe_id, cook_id) VALUES (16, 73);

INSERT INTO Recipe_Cook (recipe_id, cook_id) VALUES (17, 73);

INSERT INTO Recipe_Cook (recipe_id, cook_id) VALUES (18, 73);

INSERT INTO Recipe_Cook (recipe_id, cook_id) VALUES (19, 73);

INSERT INTO Recipe_Cook (recipe_id, cook_id) VALUES (20, 73);

INSERT INTO Recipe_Cook (recipe_id, cook_id) VALUES (81, 73);

INSERT INTO Recipe_Cook (recipe_id, cook_id) VALUES (82, 73);

INSERT INTO Recipe_Cook (recipe_id, cook_id) VALUES (83, 73);

INSERT INTO Recipe_Cook (recipe_id, cook_id) VALUES (84, 73);

INSERT INTO Recipe_Cook (recipe_id, cook_id) VALUES (85, 73);

INSERT INTO Recipe_Cook (recipe_id, cook_id) VALUES (51, 73);

INSERT INTO Recipe_Cook (recipe_id, cook_id) VALUES (52, 73);

INSERT INTO Recipe_Cook (recipe_id, cook_id) VALUES (53, 73);

INSERT INTO Recipe_Cook (recipe_id, cook_id) VALUES (54, 73);

INSERT INTO Recipe_Cook (recipe_id, cook_id) VALUES (55, 73);

INSERT INTO Cook (user_id, first_name, last_name, phone_number, date_of_birth, years_of_experience, chef_status, image_id) VALUES (74, 'Jennifer','Jenkins', 2468019280, '1982-02-14', 1, 'sous chef', 402);

INSERT INTO Recipe_Cook (recipe_id, cook_id) VALUES (31, 74);

INSERT INTO Recipe_Cook (recipe_id, cook_id) VALUES (32, 74);

INSERT INTO Recipe_Cook (recipe_id, cook_id) VALUES (33, 74);

INSERT INTO Recipe_Cook (recipe_id, cook_id) VALUES (34, 74);

INSERT INTO Recipe_Cook (recipe_id, cook_id) VALUES (35, 74);

INSERT INTO Cook (user_id, first_name, last_name, phone_number, date_of_birth, years_of_experience, chef_status, image_id) VALUES (75, 'Courtney','Martin', 8767413370, '1966-04-09', 27, 'sous chef', 403);

INSERT INTO Recipe_Cook (recipe_id, cook_id) VALUES (56, 75);

INSERT INTO Recipe_Cook (recipe_id, cook_id) VALUES (57, 75);

INSERT INTO Recipe_Cook (recipe_id, cook_id) VALUES (58, 75);

INSERT INTO Recipe_Cook (recipe_id, cook_id) VALUES (59, 75);

INSERT INTO Recipe_Cook (recipe_id, cook_id) VALUES (60, 75);

INSERT INTO Recipe_Cook (recipe_id, cook_id) VALUES (96, 75);

INSERT INTO Recipe_Cook (recipe_id, cook_id) VALUES (97, 75);

INSERT INTO Recipe_Cook (recipe_id, cook_id) VALUES (98, 75);

INSERT INTO Recipe_Cook (recipe_id, cook_id) VALUES (99, 75);

INSERT INTO Recipe_Cook (recipe_id, cook_id) VALUES (100, 75);

INSERT INTO Recipe_Cook (recipe_id, cook_id) VALUES (81, 75);

INSERT INTO Recipe_Cook (recipe_id, cook_id) VALUES (82, 75);

INSERT INTO Recipe_Cook (recipe_id, cook_id) VALUES (83, 75);

INSERT INTO Recipe_Cook (recipe_id, cook_id) VALUES (84, 75);

INSERT INTO Recipe_Cook (recipe_id, cook_id) VALUES (85, 75);

INSERT INTO Cook (user_id, first_name, last_name, phone_number, date_of_birth, years_of_experience, chef_status, image_id) VALUES (76, 'Stefanie','Peters', 1966530283, '1984-04-15', 15, 'A', 404);

INSERT INTO Recipe_Cook (recipe_id, cook_id) VALUES (71, 76);

INSERT INTO Recipe_Cook (recipe_id, cook_id) VALUES (72, 76);

INSERT INTO Recipe_Cook (recipe_id, cook_id) VALUES (73, 76);

INSERT INTO Recipe_Cook (recipe_id, cook_id) VALUES (74, 76);

INSERT INTO Recipe_Cook (recipe_id, cook_id) VALUES (75, 76);

INSERT INTO Cook (user_id, first_name, last_name, phone_number, date_of_birth, years_of_experience, chef_status, image_id) VALUES (77, 'Sylvia','Roberts', 2664897724, '1979-03-03', 18, 'A', 405);

INSERT INTO Recipe_Cook (recipe_id, cook_id) VALUES (6, 77);

INSERT INTO Recipe_Cook (recipe_id, cook_id) VALUES (7, 77);

INSERT INTO Recipe_Cook (recipe_id, cook_id) VALUES (8, 77);

INSERT INTO Recipe_Cook (recipe_id, cook_id) VALUES (9, 77);

INSERT INTO Recipe_Cook (recipe_id, cook_id) VALUES (10, 77);

INSERT INTO Recipe_Cook (recipe_id, cook_id) VALUES (96, 77);

INSERT INTO Recipe_Cook (recipe_id, cook_id) VALUES (97, 77);

INSERT INTO Recipe_Cook (recipe_id, cook_id) VALUES (98, 77);

INSERT INTO Recipe_Cook (recipe_id, cook_id) VALUES (99, 77);

INSERT INTO Recipe_Cook (recipe_id, cook_id) VALUES (100, 77);

INSERT INTO Cook (user_id, first_name, last_name, phone_number, date_of_birth, years_of_experience, chef_status, image_id) VALUES (78, 'Angela','Marshall', 6998171159, '2000-06-28', 6, 'sous chef', 406);

INSERT INTO Recipe_Cook (recipe_id, cook_id) VALUES (86, 78);

INSERT INTO Recipe_Cook (recipe_id, cook_id) VALUES (87, 78);

INSERT INTO Recipe_Cook (recipe_id, cook_id) VALUES (88, 78);

INSERT INTO Recipe_Cook (recipe_id, cook_id) VALUES (89, 78);

INSERT INTO Recipe_Cook (recipe_id, cook_id) VALUES (90, 78);

INSERT INTO Recipe_Cook (recipe_id, cook_id) VALUES (61, 78);

INSERT INTO Recipe_Cook (recipe_id, cook_id) VALUES (62, 78);

INSERT INTO Recipe_Cook (recipe_id, cook_id) VALUES (63, 78);

INSERT INTO Recipe_Cook (recipe_id, cook_id) VALUES (64, 78);

INSERT INTO Recipe_Cook (recipe_id, cook_id) VALUES (65, 78);

INSERT INTO Cook (user_id, first_name, last_name, phone_number, date_of_birth, years_of_experience, chef_status, image_id) VALUES (79, 'Kaitlyn','Tran', 7869008349, '1967-09-29', 4, 'A', 407);

INSERT INTO Recipe_Cook (recipe_id, cook_id) VALUES (51, 79);

INSERT INTO Recipe_Cook (recipe_id, cook_id) VALUES (52, 79);

INSERT INTO Recipe_Cook (recipe_id, cook_id) VALUES (53, 79);

INSERT INTO Recipe_Cook (recipe_id, cook_id) VALUES (54, 79);

INSERT INTO Recipe_Cook (recipe_id, cook_id) VALUES (55, 79);

INSERT INTO Recipe_Cook (recipe_id, cook_id) VALUES (96, 79);

INSERT INTO Recipe_Cook (recipe_id, cook_id) VALUES (97, 79);

INSERT INTO Recipe_Cook (recipe_id, cook_id) VALUES (98, 79);

INSERT INTO Recipe_Cook (recipe_id, cook_id) VALUES (99, 79);

INSERT INTO Recipe_Cook (recipe_id, cook_id) VALUES (100, 79);

INSERT INTO Recipe_Cook (recipe_id, cook_id) VALUES (16, 79);

INSERT INTO Recipe_Cook (recipe_id, cook_id) VALUES (17, 79);

INSERT INTO Recipe_Cook (recipe_id, cook_id) VALUES (18, 79);

INSERT INTO Recipe_Cook (recipe_id, cook_id) VALUES (19, 79);

INSERT INTO Recipe_Cook (recipe_id, cook_id) VALUES (20, 79);

INSERT INTO Cook (user_id, first_name, last_name, phone_number, date_of_birth, years_of_experience, chef_status, image_id) VALUES (80, 'Heather','Mitchell', 9960072423, '1985-04-10', 3, 'B', 408);

INSERT INTO Recipe_Cook (recipe_id, cook_id) VALUES (46, 80);

INSERT INTO Recipe_Cook (recipe_id, cook_id) VALUES (47, 80);

INSERT INTO Recipe_Cook (recipe_id, cook_id) VALUES (48, 80);

INSERT INTO Recipe_Cook (recipe_id, cook_id) VALUES (49, 80);

INSERT INTO Recipe_Cook (recipe_id, cook_id) VALUES (50, 80);

INSERT INTO Recipe_Cook (recipe_id, cook_id) VALUES (76, 80);

INSERT INTO Recipe_Cook (recipe_id, cook_id) VALUES (77, 80);

INSERT INTO Recipe_Cook (recipe_id, cook_id) VALUES (78, 80);

INSERT INTO Recipe_Cook (recipe_id, cook_id) VALUES (79, 80);

INSERT INTO Recipe_Cook (recipe_id, cook_id) VALUES (80, 80);

INSERT INTO Recipe_Cook (recipe_id, cook_id) VALUES (16, 80);

INSERT INTO Recipe_Cook (recipe_id, cook_id) VALUES (17, 80);

INSERT INTO Recipe_Cook (recipe_id, cook_id) VALUES (18, 80);

INSERT INTO Recipe_Cook (recipe_id, cook_id) VALUES (19, 80);

INSERT INTO Recipe_Cook (recipe_id, cook_id) VALUES (20, 80);

INSERT INTO Cook (user_id, first_name, last_name, phone_number, date_of_birth, years_of_experience, chef_status, image_id) VALUES (81, 'Sandra','Ryan', 2540307210, '1986-03-28', 2, 'B', 409);

INSERT INTO Recipe_Cook (recipe_id, cook_id) VALUES (61, 81);

INSERT INTO Recipe_Cook (recipe_id, cook_id) VALUES (62, 81);

INSERT INTO Recipe_Cook (recipe_id, cook_id) VALUES (63, 81);

INSERT INTO Recipe_Cook (recipe_id, cook_id) VALUES (64, 81);

INSERT INTO Recipe_Cook (recipe_id, cook_id) VALUES (65, 81);

INSERT INTO Cook (user_id, first_name, last_name, phone_number, date_of_birth, years_of_experience, chef_status, image_id) VALUES (82, 'Mike','Hernandez', 6908022636, '1997-07-15', 6, 'A', 410);

INSERT INTO Recipe_Cook (recipe_id, cook_id) VALUES (91, 82);

INSERT INTO Recipe_Cook (recipe_id, cook_id) VALUES (92, 82);

INSERT INTO Recipe_Cook (recipe_id, cook_id) VALUES (93, 82);

INSERT INTO Recipe_Cook (recipe_id, cook_id) VALUES (94, 82);

INSERT INTO Recipe_Cook (recipe_id, cook_id) VALUES (95, 82);

INSERT INTO Cook (user_id, first_name, last_name, phone_number, date_of_birth, years_of_experience, chef_status, image_id) VALUES (83, 'Karen','Cooley', 2086437291, '1994-04-02', 10, 'C', 411);

INSERT INTO Recipe_Cook (recipe_id, cook_id) VALUES (71, 83);

INSERT INTO Recipe_Cook (recipe_id, cook_id) VALUES (72, 83);

INSERT INTO Recipe_Cook (recipe_id, cook_id) VALUES (73, 83);

INSERT INTO Recipe_Cook (recipe_id, cook_id) VALUES (74, 83);

INSERT INTO Recipe_Cook (recipe_id, cook_id) VALUES (75, 83);

INSERT INTO Cook (user_id, first_name, last_name, phone_number, date_of_birth, years_of_experience, chef_status, image_id) VALUES (84, 'Jacob','Johnson', 8716797432, '1989-03-19', 8, 'sous chef', 412);

INSERT INTO Recipe_Cook (recipe_id, cook_id) VALUES (81, 84);

INSERT INTO Recipe_Cook (recipe_id, cook_id) VALUES (82, 84);

INSERT INTO Recipe_Cook (recipe_id, cook_id) VALUES (83, 84);

INSERT INTO Recipe_Cook (recipe_id, cook_id) VALUES (84, 84);

INSERT INTO Recipe_Cook (recipe_id, cook_id) VALUES (85, 84);

INSERT INTO Cook (user_id, first_name, last_name, phone_number, date_of_birth, years_of_experience, chef_status, image_id) VALUES (85, 'Karen','Martinez', 8188546497, '1960-05-28', 35, 'chef', 413);

INSERT INTO Recipe_Cook (recipe_id, cook_id) VALUES (51, 85);

INSERT INTO Recipe_Cook (recipe_id, cook_id) VALUES (52, 85);

INSERT INTO Recipe_Cook (recipe_id, cook_id) VALUES (53, 85);

INSERT INTO Recipe_Cook (recipe_id, cook_id) VALUES (54, 85);

INSERT INTO Recipe_Cook (recipe_id, cook_id) VALUES (55, 85);

INSERT INTO Cook (user_id, first_name, last_name, phone_number, date_of_birth, years_of_experience, chef_status, image_id) VALUES (86, 'Catherine','Hood', 8089898828, '1988-07-03', 1, 'C', 414);

INSERT INTO Recipe_Cook (recipe_id, cook_id) VALUES (26, 86);

INSERT INTO Recipe_Cook (recipe_id, cook_id) VALUES (27, 86);

INSERT INTO Recipe_Cook (recipe_id, cook_id) VALUES (28, 86);

INSERT INTO Recipe_Cook (recipe_id, cook_id) VALUES (29, 86);

INSERT INTO Recipe_Cook (recipe_id, cook_id) VALUES (30, 86);

INSERT INTO Recipe_Cook (recipe_id, cook_id) VALUES (61, 86);

INSERT INTO Recipe_Cook (recipe_id, cook_id) VALUES (62, 86);

INSERT INTO Recipe_Cook (recipe_id, cook_id) VALUES (63, 86);

INSERT INTO Recipe_Cook (recipe_id, cook_id) VALUES (64, 86);

INSERT INTO Recipe_Cook (recipe_id, cook_id) VALUES (65, 86);

INSERT INTO Cook (user_id, first_name, last_name, phone_number, date_of_birth, years_of_experience, chef_status, image_id) VALUES (87, 'Bethany','Dodson', 4925357429, '1996-11-29', 9, 'chef', 415);

INSERT INTO Recipe_Cook (recipe_id, cook_id) VALUES (76, 87);

INSERT INTO Recipe_Cook (recipe_id, cook_id) VALUES (77, 87);

INSERT INTO Recipe_Cook (recipe_id, cook_id) VALUES (78, 87);

INSERT INTO Recipe_Cook (recipe_id, cook_id) VALUES (79, 87);

INSERT INTO Recipe_Cook (recipe_id, cook_id) VALUES (80, 87);

INSERT INTO Recipe_Cook (recipe_id, cook_id) VALUES (81, 87);

INSERT INTO Recipe_Cook (recipe_id, cook_id) VALUES (82, 87);

INSERT INTO Recipe_Cook (recipe_id, cook_id) VALUES (83, 87);

INSERT INTO Recipe_Cook (recipe_id, cook_id) VALUES (84, 87);

INSERT INTO Recipe_Cook (recipe_id, cook_id) VALUES (85, 87);

INSERT INTO Cook (user_id, first_name, last_name, phone_number, date_of_birth, years_of_experience, chef_status, image_id) VALUES (88, 'Jason','Reese', 9779693359, '1989-06-15', 6, 'C', 416);

INSERT INTO Recipe_Cook (recipe_id, cook_id) VALUES (6, 88);

INSERT INTO Recipe_Cook (recipe_id, cook_id) VALUES (7, 88);

INSERT INTO Recipe_Cook (recipe_id, cook_id) VALUES (8, 88);

INSERT INTO Recipe_Cook (recipe_id, cook_id) VALUES (9, 88);

INSERT INTO Recipe_Cook (recipe_id, cook_id) VALUES (10, 88);

INSERT INTO Recipe_Cook (recipe_id, cook_id) VALUES (96, 88);

INSERT INTO Recipe_Cook (recipe_id, cook_id) VALUES (97, 88);

INSERT INTO Recipe_Cook (recipe_id, cook_id) VALUES (98, 88);

INSERT INTO Recipe_Cook (recipe_id, cook_id) VALUES (99, 88);

INSERT INTO Recipe_Cook (recipe_id, cook_id) VALUES (100, 88);

INSERT INTO Cook (user_id, first_name, last_name, phone_number, date_of_birth, years_of_experience, chef_status, image_id) VALUES (89, 'Tracy','Carey', 6249901456, '1991-01-09', 11, 'C', 417);

INSERT INTO Recipe_Cook (recipe_id, cook_id) VALUES (91, 89);

INSERT INTO Recipe_Cook (recipe_id, cook_id) VALUES (92, 89);

INSERT INTO Recipe_Cook (recipe_id, cook_id) VALUES (93, 89);

INSERT INTO Recipe_Cook (recipe_id, cook_id) VALUES (94, 89);

INSERT INTO Recipe_Cook (recipe_id, cook_id) VALUES (95, 89);

INSERT INTO Recipe_Cook (recipe_id, cook_id) VALUES (56, 89);

INSERT INTO Recipe_Cook (recipe_id, cook_id) VALUES (57, 89);

INSERT INTO Recipe_Cook (recipe_id, cook_id) VALUES (58, 89);

INSERT INTO Recipe_Cook (recipe_id, cook_id) VALUES (59, 89);

INSERT INTO Recipe_Cook (recipe_id, cook_id) VALUES (60, 89);

INSERT INTO Cook (user_id, first_name, last_name, phone_number, date_of_birth, years_of_experience, chef_status, image_id) VALUES (90, 'Paula','Velasquez', 9996677105, '1964-10-21', 39, 'A', 418);

INSERT INTO Recipe_Cook (recipe_id, cook_id) VALUES (31, 90);

INSERT INTO Recipe_Cook (recipe_id, cook_id) VALUES (32, 90);

INSERT INTO Recipe_Cook (recipe_id, cook_id) VALUES (33, 90);

INSERT INTO Recipe_Cook (recipe_id, cook_id) VALUES (34, 90);

INSERT INTO Recipe_Cook (recipe_id, cook_id) VALUES (35, 90);

INSERT INTO Recipe_Cook (recipe_id, cook_id) VALUES (71, 90);

INSERT INTO Recipe_Cook (recipe_id, cook_id) VALUES (72, 90);

INSERT INTO Recipe_Cook (recipe_id, cook_id) VALUES (73, 90);

INSERT INTO Recipe_Cook (recipe_id, cook_id) VALUES (74, 90);

INSERT INTO Recipe_Cook (recipe_id, cook_id) VALUES (75, 90);

INSERT INTO Cook (user_id, first_name, last_name, phone_number, date_of_birth, years_of_experience, chef_status, image_id) VALUES (91, 'Barry','Rogers', 4695687894, '1960-06-13', 11, 'C', 419);

INSERT INTO Recipe_Cook (recipe_id, cook_id) VALUES (56, 91);

INSERT INTO Recipe_Cook (recipe_id, cook_id) VALUES (57, 91);

INSERT INTO Recipe_Cook (recipe_id, cook_id) VALUES (58, 91);

INSERT INTO Recipe_Cook (recipe_id, cook_id) VALUES (59, 91);

INSERT INTO Recipe_Cook (recipe_id, cook_id) VALUES (60, 91);

INSERT INTO Recipe_Cook (recipe_id, cook_id) VALUES (11, 91);

INSERT INTO Recipe_Cook (recipe_id, cook_id) VALUES (12, 91);

INSERT INTO Recipe_Cook (recipe_id, cook_id) VALUES (13, 91);

INSERT INTO Recipe_Cook (recipe_id, cook_id) VALUES (14, 91);

INSERT INTO Recipe_Cook (recipe_id, cook_id) VALUES (15, 91);

INSERT INTO Recipe_Cook (recipe_id, cook_id) VALUES (76, 91);

INSERT INTO Recipe_Cook (recipe_id, cook_id) VALUES (77, 91);

INSERT INTO Recipe_Cook (recipe_id, cook_id) VALUES (78, 91);

INSERT INTO Recipe_Cook (recipe_id, cook_id) VALUES (79, 91);

INSERT INTO Recipe_Cook (recipe_id, cook_id) VALUES (80, 91);

INSERT INTO Cook (user_id, first_name, last_name, phone_number, date_of_birth, years_of_experience, chef_status, image_id) VALUES (92, 'Nicole','Smith', 7928922995, '1989-07-10', 5, 'A', 420);

INSERT INTO Recipe_Cook (recipe_id, cook_id) VALUES (26, 92);

INSERT INTO Recipe_Cook (recipe_id, cook_id) VALUES (27, 92);

INSERT INTO Recipe_Cook (recipe_id, cook_id) VALUES (28, 92);

INSERT INTO Recipe_Cook (recipe_id, cook_id) VALUES (29, 92);

INSERT INTO Recipe_Cook (recipe_id, cook_id) VALUES (30, 92);

INSERT INTO Recipe_Cook (recipe_id, cook_id) VALUES (51, 92);

INSERT INTO Recipe_Cook (recipe_id, cook_id) VALUES (52, 92);

INSERT INTO Recipe_Cook (recipe_id, cook_id) VALUES (53, 92);

INSERT INTO Recipe_Cook (recipe_id, cook_id) VALUES (54, 92);

INSERT INTO Recipe_Cook (recipe_id, cook_id) VALUES (55, 92);

INSERT INTO Recipe_Cook (recipe_id, cook_id) VALUES (11, 92);

INSERT INTO Recipe_Cook (recipe_id, cook_id) VALUES (12, 92);

INSERT INTO Recipe_Cook (recipe_id, cook_id) VALUES (13, 92);

INSERT INTO Recipe_Cook (recipe_id, cook_id) VALUES (14, 92);

INSERT INTO Recipe_Cook (recipe_id, cook_id) VALUES (15, 92);

INSERT INTO Cook (user_id, first_name, last_name, phone_number, date_of_birth, years_of_experience, chef_status, image_id) VALUES (93, 'Brian','Buckley', 5028372879, '1960-09-21', 38, 'chef', 421);

INSERT INTO Recipe_Cook (recipe_id, cook_id) VALUES (91, 93);

INSERT INTO Recipe_Cook (recipe_id, cook_id) VALUES (92, 93);

INSERT INTO Recipe_Cook (recipe_id, cook_id) VALUES (93, 93);

INSERT INTO Recipe_Cook (recipe_id, cook_id) VALUES (94, 93);

INSERT INTO Recipe_Cook (recipe_id, cook_id) VALUES (95, 93);

INSERT INTO Cook (user_id, first_name, last_name, phone_number, date_of_birth, years_of_experience, chef_status, image_id) VALUES (94, 'James','Hill', 8223542634, '1976-03-05', 10, 'sous chef', 422);

INSERT INTO Recipe_Cook (recipe_id, cook_id) VALUES (11, 94);

INSERT INTO Recipe_Cook (recipe_id, cook_id) VALUES (12, 94);

INSERT INTO Recipe_Cook (recipe_id, cook_id) VALUES (13, 94);

INSERT INTO Recipe_Cook (recipe_id, cook_id) VALUES (14, 94);

INSERT INTO Recipe_Cook (recipe_id, cook_id) VALUES (15, 94);

INSERT INTO Recipe_Cook (recipe_id, cook_id) VALUES (61, 94);

INSERT INTO Recipe_Cook (recipe_id, cook_id) VALUES (62, 94);

INSERT INTO Recipe_Cook (recipe_id, cook_id) VALUES (63, 94);

INSERT INTO Recipe_Cook (recipe_id, cook_id) VALUES (64, 94);

INSERT INTO Recipe_Cook (recipe_id, cook_id) VALUES (65, 94);

INSERT INTO Recipe_Cook (recipe_id, cook_id) VALUES (21, 94);

INSERT INTO Recipe_Cook (recipe_id, cook_id) VALUES (22, 94);

INSERT INTO Recipe_Cook (recipe_id, cook_id) VALUES (23, 94);

INSERT INTO Recipe_Cook (recipe_id, cook_id) VALUES (24, 94);

INSERT INTO Recipe_Cook (recipe_id, cook_id) VALUES (25, 94);

INSERT INTO Cook (user_id, first_name, last_name, phone_number, date_of_birth, years_of_experience, chef_status, image_id) VALUES (95, 'Anthony','Evans', 5055090893, '1973-07-29', 26, 'A', 423);

INSERT INTO Recipe_Cook (recipe_id, cook_id) VALUES (16, 95);

INSERT INTO Recipe_Cook (recipe_id, cook_id) VALUES (17, 95);

INSERT INTO Recipe_Cook (recipe_id, cook_id) VALUES (18, 95);

INSERT INTO Recipe_Cook (recipe_id, cook_id) VALUES (19, 95);

INSERT INTO Recipe_Cook (recipe_id, cook_id) VALUES (20, 95);

INSERT INTO Recipe_Cook (recipe_id, cook_id) VALUES (36, 95);

INSERT INTO Recipe_Cook (recipe_id, cook_id) VALUES (37, 95);

INSERT INTO Recipe_Cook (recipe_id, cook_id) VALUES (38, 95);

INSERT INTO Recipe_Cook (recipe_id, cook_id) VALUES (39, 95);

INSERT INTO Recipe_Cook (recipe_id, cook_id) VALUES (40, 95);

INSERT INTO Cook (user_id, first_name, last_name, phone_number, date_of_birth, years_of_experience, chef_status, image_id) VALUES (96, 'Sonia','Lopez', 5666603875, '1990-05-29', 7, 'sous chef', 424);

INSERT INTO Recipe_Cook (recipe_id, cook_id) VALUES (86, 96);

INSERT INTO Recipe_Cook (recipe_id, cook_id) VALUES (87, 96);

INSERT INTO Recipe_Cook (recipe_id, cook_id) VALUES (88, 96);

INSERT INTO Recipe_Cook (recipe_id, cook_id) VALUES (89, 96);

INSERT INTO Recipe_Cook (recipe_id, cook_id) VALUES (90, 96);

INSERT INTO Recipe_Cook (recipe_id, cook_id) VALUES (61, 96);

INSERT INTO Recipe_Cook (recipe_id, cook_id) VALUES (62, 96);

INSERT INTO Recipe_Cook (recipe_id, cook_id) VALUES (63, 96);

INSERT INTO Recipe_Cook (recipe_id, cook_id) VALUES (64, 96);

INSERT INTO Recipe_Cook (recipe_id, cook_id) VALUES (65, 96);

INSERT INTO Recipe_Cook (recipe_id, cook_id) VALUES (56, 96);

INSERT INTO Recipe_Cook (recipe_id, cook_id) VALUES (57, 96);

INSERT INTO Recipe_Cook (recipe_id, cook_id) VALUES (58, 96);

INSERT INTO Recipe_Cook (recipe_id, cook_id) VALUES (59, 96);

INSERT INTO Recipe_Cook (recipe_id, cook_id) VALUES (60, 96);

INSERT INTO Cook (user_id, first_name, last_name, phone_number, date_of_birth, years_of_experience, chef_status, image_id) VALUES (97, 'Michael','Brown', 2240165175, '1970-01-27', 6, 'B', 425);

INSERT INTO Recipe_Cook (recipe_id, cook_id) VALUES (56, 97);

INSERT INTO Recipe_Cook (recipe_id, cook_id) VALUES (57, 97);

INSERT INTO Recipe_Cook (recipe_id, cook_id) VALUES (58, 97);

INSERT INTO Recipe_Cook (recipe_id, cook_id) VALUES (59, 97);

INSERT INTO Recipe_Cook (recipe_id, cook_id) VALUES (60, 97);

INSERT INTO Recipe_Cook (recipe_id, cook_id) VALUES (36, 97);

INSERT INTO Recipe_Cook (recipe_id, cook_id) VALUES (37, 97);

INSERT INTO Recipe_Cook (recipe_id, cook_id) VALUES (38, 97);

INSERT INTO Recipe_Cook (recipe_id, cook_id) VALUES (39, 97);

INSERT INTO Recipe_Cook (recipe_id, cook_id) VALUES (40, 97);

INSERT INTO Recipe_Cook (recipe_id, cook_id) VALUES (66, 97);

INSERT INTO Recipe_Cook (recipe_id, cook_id) VALUES (67, 97);

INSERT INTO Recipe_Cook (recipe_id, cook_id) VALUES (68, 97);

INSERT INTO Recipe_Cook (recipe_id, cook_id) VALUES (69, 97);

INSERT INTO Recipe_Cook (recipe_id, cook_id) VALUES (70, 97);

INSERT INTO Cook (user_id, first_name, last_name, phone_number, date_of_birth, years_of_experience, chef_status, image_id) VALUES (98, 'Michelle','Rojas', 8094739392, '1963-03-29', 33, 'A', 426);

INSERT INTO Recipe_Cook (recipe_id, cook_id) VALUES (71, 98);

INSERT INTO Recipe_Cook (recipe_id, cook_id) VALUES (72, 98);

INSERT INTO Recipe_Cook (recipe_id, cook_id) VALUES (73, 98);

INSERT INTO Recipe_Cook (recipe_id, cook_id) VALUES (74, 98);

INSERT INTO Recipe_Cook (recipe_id, cook_id) VALUES (75, 98);

INSERT INTO Cook (user_id, first_name, last_name, phone_number, date_of_birth, years_of_experience, chef_status, image_id) VALUES (99, 'Melanie','Daniels', 9672211496, '1992-07-19', 4, 'B', 427);

INSERT INTO Recipe_Cook (recipe_id, cook_id) VALUES (31, 99);

INSERT INTO Recipe_Cook (recipe_id, cook_id) VALUES (32, 99);

INSERT INTO Recipe_Cook (recipe_id, cook_id) VALUES (33, 99);

INSERT INTO Recipe_Cook (recipe_id, cook_id) VALUES (34, 99);

INSERT INTO Recipe_Cook (recipe_id, cook_id) VALUES (35, 99);

INSERT INTO Cook (user_id, first_name, last_name, phone_number, date_of_birth, years_of_experience, chef_status, image_id) VALUES (100, 'Ashley','Moore', 6644178253, '1976-03-25', 1, 'chef', 428);

INSERT INTO Recipe_Cook (recipe_id, cook_id) VALUES (41, 100);

INSERT INTO Recipe_Cook (recipe_id, cook_id) VALUES (42, 100);

INSERT INTO Recipe_Cook (recipe_id, cook_id) VALUES (43, 100);

INSERT INTO Recipe_Cook (recipe_id, cook_id) VALUES (44, 100);

INSERT INTO Recipe_Cook (recipe_id, cook_id) VALUES (45, 100);

INSERT INTO Recipe_Cook (recipe_id, cook_id) VALUES (11, 100);

INSERT INTO Recipe_Cook (recipe_id, cook_id) VALUES (12, 100);

INSERT INTO Recipe_Cook (recipe_id, cook_id) VALUES (13, 100);

INSERT INTO Recipe_Cook (recipe_id, cook_id) VALUES (14, 100);

INSERT INTO Recipe_Cook (recipe_id, cook_id) VALUES (15, 100);

INSERT INTO Cook_National_Cuisine (cook_id, national_cuisine_id) VALUES (14, 1);

INSERT INTO Cook_National_Cuisine (cook_id, national_cuisine_id) VALUES (96, 1);

INSERT INTO Cook_National_Cuisine (cook_id, national_cuisine_id) VALUES (51, 1);

INSERT INTO Cook_National_Cuisine (cook_id, national_cuisine_id) VALUES (81, 1);

INSERT INTO Cook_National_Cuisine (cook_id, national_cuisine_id) VALUES (99, 1);

INSERT INTO Cook_National_Cuisine (cook_id, national_cuisine_id) VALUES (22, 1);

INSERT INTO Cook_National_Cuisine (cook_id, national_cuisine_id) VALUES (75, 1);

INSERT INTO Cook_National_Cuisine (cook_id, national_cuisine_id) VALUES (25, 1);

INSERT INTO Cook_National_Cuisine (cook_id, national_cuisine_id) VALUES (59, 1);

INSERT INTO Cook_National_Cuisine (cook_id, national_cuisine_id) VALUES (35, 1);

INSERT INTO Cook_National_Cuisine (cook_id, national_cuisine_id) VALUES (30, 2);

INSERT INTO Cook_National_Cuisine (cook_id, national_cuisine_id) VALUES (27, 2);

INSERT INTO Cook_National_Cuisine (cook_id, national_cuisine_id) VALUES (28, 2);

INSERT INTO Cook_National_Cuisine (cook_id, national_cuisine_id) VALUES (9, 2);

INSERT INTO Cook_National_Cuisine (cook_id, national_cuisine_id) VALUES (69, 2);

INSERT INTO Cook_National_Cuisine (cook_id, national_cuisine_id) VALUES (10, 2);

INSERT INTO Cook_National_Cuisine (cook_id, national_cuisine_id) VALUES (26, 2);

INSERT INTO Cook_National_Cuisine (cook_id, national_cuisine_id) VALUES (89, 2);

INSERT INTO Cook_National_Cuisine (cook_id, national_cuisine_id) VALUES (22, 2);

INSERT INTO Cook_National_Cuisine (cook_id, national_cuisine_id) VALUES (15, 2);

INSERT INTO Cook_National_Cuisine (cook_id, national_cuisine_id) VALUES (14, 2);

INSERT INTO Cook_National_Cuisine (cook_id, national_cuisine_id) VALUES (65, 3);

INSERT INTO Cook_National_Cuisine (cook_id, national_cuisine_id) VALUES (61, 3);

INSERT INTO Cook_National_Cuisine (cook_id, national_cuisine_id) VALUES (39, 3);

INSERT INTO Cook_National_Cuisine (cook_id, national_cuisine_id) VALUES (91, 3);

INSERT INTO Cook_National_Cuisine (cook_id, national_cuisine_id) VALUES (87, 3);

INSERT INTO Cook_National_Cuisine (cook_id, national_cuisine_id) VALUES (37, 3);

INSERT INTO Cook_National_Cuisine (cook_id, national_cuisine_id) VALUES (22, 3);

INSERT INTO Cook_National_Cuisine (cook_id, national_cuisine_id) VALUES (27, 3);

INSERT INTO Cook_National_Cuisine (cook_id, national_cuisine_id) VALUES (57, 3);

INSERT INTO Cook_National_Cuisine (cook_id, national_cuisine_id) VALUES (60, 3);

INSERT INTO Cook_National_Cuisine (cook_id, national_cuisine_id) VALUES (43, 3);

INSERT INTO Cook_National_Cuisine (cook_id, national_cuisine_id) VALUES (35, 3);

INSERT INTO Cook_National_Cuisine (cook_id, national_cuisine_id) VALUES (63, 3);

INSERT INTO Cook_National_Cuisine (cook_id, national_cuisine_id) VALUES (51, 3);

INSERT INTO Cook_National_Cuisine (cook_id, national_cuisine_id) VALUES (32, 3);

INSERT INTO Cook_National_Cuisine (cook_id, national_cuisine_id) VALUES (38, 3);

INSERT INTO Cook_National_Cuisine (cook_id, national_cuisine_id) VALUES (50, 3);

INSERT INTO Cook_National_Cuisine (cook_id, national_cuisine_id) VALUES (89, 4);

INSERT INTO Cook_National_Cuisine (cook_id, national_cuisine_id) VALUES (69, 4);

INSERT INTO Cook_National_Cuisine (cook_id, national_cuisine_id) VALUES (62, 4);

INSERT INTO Cook_National_Cuisine (cook_id, national_cuisine_id) VALUES (50, 4);

INSERT INTO Cook_National_Cuisine (cook_id, national_cuisine_id) VALUES (3, 4);

INSERT INTO Cook_National_Cuisine (cook_id, national_cuisine_id) VALUES (72, 4);

INSERT INTO Cook_National_Cuisine (cook_id, national_cuisine_id) VALUES (80, 4);

INSERT INTO Cook_National_Cuisine (cook_id, national_cuisine_id) VALUES (38, 4);

INSERT INTO Cook_National_Cuisine (cook_id, national_cuisine_id) VALUES (40, 4);

INSERT INTO Cook_National_Cuisine (cook_id, national_cuisine_id) VALUES (85, 5);

INSERT INTO Cook_National_Cuisine (cook_id, national_cuisine_id) VALUES (67, 5);

INSERT INTO Cook_National_Cuisine (cook_id, national_cuisine_id) VALUES (5, 5);

INSERT INTO Cook_National_Cuisine (cook_id, national_cuisine_id) VALUES (76, 5);

INSERT INTO Cook_National_Cuisine (cook_id, national_cuisine_id) VALUES (72, 5);

INSERT INTO Cook_National_Cuisine (cook_id, national_cuisine_id) VALUES (95, 5);

INSERT INTO Cook_National_Cuisine (cook_id, national_cuisine_id) VALUES (26, 5);

INSERT INTO Cook_National_Cuisine (cook_id, national_cuisine_id) VALUES (42, 5);

INSERT INTO Cook_National_Cuisine (cook_id, national_cuisine_id) VALUES (15, 5);

INSERT INTO Cook_National_Cuisine (cook_id, national_cuisine_id) VALUES (25, 5);

INSERT INTO Cook_National_Cuisine (cook_id, national_cuisine_id) VALUES (22, 5);

INSERT INTO Cook_National_Cuisine (cook_id, national_cuisine_id) VALUES (27, 5);

INSERT INTO Cook_National_Cuisine (cook_id, national_cuisine_id) VALUES (12, 5);

INSERT INTO Cook_National_Cuisine (cook_id, national_cuisine_id) VALUES (34, 5);

INSERT INTO Cook_National_Cuisine (cook_id, national_cuisine_id) VALUES (87, 5);

INSERT INTO Cook_National_Cuisine (cook_id, national_cuisine_id) VALUES (35, 5);

INSERT INTO Cook_National_Cuisine (cook_id, national_cuisine_id) VALUES (24, 5);

INSERT INTO Cook_National_Cuisine (cook_id, national_cuisine_id) VALUES (39, 6);

INSERT INTO Cook_National_Cuisine (cook_id, national_cuisine_id) VALUES (7, 6);

INSERT INTO Cook_National_Cuisine (cook_id, national_cuisine_id) VALUES (83, 6);

INSERT INTO Cook_National_Cuisine (cook_id, national_cuisine_id) VALUES (53, 6);

INSERT INTO Cook_National_Cuisine (cook_id, national_cuisine_id) VALUES (88, 6);

INSERT INTO Cook_National_Cuisine (cook_id, national_cuisine_id) VALUES (80, 6);

INSERT INTO Cook_National_Cuisine (cook_id, national_cuisine_id) VALUES (89, 6);

INSERT INTO Cook_National_Cuisine (cook_id, national_cuisine_id) VALUES (55, 6);

INSERT INTO Cook_National_Cuisine (cook_id, national_cuisine_id) VALUES (91, 6);

INSERT INTO Cook_National_Cuisine (cook_id, national_cuisine_id) VALUES (14, 6);

INSERT INTO Cook_National_Cuisine (cook_id, national_cuisine_id) VALUES (8, 6);

INSERT INTO Cook_National_Cuisine (cook_id, national_cuisine_id) VALUES (67, 6);

INSERT INTO Cook_National_Cuisine (cook_id, national_cuisine_id) VALUES (63, 6);

INSERT INTO Cook_National_Cuisine (cook_id, national_cuisine_id) VALUES (34, 6);

INSERT INTO Cook_National_Cuisine (cook_id, national_cuisine_id) VALUES (26, 6);

INSERT INTO Cook_National_Cuisine (cook_id, national_cuisine_id) VALUES (90, 7);

INSERT INTO Cook_National_Cuisine (cook_id, national_cuisine_id) VALUES (87, 7);

INSERT INTO Cook_National_Cuisine (cook_id, national_cuisine_id) VALUES (77, 7);

INSERT INTO Cook_National_Cuisine (cook_id, national_cuisine_id) VALUES (53, 7);

INSERT INTO Cook_National_Cuisine (cook_id, national_cuisine_id) VALUES (45, 7);

INSERT INTO Cook_National_Cuisine (cook_id, national_cuisine_id) VALUES (17, 7);

INSERT INTO Cook_National_Cuisine (cook_id, national_cuisine_id) VALUES (91, 7);

INSERT INTO Cook_National_Cuisine (cook_id, national_cuisine_id) VALUES (3, 7);

INSERT INTO Cook_National_Cuisine (cook_id, national_cuisine_id) VALUES (50, 7);

INSERT INTO Cook_National_Cuisine (cook_id, national_cuisine_id) VALUES (60, 7);

INSERT INTO Cook_National_Cuisine (cook_id, national_cuisine_id) VALUES (5, 7);

INSERT INTO Cook_National_Cuisine (cook_id, national_cuisine_id) VALUES (65, 7);

INSERT INTO Cook_National_Cuisine (cook_id, national_cuisine_id) VALUES (73, 7);

INSERT INTO Cook_National_Cuisine (cook_id, national_cuisine_id) VALUES (2, 7);

INSERT INTO Cook_National_Cuisine (cook_id, national_cuisine_id) VALUES (59, 7);

INSERT INTO Cook_National_Cuisine (cook_id, national_cuisine_id) VALUES (32, 7);

INSERT INTO Cook_National_Cuisine (cook_id, national_cuisine_id) VALUES (40, 7);

INSERT INTO Cook_National_Cuisine (cook_id, national_cuisine_id) VALUES (56, 7);

INSERT INTO Cook_National_Cuisine (cook_id, national_cuisine_id) VALUES (56, 8);

INSERT INTO Cook_National_Cuisine (cook_id, national_cuisine_id) VALUES (53, 8);

INSERT INTO Cook_National_Cuisine (cook_id, national_cuisine_id) VALUES (49, 8);

INSERT INTO Cook_National_Cuisine (cook_id, national_cuisine_id) VALUES (84, 8);

INSERT INTO Cook_National_Cuisine (cook_id, national_cuisine_id) VALUES (82, 8);

INSERT INTO Cook_National_Cuisine (cook_id, national_cuisine_id) VALUES (31, 8);

INSERT INTO Cook_National_Cuisine (cook_id, national_cuisine_id) VALUES (86, 8);

INSERT INTO Cook_National_Cuisine (cook_id, national_cuisine_id) VALUES (23, 8);

INSERT INTO Cook_National_Cuisine (cook_id, national_cuisine_id) VALUES (51, 8);

INSERT INTO Cook_National_Cuisine (cook_id, national_cuisine_id) VALUES (19, 8);

INSERT INTO Cook_National_Cuisine (cook_id, national_cuisine_id) VALUES (32, 8);

INSERT INTO Cook_National_Cuisine (cook_id, national_cuisine_id) VALUES (10, 8);

INSERT INTO Cook_National_Cuisine (cook_id, national_cuisine_id) VALUES (66, 8);

INSERT INTO Cook_National_Cuisine (cook_id, national_cuisine_id) VALUES (17, 8);

INSERT INTO Cook_National_Cuisine (cook_id, national_cuisine_id) VALUES (16, 8);

INSERT INTO Cook_National_Cuisine (cook_id, national_cuisine_id) VALUES (92, 8);

INSERT INTO Cook_National_Cuisine (cook_id, national_cuisine_id) VALUES (34, 8);

INSERT INTO Cook_National_Cuisine (cook_id, national_cuisine_id) VALUES (8, 8);

INSERT INTO Cook_National_Cuisine (cook_id, national_cuisine_id) VALUES (85, 8);

INSERT INTO Cook_National_Cuisine (cook_id, national_cuisine_id) VALUES (42, 8);

INSERT INTO Cook_National_Cuisine (cook_id, national_cuisine_id) VALUES (94, 9);

INSERT INTO Cook_National_Cuisine (cook_id, national_cuisine_id) VALUES (1, 9);

INSERT INTO Cook_National_Cuisine (cook_id, national_cuisine_id) VALUES (28, 9);

INSERT INTO Cook_National_Cuisine (cook_id, national_cuisine_id) VALUES (53, 9);

INSERT INTO Cook_National_Cuisine (cook_id, national_cuisine_id) VALUES (63, 9);

INSERT INTO Cook_National_Cuisine (cook_id, national_cuisine_id) VALUES (26, 9);

INSERT INTO Cook_National_Cuisine (cook_id, national_cuisine_id) VALUES (15, 9);

INSERT INTO Cook_National_Cuisine (cook_id, national_cuisine_id) VALUES (89, 9);

INSERT INTO Cook_National_Cuisine (cook_id, national_cuisine_id) VALUES (72, 9);

INSERT INTO Cook_National_Cuisine (cook_id, national_cuisine_id) VALUES (13, 10);

INSERT INTO Cook_National_Cuisine (cook_id, national_cuisine_id) VALUES (64, 10);

INSERT INTO Cook_National_Cuisine (cook_id, national_cuisine_id) VALUES (54, 10);

INSERT INTO Cook_National_Cuisine (cook_id, national_cuisine_id) VALUES (47, 10);

INSERT INTO Cook_National_Cuisine (cook_id, national_cuisine_id) VALUES (5, 10);

INSERT INTO Cook_National_Cuisine (cook_id, national_cuisine_id) VALUES (80, 10);

INSERT INTO Cook_National_Cuisine (cook_id, national_cuisine_id) VALUES (21, 10);

INSERT INTO Cook_National_Cuisine (cook_id, national_cuisine_id) VALUES (22, 10);

INSERT INTO Cook_National_Cuisine (cook_id, national_cuisine_id) VALUES (24, 10);

INSERT INTO Cook_National_Cuisine (cook_id, national_cuisine_id) VALUES (44, 10);

INSERT INTO Cook_National_Cuisine (cook_id, national_cuisine_id) VALUES (26, 10);

INSERT INTO Cook_National_Cuisine (cook_id, national_cuisine_id) VALUES (74, 10);

INSERT INTO Cook_National_Cuisine (cook_id, national_cuisine_id) VALUES (58, 10);

INSERT INTO Cook_National_Cuisine (cook_id, national_cuisine_id) VALUES (16, 10);

INSERT INTO Cook_National_Cuisine (cook_id, national_cuisine_id) VALUES (89, 10);

INSERT INTO Cook_National_Cuisine (cook_id, national_cuisine_id) VALUES (36, 10);

INSERT INTO Cook_National_Cuisine (cook_id, national_cuisine_id) VALUES (52, 10);

INSERT INTO Cook_National_Cuisine (cook_id, national_cuisine_id) VALUES (12, 10);

INSERT INTO Cook_National_Cuisine (cook_id, national_cuisine_id) VALUES (53, 10);

INSERT INTO Cook_National_Cuisine (cook_id, national_cuisine_id) VALUES (1, 10);

INSERT INTO Cook_National_Cuisine (cook_id, national_cuisine_id) VALUES (79, 11);

INSERT INTO Cook_National_Cuisine (cook_id, national_cuisine_id) VALUES (72, 11);

INSERT INTO Cook_National_Cuisine (cook_id, national_cuisine_id) VALUES (27, 11);

INSERT INTO Cook_National_Cuisine (cook_id, national_cuisine_id) VALUES (90, 11);

INSERT INTO Cook_National_Cuisine (cook_id, national_cuisine_id) VALUES (31, 11);

INSERT INTO Cook_National_Cuisine (cook_id, national_cuisine_id) VALUES (37, 11);

INSERT INTO Cook_National_Cuisine (cook_id, national_cuisine_id) VALUES (56, 11);

INSERT INTO Cook_National_Cuisine (cook_id, national_cuisine_id) VALUES (46, 11);

INSERT INTO Cook_National_Cuisine (cook_id, national_cuisine_id) VALUES (62, 11);

INSERT INTO Cook_National_Cuisine (cook_id, national_cuisine_id) VALUES (75, 11);

INSERT INTO Cook_National_Cuisine (cook_id, national_cuisine_id) VALUES (64, 11);

INSERT INTO Cook_National_Cuisine (cook_id, national_cuisine_id) VALUES (35, 11);

INSERT INTO Cook_National_Cuisine (cook_id, national_cuisine_id) VALUES (13, 11);

INSERT INTO Cook_National_Cuisine (cook_id, national_cuisine_id) VALUES (41, 11);

INSERT INTO Cook_National_Cuisine (cook_id, national_cuisine_id) VALUES (22, 11);

INSERT INTO Cook_National_Cuisine (cook_id, national_cuisine_id) VALUES (52, 11);

INSERT INTO Cook_National_Cuisine (cook_id, national_cuisine_id) VALUES (57, 11);

INSERT INTO Cook_National_Cuisine (cook_id, national_cuisine_id) VALUES (54, 11);

INSERT INTO Cook_National_Cuisine (cook_id, national_cuisine_id) VALUES (2, 12);

INSERT INTO Cook_National_Cuisine (cook_id, national_cuisine_id) VALUES (87, 12);

INSERT INTO Cook_National_Cuisine (cook_id, national_cuisine_id) VALUES (20, 12);

INSERT INTO Cook_National_Cuisine (cook_id, national_cuisine_id) VALUES (1, 12);

INSERT INTO Cook_National_Cuisine (cook_id, national_cuisine_id) VALUES (86, 12);

INSERT INTO Cook_National_Cuisine (cook_id, national_cuisine_id) VALUES (16, 12);

INSERT INTO Cook_National_Cuisine (cook_id, national_cuisine_id) VALUES (90, 12);

INSERT INTO Cook_National_Cuisine (cook_id, national_cuisine_id) VALUES (36, 12);

INSERT INTO Cook_National_Cuisine (cook_id, national_cuisine_id) VALUES (17, 12);

INSERT INTO Cook_National_Cuisine (cook_id, national_cuisine_id) VALUES (34, 12);

INSERT INTO Cook_National_Cuisine (cook_id, national_cuisine_id) VALUES (63, 12);

INSERT INTO Cook_National_Cuisine (cook_id, national_cuisine_id) VALUES (74, 12);

INSERT INTO Cook_National_Cuisine (cook_id, national_cuisine_id) VALUES (13, 12);

INSERT INTO Cook_National_Cuisine (cook_id, national_cuisine_id) VALUES (82, 12);

INSERT INTO Cook_National_Cuisine (cook_id, national_cuisine_id) VALUES (24, 12);

INSERT INTO Cook_National_Cuisine (cook_id, national_cuisine_id) VALUES (79, 13);

INSERT INTO Cook_National_Cuisine (cook_id, national_cuisine_id) VALUES (38, 13);

INSERT INTO Cook_National_Cuisine (cook_id, national_cuisine_id) VALUES (41, 13);

INSERT INTO Cook_National_Cuisine (cook_id, national_cuisine_id) VALUES (13, 13);

INSERT INTO Cook_National_Cuisine (cook_id, national_cuisine_id) VALUES (47, 13);

INSERT INTO Cook_National_Cuisine (cook_id, national_cuisine_id) VALUES (29, 13);

INSERT INTO Cook_National_Cuisine (cook_id, national_cuisine_id) VALUES (95, 13);

INSERT INTO Cook_National_Cuisine (cook_id, national_cuisine_id) VALUES (70, 13);

INSERT INTO Cook_National_Cuisine (cook_id, national_cuisine_id) VALUES (23, 13);

INSERT INTO Cook_National_Cuisine (cook_id, national_cuisine_id) VALUES (77, 13);

INSERT INTO Cook_National_Cuisine (cook_id, national_cuisine_id) VALUES (42, 13);

INSERT INTO Cook_National_Cuisine (cook_id, national_cuisine_id) VALUES (20, 13);

INSERT INTO Cook_National_Cuisine (cook_id, national_cuisine_id) VALUES (90, 13);

INSERT INTO Cook_National_Cuisine (cook_id, national_cuisine_id) VALUES (8, 13);

INSERT INTO Cook_National_Cuisine (cook_id, national_cuisine_id) VALUES (33, 13);

INSERT INTO Cook_National_Cuisine (cook_id, national_cuisine_id) VALUES (36, 14);

INSERT INTO Cook_National_Cuisine (cook_id, national_cuisine_id) VALUES (28, 14);

INSERT INTO Cook_National_Cuisine (cook_id, national_cuisine_id) VALUES (5, 14);

INSERT INTO Cook_National_Cuisine (cook_id, national_cuisine_id) VALUES (51, 14);

INSERT INTO Cook_National_Cuisine (cook_id, national_cuisine_id) VALUES (42, 14);

INSERT INTO Cook_National_Cuisine (cook_id, national_cuisine_id) VALUES (12, 14);

INSERT INTO Cook_National_Cuisine (cook_id, national_cuisine_id) VALUES (40, 14);

INSERT INTO Cook_National_Cuisine (cook_id, national_cuisine_id) VALUES (55, 14);

INSERT INTO Cook_National_Cuisine (cook_id, national_cuisine_id) VALUES (53, 14);

INSERT INTO Cook_National_Cuisine (cook_id, national_cuisine_id) VALUES (19, 14);

INSERT INTO Cook_National_Cuisine (cook_id, national_cuisine_id) VALUES (69, 14);

INSERT INTO Cook_National_Cuisine (cook_id, national_cuisine_id) VALUES (68, 14);

INSERT INTO Cook_National_Cuisine (cook_id, national_cuisine_id) VALUES (24, 14);

INSERT INTO Cook_National_Cuisine (cook_id, national_cuisine_id) VALUES (91, 14);

INSERT INTO Cook_National_Cuisine (cook_id, national_cuisine_id) VALUES (6, 14);

INSERT INTO Cook_National_Cuisine (cook_id, national_cuisine_id) VALUES (82, 14);

INSERT INTO Cook_National_Cuisine (cook_id, national_cuisine_id) VALUES (71, 14);

INSERT INTO Cook_National_Cuisine (cook_id, national_cuisine_id) VALUES (20, 14);

INSERT INTO Cook_National_Cuisine (cook_id, national_cuisine_id) VALUES (16, 14);

INSERT INTO Cook_National_Cuisine (cook_id, national_cuisine_id) VALUES (67, 15);

INSERT INTO Cook_National_Cuisine (cook_id, national_cuisine_id) VALUES (48, 15);

INSERT INTO Cook_National_Cuisine (cook_id, national_cuisine_id) VALUES (1, 15);

INSERT INTO Cook_National_Cuisine (cook_id, national_cuisine_id) VALUES (82, 15);

INSERT INTO Cook_National_Cuisine (cook_id, national_cuisine_id) VALUES (87, 15);

INSERT INTO Cook_National_Cuisine (cook_id, national_cuisine_id) VALUES (92, 15);

INSERT INTO Cook_National_Cuisine (cook_id, national_cuisine_id) VALUES (99, 15);

INSERT INTO Cook_National_Cuisine (cook_id, national_cuisine_id) VALUES (54, 15);

INSERT INTO Cook_National_Cuisine (cook_id, national_cuisine_id) VALUES (8, 15);

INSERT INTO Cook_National_Cuisine (cook_id, national_cuisine_id) VALUES (80, 16);

INSERT INTO Cook_National_Cuisine (cook_id, national_cuisine_id) VALUES (99, 16);

INSERT INTO Cook_National_Cuisine (cook_id, national_cuisine_id) VALUES (30, 16);

INSERT INTO Cook_National_Cuisine (cook_id, national_cuisine_id) VALUES (71, 16);

INSERT INTO Cook_National_Cuisine (cook_id, national_cuisine_id) VALUES (15, 16);

INSERT INTO Cook_National_Cuisine (cook_id, national_cuisine_id) VALUES (56, 16);

INSERT INTO Cook_National_Cuisine (cook_id, national_cuisine_id) VALUES (8, 16);

INSERT INTO Cook_National_Cuisine (cook_id, national_cuisine_id) VALUES (44, 16);

INSERT INTO Cook_National_Cuisine (cook_id, national_cuisine_id) VALUES (75, 16);

INSERT INTO Cook_National_Cuisine (cook_id, national_cuisine_id) VALUES (91, 16);

INSERT INTO Cook_National_Cuisine (cook_id, national_cuisine_id) VALUES (7, 16);

INSERT INTO Cook_National_Cuisine (cook_id, national_cuisine_id) VALUES (31, 16);

INSERT INTO Cook_National_Cuisine (cook_id, national_cuisine_id) VALUES (87, 16);

INSERT INTO Cook_National_Cuisine (cook_id, national_cuisine_id) VALUES (72, 16);

INSERT INTO Cook_National_Cuisine (cook_id, national_cuisine_id) VALUES (46, 16);

INSERT INTO Cook_National_Cuisine (cook_id, national_cuisine_id) VALUES (42, 17);

INSERT INTO Cook_National_Cuisine (cook_id, national_cuisine_id) VALUES (28, 17);

INSERT INTO Cook_National_Cuisine (cook_id, national_cuisine_id) VALUES (26, 17);

INSERT INTO Cook_National_Cuisine (cook_id, national_cuisine_id) VALUES (74, 17);

INSERT INTO Cook_National_Cuisine (cook_id, national_cuisine_id) VALUES (20, 17);

INSERT INTO Cook_National_Cuisine (cook_id, national_cuisine_id) VALUES (9, 17);

INSERT INTO Cook_National_Cuisine (cook_id, national_cuisine_id) VALUES (92, 17);

INSERT INTO Cook_National_Cuisine (cook_id, national_cuisine_id) VALUES (39, 17);

INSERT INTO Cook_National_Cuisine (cook_id, national_cuisine_id) VALUES (100, 17);

INSERT INTO Cook_National_Cuisine (cook_id, national_cuisine_id) VALUES (59, 17);

INSERT INTO Cook_National_Cuisine (cook_id, national_cuisine_id) VALUES (100, 18);

INSERT INTO Cook_National_Cuisine (cook_id, national_cuisine_id) VALUES (82, 18);

INSERT INTO Cook_National_Cuisine (cook_id, national_cuisine_id) VALUES (84, 18);

INSERT INTO Cook_National_Cuisine (cook_id, national_cuisine_id) VALUES (69, 18);

INSERT INTO Cook_National_Cuisine (cook_id, national_cuisine_id) VALUES (48, 18);

INSERT INTO Cook_National_Cuisine (cook_id, national_cuisine_id) VALUES (33, 18);

INSERT INTO Cook_National_Cuisine (cook_id, national_cuisine_id) VALUES (45, 18);

INSERT INTO Cook_National_Cuisine (cook_id, national_cuisine_id) VALUES (16, 18);

INSERT INTO Cook_National_Cuisine (cook_id, national_cuisine_id) VALUES (26, 18);

INSERT INTO Cook_National_Cuisine (cook_id, national_cuisine_id) VALUES (43, 18);

INSERT INTO Cook_National_Cuisine (cook_id, national_cuisine_id) VALUES (10, 18);

INSERT INTO Cook_National_Cuisine (cook_id, national_cuisine_id) VALUES (65, 18);

INSERT INTO Cook_National_Cuisine (cook_id, national_cuisine_id) VALUES (40, 18);

INSERT INTO Cook_National_Cuisine (cook_id, national_cuisine_id) VALUES (66, 18);

INSERT INTO Cook_National_Cuisine (cook_id, national_cuisine_id) VALUES (28, 18);

INSERT INTO Cook_National_Cuisine (cook_id, national_cuisine_id) VALUES (73, 18);

INSERT INTO Cook_National_Cuisine (cook_id, national_cuisine_id) VALUES (30, 18);

INSERT INTO Cook_National_Cuisine (cook_id, national_cuisine_id) VALUES (50, 18);

INSERT INTO Cook_National_Cuisine (cook_id, national_cuisine_id) VALUES (6, 18);

INSERT INTO Cook_National_Cuisine (cook_id, national_cuisine_id) VALUES (85, 19);

INSERT INTO Cook_National_Cuisine (cook_id, national_cuisine_id) VALUES (86, 19);

INSERT INTO Cook_National_Cuisine (cook_id, national_cuisine_id) VALUES (3, 19);

INSERT INTO Cook_National_Cuisine (cook_id, national_cuisine_id) VALUES (37, 19);

INSERT INTO Cook_National_Cuisine (cook_id, national_cuisine_id) VALUES (78, 19);

INSERT INTO Cook_National_Cuisine (cook_id, national_cuisine_id) VALUES (26, 19);

INSERT INTO Cook_National_Cuisine (cook_id, national_cuisine_id) VALUES (35, 19);

INSERT INTO Cook_National_Cuisine (cook_id, national_cuisine_id) VALUES (38, 19);

INSERT INTO Cook_National_Cuisine (cook_id, national_cuisine_id) VALUES (51, 19);

INSERT INTO Cook_National_Cuisine (cook_id, national_cuisine_id) VALUES (91, 19);

INSERT INTO Cook_National_Cuisine (cook_id, national_cuisine_id) VALUES (34, 19);

INSERT INTO Cook_National_Cuisine (cook_id, national_cuisine_id) VALUES (70, 20);

INSERT INTO Cook_National_Cuisine (cook_id, national_cuisine_id) VALUES (20, 20);

INSERT INTO Cook_National_Cuisine (cook_id, national_cuisine_id) VALUES (59, 20);

INSERT INTO Cook_National_Cuisine (cook_id, national_cuisine_id) VALUES (57, 20);

INSERT INTO Cook_National_Cuisine (cook_id, national_cuisine_id) VALUES (2, 20);

INSERT INTO Cook_National_Cuisine (cook_id, national_cuisine_id) VALUES (11, 20);

INSERT INTO Cook_National_Cuisine (cook_id, national_cuisine_id) VALUES (91, 20);

INSERT INTO Cook_National_Cuisine (cook_id, national_cuisine_id) VALUES (80, 20);

INSERT INTO Cook_National_Cuisine (cook_id, national_cuisine_id) VALUES (31, 20);

INSERT INTO Cook_National_Cuisine (cook_id, national_cuisine_id) VALUES (63, 20);

INSERT INTO Cook_National_Cuisine (cook_id, national_cuisine_id) VALUES (77, 20);

INSERT INTO Cook_National_Cuisine (cook_id, national_cuisine_id) VALUES (5, 20);

INSERT INTO Cook_National_Cuisine (cook_id, national_cuisine_id) VALUES (89, 20);

INSERT INTO Cook_National_Cuisine (cook_id, national_cuisine_id) VALUES (44, 20);

INSERT INTO Cook_National_Cuisine (cook_id, national_cuisine_id) VALUES (43, 20);
