Χρησιμοποιείται 89% του αποθηκευτικού χώρου … Αν εξαντληθεί, δεν μπορείτε να δημιουργείτε, να επεξεργάζεστε και να ανεβάζετε αρχεία. Αποκτήστε 100 GB αποθηκευτικού χώρου με 1,99 € 0 € για 1 μήνα (εξατομικευμένη τιμή).
BEGIN;
INSERT INTO Recipe (recipe_type, name, national_cuisine_id, difficulty_level, description, tip1, tip2, tip3, cooking_time, prep_time, portions, basic_ingredient_id, image_id) VALUES ('pastry', 'Jamaican Jerk Chicken', 1, 5, 'Art blood follow spend size race federal. Task get camera note. Soon actually several agent dinner stand never.', 'you need salt', 'better after 2 days', 'better with gloves', 150, 22, 2, 149, 29);

INSERT INTO Step (recipe_id, order_number, description) VALUES (1, 1, 'East senior knowledge box film partner.');

INSERT INTO Step (recipe_id, order_number, description) VALUES (1, 2, 'Car remember why garden financial toward check.');

INSERT INTO Nutritional_Info (recipe_id, fat_per_portion, carbs_per_portion, protein_per_portion) VALUES (1, 94, 119, 93);

INSERT INTO Recipe_Meal_Type (recipe_id, meal_type_id) VALUES (1, 6);

INSERT INTO Recipe_Label (recipe_id, label_id) VALUES (1, 2);

INSERT INTO Recipe_Label (recipe_id, label_id) VALUES (1, 3);

INSERT INTO Recipe_Equipment (recipe_id, equipment_id) VALUES (1, 41);

INSERT INTO Recipe_Equipment (recipe_id, equipment_id) VALUES (1, 47);

INSERT INTO Recipe_Equipment (recipe_id, equipment_id) VALUES (1, 4);

INSERT INTO Recipe_Equipment (recipe_id, equipment_id) VALUES (1, 17);

INSERT INTO Recipe_Equipment (recipe_id, equipment_id) VALUES (1, 49);

INSERT INTO Recipe_Equipment (recipe_id, equipment_id) VALUES (1, 22);

INSERT INTO Recipe_Equipment (recipe_id, equipment_id) VALUES (1, 37);

INSERT INTO Recipe_Equipment (recipe_id, equipment_id) VALUES (1, 35);

INSERT INTO Recipe_Ingredient (recipe_id, ingredient_id, portion) VALUES (1, 18, 1);

INSERT INTO Recipe_Ingredient (recipe_id, ingredient_id, portion) VALUES (1, 33, 6);

INSERT INTO Recipe_Ingredient (recipe_id, ingredient_id, portion) VALUES (1, 171, 7);

INSERT INTO Recipe_Ingredient (recipe_id, ingredient_id, portion) VALUES (1, 136, 5);

INSERT INTO Recipe_Ingredient (recipe_id, ingredient_id, portion) VALUES (1, 184, 2);

INSERT INTO Recipe_Ingredient (recipe_id, ingredient_id, portion) VALUES (1, 63, 2);

INSERT INTO Recipe_Ingredient (recipe_id, ingredient_id, portion) VALUES (1, 188, 1);

INSERT INTO Recipe_Ingredient (recipe_id, ingredient_id, portion) VALUES (1, 73, 1);

INSERT INTO Recipe_Ingredient (recipe_id, ingredient_id, portion) VALUES (1, 74, 6);

INSERT INTO Recipe_Ingredient (recipe_id, ingredient_id, portion) VALUES (1, 107, 7);

INSERT INTO Recipe_Ingredient (recipe_id, ingredient_id, portion) VALUES (1, 149, 6);

INSERT INTO Recipe_Thematic_Unit (recipe_id, thematic_unit_id) VALUES (1, 10);

INSERT INTO Recipe_Thematic_Unit (recipe_id, thematic_unit_id) VALUES (1, 4);

INSERT INTO Recipe_Thematic_Unit (recipe_id, thematic_unit_id) VALUES (1, 7);

INSERT INTO Recipe (recipe_type, name, national_cuisine_id, difficulty_level, description, tip1, tip2, cooking_time, prep_time, portions, basic_ingredient_id, image_id) VALUES ('pastry', 'Pasta Salad', 1, 2, 'Compare follow thus for Republican value chair. Sure house speech short. Clear political beautiful factor man news.', 'you need an oven', 'better with butter instead of milk', 62, 16, 4, 161, 30);

INSERT INTO Step (recipe_id, order_number, description) VALUES (2, 1, 'Trouble bed computer when grow appear important.');

INSERT INTO Step (recipe_id, order_number, description) VALUES (2, 2, 'Anyone fear prove rise compare throw.');

INSERT INTO Step (recipe_id, order_number, description) VALUES (2, 3, 'Already number sea natural always beautiful simply.');

INSERT INTO Step (recipe_id, order_number, description) VALUES (2, 4, 'Heavy pass citizen.');

INSERT INTO Step (recipe_id, order_number, description) VALUES (2, 5, 'Writer analysis travel take.');

INSERT INTO Nutritional_Info (recipe_id, fat_per_portion, carbs_per_portion, protein_per_portion) VALUES (2, 68, 91, 149);

INSERT INTO Recipe_Meal_Type (recipe_id, meal_type_id) VALUES (2, 1);

INSERT INTO Recipe_Meal_Type (recipe_id, meal_type_id) VALUES (2, 6);

INSERT INTO Recipe_Meal_Type (recipe_id, meal_type_id) VALUES (2, 4);

INSERT INTO Recipe_Label (recipe_id, label_id) VALUES (2, 9);

INSERT INTO Recipe_Label (recipe_id, label_id) VALUES (2, 7);

INSERT INTO Recipe_Label (recipe_id, label_id) VALUES (2, 10);

INSERT INTO Recipe_Label (recipe_id, label_id) VALUES (2, 2);

INSERT INTO Recipe_Equipment (recipe_id, equipment_id) VALUES (2, 22);

INSERT INTO Recipe_Ingredient (recipe_id, ingredient_id, portion) VALUES (2, 139, 2);

INSERT INTO Recipe_Ingredient (recipe_id, ingredient_id, portion) VALUES (2, 95, 7);

INSERT INTO Recipe_Ingredient (recipe_id, ingredient_id, portion) VALUES (2, 15, 8);

INSERT INTO Recipe_Ingredient (recipe_id, ingredient_id, portion) VALUES (2, 150, 4);

INSERT INTO Recipe_Ingredient (recipe_id, ingredient_id, portion) VALUES (2, 4, 6);

INSERT INTO Recipe_Ingredient (recipe_id, ingredient_id, portion) VALUES (2, 24, 1);

INSERT INTO Recipe_Ingredient (recipe_id, ingredient_id, portion) VALUES (2, 169, 4);

INSERT INTO Recipe_Ingredient (recipe_id, ingredient_id, portion) VALUES (2, 42, 6);

INSERT INTO Recipe_Ingredient (recipe_id, ingredient_id, portion) VALUES (2, 45, 4);

INSERT INTO Recipe_Ingredient (recipe_id, ingredient_id, portion) VALUES (2, 90, 5);

INSERT INTO Recipe_Ingredient (recipe_id, ingredient_id, portion) VALUES (2, 135, 5);

INSERT INTO Recipe_Ingredient (recipe_id, ingredient_id, portion) VALUES (2, 118, 7);

INSERT INTO Recipe_Ingredient (recipe_id, ingredient_id, portion) VALUES (2, 57, 7);

INSERT INTO Recipe_Ingredient (recipe_id, ingredient_id, portion) VALUES (2, 125, 1);

INSERT INTO Recipe_Ingredient (recipe_id, ingredient_id, portion) VALUES (2, 161, 3);

INSERT INTO Recipe_Thematic_Unit (recipe_id, thematic_unit_id) VALUES (2, 12);

INSERT INTO Recipe (recipe_type, name, national_cuisine_id, difficulty_level, description, tip1, tip2, cooking_time, prep_time, portions, basic_ingredient_id, image_id) VALUES ('cooking', 'Lasagna', 1, 3, 'Break specific place of TV safe. I fund prove room.', 'better with slow cooking', 'it needs a fridge', 83, 4, 1, 30, 31);

INSERT INTO Step (recipe_id, order_number, description) VALUES (3, 1, 'Director mouth house base hard week yes.');

INSERT INTO Step (recipe_id, order_number, description) VALUES (3, 2, 'Special should yeah board everyone.');

INSERT INTO Step (recipe_id, order_number, description) VALUES (3, 3, 'Soldier sea military artist build.');

INSERT INTO Step (recipe_id, order_number, description) VALUES (3, 4, 'Institution end economic final when professional.');

INSERT INTO Step (recipe_id, order_number, description) VALUES (3, 5, 'Box modern central bill board office.');

INSERT INTO Step (recipe_id, order_number, description) VALUES (3, 6, 'Religious bill treat career.');

INSERT INTO Step (recipe_id, order_number, description) VALUES (3, 7, 'Collection low minute.');

INSERT INTO Step (recipe_id, order_number, description) VALUES (3, 8, 'Leg allow toward carry free mouth hit.');

INSERT INTO Nutritional_Info (recipe_id, fat_per_portion, carbs_per_portion, protein_per_portion) VALUES (3, 203, 40, 24);

INSERT INTO Recipe_Meal_Type (recipe_id, meal_type_id) VALUES (3, 3);

INSERT INTO Recipe_Meal_Type (recipe_id, meal_type_id) VALUES (3, 1);

INSERT INTO Recipe_Meal_Type (recipe_id, meal_type_id) VALUES (3, 4);

INSERT INTO Recipe_Label (recipe_id, label_id) VALUES (3, 8);

INSERT INTO Recipe_Label (recipe_id, label_id) VALUES (3, 2);

INSERT INTO Recipe_Equipment (recipe_id, equipment_id) VALUES (3, 44);

INSERT INTO Recipe_Equipment (recipe_id, equipment_id) VALUES (3, 45);

INSERT INTO Recipe_Equipment (recipe_id, equipment_id) VALUES (3, 21);

INSERT INTO Recipe_Equipment (recipe_id, equipment_id) VALUES (3, 27);

INSERT INTO Recipe_Ingredient (recipe_id, ingredient_id, portion) VALUES (3, 10, 4);

INSERT INTO Recipe_Ingredient (recipe_id, ingredient_id, portion) VALUES (3, 57, 5);

INSERT INTO Recipe_Ingredient (recipe_id, ingredient_id, portion) VALUES (3, 159, 4);

INSERT INTO Recipe_Ingredient (recipe_id, ingredient_id, portion) VALUES (3, 47, 2);

INSERT INTO Recipe_Ingredient (recipe_id, ingredient_id, portion) VALUES (3, 189, 2);

INSERT INTO Recipe_Ingredient (recipe_id, ingredient_id, portion) VALUES (3, 181, 3);

INSERT INTO Recipe_Ingredient (recipe_id, ingredient_id, portion) VALUES (3, 174, 4);

INSERT INTO Recipe_Ingredient (recipe_id, ingredient_id, portion) VALUES (3, 37, 3);

INSERT INTO Recipe_Ingredient (recipe_id, ingredient_id, portion) VALUES (3, 88, 4);

INSERT INTO Recipe_Ingredient (recipe_id, ingredient_id, portion) VALUES (3, 49, 4);

INSERT INTO Recipe_Ingredient (recipe_id, ingredient_id, portion) VALUES (3, 111, 4);

INSERT INTO Recipe_Ingredient (recipe_id, ingredient_id, portion) VALUES (3, 146, 2);

INSERT INTO Recipe_Ingredient (recipe_id, ingredient_id, portion) VALUES (3, 98, 1);

INSERT INTO Recipe_Ingredient (recipe_id, ingredient_id, portion) VALUES (3, 17, 1);

INSERT INTO Recipe_Ingredient (recipe_id, ingredient_id, portion) VALUES (3, 46, 2);

INSERT INTO Recipe_Ingredient (recipe_id, ingredient_id, portion) VALUES (3, 30, 2);

INSERT INTO Recipe_Thematic_Unit (recipe_id, thematic_unit_id) VALUES (3, 4);

INSERT INTO Recipe (recipe_type, name, national_cuisine_id, difficulty_level, description, tip1, cooking_time, prep_time, portions, basic_ingredient_id, image_id) VALUES ('cooking', 'Hearty Pancakes', 1, 3, 'Management any in major. Argue include difficult prevent movie drive. Year since door avoid according lead.', 'better after 2 days', 116, 5, 7, 130, 32);

INSERT INTO Step (recipe_id, order_number, description) VALUES (4, 1, 'Why program cell beat large relationship bed.');

INSERT INTO Nutritional_Info (recipe_id, fat_per_portion, carbs_per_portion, protein_per_portion) VALUES (4, 293, 11, 245);

INSERT INTO Recipe_Meal_Type (recipe_id, meal_type_id) VALUES (4, 3);

INSERT INTO Recipe_Meal_Type (recipe_id, meal_type_id) VALUES (4, 1);

INSERT INTO Recipe_Label (recipe_id, label_id) VALUES (4, 1);

INSERT INTO Recipe_Label (recipe_id, label_id) VALUES (4, 9);

INSERT INTO Recipe_Label (recipe_id, label_id) VALUES (4, 6);

INSERT INTO Recipe_Equipment (recipe_id, equipment_id) VALUES (4, 12);

INSERT INTO Recipe_Equipment (recipe_id, equipment_id) VALUES (4, 23);

INSERT INTO Recipe_Equipment (recipe_id, equipment_id) VALUES (4, 14);

INSERT INTO Recipe_Equipment (recipe_id, equipment_id) VALUES (4, 13);

INSERT INTO Recipe_Equipment (recipe_id, equipment_id) VALUES (4, 5);

INSERT INTO Recipe_Equipment (recipe_id, equipment_id) VALUES (4, 16);

INSERT INTO Recipe_Equipment (recipe_id, equipment_id) VALUES (4, 44);

INSERT INTO Recipe_Equipment (recipe_id, equipment_id) VALUES (4, 24);

INSERT INTO Recipe_Ingredient (recipe_id, ingredient_id, portion) VALUES (4, 6, 5);

INSERT INTO Recipe_Ingredient (recipe_id, ingredient_id, portion) VALUES (4, 101, 5);

INSERT INTO Recipe_Ingredient (recipe_id, ingredient_id, portion) VALUES (4, 81, 1);

INSERT INTO Recipe_Ingredient (recipe_id, ingredient_id, portion) VALUES (4, 50, 8);

INSERT INTO Recipe_Ingredient (recipe_id, ingredient_id, portion) VALUES (4, 92, 2);

INSERT INTO Recipe_Ingredient (recipe_id, ingredient_id, portion) VALUES (4, 170, 1);

INSERT INTO Recipe_Ingredient (recipe_id, ingredient_id, portion) VALUES (4, 90, 7);

INSERT INTO Recipe_Ingredient (recipe_id, ingredient_id, portion) VALUES (4, 193, 5);

INSERT INTO Recipe_Ingredient (recipe_id, ingredient_id, portion) VALUES (4, 135, 4);

INSERT INTO Recipe_Ingredient (recipe_id, ingredient_id, portion) VALUES (4, 31, 5);

INSERT INTO Recipe_Ingredient (recipe_id, ingredient_id, portion) VALUES (4, 97, 8);

INSERT INTO Recipe_Ingredient (recipe_id, ingredient_id, portion) VALUES (4, 187, 8);

INSERT INTO Recipe_Ingredient (recipe_id, ingredient_id, portion) VALUES (4, 14, 2);

INSERT INTO Recipe_Ingredient (recipe_id, ingredient_id, portion) VALUES (4, 91, 8);

INSERT INTO Recipe_Ingredient (recipe_id, ingredient_id, portion) VALUES (4, 200, 5);

INSERT INTO Recipe_Ingredient (recipe_id, ingredient_id, portion) VALUES (4, 130, 2);

INSERT INTO Recipe_Thematic_Unit (recipe_id, thematic_unit_id) VALUES (4, 9);

INSERT INTO Recipe_Thematic_Unit (recipe_id, thematic_unit_id) VALUES (4, 1);

INSERT INTO Recipe (recipe_type, name, national_cuisine_id, difficulty_level, description, tip1, cooking_time, prep_time, portions, basic_ingredient_id, image_id) VALUES ('cooking', 'Summer Garden Couscous Salad', 1, 3, 'Stay finally certainly eat quickly. East write these main important. Argue instead white mention gas pick effect. Watch particular choice health.', 'better after 2 days', 59, 21, 8, 193, 33);

INSERT INTO Step (recipe_id, order_number, description) VALUES (5, 1, 'Maintain discuss air manage.');

INSERT INTO Step (recipe_id, order_number, description) VALUES (5, 2, 'Sit bed fine.');

INSERT INTO Step (recipe_id, order_number, description) VALUES (5, 3, 'Cut create bag subject.');

INSERT INTO Step (recipe_id, order_number, description) VALUES (5, 4, 'Character toward effect system name.');

INSERT INTO Step (recipe_id, order_number, description) VALUES (5, 5, 'Have region early develop born.');

INSERT INTO Step (recipe_id, order_number, description) VALUES (5, 6, 'Police key laugh Mrs boy follow network.');

INSERT INTO Nutritional_Info (recipe_id, fat_per_portion, carbs_per_portion, protein_per_portion) VALUES (5, 377, 15, 136);

INSERT INTO Recipe_Meal_Type (recipe_id, meal_type_id) VALUES (5, 6);

INSERT INTO Recipe_Meal_Type (recipe_id, meal_type_id) VALUES (5, 1);

INSERT INTO Recipe_Meal_Type (recipe_id, meal_type_id) VALUES (5, 3);

INSERT INTO Recipe_Label (recipe_id, label_id) VALUES (5, 9);

INSERT INTO Recipe_Label (recipe_id, label_id) VALUES (5, 5);

INSERT INTO Recipe_Label (recipe_id, label_id) VALUES (5, 7);

INSERT INTO Recipe_Equipment (recipe_id, equipment_id) VALUES (5, 46);

INSERT INTO Recipe_Ingredient (recipe_id, ingredient_id, portion) VALUES (5, 37, 6);

INSERT INTO Recipe_Ingredient (recipe_id, ingredient_id, portion) VALUES (5, 182, 2);

INSERT INTO Recipe_Ingredient (recipe_id, ingredient_id, portion) VALUES (5, 186, 7);

INSERT INTO Recipe_Ingredient (recipe_id, ingredient_id, portion) VALUES (5, 39, 7);

INSERT INTO Recipe_Ingredient (recipe_id, ingredient_id, portion) VALUES (5, 109, 5);

INSERT INTO Recipe_Ingredient (recipe_id, ingredient_id, portion) VALUES (5, 103, 4);

INSERT INTO Recipe_Ingredient (recipe_id, ingredient_id, portion) VALUES (5, 66, 7);

INSERT INTO Recipe_Ingredient (recipe_id, ingredient_id, portion) VALUES (5, 6, 5);

INSERT INTO Recipe_Ingredient (recipe_id, ingredient_id, portion) VALUES (5, 35, 1);

INSERT INTO Recipe_Ingredient (recipe_id, ingredient_id, portion) VALUES (5, 166, 8);

INSERT INTO Recipe_Ingredient (recipe_id, ingredient_id, portion) VALUES (5, 197, 1);

INSERT INTO Recipe_Ingredient (recipe_id, ingredient_id, portion) VALUES (5, 147, 4);

INSERT INTO Recipe_Ingredient (recipe_id, ingredient_id, portion) VALUES (5, 36, 8);

INSERT INTO Recipe_Ingredient (recipe_id, ingredient_id, portion) VALUES (5, 89, 8);

INSERT INTO Recipe_Ingredient (recipe_id, ingredient_id, portion) VALUES (5, 146, 3);

INSERT INTO Recipe_Ingredient (recipe_id, ingredient_id, portion) VALUES (5, 52, 1);

INSERT INTO Recipe_Ingredient (recipe_id, ingredient_id, portion) VALUES (5, 54, 8);

INSERT INTO Recipe_Ingredient (recipe_id, ingredient_id, portion) VALUES (5, 190, 2);

INSERT INTO Recipe_Ingredient (recipe_id, ingredient_id, portion) VALUES (5, 162, 2);

INSERT INTO Recipe_Ingredient (recipe_id, ingredient_id, portion) VALUES (5, 160, 8);

INSERT INTO Recipe_Ingredient (recipe_id, ingredient_id, portion) VALUES (5, 193, 7);

INSERT INTO Recipe_Thematic_Unit (recipe_id, thematic_unit_id) VALUES (5, 11);

INSERT INTO Recipe_Thematic_Unit (recipe_id, thematic_unit_id) VALUES (5, 10);

INSERT INTO Recipe (recipe_type, name, national_cuisine_id, difficulty_level, description, tip1, cooking_time, prep_time, portions, basic_ingredient_id, image_id) VALUES ('pastry', 'Squash Corn Chowder', 2, 3, 'Behavior technology science with ground president why. Rock watch certain everything again west sing.', 'better with gloves', 78, 20, 8, 64, 34);

INSERT INTO Step (recipe_id, order_number, description) VALUES (6, 1, 'Pretty bill name just tend just class build.');

INSERT INTO Step (recipe_id, order_number, description) VALUES (6, 2, 'Soldier machine fact power provide test.');

INSERT INTO Step (recipe_id, order_number, description) VALUES (6, 3, 'Look contain someone theory production.');

INSERT INTO Step (recipe_id, order_number, description) VALUES (6, 4, 'Remember exist person service medical theory employee.');

INSERT INTO Step (recipe_id, order_number, description) VALUES (6, 5, 'Fund discuss them buy.');

INSERT INTO Step (recipe_id, order_number, description) VALUES (6, 6, 'Choice it especially audience toward Mr.');

INSERT INTO Step (recipe_id, order_number, description) VALUES (6, 7, 'Else enjoy base focus ever claim suggest.');

INSERT INTO Step (recipe_id, order_number, description) VALUES (6, 8, 'Yet Republican management theory suggest.');

INSERT INTO Nutritional_Info (recipe_id, fat_per_portion, carbs_per_portion, protein_per_portion) VALUES (6, 66, 135, 238);

INSERT INTO Recipe_Meal_Type (recipe_id, meal_type_id) VALUES (6, 3);

INSERT INTO Recipe_Meal_Type (recipe_id, meal_type_id) VALUES (6, 6);

INSERT INTO Recipe_Meal_Type (recipe_id, meal_type_id) VALUES (6, 5);

INSERT INTO Recipe_Label (recipe_id, label_id) VALUES (6, 6);

INSERT INTO Recipe_Equipment (recipe_id, equipment_id) VALUES (6, 26);

INSERT INTO Recipe_Equipment (recipe_id, equipment_id) VALUES (6, 40);

INSERT INTO Recipe_Equipment (recipe_id, equipment_id) VALUES (6, 5);

INSERT INTO Recipe_Equipment (recipe_id, equipment_id) VALUES (6, 35);

INSERT INTO Recipe_Equipment (recipe_id, equipment_id) VALUES (6, 42);

INSERT INTO Recipe_Equipment (recipe_id, equipment_id) VALUES (6, 31);

INSERT INTO Recipe_Equipment (recipe_id, equipment_id) VALUES (6, 43);

INSERT INTO Recipe_Equipment (recipe_id, equipment_id) VALUES (6, 8);

INSERT INTO Recipe_Equipment (recipe_id, equipment_id) VALUES (6, 49);

INSERT INTO Recipe_Equipment (recipe_id, equipment_id) VALUES (6, 27);

INSERT INTO Recipe_Ingredient (recipe_id, ingredient_id, portion) VALUES (6, 72, 1);

INSERT INTO Recipe_Ingredient (recipe_id, ingredient_id, portion) VALUES (6, 165, 5);

INSERT INTO Recipe_Ingredient (recipe_id, ingredient_id, portion) VALUES (6, 46, 3);

INSERT INTO Recipe_Ingredient (recipe_id, ingredient_id, portion) VALUES (6, 45, 5);

INSERT INTO Recipe_Ingredient (recipe_id, ingredient_id, portion) VALUES (6, 195, 7);

INSERT INTO Recipe_Ingredient (recipe_id, ingredient_id, portion) VALUES (6, 132, 6);

INSERT INTO Recipe_Ingredient (recipe_id, ingredient_id, portion) VALUES (6, 12, 3);

INSERT INTO Recipe_Ingredient (recipe_id, ingredient_id, portion) VALUES (6, 161, 8);

INSERT INTO Recipe_Ingredient (recipe_id, ingredient_id, portion) VALUES (6, 108, 1);

INSERT INTO Recipe_Ingredient (recipe_id, ingredient_id, portion) VALUES (6, 152, 5);

INSERT INTO Recipe_Ingredient (recipe_id, ingredient_id, portion) VALUES (6, 17, 8);

INSERT INTO Recipe_Ingredient (recipe_id, ingredient_id, portion) VALUES (6, 2, 3);

INSERT INTO Recipe_Ingredient (recipe_id, ingredient_id, portion) VALUES (6, 64, 4);

INSERT INTO Recipe_Thematic_Unit (recipe_id, thematic_unit_id) VALUES (6, 6);

INSERT INTO Recipe (recipe_type, name, national_cuisine_id, difficulty_level, description, tip1, tip2, tip3, cooking_time, prep_time, portions, basic_ingredient_id, image_id) VALUES ('pastry', 'White beans, tomatoes, and spinach', 2, 5, 'Make threat because guess although end know. Wrong also significant single ever authority. Up agree finish perform.', 'you can store iy outside the fridge', 'better when fresh', 'you need a lot of time', 75, 12, 8, 90, 35);

INSERT INTO Step (recipe_id, order_number, description) VALUES (7, 1, 'Thus national put.');

INSERT INTO Step (recipe_id, order_number, description) VALUES (7, 2, 'Air treatment home ready college soon.');

INSERT INTO Step (recipe_id, order_number, description) VALUES (7, 3, 'Free help back general fine.');

INSERT INTO Nutritional_Info (recipe_id, fat_per_portion, carbs_per_portion, protein_per_portion) VALUES (7, 120, 76, 102);

INSERT INTO Recipe_Meal_Type (recipe_id, meal_type_id) VALUES (7, 4);

INSERT INTO Recipe_Label (recipe_id, label_id) VALUES (7, 7);

INSERT INTO Recipe_Label (recipe_id, label_id) VALUES (7, 4);

INSERT INTO Recipe_Equipment (recipe_id, equipment_id) VALUES (7, 40);

INSERT INTO Recipe_Equipment (recipe_id, equipment_id) VALUES (7, 10);

INSERT INTO Recipe_Equipment (recipe_id, equipment_id) VALUES (7, 27);

INSERT INTO Recipe_Equipment (recipe_id, equipment_id) VALUES (7, 15);

INSERT INTO Recipe_Equipment (recipe_id, equipment_id) VALUES (7, 43);

INSERT INTO Recipe_Equipment (recipe_id, equipment_id) VALUES (7, 49);

INSERT INTO Recipe_Equipment (recipe_id, equipment_id) VALUES (7, 29);

INSERT INTO Recipe_Equipment (recipe_id, equipment_id) VALUES (7, 18);

INSERT INTO Recipe_Equipment (recipe_id, equipment_id) VALUES (7, 12);

INSERT INTO Recipe_Equipment (recipe_id, equipment_id) VALUES (7, 14);

INSERT INTO Recipe_Ingredient (recipe_id, ingredient_id, portion) VALUES (7, 161, 4);

INSERT INTO Recipe_Ingredient (recipe_id, ingredient_id, portion) VALUES (7, 27, 7);

INSERT INTO Recipe_Ingredient (recipe_id, ingredient_id, portion) VALUES (7, 199, 1);

INSERT INTO Recipe_Ingredient (recipe_id, ingredient_id, portion) VALUES (7, 150, 5);

INSERT INTO Recipe_Ingredient (recipe_id, ingredient_id, portion) VALUES (7, 6, 5);

INSERT INTO Recipe_Ingredient (recipe_id, ingredient_id, portion) VALUES (7, 189, 5);

INSERT INTO Recipe_Ingredient (recipe_id, ingredient_id, portion) VALUES (7, 122, 5);

INSERT INTO Recipe_Ingredient (recipe_id, ingredient_id, portion) VALUES (7, 90, 7);

INSERT INTO Recipe_Thematic_Unit (recipe_id, thematic_unit_id) VALUES (7, 10);

INSERT INTO Recipe (recipe_type, name, national_cuisine_id, difficulty_level, description, tip1, tip2, cooking_time, prep_time, portions, basic_ingredient_id, image_id) VALUES ('pastry', 'Spaghetti', 2, 5, 'Media rather thank popular whom suddenly minute. By process choose. Occur conference half two.', 'you need a lot of time', 'you need an oven', 18, 19, 6, 155, 36);

INSERT INTO Step (recipe_id, order_number, description) VALUES (8, 1, 'Girl watch tough work group hope.');

INSERT INTO Nutritional_Info (recipe_id, fat_per_portion, carbs_per_portion, protein_per_portion) VALUES (8, 135, 145, 178);

INSERT INTO Recipe_Meal_Type (recipe_id, meal_type_id) VALUES (8, 6);

INSERT INTO Recipe_Meal_Type (recipe_id, meal_type_id) VALUES (8, 4);

INSERT INTO Recipe_Label (recipe_id, label_id) VALUES (8, 4);

INSERT INTO Recipe_Label (recipe_id, label_id) VALUES (8, 1);

INSERT INTO Recipe_Label (recipe_id, label_id) VALUES (8, 2);

INSERT INTO Recipe_Label (recipe_id, label_id) VALUES (8, 6);

INSERT INTO Recipe_Equipment (recipe_id, equipment_id) VALUES (8, 48);

INSERT INTO Recipe_Equipment (recipe_id, equipment_id) VALUES (8, 47);

INSERT INTO Recipe_Equipment (recipe_id, equipment_id) VALUES (8, 33);

INSERT INTO Recipe_Equipment (recipe_id, equipment_id) VALUES (8, 49);

INSERT INTO Recipe_Equipment (recipe_id, equipment_id) VALUES (8, 46);

INSERT INTO Recipe_Equipment (recipe_id, equipment_id) VALUES (8, 22);

INSERT INTO Recipe_Equipment (recipe_id, equipment_id) VALUES (8, 20);

INSERT INTO Recipe_Equipment (recipe_id, equipment_id) VALUES (8, 41);

INSERT INTO Recipe_Equipment (recipe_id, equipment_id) VALUES (8, 8);

INSERT INTO Recipe_Equipment (recipe_id, equipment_id) VALUES (8, 23);

INSERT INTO Recipe_Ingredient (recipe_id, ingredient_id, portion) VALUES (8, 27, 6);

INSERT INTO Recipe_Ingredient (recipe_id, ingredient_id, portion) VALUES (8, 121, 4);

INSERT INTO Recipe_Ingredient (recipe_id, ingredient_id, portion) VALUES (8, 25, 8);

INSERT INTO Recipe_Ingredient (recipe_id, ingredient_id, portion) VALUES (8, 155, 7);

INSERT INTO Recipe_Thematic_Unit (recipe_id, thematic_unit_id) VALUES (8, 8);

INSERT INTO Recipe_Thematic_Unit (recipe_id, thematic_unit_id) VALUES (8, 9);

INSERT INTO Recipe_Thematic_Unit (recipe_id, thematic_unit_id) VALUES (8, 10);

INSERT INTO Recipe (recipe_type, name, national_cuisine_id, difficulty_level, description, tip1, tip2, cooking_time, prep_time, portions, basic_ingredient_id, image_id) VALUES ('pastry', 'Scones', 2, 4, 'Book produce language station well environment. Seem degree smile me natural one.', 'better with butter instead of milk', 'better with feta cheese', 22, 23, 1, 56, 37);

INSERT INTO Step (recipe_id, order_number, description) VALUES (9, 1, 'Hope truth world up.');

INSERT INTO Step (recipe_id, order_number, description) VALUES (9, 2, 'Sell population herself together.');

INSERT INTO Step (recipe_id, order_number, description) VALUES (9, 3, 'Avoid front pretty.');

INSERT INTO Step (recipe_id, order_number, description) VALUES (9, 4, 'Point party white speech lead yard.');

INSERT INTO Step (recipe_id, order_number, description) VALUES (9, 5, 'Pull another or better news.');

INSERT INTO Step (recipe_id, order_number, description) VALUES (9, 6, 'Memory through she raise.');

INSERT INTO Nutritional_Info (recipe_id, fat_per_portion, carbs_per_portion, protein_per_portion) VALUES (9, 164, 100, 246);

INSERT INTO Recipe_Meal_Type (recipe_id, meal_type_id) VALUES (9, 4);

INSERT INTO Recipe_Meal_Type (recipe_id, meal_type_id) VALUES (9, 1);

INSERT INTO Recipe_Meal_Type (recipe_id, meal_type_id) VALUES (9, 6);

INSERT INTO Recipe_Label (recipe_id, label_id) VALUES (9, 1);

INSERT INTO Recipe_Label (recipe_id, label_id) VALUES (9, 6);

INSERT INTO Recipe_Label (recipe_id, label_id) VALUES (9, 7);

INSERT INTO Recipe_Label (recipe_id, label_id) VALUES (9, 10);

INSERT INTO Recipe_Equipment (recipe_id, equipment_id) VALUES (9, 20);

INSERT INTO Recipe_Equipment (recipe_id, equipment_id) VALUES (9, 14);

INSERT INTO Recipe_Equipment (recipe_id, equipment_id) VALUES (9, 10);

INSERT INTO Recipe_Equipment (recipe_id, equipment_id) VALUES (9, 41);

INSERT INTO Recipe_Equipment (recipe_id, equipment_id) VALUES (9, 42);

INSERT INTO Recipe_Equipment (recipe_id, equipment_id) VALUES (9, 29);

INSERT INTO Recipe_Ingredient (recipe_id, ingredient_id, portion) VALUES (9, 180, 4);

INSERT INTO Recipe_Ingredient (recipe_id, ingredient_id, portion) VALUES (9, 100, 7);

INSERT INTO Recipe_Ingredient (recipe_id, ingredient_id, portion) VALUES (9, 4, 8);

INSERT INTO Recipe_Ingredient (recipe_id, ingredient_id, portion) VALUES (9, 50, 6);

INSERT INTO Recipe_Ingredient (recipe_id, ingredient_id, portion) VALUES (9, 169, 5);

INSERT INTO Recipe_Ingredient (recipe_id, ingredient_id, portion) VALUES (9, 196, 3);

INSERT INTO Recipe_Ingredient (recipe_id, ingredient_id, portion) VALUES (9, 139, 8);

INSERT INTO Recipe_Ingredient (recipe_id, ingredient_id, portion) VALUES (9, 119, 7);

INSERT INTO Recipe_Ingredient (recipe_id, ingredient_id, portion) VALUES (9, 166, 6);

INSERT INTO Recipe_Ingredient (recipe_id, ingredient_id, portion) VALUES (9, 56, 3);

INSERT INTO Recipe_Thematic_Unit (recipe_id, thematic_unit_id) VALUES (9, 10);

INSERT INTO Recipe (recipe_type, name, national_cuisine_id, difficulty_level, description, tip1, tip2, tip3, cooking_time, prep_time, portions, basic_ingredient_id, image_id) VALUES ('pastry', 'Pizza', 2, 1, 'My chair view social. Before record time ahead hour. Right stop page just president.', 'good with honey', 'it needs a fridge', 'you need an oven', 91, 40, 6, 31, 38);

INSERT INTO Step (recipe_id, order_number, description) VALUES (10, 1, 'Authority her nice spring new bad at.');

INSERT INTO Step (recipe_id, order_number, description) VALUES (10, 2, 'Lay world red remember democratic spring.');

INSERT INTO Step (recipe_id, order_number, description) VALUES (10, 3, 'Radio argue bank stop.');

INSERT INTO Step (recipe_id, order_number, description) VALUES (10, 4, 'Join religious follow those especially standard notice.');

INSERT INTO Nutritional_Info (recipe_id, fat_per_portion, carbs_per_portion, protein_per_portion) VALUES (10, 244, 80, 85);

INSERT INTO Recipe_Meal_Type (recipe_id, meal_type_id) VALUES (10, 1);

INSERT INTO Recipe_Meal_Type (recipe_id, meal_type_id) VALUES (10, 6);

INSERT INTO Recipe_Label (recipe_id, label_id) VALUES (10, 8);

INSERT INTO Recipe_Label (recipe_id, label_id) VALUES (10, 4);

INSERT INTO Recipe_Label (recipe_id, label_id) VALUES (10, 2);

INSERT INTO Recipe_Equipment (recipe_id, equipment_id) VALUES (10, 41);

INSERT INTO Recipe_Equipment (recipe_id, equipment_id) VALUES (10, 44);

INSERT INTO Recipe_Ingredient (recipe_id, ingredient_id, portion) VALUES (10, 44, 5);

INSERT INTO Recipe_Ingredient (recipe_id, ingredient_id, portion) VALUES (10, 31, 2);

INSERT INTO Recipe_Thematic_Unit (recipe_id, thematic_unit_id) VALUES (10, 5);

INSERT INTO Recipe_Thematic_Unit (recipe_id, thematic_unit_id) VALUES (10, 12);

INSERT INTO Recipe_Thematic_Unit (recipe_id, thematic_unit_id) VALUES (10, 2);

INSERT INTO Recipe (recipe_type, name, national_cuisine_id, difficulty_level, description, tip1, tip2, tip3, cooking_time, prep_time, portions, basic_ingredient_id, image_id) VALUES ('cooking', 'Stir-Fry', 3, 3, 'Task score perform what force. Generation buy reason worry its enough vote. Contain fast strategy every price treat job.', 'better with a blender', 'it needs a fridge', 'you can store iy outside the fridge', 68, 11, 3, 49, 39);

INSERT INTO Step (recipe_id, order_number, description) VALUES (11, 1, 'Single strong receive cultural become born.');

INSERT INTO Step (recipe_id, order_number, description) VALUES (11, 2, 'Down leader want write.');

INSERT INTO Step (recipe_id, order_number, description) VALUES (11, 3, 'Trial environment people edge.');

INSERT INTO Step (recipe_id, order_number, description) VALUES (11, 4, 'Peace attention perhaps sometimes.');

INSERT INTO Step (recipe_id, order_number, description) VALUES (11, 5, 'Begin research somebody put everyone.');

INSERT INTO Nutritional_Info (recipe_id, fat_per_portion, carbs_per_portion, protein_per_portion) VALUES (11, 360, 130, 170);

INSERT INTO Recipe_Meal_Type (recipe_id, meal_type_id) VALUES (11, 2);

INSERT INTO Recipe_Meal_Type (recipe_id, meal_type_id) VALUES (11, 6);

INSERT INTO Recipe_Meal_Type (recipe_id, meal_type_id) VALUES (11, 3);

INSERT INTO Recipe_Label (recipe_id, label_id) VALUES (11, 7);

INSERT INTO Recipe_Label (recipe_id, label_id) VALUES (11, 10);

INSERT INTO Recipe_Label (recipe_id, label_id) VALUES (11, 4);

INSERT INTO Recipe_Label (recipe_id, label_id) VALUES (11, 1);

INSERT INTO Recipe_Equipment (recipe_id, equipment_id) VALUES (11, 19);

INSERT INTO Recipe_Equipment (recipe_id, equipment_id) VALUES (11, 40);

INSERT INTO Recipe_Equipment (recipe_id, equipment_id) VALUES (11, 27);

INSERT INTO Recipe_Equipment (recipe_id, equipment_id) VALUES (11, 2);

INSERT INTO Recipe_Equipment (recipe_id, equipment_id) VALUES (11, 38);

INSERT INTO Recipe_Equipment (recipe_id, equipment_id) VALUES (11, 17);

INSERT INTO Recipe_Equipment (recipe_id, equipment_id) VALUES (11, 35);

INSERT INTO Recipe_Equipment (recipe_id, equipment_id) VALUES (11, 16);

INSERT INTO Recipe_Ingredient (recipe_id, ingredient_id, portion) VALUES (11, 90, 5);

INSERT INTO Recipe_Ingredient (recipe_id, ingredient_id, portion) VALUES (11, 170, 3);

INSERT INTO Recipe_Ingredient (recipe_id, ingredient_id, portion) VALUES (11, 3, 4);

INSERT INTO Recipe_Ingredient (recipe_id, ingredient_id, portion) VALUES (11, 172, 7);

INSERT INTO Recipe_Ingredient (recipe_id, ingredient_id, portion) VALUES (11, 128, 7);

INSERT INTO Recipe_Ingredient (recipe_id, ingredient_id, portion) VALUES (11, 125, 3);

INSERT INTO Recipe_Ingredient (recipe_id, ingredient_id, portion) VALUES (11, 190, 6);

INSERT INTO Recipe_Ingredient (recipe_id, ingredient_id, portion) VALUES (11, 165, 2);

INSERT INTO Recipe_Ingredient (recipe_id, ingredient_id, portion) VALUES (11, 112, 3);

INSERT INTO Recipe_Ingredient (recipe_id, ingredient_id, portion) VALUES (11, 6, 6);

INSERT INTO Recipe_Ingredient (recipe_id, ingredient_id, portion) VALUES (11, 47, 5);

INSERT INTO Recipe_Ingredient (recipe_id, ingredient_id, portion) VALUES (11, 137, 6);

INSERT INTO Recipe_Ingredient (recipe_id, ingredient_id, portion) VALUES (11, 147, 3);

INSERT INTO Recipe_Ingredient (recipe_id, ingredient_id, portion) VALUES (11, 45, 3);

INSERT INTO Recipe_Ingredient (recipe_id, ingredient_id, portion) VALUES (11, 171, 7);

INSERT INTO Recipe_Ingredient (recipe_id, ingredient_id, portion) VALUES (11, 42, 5);

INSERT INTO Recipe_Ingredient (recipe_id, ingredient_id, portion) VALUES (11, 9, 5);

INSERT INTO Recipe_Ingredient (recipe_id, ingredient_id, portion) VALUES (11, 159, 2);

INSERT INTO Recipe_Ingredient (recipe_id, ingredient_id, portion) VALUES (11, 136, 5);

INSERT INTO Recipe_Ingredient (recipe_id, ingredient_id, portion) VALUES (11, 49, 1);

INSERT INTO Recipe_Thematic_Unit (recipe_id, thematic_unit_id) VALUES (11, 3);

INSERT INTO Recipe (recipe_type, name, national_cuisine_id, difficulty_level, description, tip1, cooking_time, prep_time, portions, basic_ingredient_id, image_id) VALUES ('cooking', 'Rustic Italian Tortellini Soup', 3, 2, 'Begin course trade hair boy rock song. Bag effect hand party. Outside make unit along recent show.', 'better with feta cheese', 123, 2, 7, 4, 40);

INSERT INTO Step (recipe_id, order_number, description) VALUES (12, 1, 'Imagine red report pretty choice leader song leave.');

INSERT INTO Step (recipe_id, order_number, description) VALUES (12, 2, 'Get help country person mother ability population.');

INSERT INTO Step (recipe_id, order_number, description) VALUES (12, 3, 'Budget fish program natural despite decision.');

INSERT INTO Nutritional_Info (recipe_id, fat_per_portion, carbs_per_portion, protein_per_portion) VALUES (12, 213, 184, 247);

INSERT INTO Recipe_Meal_Type (recipe_id, meal_type_id) VALUES (12, 2);

INSERT INTO Recipe_Label (recipe_id, label_id) VALUES (12, 6);

INSERT INTO Recipe_Label (recipe_id, label_id) VALUES (12, 8);

INSERT INTO Recipe_Label (recipe_id, label_id) VALUES (12, 10);

INSERT INTO Recipe_Equipment (recipe_id, equipment_id) VALUES (12, 47);

INSERT INTO Recipe_Equipment (recipe_id, equipment_id) VALUES (12, 25);

INSERT INTO Recipe_Equipment (recipe_id, equipment_id) VALUES (12, 15);

INSERT INTO Recipe_Ingredient (recipe_id, ingredient_id, portion) VALUES (12, 130, 3);

INSERT INTO Recipe_Ingredient (recipe_id, ingredient_id, portion) VALUES (12, 160, 1);

INSERT INTO Recipe_Ingredient (recipe_id, ingredient_id, portion) VALUES (12, 194, 5);

INSERT INTO Recipe_Ingredient (recipe_id, ingredient_id, portion) VALUES (12, 180, 5);

INSERT INTO Recipe_Ingredient (recipe_id, ingredient_id, portion) VALUES (12, 172, 3);

INSERT INTO Recipe_Ingredient (recipe_id, ingredient_id, portion) VALUES (12, 105, 4);

INSERT INTO Recipe_Ingredient (recipe_id, ingredient_id, portion) VALUES (12, 68, 4);

INSERT INTO Recipe_Ingredient (recipe_id, ingredient_id, portion) VALUES (12, 100, 8);

INSERT INTO Recipe_Ingredient (recipe_id, ingredient_id, portion) VALUES (12, 153, 4);

INSERT INTO Recipe_Ingredient (recipe_id, ingredient_id, portion) VALUES (12, 110, 4);

INSERT INTO Recipe_Ingredient (recipe_id, ingredient_id, portion) VALUES (12, 135, 6);

INSERT INTO Recipe_Ingredient (recipe_id, ingredient_id, portion) VALUES (12, 145, 4);

INSERT INTO Recipe_Ingredient (recipe_id, ingredient_id, portion) VALUES (12, 146, 2);

INSERT INTO Recipe_Ingredient (recipe_id, ingredient_id, portion) VALUES (12, 77, 8);

INSERT INTO Recipe_Ingredient (recipe_id, ingredient_id, portion) VALUES (12, 161, 5);

INSERT INTO Recipe_Ingredient (recipe_id, ingredient_id, portion) VALUES (12, 141, 3);

INSERT INTO Recipe_Ingredient (recipe_id, ingredient_id, portion) VALUES (12, 40, 3);

INSERT INTO Recipe_Ingredient (recipe_id, ingredient_id, portion) VALUES (12, 4, 4);

INSERT INTO Recipe_Thematic_Unit (recipe_id, thematic_unit_id) VALUES (12, 4);

INSERT INTO Recipe_Thematic_Unit (recipe_id, thematic_unit_id) VALUES (12, 10);

INSERT INTO Recipe (recipe_type, name, national_cuisine_id, difficulty_level, description, tip1, cooking_time, prep_time, portions, basic_ingredient_id, image_id) VALUES ('pastry', 'Swedish Meatballs', 3, 2, 'North wonder tough form quickly me. Morning age nor stay. Century large teach conference.', 'you have to be careful not to let it get stack', 74, 1, 6, 125, 41);

INSERT INTO Step (recipe_id, order_number, description) VALUES (13, 1, 'Ahead certain current fear story Republican director.');

INSERT INTO Step (recipe_id, order_number, description) VALUES (13, 2, 'Yes memory scene data interview.');

INSERT INTO Step (recipe_id, order_number, description) VALUES (13, 3, 'The culture any gas.');

INSERT INTO Step (recipe_id, order_number, description) VALUES (13, 4, 'Citizen road those two describe imagine.');

INSERT INTO Step (recipe_id, order_number, description) VALUES (13, 5, 'Executive newspaper like continue.');

INSERT INTO Step (recipe_id, order_number, description) VALUES (13, 6, 'Everyone moment free.');

INSERT INTO Step (recipe_id, order_number, description) VALUES (13, 7, 'Through certain table book attorney management real join.');

INSERT INTO Step (recipe_id, order_number, description) VALUES (13, 8, 'Peace play Democrat.');

INSERT INTO Nutritional_Info (recipe_id, fat_per_portion, carbs_per_portion, protein_per_portion) VALUES (13, 309, 47, 145);

INSERT INTO Recipe_Meal_Type (recipe_id, meal_type_id) VALUES (13, 4);

INSERT INTO Recipe_Meal_Type (recipe_id, meal_type_id) VALUES (13, 6);

INSERT INTO Recipe_Meal_Type (recipe_id, meal_type_id) VALUES (13, 2);

INSERT INTO Recipe_Label (recipe_id, label_id) VALUES (13, 2);

INSERT INTO Recipe_Label (recipe_id, label_id) VALUES (13, 9);

INSERT INTO Recipe_Label (recipe_id, label_id) VALUES (13, 5);

INSERT INTO Recipe_Equipment (recipe_id, equipment_id) VALUES (13, 32);

INSERT INTO Recipe_Equipment (recipe_id, equipment_id) VALUES (13, 21);

INSERT INTO Recipe_Equipment (recipe_id, equipment_id) VALUES (13, 45);

INSERT INTO Recipe_Equipment (recipe_id, equipment_id) VALUES (13, 4);

INSERT INTO Recipe_Equipment (recipe_id, equipment_id) VALUES (13, 33);

INSERT INTO Recipe_Equipment (recipe_id, equipment_id) VALUES (13, 2);

INSERT INTO Recipe_Equipment (recipe_id, equipment_id) VALUES (13, 34);

INSERT INTO Recipe_Equipment (recipe_id, equipment_id) VALUES (13, 40);

INSERT INTO Recipe_Ingredient (recipe_id, ingredient_id, portion) VALUES (13, 56, 7);

INSERT INTO Recipe_Ingredient (recipe_id, ingredient_id, portion) VALUES (13, 150, 3);

INSERT INTO Recipe_Ingredient (recipe_id, ingredient_id, portion) VALUES (13, 98, 6);

INSERT INTO Recipe_Ingredient (recipe_id, ingredient_id, portion) VALUES (13, 163, 6);

INSERT INTO Recipe_Ingredient (recipe_id, ingredient_id, portion) VALUES (13, 34, 6);

INSERT INTO Recipe_Ingredient (recipe_id, ingredient_id, portion) VALUES (13, 147, 1);

INSERT INTO Recipe_Ingredient (recipe_id, ingredient_id, portion) VALUES (13, 135, 4);

INSERT INTO Recipe_Ingredient (recipe_id, ingredient_id, portion) VALUES (13, 153, 6);

INSERT INTO Recipe_Ingredient (recipe_id, ingredient_id, portion) VALUES (13, 170, 6);

INSERT INTO Recipe_Ingredient (recipe_id, ingredient_id, portion) VALUES (13, 89, 5);

INSERT INTO Recipe_Ingredient (recipe_id, ingredient_id, portion) VALUES (13, 125, 4);

INSERT INTO Recipe_Thematic_Unit (recipe_id, thematic_unit_id) VALUES (13, 1);

INSERT INTO Recipe_Thematic_Unit (recipe_id, thematic_unit_id) VALUES (13, 6);

INSERT INTO Recipe_Thematic_Unit (recipe_id, thematic_unit_id) VALUES (13, 3);

INSERT INTO Recipe (recipe_type, name, national_cuisine_id, difficulty_level, description, tip1, tip2, tip3, cooking_time, prep_time, portions, basic_ingredient_id, image_id) VALUES ('cooking', 'Barley Beef Skillet', 3, 1, 'Entire ok approach key top newspaper. Ever true author newspaper million natural soldier.', 'better with slow cooking', 'better with gloves', 'good with honey', 19, 45, 1, 51, 42);

INSERT INTO Step (recipe_id, order_number, description) VALUES (14, 1, 'Hair follow site such recent store close.');

INSERT INTO Step (recipe_id, order_number, description) VALUES (14, 2, 'Likely center generation energy make.');

INSERT INTO Step (recipe_id, order_number, description) VALUES (14, 3, 'Do executive realize.');

INSERT INTO Nutritional_Info (recipe_id, fat_per_portion, carbs_per_portion, protein_per_portion) VALUES (14, 118, 130, 228);

INSERT INTO Recipe_Meal_Type (recipe_id, meal_type_id) VALUES (14, 3);

INSERT INTO Recipe_Meal_Type (recipe_id, meal_type_id) VALUES (14, 1);

INSERT INTO Recipe_Meal_Type (recipe_id, meal_type_id) VALUES (14, 2);

INSERT INTO Recipe_Label (recipe_id, label_id) VALUES (14, 5);

INSERT INTO Recipe_Label (recipe_id, label_id) VALUES (14, 10);

INSERT INTO Recipe_Equipment (recipe_id, equipment_id) VALUES (14, 31);

INSERT INTO Recipe_Equipment (recipe_id, equipment_id) VALUES (14, 36);

INSERT INTO Recipe_Equipment (recipe_id, equipment_id) VALUES (14, 47);

INSERT INTO Recipe_Equipment (recipe_id, equipment_id) VALUES (14, 28);

INSERT INTO Recipe_Equipment (recipe_id, equipment_id) VALUES (14, 24);

INSERT INTO Recipe_Ingredient (recipe_id, ingredient_id, portion) VALUES (14, 199, 5);

INSERT INTO Recipe_Ingredient (recipe_id, ingredient_id, portion) VALUES (14, 167, 3);

INSERT INTO Recipe_Ingredient (recipe_id, ingredient_id, portion) VALUES (14, 134, 5);

INSERT INTO Recipe_Ingredient (recipe_id, ingredient_id, portion) VALUES (14, 159, 4);

INSERT INTO Recipe_Ingredient (recipe_id, ingredient_id, portion) VALUES (14, 51, 1);

INSERT INTO Recipe_Thematic_Unit (recipe_id, thematic_unit_id) VALUES (14, 6);

INSERT INTO Recipe_Thematic_Unit (recipe_id, thematic_unit_id) VALUES (14, 4);

INSERT INTO Recipe_Thematic_Unit (recipe_id, thematic_unit_id) VALUES (14, 2);

INSERT INTO Recipe (recipe_type, name, national_cuisine_id, difficulty_level, description, tip1, tip2, tip3, cooking_time, prep_time, portions, basic_ingredient_id, image_id) VALUES ('pastry', 'Southwest Beef & Rice Skillet', 3, 5, 'Lose enjoy reduce near bag affect eat suffer. Stay certain summer project key.', 'you need an oven', 'better after 2 days', 'you need salt', 98, 44, 6, 8, 43);

INSERT INTO Step (recipe_id, order_number, description) VALUES (15, 1, 'Attention approach white expert hope center.');

INSERT INTO Step (recipe_id, order_number, description) VALUES (15, 2, 'Return expert two forget nor.');

INSERT INTO Nutritional_Info (recipe_id, fat_per_portion, carbs_per_portion, protein_per_portion) VALUES (15, 72, 56, 168);

INSERT INTO Recipe_Meal_Type (recipe_id, meal_type_id) VALUES (15, 5);

INSERT INTO Recipe_Label (recipe_id, label_id) VALUES (15, 10);

INSERT INTO Recipe_Label (recipe_id, label_id) VALUES (15, 4);

INSERT INTO Recipe_Label (recipe_id, label_id) VALUES (15, 1);

INSERT INTO Recipe_Label (recipe_id, label_id) VALUES (15, 2);

INSERT INTO Recipe_Equipment (recipe_id, equipment_id) VALUES (15, 8);

INSERT INTO Recipe_Equipment (recipe_id, equipment_id) VALUES (15, 31);

INSERT INTO Recipe_Equipment (recipe_id, equipment_id) VALUES (15, 43);

INSERT INTO Recipe_Equipment (recipe_id, equipment_id) VALUES (15, 10);

INSERT INTO Recipe_Equipment (recipe_id, equipment_id) VALUES (15, 4);

INSERT INTO Recipe_Equipment (recipe_id, equipment_id) VALUES (15, 19);

INSERT INTO Recipe_Equipment (recipe_id, equipment_id) VALUES (15, 6);

INSERT INTO Recipe_Equipment (recipe_id, equipment_id) VALUES (15, 49);

INSERT INTO Recipe_Equipment (recipe_id, equipment_id) VALUES (15, 34);

INSERT INTO Recipe_Ingredient (recipe_id, ingredient_id, portion) VALUES (15, 105, 5);

INSERT INTO Recipe_Ingredient (recipe_id, ingredient_id, portion) VALUES (15, 62, 1);

INSERT INTO Recipe_Ingredient (recipe_id, ingredient_id, portion) VALUES (15, 195, 8);

INSERT INTO Recipe_Ingredient (recipe_id, ingredient_id, portion) VALUES (15, 18, 2);

INSERT INTO Recipe_Ingredient (recipe_id, ingredient_id, portion) VALUES (15, 106, 4);

INSERT INTO Recipe_Ingredient (recipe_id, ingredient_id, portion) VALUES (15, 7, 8);

INSERT INTO Recipe_Ingredient (recipe_id, ingredient_id, portion) VALUES (15, 183, 5);

INSERT INTO Recipe_Ingredient (recipe_id, ingredient_id, portion) VALUES (15, 90, 3);

INSERT INTO Recipe_Ingredient (recipe_id, ingredient_id, portion) VALUES (15, 14, 3);

INSERT INTO Recipe_Ingredient (recipe_id, ingredient_id, portion) VALUES (15, 161, 1);

INSERT INTO Recipe_Ingredient (recipe_id, ingredient_id, portion) VALUES (15, 144, 3);

INSERT INTO Recipe_Ingredient (recipe_id, ingredient_id, portion) VALUES (15, 34, 6);

INSERT INTO Recipe_Ingredient (recipe_id, ingredient_id, portion) VALUES (15, 8, 3);

INSERT INTO Recipe_Thematic_Unit (recipe_id, thematic_unit_id) VALUES (15, 14);

INSERT INTO Recipe_Thematic_Unit (recipe_id, thematic_unit_id) VALUES (15, 12);

INSERT INTO Recipe_Thematic_Unit (recipe_id, thematic_unit_id) VALUES (15, 15);

INSERT INTO Recipe (recipe_type, name, national_cuisine_id, difficulty_level, description, tip1, tip2, cooking_time, prep_time, portions, basic_ingredient_id, image_id) VALUES ('pastry', 'Glazed Pork Chops with Corn Bread Dressing', 4, 4, 'Entire according chair. Baby some need in no benefit only. Worker occur home act.', 'it needs a fridge', 'you need a lot of time', 41, 44, 2, 109, 44);

INSERT INTO Step (recipe_id, order_number, description) VALUES (16, 1, 'Itself identify very life what.');

INSERT INTO Step (recipe_id, order_number, description) VALUES (16, 2, 'Western eight room after whole.');

INSERT INTO Step (recipe_id, order_number, description) VALUES (16, 3, 'Effort show sort development break citizen.');

INSERT INTO Step (recipe_id, order_number, description) VALUES (16, 4, 'Personal thought present suddenly business your.');

INSERT INTO Step (recipe_id, order_number, description) VALUES (16, 5, 'Senior card watch talk participant phone live.');

INSERT INTO Step (recipe_id, order_number, description) VALUES (16, 6, 'Hospital degree training.');

INSERT INTO Step (recipe_id, order_number, description) VALUES (16, 7, 'Foot sort radio skin act million.');

INSERT INTO Nutritional_Info (recipe_id, fat_per_portion, carbs_per_portion, protein_per_portion) VALUES (16, 269, 195, 230);

INSERT INTO Recipe_Meal_Type (recipe_id, meal_type_id) VALUES (16, 6);

INSERT INTO Recipe_Meal_Type (recipe_id, meal_type_id) VALUES (16, 4);

INSERT INTO Recipe_Label (recipe_id, label_id) VALUES (16, 5);

INSERT INTO Recipe_Label (recipe_id, label_id) VALUES (16, 6);

INSERT INTO Recipe_Label (recipe_id, label_id) VALUES (16, 1);

INSERT INTO Recipe_Label (recipe_id, label_id) VALUES (16, 9);

INSERT INTO Recipe_Equipment (recipe_id, equipment_id) VALUES (16, 28);

INSERT INTO Recipe_Equipment (recipe_id, equipment_id) VALUES (16, 26);

INSERT INTO Recipe_Equipment (recipe_id, equipment_id) VALUES (16, 6);

INSERT INTO Recipe_Equipment (recipe_id, equipment_id) VALUES (16, 50);

INSERT INTO Recipe_Equipment (recipe_id, equipment_id) VALUES (16, 9);

INSERT INTO Recipe_Equipment (recipe_id, equipment_id) VALUES (16, 46);

INSERT INTO Recipe_Equipment (recipe_id, equipment_id) VALUES (16, 40);

INSERT INTO Recipe_Ingredient (recipe_id, ingredient_id, portion) VALUES (16, 120, 5);

INSERT INTO Recipe_Ingredient (recipe_id, ingredient_id, portion) VALUES (16, 83, 3);

INSERT INTO Recipe_Ingredient (recipe_id, ingredient_id, portion) VALUES (16, 106, 1);

INSERT INTO Recipe_Ingredient (recipe_id, ingredient_id, portion) VALUES (16, 63, 4);

INSERT INTO Recipe_Ingredient (recipe_id, ingredient_id, portion) VALUES (16, 154, 3);

INSERT INTO Recipe_Ingredient (recipe_id, ingredient_id, portion) VALUES (16, 85, 4);

INSERT INTO Recipe_Ingredient (recipe_id, ingredient_id, portion) VALUES (16, 39, 7);

INSERT INTO Recipe_Ingredient (recipe_id, ingredient_id, portion) VALUES (16, 194, 2);

INSERT INTO Recipe_Ingredient (recipe_id, ingredient_id, portion) VALUES (16, 140, 1);

INSERT INTO Recipe_Ingredient (recipe_id, ingredient_id, portion) VALUES (16, 186, 6);

INSERT INTO Recipe_Ingredient (recipe_id, ingredient_id, portion) VALUES (16, 181, 7);

INSERT INTO Recipe_Ingredient (recipe_id, ingredient_id, portion) VALUES (16, 165, 7);

INSERT INTO Recipe_Ingredient (recipe_id, ingredient_id, portion) VALUES (16, 37, 1);

INSERT INTO Recipe_Ingredient (recipe_id, ingredient_id, portion) VALUES (16, 4, 8);

INSERT INTO Recipe_Ingredient (recipe_id, ingredient_id, portion) VALUES (16, 102, 3);

INSERT INTO Recipe_Ingredient (recipe_id, ingredient_id, portion) VALUES (16, 125, 2);

INSERT INTO Recipe_Ingredient (recipe_id, ingredient_id, portion) VALUES (16, 137, 6);

INSERT INTO Recipe_Ingredient (recipe_id, ingredient_id, portion) VALUES (16, 109, 5);

INSERT INTO Recipe_Thematic_Unit (recipe_id, thematic_unit_id) VALUES (16, 8);

INSERT INTO Recipe_Thematic_Unit (recipe_id, thematic_unit_id) VALUES (16, 5);

INSERT INTO Recipe (recipe_type, name, national_cuisine_id, difficulty_level, description, tip1, tip2, cooking_time, prep_time, portions, basic_ingredient_id, image_id) VALUES ('cooking', 'Fried Rice', 4, 4, 'Democrat sort structure letter system. Summer factor parent drug determine four true. Most finally game without writer call process message.', 'you need salt', 'better after 2 days', 117, 4, 8, 47, 45);

INSERT INTO Step (recipe_id, order_number, description) VALUES (17, 1, 'Public culture poor use both shoulder.');

INSERT INTO Step (recipe_id, order_number, description) VALUES (17, 2, 'Reflect lot six whole myself do standard.');

INSERT INTO Step (recipe_id, order_number, description) VALUES (17, 3, 'Security inside civil size.');

INSERT INTO Step (recipe_id, order_number, description) VALUES (17, 4, 'Enter truth against now food.');

INSERT INTO Step (recipe_id, order_number, description) VALUES (17, 5, 'Worker discover board turn involve.');

INSERT INTO Nutritional_Info (recipe_id, fat_per_portion, carbs_per_portion, protein_per_portion) VALUES (17, 164, 110, 41);

INSERT INTO Recipe_Meal_Type (recipe_id, meal_type_id) VALUES (17, 1);

INSERT INTO Recipe_Meal_Type (recipe_id, meal_type_id) VALUES (17, 4);

INSERT INTO Recipe_Label (recipe_id, label_id) VALUES (17, 3);

INSERT INTO Recipe_Label (recipe_id, label_id) VALUES (17, 9);

INSERT INTO Recipe_Equipment (recipe_id, equipment_id) VALUES (17, 39);

INSERT INTO Recipe_Ingredient (recipe_id, ingredient_id, portion) VALUES (17, 100, 3);

INSERT INTO Recipe_Ingredient (recipe_id, ingredient_id, portion) VALUES (17, 149, 8);

INSERT INTO Recipe_Ingredient (recipe_id, ingredient_id, portion) VALUES (17, 24, 5);

INSERT INTO Recipe_Ingredient (recipe_id, ingredient_id, portion) VALUES (17, 57, 8);

INSERT INTO Recipe_Ingredient (recipe_id, ingredient_id, portion) VALUES (17, 72, 4);

INSERT INTO Recipe_Ingredient (recipe_id, ingredient_id, portion) VALUES (17, 163, 1);

INSERT INTO Recipe_Ingredient (recipe_id, ingredient_id, portion) VALUES (17, 26, 1);

INSERT INTO Recipe_Ingredient (recipe_id, ingredient_id, portion) VALUES (17, 162, 4);

INSERT INTO Recipe_Ingredient (recipe_id, ingredient_id, portion) VALUES (17, 157, 6);

INSERT INTO Recipe_Ingredient (recipe_id, ingredient_id, portion) VALUES (17, 47, 3);

INSERT INTO Recipe_Thematic_Unit (recipe_id, thematic_unit_id) VALUES (17, 11);

INSERT INTO Recipe_Thematic_Unit (recipe_id, thematic_unit_id) VALUES (17, 13);

INSERT INTO Recipe_Thematic_Unit (recipe_id, thematic_unit_id) VALUES (17, 5);

INSERT INTO Recipe (recipe_type, name, national_cuisine_id, difficulty_level, description, tip1, cooking_time, prep_time, portions, basic_ingredient_id, image_id) VALUES ('cooking', 'Zesty Sausage & Beans', 4, 3, 'Improve get minute create.', 'you need a lot of time', 28, 30, 8, 120, 46);

INSERT INTO Step (recipe_id, order_number, description) VALUES (18, 1, 'Reason answer involve still economic clearly follow.');

INSERT INTO Step (recipe_id, order_number, description) VALUES (18, 2, 'Toward by not spring edge he.');

INSERT INTO Nutritional_Info (recipe_id, fat_per_portion, carbs_per_portion, protein_per_portion) VALUES (18, 106, 60, 242);

INSERT INTO Recipe_Meal_Type (recipe_id, meal_type_id) VALUES (18, 6);

INSERT INTO Recipe_Label (recipe_id, label_id) VALUES (18, 1);

INSERT INTO Recipe_Label (recipe_id, label_id) VALUES (18, 4);

INSERT INTO Recipe_Label (recipe_id, label_id) VALUES (18, 7);

INSERT INTO Recipe_Equipment (recipe_id, equipment_id) VALUES (18, 44);

INSERT INTO Recipe_Equipment (recipe_id, equipment_id) VALUES (18, 18);

INSERT INTO Recipe_Equipment (recipe_id, equipment_id) VALUES (18, 30);

INSERT INTO Recipe_Equipment (recipe_id, equipment_id) VALUES (18, 35);

INSERT INTO Recipe_Equipment (recipe_id, equipment_id) VALUES (18, 1);

INSERT INTO Recipe_Equipment (recipe_id, equipment_id) VALUES (18, 37);

INSERT INTO Recipe_Equipment (recipe_id, equipment_id) VALUES (18, 23);

INSERT INTO Recipe_Equipment (recipe_id, equipment_id) VALUES (18, 33);

INSERT INTO Recipe_Equipment (recipe_id, equipment_id) VALUES (18, 14);

INSERT INTO Recipe_Ingredient (recipe_id, ingredient_id, portion) VALUES (18, 5, 5);

INSERT INTO Recipe_Ingredient (recipe_id, ingredient_id, portion) VALUES (18, 120, 5);

INSERT INTO Recipe_Thematic_Unit (recipe_id, thematic_unit_id) VALUES (18, 12);

INSERT INTO Recipe_Thematic_Unit (recipe_id, thematic_unit_id) VALUES (18, 2);

INSERT INTO Recipe_Thematic_Unit (recipe_id, thematic_unit_id) VALUES (18, 9);

INSERT INTO Recipe (recipe_type, name, national_cuisine_id, difficulty_level, description, tip1, cooking_time, prep_time, portions, basic_ingredient_id, image_id) VALUES ('pastry', 'Prosciutto Pasta Toss', 4, 2, 'Build show reveal could change talk few. Forward method growth language law reason probably.', 'you need small cups', 38, 21, 2, 26, 47);

INSERT INTO Step (recipe_id, order_number, description) VALUES (19, 1, 'Their trade this.');

INSERT INTO Step (recipe_id, order_number, description) VALUES (19, 2, 'Let wife occur bag then glass.');

INSERT INTO Step (recipe_id, order_number, description) VALUES (19, 3, 'Go big behavior shoulder.');

INSERT INTO Step (recipe_id, order_number, description) VALUES (19, 4, 'Serve across near movement sister small choose.');

INSERT INTO Nutritional_Info (recipe_id, fat_per_portion, carbs_per_portion, protein_per_portion) VALUES (19, 334, 40, 203);

INSERT INTO Recipe_Meal_Type (recipe_id, meal_type_id) VALUES (19, 5);

INSERT INTO Recipe_Meal_Type (recipe_id, meal_type_id) VALUES (19, 2);

INSERT INTO Recipe_Label (recipe_id, label_id) VALUES (19, 2);

INSERT INTO Recipe_Label (recipe_id, label_id) VALUES (19, 10);

INSERT INTO Recipe_Label (recipe_id, label_id) VALUES (19, 4);

INSERT INTO Recipe_Label (recipe_id, label_id) VALUES (19, 9);

INSERT INTO Recipe_Equipment (recipe_id, equipment_id) VALUES (19, 48);

INSERT INTO Recipe_Equipment (recipe_id, equipment_id) VALUES (19, 43);

INSERT INTO Recipe_Ingredient (recipe_id, ingredient_id, portion) VALUES (19, 56, 5);

INSERT INTO Recipe_Ingredient (recipe_id, ingredient_id, portion) VALUES (19, 28, 3);

INSERT INTO Recipe_Ingredient (recipe_id, ingredient_id, portion) VALUES (19, 59, 6);

INSERT INTO Recipe_Ingredient (recipe_id, ingredient_id, portion) VALUES (19, 20, 3);

INSERT INTO Recipe_Ingredient (recipe_id, ingredient_id, portion) VALUES (19, 131, 1);

INSERT INTO Recipe_Ingredient (recipe_id, ingredient_id, portion) VALUES (19, 74, 7);

INSERT INTO Recipe_Ingredient (recipe_id, ingredient_id, portion) VALUES (19, 99, 5);

INSERT INTO Recipe_Ingredient (recipe_id, ingredient_id, portion) VALUES (19, 19, 2);

INSERT INTO Recipe_Ingredient (recipe_id, ingredient_id, portion) VALUES (19, 160, 7);

INSERT INTO Recipe_Ingredient (recipe_id, ingredient_id, portion) VALUES (19, 8, 6);

INSERT INTO Recipe_Ingredient (recipe_id, ingredient_id, portion) VALUES (19, 6, 1);

INSERT INTO Recipe_Ingredient (recipe_id, ingredient_id, portion) VALUES (19, 159, 1);

INSERT INTO Recipe_Ingredient (recipe_id, ingredient_id, portion) VALUES (19, 147, 3);

INSERT INTO Recipe_Ingredient (recipe_id, ingredient_id, portion) VALUES (19, 104, 4);

INSERT INTO Recipe_Ingredient (recipe_id, ingredient_id, portion) VALUES (19, 107, 6);

INSERT INTO Recipe_Ingredient (recipe_id, ingredient_id, portion) VALUES (19, 63, 5);

INSERT INTO Recipe_Ingredient (recipe_id, ingredient_id, portion) VALUES (19, 29, 4);

INSERT INTO Recipe_Ingredient (recipe_id, ingredient_id, portion) VALUES (19, 62, 3);

INSERT INTO Recipe_Ingredient (recipe_id, ingredient_id, portion) VALUES (19, 26, 1);

INSERT INTO Recipe_Thematic_Unit (recipe_id, thematic_unit_id) VALUES (19, 7);

INSERT INTO Recipe (recipe_type, name, national_cuisine_id, difficulty_level, description, tip1, tip2, tip3, cooking_time, prep_time, portions, basic_ingredient_id, image_id) VALUES ('cooking', 'Cashew Chicken with Noodles', 4, 3, 'Others society answer add most medical necessary. Activity simple few table.', 'you need 2 people to make it', 'in the fridge for 3 days', 'you need small cups', 79, 29, 7, 82, 48);

INSERT INTO Step (recipe_id, order_number, description) VALUES (20, 1, 'Society issue forward various true.');

INSERT INTO Step (recipe_id, order_number, description) VALUES (20, 2, 'Policy once whether person water.');

INSERT INTO Step (recipe_id, order_number, description) VALUES (20, 3, 'Future three guy lose eight bring.');

INSERT INTO Step (recipe_id, order_number, description) VALUES (20, 4, 'Pressure central style quality story.');

INSERT INTO Step (recipe_id, order_number, description) VALUES (20, 5, 'Individual community glass sell.');

INSERT INTO Step (recipe_id, order_number, description) VALUES (20, 6, 'Voice chair him.');

INSERT INTO Nutritional_Info (recipe_id, fat_per_portion, carbs_per_portion, protein_per_portion) VALUES (20, 223, 187, 208);

INSERT INTO Recipe_Meal_Type (recipe_id, meal_type_id) VALUES (20, 3);

INSERT INTO Recipe_Meal_Type (recipe_id, meal_type_id) VALUES (20, 6);

INSERT INTO Recipe_Label (recipe_id, label_id) VALUES (20, 6);

INSERT INTO Recipe_Equipment (recipe_id, equipment_id) VALUES (20, 17);

INSERT INTO Recipe_Equipment (recipe_id, equipment_id) VALUES (20, 7);

INSERT INTO Recipe_Equipment (recipe_id, equipment_id) VALUES (20, 3);

INSERT INTO Recipe_Equipment (recipe_id, equipment_id) VALUES (20, 33);

INSERT INTO Recipe_Equipment (recipe_id, equipment_id) VALUES (20, 48);

INSERT INTO Recipe_Equipment (recipe_id, equipment_id) VALUES (20, 10);

INSERT INTO Recipe_Ingredient (recipe_id, ingredient_id, portion) VALUES (20, 18, 3);

INSERT INTO Recipe_Ingredient (recipe_id, ingredient_id, portion) VALUES (20, 25, 5);

INSERT INTO Recipe_Ingredient (recipe_id, ingredient_id, portion) VALUES (20, 82, 2);

INSERT INTO Recipe_Thematic_Unit (recipe_id, thematic_unit_id) VALUES (20, 6);

INSERT INTO Recipe (recipe_type, name, national_cuisine_id, difficulty_level, description, tip1, tip2, cooking_time, prep_time, portions, basic_ingredient_id, image_id) VALUES ('pastry', 'Herb Chicken with Honey Butter', 5, 3, 'Else right our look. Stuff president only government little.', 'you need an oven', 'you need to be patient', 115, 12, 7, 34, 49);

INSERT INTO Step (recipe_id, order_number, description) VALUES (21, 1, 'Knowledge black worry spring explain performance responsibility.');

INSERT INTO Step (recipe_id, order_number, description) VALUES (21, 2, 'Six technology pull letter decade lead example.');

INSERT INTO Step (recipe_id, order_number, description) VALUES (21, 3, 'Her end among.');

INSERT INTO Step (recipe_id, order_number, description) VALUES (21, 4, 'Woman artist with we discover lose.');

INSERT INTO Step (recipe_id, order_number, description) VALUES (21, 5, 'Practice study soldier reveal grow.');

INSERT INTO Step (recipe_id, order_number, description) VALUES (21, 6, 'Term operation chair special simply window.');

INSERT INTO Step (recipe_id, order_number, description) VALUES (21, 7, 'Activity dark they production say.');

INSERT INTO Nutritional_Info (recipe_id, fat_per_portion, carbs_per_portion, protein_per_portion) VALUES (21, 331, 22, 74);

INSERT INTO Recipe_Meal_Type (recipe_id, meal_type_id) VALUES (21, 1);

INSERT INTO Recipe_Meal_Type (recipe_id, meal_type_id) VALUES (21, 3);

INSERT INTO Recipe_Label (recipe_id, label_id) VALUES (21, 2);

INSERT INTO Recipe_Equipment (recipe_id, equipment_id) VALUES (21, 13);

INSERT INTO Recipe_Equipment (recipe_id, equipment_id) VALUES (21, 29);

INSERT INTO Recipe_Equipment (recipe_id, equipment_id) VALUES (21, 34);

INSERT INTO Recipe_Equipment (recipe_id, equipment_id) VALUES (21, 22);

INSERT INTO Recipe_Equipment (recipe_id, equipment_id) VALUES (21, 8);

INSERT INTO Recipe_Ingredient (recipe_id, ingredient_id, portion) VALUES (21, 75, 4);

INSERT INTO Recipe_Ingredient (recipe_id, ingredient_id, portion) VALUES (21, 1, 7);

INSERT INTO Recipe_Ingredient (recipe_id, ingredient_id, portion) VALUES (21, 165, 7);

INSERT INTO Recipe_Ingredient (recipe_id, ingredient_id, portion) VALUES (21, 161, 2);

INSERT INTO Recipe_Ingredient (recipe_id, ingredient_id, portion) VALUES (21, 34, 6);

INSERT INTO Recipe_Thematic_Unit (recipe_id, thematic_unit_id) VALUES (21, 3);

INSERT INTO Recipe_Thematic_Unit (recipe_id, thematic_unit_id) VALUES (21, 14);

INSERT INTO Recipe_Thematic_Unit (recipe_id, thematic_unit_id) VALUES (21, 6);

INSERT INTO Recipe (recipe_type, name, national_cuisine_id, difficulty_level, description, tip1, tip2, cooking_time, prep_time, portions, basic_ingredient_id, image_id) VALUES ('cooking', 'French Toast', 5, 2, 'Develop throw without thought right fund city. Than receive time a view possible simply. Commercial state sound rock hit fall require.', 'you need an oven', 'you have to be careful not to let it get stack', 74, 34, 3, 130, 50);

INSERT INTO Step (recipe_id, order_number, description) VALUES (22, 1, 'Dog quite force baby role product you.');

INSERT INTO Step (recipe_id, order_number, description) VALUES (22, 2, 'Contain particular both animal stuff write.');

INSERT INTO Step (recipe_id, order_number, description) VALUES (22, 3, 'Box family skin stop head.');

INSERT INTO Nutritional_Info (recipe_id, fat_per_portion, carbs_per_portion, protein_per_portion) VALUES (22, 48, 182, 162);

INSERT INTO Recipe_Meal_Type (recipe_id, meal_type_id) VALUES (22, 2);

INSERT INTO Recipe_Label (recipe_id, label_id) VALUES (22, 3);

INSERT INTO Recipe_Equipment (recipe_id, equipment_id) VALUES (22, 48);

INSERT INTO Recipe_Equipment (recipe_id, equipment_id) VALUES (22, 21);

INSERT INTO Recipe_Equipment (recipe_id, equipment_id) VALUES (22, 1);

INSERT INTO Recipe_Equipment (recipe_id, equipment_id) VALUES (22, 3);

INSERT INTO Recipe_Equipment (recipe_id, equipment_id) VALUES (22, 13);

INSERT INTO Recipe_Equipment (recipe_id, equipment_id) VALUES (22, 10);

INSERT INTO Recipe_Equipment (recipe_id, equipment_id) VALUES (22, 18);

INSERT INTO Recipe_Equipment (recipe_id, equipment_id) VALUES (22, 7);

INSERT INTO Recipe_Ingredient (recipe_id, ingredient_id, portion) VALUES (22, 79, 1);

INSERT INTO Recipe_Ingredient (recipe_id, ingredient_id, portion) VALUES (22, 34, 4);

INSERT INTO Recipe_Ingredient (recipe_id, ingredient_id, portion) VALUES (22, 143, 4);

INSERT INTO Recipe_Ingredient (recipe_id, ingredient_id, portion) VALUES (22, 33, 5);

INSERT INTO Recipe_Ingredient (recipe_id, ingredient_id, portion) VALUES (22, 106, 2);

INSERT INTO Recipe_Ingredient (recipe_id, ingredient_id, portion) VALUES (22, 90, 8);

INSERT INTO Recipe_Ingredient (recipe_id, ingredient_id, portion) VALUES (22, 144, 3);

INSERT INTO Recipe_Ingredient (recipe_id, ingredient_id, portion) VALUES (22, 85, 6);

INSERT INTO Recipe_Ingredient (recipe_id, ingredient_id, portion) VALUES (22, 47, 3);

INSERT INTO Recipe_Ingredient (recipe_id, ingredient_id, portion) VALUES (22, 42, 1);

INSERT INTO Recipe_Ingredient (recipe_id, ingredient_id, portion) VALUES (22, 66, 2);

INSERT INTO Recipe_Ingredient (recipe_id, ingredient_id, portion) VALUES (22, 108, 3);

INSERT INTO Recipe_Ingredient (recipe_id, ingredient_id, portion) VALUES (22, 172, 4);

INSERT INTO Recipe_Ingredient (recipe_id, ingredient_id, portion) VALUES (22, 115, 2);

INSERT INTO Recipe_Ingredient (recipe_id, ingredient_id, portion) VALUES (22, 107, 2);

INSERT INTO Recipe_Ingredient (recipe_id, ingredient_id, portion) VALUES (22, 109, 7);

INSERT INTO Recipe_Ingredient (recipe_id, ingredient_id, portion) VALUES (22, 130, 4);

INSERT INTO Recipe_Thematic_Unit (recipe_id, thematic_unit_id) VALUES (22, 3);

INSERT INTO Recipe_Thematic_Unit (recipe_id, thematic_unit_id) VALUES (22, 10);

INSERT INTO Recipe_Thematic_Unit (recipe_id, thematic_unit_id) VALUES (22, 5);

INSERT INTO Recipe (recipe_type, name, national_cuisine_id, difficulty_level, description, tip1, cooking_time, prep_time, portions, basic_ingredient_id, image_id) VALUES ('pastry', 'Swedish Pancakes', 5, 2, 'Dream effect though number. Culture behind building moment I wait.', 'better without sugar', 33, 6, 8, 42, 51);

INSERT INTO Step (recipe_id, order_number, description) VALUES (23, 1, 'Fund rather institution action computer station.');

INSERT INTO Step (recipe_id, order_number, description) VALUES (23, 2, 'Every system successful deep out.');

INSERT INTO Step (recipe_id, order_number, description) VALUES (23, 3, 'Important network television physical.');

INSERT INTO Step (recipe_id, order_number, description) VALUES (23, 4, 'Near clear coach word wrong.');

INSERT INTO Step (recipe_id, order_number, description) VALUES (23, 5, 'Provide pick floor expert maintain north live.');

INSERT INTO Nutritional_Info (recipe_id, fat_per_portion, carbs_per_portion, protein_per_portion) VALUES (23, 392, 191, 217);

INSERT INTO Recipe_Meal_Type (recipe_id, meal_type_id) VALUES (23, 1);

INSERT INTO Recipe_Meal_Type (recipe_id, meal_type_id) VALUES (23, 3);

INSERT INTO Recipe_Meal_Type (recipe_id, meal_type_id) VALUES (23, 6);

INSERT INTO Recipe_Label (recipe_id, label_id) VALUES (23, 5);

INSERT INTO Recipe_Label (recipe_id, label_id) VALUES (23, 7);

INSERT INTO Recipe_Label (recipe_id, label_id) VALUES (23, 3);

INSERT INTO Recipe_Label (recipe_id, label_id) VALUES (23, 6);

INSERT INTO Recipe_Equipment (recipe_id, equipment_id) VALUES (23, 4);

INSERT INTO Recipe_Equipment (recipe_id, equipment_id) VALUES (23, 33);

INSERT INTO Recipe_Equipment (recipe_id, equipment_id) VALUES (23, 11);

INSERT INTO Recipe_Ingredient (recipe_id, ingredient_id, portion) VALUES (23, 135, 4);

INSERT INTO Recipe_Ingredient (recipe_id, ingredient_id, portion) VALUES (23, 175, 6);

INSERT INTO Recipe_Ingredient (recipe_id, ingredient_id, portion) VALUES (23, 170, 7);

INSERT INTO Recipe_Ingredient (recipe_id, ingredient_id, portion) VALUES (23, 183, 4);

INSERT INTO Recipe_Ingredient (recipe_id, ingredient_id, portion) VALUES (23, 131, 5);

INSERT INTO Recipe_Ingredient (recipe_id, ingredient_id, portion) VALUES (23, 57, 1);

INSERT INTO Recipe_Ingredient (recipe_id, ingredient_id, portion) VALUES (23, 155, 7);

INSERT INTO Recipe_Ingredient (recipe_id, ingredient_id, portion) VALUES (23, 158, 6);

INSERT INTO Recipe_Ingredient (recipe_id, ingredient_id, portion) VALUES (23, 161, 2);

INSERT INTO Recipe_Ingredient (recipe_id, ingredient_id, portion) VALUES (23, 94, 4);

INSERT INTO Recipe_Ingredient (recipe_id, ingredient_id, portion) VALUES (23, 146, 6);

INSERT INTO Recipe_Ingredient (recipe_id, ingredient_id, portion) VALUES (23, 7, 4);

INSERT INTO Recipe_Ingredient (recipe_id, ingredient_id, portion) VALUES (23, 116, 7);

INSERT INTO Recipe_Ingredient (recipe_id, ingredient_id, portion) VALUES (23, 160, 7);

INSERT INTO Recipe_Ingredient (recipe_id, ingredient_id, portion) VALUES (23, 42, 6);

INSERT INTO Recipe_Thematic_Unit (recipe_id, thematic_unit_id) VALUES (23, 5);

INSERT INTO Recipe_Thematic_Unit (recipe_id, thematic_unit_id) VALUES (23, 9);

INSERT INTO Recipe_Thematic_Unit (recipe_id, thematic_unit_id) VALUES (23, 6);

INSERT INTO Recipe (recipe_type, name, national_cuisine_id, difficulty_level, description, tip1, cooking_time, prep_time, portions, basic_ingredient_id, image_id) VALUES ('pastry', 'Baked Cheddar Eggs & Potatoes', 5, 5, 'System image they order. History read second.', 'you need an oven', 15, 36, 8, 156, 52);

INSERT INTO Step (recipe_id, order_number, description) VALUES (24, 1, 'Green beat read individual.');

INSERT INTO Step (recipe_id, order_number, description) VALUES (24, 2, 'Congress test data never.');

INSERT INTO Step (recipe_id, order_number, description) VALUES (24, 3, 'Gun good doctor stuff our fall low.');

INSERT INTO Step (recipe_id, order_number, description) VALUES (24, 4, 'Politics girl baby star like.');

INSERT INTO Step (recipe_id, order_number, description) VALUES (24, 5, 'Expert fire evidence.');

INSERT INTO Step (recipe_id, order_number, description) VALUES (24, 6, 'Leg reduce over either party if.');

INSERT INTO Step (recipe_id, order_number, description) VALUES (24, 7, 'Yes former they edge way girl race.');

INSERT INTO Nutritional_Info (recipe_id, fat_per_portion, carbs_per_portion, protein_per_portion) VALUES (24, 225, 16, 133);

INSERT INTO Recipe_Meal_Type (recipe_id, meal_type_id) VALUES (24, 4);

INSERT INTO Recipe_Meal_Type (recipe_id, meal_type_id) VALUES (24, 3);

INSERT INTO Recipe_Label (recipe_id, label_id) VALUES (24, 3);

INSERT INTO Recipe_Label (recipe_id, label_id) VALUES (24, 5);

INSERT INTO Recipe_Equipment (recipe_id, equipment_id) VALUES (24, 10);

INSERT INTO Recipe_Equipment (recipe_id, equipment_id) VALUES (24, 30);

INSERT INTO Recipe_Equipment (recipe_id, equipment_id) VALUES (24, 8);

INSERT INTO Recipe_Equipment (recipe_id, equipment_id) VALUES (24, 26);

INSERT INTO Recipe_Equipment (recipe_id, equipment_id) VALUES (24, 41);

INSERT INTO Recipe_Equipment (recipe_id, equipment_id) VALUES (24, 31);

INSERT INTO Recipe_Equipment (recipe_id, equipment_id) VALUES (24, 7);

INSERT INTO Recipe_Ingredient (recipe_id, ingredient_id, portion) VALUES (24, 89, 3);

INSERT INTO Recipe_Ingredient (recipe_id, ingredient_id, portion) VALUES (24, 130, 4);

INSERT INTO Recipe_Ingredient (recipe_id, ingredient_id, portion) VALUES (24, 131, 7);

INSERT INTO Recipe_Ingredient (recipe_id, ingredient_id, portion) VALUES (24, 160, 6);

INSERT INTO Recipe_Ingredient (recipe_id, ingredient_id, portion) VALUES (24, 178, 3);

INSERT INTO Recipe_Ingredient (recipe_id, ingredient_id, portion) VALUES (24, 36, 1);

INSERT INTO Recipe_Ingredient (recipe_id, ingredient_id, portion) VALUES (24, 156, 1);

INSERT INTO Recipe_Thematic_Unit (recipe_id, thematic_unit_id) VALUES (24, 13);

INSERT INTO Recipe_Thematic_Unit (recipe_id, thematic_unit_id) VALUES (24, 8);

INSERT INTO Recipe (recipe_type, name, national_cuisine_id, difficulty_level, description, tip1, cooking_time, prep_time, portions, basic_ingredient_id, image_id) VALUES ('cooking', 'Baked Mostaccioli', 5, 5, 'Eat baby energy know spend future girl. Per mother imagine.', 'better with slow cooking', 112, 37, 5, 145, 53);

INSERT INTO Step (recipe_id, order_number, description) VALUES (25, 1, 'West exactly data either ten you consider.');

INSERT INTO Step (recipe_id, order_number, description) VALUES (25, 2, 'Discuss popular charge interesting travel reach.');

INSERT INTO Step (recipe_id, order_number, description) VALUES (25, 3, 'Others like house.');

INSERT INTO Step (recipe_id, order_number, description) VALUES (25, 4, 'Significant through people new.');

INSERT INTO Step (recipe_id, order_number, description) VALUES (25, 5, 'Season professor beyond different see return.');

INSERT INTO Step (recipe_id, order_number, description) VALUES (25, 6, 'Figure point draw economic its any.');

INSERT INTO Step (recipe_id, order_number, description) VALUES (25, 7, 'Have know either sit born.');

INSERT INTO Step (recipe_id, order_number, description) VALUES (25, 8, 'Individual yard security whose.');

INSERT INTO Nutritional_Info (recipe_id, fat_per_portion, carbs_per_portion, protein_per_portion) VALUES (25, 97, 68, 81);

INSERT INTO Recipe_Meal_Type (recipe_id, meal_type_id) VALUES (25, 4);

INSERT INTO Recipe_Label (recipe_id, label_id) VALUES (25, 5);

INSERT INTO Recipe_Equipment (recipe_id, equipment_id) VALUES (25, 1);

INSERT INTO Recipe_Equipment (recipe_id, equipment_id) VALUES (25, 8);

INSERT INTO Recipe_Equipment (recipe_id, equipment_id) VALUES (25, 5);

INSERT INTO Recipe_Equipment (recipe_id, equipment_id) VALUES (25, 38);

INSERT INTO Recipe_Equipment (recipe_id, equipment_id) VALUES (25, 10);

INSERT INTO Recipe_Ingredient (recipe_id, ingredient_id, portion) VALUES (25, 118, 4);

INSERT INTO Recipe_Ingredient (recipe_id, ingredient_id, portion) VALUES (25, 37, 6);

INSERT INTO Recipe_Ingredient (recipe_id, ingredient_id, portion) VALUES (25, 146, 7);

INSERT INTO Recipe_Ingredient (recipe_id, ingredient_id, portion) VALUES (25, 104, 6);

INSERT INTO Recipe_Ingredient (recipe_id, ingredient_id, portion) VALUES (25, 114, 6);

INSERT INTO Recipe_Ingredient (recipe_id, ingredient_id, portion) VALUES (25, 189, 8);

INSERT INTO Recipe_Ingredient (recipe_id, ingredient_id, portion) VALUES (25, 11, 1);

INSERT INTO Recipe_Ingredient (recipe_id, ingredient_id, portion) VALUES (25, 156, 2);

INSERT INTO Recipe_Ingredient (recipe_id, ingredient_id, portion) VALUES (25, 145, 4);

INSERT INTO Recipe_Thematic_Unit (recipe_id, thematic_unit_id) VALUES (25, 13);

INSERT INTO Recipe (recipe_type, name, national_cuisine_id, difficulty_level, description, tip1, cooking_time, prep_time, portions, basic_ingredient_id, image_id) VALUES ('pastry', 'Ravioli with Snap Peas', 6, 2, 'Think will ten industry type room trip.', 'you need to use your hands', 47, 37, 3, 48, 54);

INSERT INTO Step (recipe_id, order_number, description) VALUES (26, 1, 'Son indeed newspaper campaign tree party.');

INSERT INTO Step (recipe_id, order_number, description) VALUES (26, 2, 'Spring house carry.');

INSERT INTO Step (recipe_id, order_number, description) VALUES (26, 3, 'Until design push hotel wide pick free.');

INSERT INTO Step (recipe_id, order_number, description) VALUES (26, 4, 'Many voice modern area allow forward.');

INSERT INTO Nutritional_Info (recipe_id, fat_per_portion, carbs_per_portion, protein_per_portion) VALUES (26, 286, 180, 194);

INSERT INTO Recipe_Meal_Type (recipe_id, meal_type_id) VALUES (26, 3);

INSERT INTO Recipe_Meal_Type (recipe_id, meal_type_id) VALUES (26, 2);

INSERT INTO Recipe_Meal_Type (recipe_id, meal_type_id) VALUES (26, 4);

INSERT INTO Recipe_Label (recipe_id, label_id) VALUES (26, 10);

INSERT INTO Recipe_Equipment (recipe_id, equipment_id) VALUES (26, 23);

INSERT INTO Recipe_Equipment (recipe_id, equipment_id) VALUES (26, 32);

INSERT INTO Recipe_Equipment (recipe_id, equipment_id) VALUES (26, 36);

INSERT INTO Recipe_Equipment (recipe_id, equipment_id) VALUES (26, 42);

INSERT INTO Recipe_Equipment (recipe_id, equipment_id) VALUES (26, 12);

INSERT INTO Recipe_Equipment (recipe_id, equipment_id) VALUES (26, 15);

INSERT INTO Recipe_Equipment (recipe_id, equipment_id) VALUES (26, 34);

INSERT INTO Recipe_Ingredient (recipe_id, ingredient_id, portion) VALUES (26, 127, 4);

INSERT INTO Recipe_Ingredient (recipe_id, ingredient_id, portion) VALUES (26, 168, 4);

INSERT INTO Recipe_Ingredient (recipe_id, ingredient_id, portion) VALUES (26, 84, 5);

INSERT INTO Recipe_Ingredient (recipe_id, ingredient_id, portion) VALUES (26, 134, 5);

INSERT INTO Recipe_Ingredient (recipe_id, ingredient_id, portion) VALUES (26, 156, 7);

INSERT INTO Recipe_Ingredient (recipe_id, ingredient_id, portion) VALUES (26, 196, 1);

INSERT INTO Recipe_Ingredient (recipe_id, ingredient_id, portion) VALUES (26, 165, 1);

INSERT INTO Recipe_Ingredient (recipe_id, ingredient_id, portion) VALUES (26, 159, 2);

INSERT INTO Recipe_Ingredient (recipe_id, ingredient_id, portion) VALUES (26, 20, 3);

INSERT INTO Recipe_Ingredient (recipe_id, ingredient_id, portion) VALUES (26, 171, 5);

INSERT INTO Recipe_Ingredient (recipe_id, ingredient_id, portion) VALUES (26, 106, 3);

INSERT INTO Recipe_Ingredient (recipe_id, ingredient_id, portion) VALUES (26, 172, 6);

INSERT INTO Recipe_Ingredient (recipe_id, ingredient_id, portion) VALUES (26, 85, 4);

INSERT INTO Recipe_Ingredient (recipe_id, ingredient_id, portion) VALUES (26, 145, 4);

INSERT INTO Recipe_Ingredient (recipe_id, ingredient_id, portion) VALUES (26, 137, 8);

INSERT INTO Recipe_Ingredient (recipe_id, ingredient_id, portion) VALUES (26, 177, 4);

INSERT INTO Recipe_Ingredient (recipe_id, ingredient_id, portion) VALUES (26, 24, 4);

INSERT INTO Recipe_Ingredient (recipe_id, ingredient_id, portion) VALUES (26, 97, 5);

INSERT INTO Recipe_Ingredient (recipe_id, ingredient_id, portion) VALUES (26, 144, 4);

INSERT INTO Recipe_Ingredient (recipe_id, ingredient_id, portion) VALUES (26, 153, 2);

INSERT INTO Recipe_Ingredient (recipe_id, ingredient_id, portion) VALUES (26, 48, 5);

INSERT INTO Recipe_Thematic_Unit (recipe_id, thematic_unit_id) VALUES (26, 7);

INSERT INTO Recipe_Thematic_Unit (recipe_id, thematic_unit_id) VALUES (26, 10);

INSERT INTO Recipe (recipe_type, name, national_cuisine_id, difficulty_level, description, tip1, tip2, tip3, cooking_time, prep_time, portions, basic_ingredient_id, image_id) VALUES ('pastry', 'Cloverleaf Rolls', 6, 1, 'Her newspaper finally catch your water. Once nice onto memory chair common reach. Later should career art indicate matter exist.', 'you have to be careful not to let it get stack', 'you need salt', 'better when fresh', 137, 33, 2, 105, 55);

INSERT INTO Step (recipe_id, order_number, description) VALUES (27, 1, 'Instead seek education when.');

INSERT INTO Step (recipe_id, order_number, description) VALUES (27, 2, 'Option style support plan.');

INSERT INTO Step (recipe_id, order_number, description) VALUES (27, 3, 'Control there subject staff fish.');

INSERT INTO Step (recipe_id, order_number, description) VALUES (27, 4, 'Station investment cost take side stuff.');

INSERT INTO Step (recipe_id, order_number, description) VALUES (27, 5, 'Million actually building food.');

INSERT INTO Step (recipe_id, order_number, description) VALUES (27, 6, 'Garden black value course though.');

INSERT INTO Step (recipe_id, order_number, description) VALUES (27, 7, 'Live wife itself example task.');

INSERT INTO Step (recipe_id, order_number, description) VALUES (27, 8, 'President sort walk idea.');

INSERT INTO Nutritional_Info (recipe_id, fat_per_portion, carbs_per_portion, protein_per_portion) VALUES (27, 187, 46, 237);

INSERT INTO Recipe_Meal_Type (recipe_id, meal_type_id) VALUES (27, 4);

INSERT INTO Recipe_Meal_Type (recipe_id, meal_type_id) VALUES (27, 6);

INSERT INTO Recipe_Label (recipe_id, label_id) VALUES (27, 3);

INSERT INTO Recipe_Label (recipe_id, label_id) VALUES (27, 9);

INSERT INTO Recipe_Equipment (recipe_id, equipment_id) VALUES (27, 19);

INSERT INTO Recipe_Equipment (recipe_id, equipment_id) VALUES (27, 36);

INSERT INTO Recipe_Equipment (recipe_id, equipment_id) VALUES (27, 12);

INSERT INTO Recipe_Equipment (recipe_id, equipment_id) VALUES (27, 39);

INSERT INTO Recipe_Equipment (recipe_id, equipment_id) VALUES (27, 45);

INSERT INTO Recipe_Equipment (recipe_id, equipment_id) VALUES (27, 16);

INSERT INTO Recipe_Equipment (recipe_id, equipment_id) VALUES (27, 9);

INSERT INTO Recipe_Equipment (recipe_id, equipment_id) VALUES (27, 48);

INSERT INTO Recipe_Equipment (recipe_id, equipment_id) VALUES (27, 30);

INSERT INTO Recipe_Equipment (recipe_id, equipment_id) VALUES (27, 38);

INSERT INTO Recipe_Ingredient (recipe_id, ingredient_id, portion) VALUES (27, 169, 7);

INSERT INTO Recipe_Ingredient (recipe_id, ingredient_id, portion) VALUES (27, 56, 3);

INSERT INTO Recipe_Ingredient (recipe_id, ingredient_id, portion) VALUES (27, 148, 6);

INSERT INTO Recipe_Ingredient (recipe_id, ingredient_id, portion) VALUES (27, 73, 3);

INSERT INTO Recipe_Ingredient (recipe_id, ingredient_id, portion) VALUES (27, 147, 6);

INSERT INTO Recipe_Ingredient (recipe_id, ingredient_id, portion) VALUES (27, 117, 2);

INSERT INTO Recipe_Ingredient (recipe_id, ingredient_id, portion) VALUES (27, 125, 3);

INSERT INTO Recipe_Ingredient (recipe_id, ingredient_id, portion) VALUES (27, 47, 5);

INSERT INTO Recipe_Ingredient (recipe_id, ingredient_id, portion) VALUES (27, 143, 4);

INSERT INTO Recipe_Ingredient (recipe_id, ingredient_id, portion) VALUES (27, 175, 3);

INSERT INTO Recipe_Ingredient (recipe_id, ingredient_id, portion) VALUES (27, 34, 7);

INSERT INTO Recipe_Ingredient (recipe_id, ingredient_id, portion) VALUES (27, 52, 6);

INSERT INTO Recipe_Ingredient (recipe_id, ingredient_id, portion) VALUES (27, 126, 1);

INSERT INTO Recipe_Ingredient (recipe_id, ingredient_id, portion) VALUES (27, 129, 7);

INSERT INTO Recipe_Ingredient (recipe_id, ingredient_id, portion) VALUES (27, 159, 3);

INSERT INTO Recipe_Ingredient (recipe_id, ingredient_id, portion) VALUES (27, 105, 5);

INSERT INTO Recipe_Thematic_Unit (recipe_id, thematic_unit_id) VALUES (27, 9);

INSERT INTO Recipe_Thematic_Unit (recipe_id, thematic_unit_id) VALUES (27, 5);

INSERT INTO Recipe (recipe_type, name, national_cuisine_id, difficulty_level, description, tip1, cooking_time, prep_time, portions, basic_ingredient_id, image_id) VALUES ('cooking', 'Greek Yogurt and Honey Blueberry Muffins', 6, 4, 'Head watch listen doctor reach. Federal begin win clear seat ground.', 'better with butter instead of milk', 49, 16, 8, 173, 56);

INSERT INTO Step (recipe_id, order_number, description) VALUES (28, 1, 'World investment father evening piece network raise.');

INSERT INTO Step (recipe_id, order_number, description) VALUES (28, 2, 'Sing already these allow conference turn.');

INSERT INTO Step (recipe_id, order_number, description) VALUES (28, 3, 'Near program fish south arm people.');

INSERT INTO Step (recipe_id, order_number, description) VALUES (28, 4, 'My history let reality.');

INSERT INTO Step (recipe_id, order_number, description) VALUES (28, 5, 'Believe side hour.');

INSERT INTO Step (recipe_id, order_number, description) VALUES (28, 6, 'Close thus section.');

INSERT INTO Step (recipe_id, order_number, description) VALUES (28, 7, 'Step section sell control.');

INSERT INTO Nutritional_Info (recipe_id, fat_per_portion, carbs_per_portion, protein_per_portion) VALUES (28, 279, 80, 242);

INSERT INTO Recipe_Meal_Type (recipe_id, meal_type_id) VALUES (28, 2);

INSERT INTO Recipe_Meal_Type (recipe_id, meal_type_id) VALUES (28, 6);

INSERT INTO Recipe_Meal_Type (recipe_id, meal_type_id) VALUES (28, 1);

INSERT INTO Recipe_Label (recipe_id, label_id) VALUES (28, 3);

INSERT INTO Recipe_Label (recipe_id, label_id) VALUES (28, 10);

INSERT INTO Recipe_Label (recipe_id, label_id) VALUES (28, 6);

INSERT INTO Recipe_Label (recipe_id, label_id) VALUES (28, 4);

INSERT INTO Recipe_Equipment (recipe_id, equipment_id) VALUES (28, 16);

INSERT INTO Recipe_Equipment (recipe_id, equipment_id) VALUES (28, 24);

INSERT INTO Recipe_Equipment (recipe_id, equipment_id) VALUES (28, 33);

INSERT INTO Recipe_Equipment (recipe_id, equipment_id) VALUES (28, 45);

INSERT INTO Recipe_Equipment (recipe_id, equipment_id) VALUES (28, 48);

INSERT INTO Recipe_Ingredient (recipe_id, ingredient_id, portion) VALUES (28, 84, 8);

INSERT INTO Recipe_Ingredient (recipe_id, ingredient_id, portion) VALUES (28, 158, 7);

INSERT INTO Recipe_Ingredient (recipe_id, ingredient_id, portion) VALUES (28, 186, 3);

INSERT INTO Recipe_Ingredient (recipe_id, ingredient_id, portion) VALUES (28, 152, 6);

INSERT INTO Recipe_Ingredient (recipe_id, ingredient_id, portion) VALUES (28, 9, 1);

INSERT INTO Recipe_Ingredient (recipe_id, ingredient_id, portion) VALUES (28, 127, 1);

INSERT INTO Recipe_Ingredient (recipe_id, ingredient_id, portion) VALUES (28, 57, 6);

INSERT INTO Recipe_Ingredient (recipe_id, ingredient_id, portion) VALUES (28, 163, 6);

INSERT INTO Recipe_Ingredient (recipe_id, ingredient_id, portion) VALUES (28, 97, 3);

INSERT INTO Recipe_Ingredient (recipe_id, ingredient_id, portion) VALUES (28, 141, 8);

INSERT INTO Recipe_Ingredient (recipe_id, ingredient_id, portion) VALUES (28, 156, 1);

INSERT INTO Recipe_Ingredient (recipe_id, ingredient_id, portion) VALUES (28, 71, 1);

INSERT INTO Recipe_Ingredient (recipe_id, ingredient_id, portion) VALUES (28, 176, 4);

INSERT INTO Recipe_Ingredient (recipe_id, ingredient_id, portion) VALUES (28, 81, 3);

INSERT INTO Recipe_Ingredient (recipe_id, ingredient_id, portion) VALUES (28, 33, 8);

INSERT INTO Recipe_Ingredient (recipe_id, ingredient_id, portion) VALUES (28, 122, 4);

INSERT INTO Recipe_Ingredient (recipe_id, ingredient_id, portion) VALUES (28, 142, 4);

INSERT INTO Recipe_Ingredient (recipe_id, ingredient_id, portion) VALUES (28, 178, 4);

INSERT INTO Recipe_Ingredient (recipe_id, ingredient_id, portion) VALUES (28, 173, 3);

INSERT INTO Recipe_Thematic_Unit (recipe_id, thematic_unit_id) VALUES (28, 3);

INSERT INTO Recipe_Thematic_Unit (recipe_id, thematic_unit_id) VALUES (28, 13);

INSERT INTO Recipe_Thematic_Unit (recipe_id, thematic_unit_id) VALUES (28, 1);

INSERT INTO Recipe (recipe_type, name, national_cuisine_id, difficulty_level, description, tip1, tip2, tip3, cooking_time, prep_time, portions, basic_ingredient_id, image_id) VALUES ('pastry', 'Whole Grain Waffles', 6, 3, 'Worry fact building series the blood. Worry public clear make. Long step art concern. Nor back over.', 'better with slow cooking', 'you can store iy outside the fridge', 'you need a lot of bowls', 112, 30, 8, 184, 57);

INSERT INTO Step (recipe_id, order_number, description) VALUES (29, 1, 'Current interest institution heavy last.');

INSERT INTO Step (recipe_id, order_number, description) VALUES (29, 2, 'Take her indicate show hand.');

INSERT INTO Step (recipe_id, order_number, description) VALUES (29, 3, 'Protect memory use around sound.');

INSERT INTO Step (recipe_id, order_number, description) VALUES (29, 4, 'White suffer stay name third foreign.');

INSERT INTO Step (recipe_id, order_number, description) VALUES (29, 5, 'To region station.');

INSERT INTO Step (recipe_id, order_number, description) VALUES (29, 6, 'Shake pass appear bed lot establish.');

INSERT INTO Nutritional_Info (recipe_id, fat_per_portion, carbs_per_portion, protein_per_portion) VALUES (29, 69, 107, 237);

INSERT INTO Recipe_Meal_Type (recipe_id, meal_type_id) VALUES (29, 6);

INSERT INTO Recipe_Meal_Type (recipe_id, meal_type_id) VALUES (29, 1);

INSERT INTO Recipe_Meal_Type (recipe_id, meal_type_id) VALUES (29, 3);

INSERT INTO Recipe_Label (recipe_id, label_id) VALUES (29, 6);

INSERT INTO Recipe_Equipment (recipe_id, equipment_id) VALUES (29, 14);

INSERT INTO Recipe_Ingredient (recipe_id, ingredient_id, portion) VALUES (29, 105, 7);

INSERT INTO Recipe_Ingredient (recipe_id, ingredient_id, portion) VALUES (29, 200, 7);

INSERT INTO Recipe_Ingredient (recipe_id, ingredient_id, portion) VALUES (29, 50, 7);

INSERT INTO Recipe_Ingredient (recipe_id, ingredient_id, portion) VALUES (29, 49, 3);

INSERT INTO Recipe_Ingredient (recipe_id, ingredient_id, portion) VALUES (29, 111, 5);

INSERT INTO Recipe_Ingredient (recipe_id, ingredient_id, portion) VALUES (29, 67, 1);

INSERT INTO Recipe_Ingredient (recipe_id, ingredient_id, portion) VALUES (29, 198, 4);

INSERT INTO Recipe_Ingredient (recipe_id, ingredient_id, portion) VALUES (29, 184, 5);

INSERT INTO Recipe_Thematic_Unit (recipe_id, thematic_unit_id) VALUES (29, 9);

INSERT INTO Recipe_Thematic_Unit (recipe_id, thematic_unit_id) VALUES (29, 8);

INSERT INTO Recipe (recipe_type, name, national_cuisine_id, difficulty_level, description, tip1, tip2, tip3, cooking_time, prep_time, portions, basic_ingredient_id, image_id) VALUES ('pastry', 'Lemon Bars', 6, 5, 'Role ask here floor threat oil.', 'you need small cups', 'good with honey', 'you need a lot of bowls', 44, 19, 8, 1, 58);

INSERT INTO Step (recipe_id, order_number, description) VALUES (30, 1, 'Study address check turn tonight someone suffer.');

INSERT INTO Step (recipe_id, order_number, description) VALUES (30, 2, 'Sort charge significant.');

INSERT INTO Step (recipe_id, order_number, description) VALUES (30, 3, 'Level leg case need clear experience control.');

INSERT INTO Step (recipe_id, order_number, description) VALUES (30, 4, 'Someone apply offer data ten cover.');

INSERT INTO Step (recipe_id, order_number, description) VALUES (30, 5, 'Either season claim program body.');

INSERT INTO Step (recipe_id, order_number, description) VALUES (30, 6, 'Enjoy catch offer radio factor fact a consumer.');

INSERT INTO Nutritional_Info (recipe_id, fat_per_portion, carbs_per_portion, protein_per_portion) VALUES (30, 111, 136, 23);

INSERT INTO Recipe_Meal_Type (recipe_id, meal_type_id) VALUES (30, 1);

INSERT INTO Recipe_Label (recipe_id, label_id) VALUES (30, 8);

INSERT INTO Recipe_Label (recipe_id, label_id) VALUES (30, 3);

INSERT INTO Recipe_Label (recipe_id, label_id) VALUES (30, 5);

INSERT INTO Recipe_Label (recipe_id, label_id) VALUES (30, 1);

INSERT INTO Recipe_Equipment (recipe_id, equipment_id) VALUES (30, 40);

INSERT INTO Recipe_Equipment (recipe_id, equipment_id) VALUES (30, 34);

INSERT INTO Recipe_Ingredient (recipe_id, ingredient_id, portion) VALUES (30, 92, 1);

INSERT INTO Recipe_Ingredient (recipe_id, ingredient_id, portion) VALUES (30, 143, 3);

INSERT INTO Recipe_Ingredient (recipe_id, ingredient_id, portion) VALUES (30, 133, 3);

INSERT INTO Recipe_Ingredient (recipe_id, ingredient_id, portion) VALUES (30, 80, 3);

INSERT INTO Recipe_Ingredient (recipe_id, ingredient_id, portion) VALUES (30, 73, 1);

INSERT INTO Recipe_Ingredient (recipe_id, ingredient_id, portion) VALUES (30, 187, 6);

INSERT INTO Recipe_Ingredient (recipe_id, ingredient_id, portion) VALUES (30, 55, 5);

INSERT INTO Recipe_Ingredient (recipe_id, ingredient_id, portion) VALUES (30, 1, 6);

INSERT INTO Recipe_Thematic_Unit (recipe_id, thematic_unit_id) VALUES (30, 3);

INSERT INTO Recipe_Thematic_Unit (recipe_id, thematic_unit_id) VALUES (30, 1);

INSERT INTO Recipe_Thematic_Unit (recipe_id, thematic_unit_id) VALUES (30, 4);

INSERT INTO Recipe (recipe_type, name, national_cuisine_id, difficulty_level, description, tip1, cooking_time, prep_time, portions, basic_ingredient_id, image_id) VALUES ('cooking', 'Qahaq Cookies', 7, 4, 'Girl win less newspaper public sound. Commercial type question help fight effort plant. Training yes town despite think stand part carry.', 'you have to be careful not to let it get stack', 73, 1, 6, 123, 59);

INSERT INTO Step (recipe_id, order_number, description) VALUES (31, 1, 'Happy include of maintain here.');

INSERT INTO Step (recipe_id, order_number, description) VALUES (31, 2, 'Choose customer television material cause sound bank short.');

INSERT INTO Step (recipe_id, order_number, description) VALUES (31, 3, 'Raise edge east drive.');

INSERT INTO Nutritional_Info (recipe_id, fat_per_portion, carbs_per_portion, protein_per_portion) VALUES (31, 230, 120, 96);

INSERT INTO Recipe_Meal_Type (recipe_id, meal_type_id) VALUES (31, 3);

INSERT INTO Recipe_Meal_Type (recipe_id, meal_type_id) VALUES (31, 6);

INSERT INTO Recipe_Label (recipe_id, label_id) VALUES (31, 1);

INSERT INTO Recipe_Label (recipe_id, label_id) VALUES (31, 6);

INSERT INTO Recipe_Label (recipe_id, label_id) VALUES (31, 10);

INSERT INTO Recipe_Label (recipe_id, label_id) VALUES (31, 8);

INSERT INTO Recipe_Equipment (recipe_id, equipment_id) VALUES (31, 17);

INSERT INTO Recipe_Equipment (recipe_id, equipment_id) VALUES (31, 23);

INSERT INTO Recipe_Equipment (recipe_id, equipment_id) VALUES (31, 8);

INSERT INTO Recipe_Equipment (recipe_id, equipment_id) VALUES (31, 22);

INSERT INTO Recipe_Equipment (recipe_id, equipment_id) VALUES (31, 34);

INSERT INTO Recipe_Equipment (recipe_id, equipment_id) VALUES (31, 32);

INSERT INTO Recipe_Equipment (recipe_id, equipment_id) VALUES (31, 3);

INSERT INTO Recipe_Ingredient (recipe_id, ingredient_id, portion) VALUES (31, 46, 7);

INSERT INTO Recipe_Ingredient (recipe_id, ingredient_id, portion) VALUES (31, 16, 6);

INSERT INTO Recipe_Ingredient (recipe_id, ingredient_id, portion) VALUES (31, 125, 4);

INSERT INTO Recipe_Ingredient (recipe_id, ingredient_id, portion) VALUES (31, 29, 3);

INSERT INTO Recipe_Ingredient (recipe_id, ingredient_id, portion) VALUES (31, 98, 5);

INSERT INTO Recipe_Ingredient (recipe_id, ingredient_id, portion) VALUES (31, 177, 3);

INSERT INTO Recipe_Ingredient (recipe_id, ingredient_id, portion) VALUES (31, 65, 3);

INSERT INTO Recipe_Ingredient (recipe_id, ingredient_id, portion) VALUES (31, 86, 2);

INSERT INTO Recipe_Ingredient (recipe_id, ingredient_id, portion) VALUES (31, 54, 2);

INSERT INTO Recipe_Ingredient (recipe_id, ingredient_id, portion) VALUES (31, 90, 8);

INSERT INTO Recipe_Ingredient (recipe_id, ingredient_id, portion) VALUES (31, 27, 6);

INSERT INTO Recipe_Ingredient (recipe_id, ingredient_id, portion) VALUES (31, 134, 2);

INSERT INTO Recipe_Ingredient (recipe_id, ingredient_id, portion) VALUES (31, 189, 3);

INSERT INTO Recipe_Ingredient (recipe_id, ingredient_id, portion) VALUES (31, 187, 2);

INSERT INTO Recipe_Ingredient (recipe_id, ingredient_id, portion) VALUES (31, 97, 2);

INSERT INTO Recipe_Ingredient (recipe_id, ingredient_id, portion) VALUES (31, 192, 4);

INSERT INTO Recipe_Ingredient (recipe_id, ingredient_id, portion) VALUES (31, 123, 3);

INSERT INTO Recipe_Thematic_Unit (recipe_id, thematic_unit_id) VALUES (31, 14);

INSERT INTO Recipe_Thematic_Unit (recipe_id, thematic_unit_id) VALUES (31, 11);

INSERT INTO Recipe_Thematic_Unit (recipe_id, thematic_unit_id) VALUES (31, 9);

INSERT INTO Recipe (recipe_type, name, national_cuisine_id, difficulty_level, description, tip1, cooking_time, prep_time, portions, basic_ingredient_id, image_id) VALUES ('pastry', 'Blondies with Nutella', 7, 2, 'Baby threat coach go economic. Public shoulder forget particularly pass dinner begin.', 'better with feta cheese', 65, 32, 2, 50, 60);

INSERT INTO Step (recipe_id, order_number, description) VALUES (32, 1, 'Argue activity heart always thousand suddenly.');

INSERT INTO Step (recipe_id, order_number, description) VALUES (32, 2, 'Society above happen upon end hot else.');

INSERT INTO Step (recipe_id, order_number, description) VALUES (32, 3, 'Staff public with sister front store.');

INSERT INTO Step (recipe_id, order_number, description) VALUES (32, 4, 'Analysis town understand.');

INSERT INTO Step (recipe_id, order_number, description) VALUES (32, 5, 'Resource yourself Mrs human though.');

INSERT INTO Step (recipe_id, order_number, description) VALUES (32, 6, 'Prove manager sometimes leg election little consumer.');

INSERT INTO Nutritional_Info (recipe_id, fat_per_portion, carbs_per_portion, protein_per_portion) VALUES (32, 113, 113, 207);

INSERT INTO Recipe_Meal_Type (recipe_id, meal_type_id) VALUES (32, 5);

INSERT INTO Recipe_Label (recipe_id, label_id) VALUES (32, 10);

INSERT INTO Recipe_Label (recipe_id, label_id) VALUES (32, 6);

INSERT INTO Recipe_Label (recipe_id, label_id) VALUES (32, 3);

INSERT INTO Recipe_Label (recipe_id, label_id) VALUES (32, 9);

INSERT INTO Recipe_Equipment (recipe_id, equipment_id) VALUES (32, 11);

INSERT INTO Recipe_Equipment (recipe_id, equipment_id) VALUES (32, 19);

INSERT INTO Recipe_Equipment (recipe_id, equipment_id) VALUES (32, 9);

INSERT INTO Recipe_Equipment (recipe_id, equipment_id) VALUES (32, 29);

INSERT INTO Recipe_Equipment (recipe_id, equipment_id) VALUES (32, 5);

INSERT INTO Recipe_Ingredient (recipe_id, ingredient_id, portion) VALUES (32, 194, 5);

INSERT INTO Recipe_Ingredient (recipe_id, ingredient_id, portion) VALUES (32, 50, 7);

INSERT INTO Recipe_Thematic_Unit (recipe_id, thematic_unit_id) VALUES (32, 1);

INSERT INTO Recipe_Thematic_Unit (recipe_id, thematic_unit_id) VALUES (32, 15);

INSERT INTO Recipe (recipe_type, name, national_cuisine_id, difficulty_level, description, tip1, tip2, tip3, cooking_time, prep_time, portions, basic_ingredient_id, image_id) VALUES ('cooking', 'Hot Chocolate', 7, 3, 'Group discuss few five only. Huge section land hour peace guy. Cut should energy serve.', 'you need a lot of bowls', 'better when fresh', 'better with gloves', 121, 6, 4, 125, 61);

INSERT INTO Step (recipe_id, order_number, description) VALUES (33, 1, 'Area always yes smile eat either cut.');

INSERT INTO Step (recipe_id, order_number, description) VALUES (33, 2, 'Evidence alone behind break hand discuss.');

INSERT INTO Step (recipe_id, order_number, description) VALUES (33, 3, 'Republican laugh want turn.');

INSERT INTO Step (recipe_id, order_number, description) VALUES (33, 4, 'Seem these news green community.');

INSERT INTO Step (recipe_id, order_number, description) VALUES (33, 5, 'Simply admit dark sure job lose.');

INSERT INTO Step (recipe_id, order_number, description) VALUES (33, 6, 'Hard challenge writer.');

INSERT INTO Nutritional_Info (recipe_id, fat_per_portion, carbs_per_portion, protein_per_portion) VALUES (33, 247, 121, 187);

INSERT INTO Recipe_Meal_Type (recipe_id, meal_type_id) VALUES (33, 4);

INSERT INTO Recipe_Meal_Type (recipe_id, meal_type_id) VALUES (33, 6);

INSERT INTO Recipe_Label (recipe_id, label_id) VALUES (33, 9);

INSERT INTO Recipe_Label (recipe_id, label_id) VALUES (33, 6);

INSERT INTO Recipe_Label (recipe_id, label_id) VALUES (33, 4);

INSERT INTO Recipe_Equipment (recipe_id, equipment_id) VALUES (33, 12);

INSERT INTO Recipe_Equipment (recipe_id, equipment_id) VALUES (33, 10);

INSERT INTO Recipe_Equipment (recipe_id, equipment_id) VALUES (33, 1);

INSERT INTO Recipe_Equipment (recipe_id, equipment_id) VALUES (33, 2);

INSERT INTO Recipe_Equipment (recipe_id, equipment_id) VALUES (33, 9);

INSERT INTO Recipe_Equipment (recipe_id, equipment_id) VALUES (33, 40);

INSERT INTO Recipe_Equipment (recipe_id, equipment_id) VALUES (33, 30);

INSERT INTO Recipe_Equipment (recipe_id, equipment_id) VALUES (33, 6);

INSERT INTO Recipe_Ingredient (recipe_id, ingredient_id, portion) VALUES (33, 120, 6);

INSERT INTO Recipe_Ingredient (recipe_id, ingredient_id, portion) VALUES (33, 183, 4);

INSERT INTO Recipe_Ingredient (recipe_id, ingredient_id, portion) VALUES (33, 95, 4);

INSERT INTO Recipe_Ingredient (recipe_id, ingredient_id, portion) VALUES (33, 157, 4);

INSERT INTO Recipe_Ingredient (recipe_id, ingredient_id, portion) VALUES (33, 78, 4);

INSERT INTO Recipe_Ingredient (recipe_id, ingredient_id, portion) VALUES (33, 88, 3);

INSERT INTO Recipe_Ingredient (recipe_id, ingredient_id, portion) VALUES (33, 166, 3);

INSERT INTO Recipe_Ingredient (recipe_id, ingredient_id, portion) VALUES (33, 186, 7);

INSERT INTO Recipe_Ingredient (recipe_id, ingredient_id, portion) VALUES (33, 38, 1);

INSERT INTO Recipe_Ingredient (recipe_id, ingredient_id, portion) VALUES (33, 65, 6);

INSERT INTO Recipe_Ingredient (recipe_id, ingredient_id, portion) VALUES (33, 101, 2);

INSERT INTO Recipe_Ingredient (recipe_id, ingredient_id, portion) VALUES (33, 73, 8);

INSERT INTO Recipe_Ingredient (recipe_id, ingredient_id, portion) VALUES (33, 125, 5);

INSERT INTO Recipe_Thematic_Unit (recipe_id, thematic_unit_id) VALUES (33, 14);

INSERT INTO Recipe_Thematic_Unit (recipe_id, thematic_unit_id) VALUES (33, 10);

INSERT INTO Recipe_Thematic_Unit (recipe_id, thematic_unit_id) VALUES (33, 8);

INSERT INTO Recipe (recipe_type, name, national_cuisine_id, difficulty_level, description, tip1, cooking_time, prep_time, portions, basic_ingredient_id, image_id) VALUES ('cooking', 'Chocolate Mousse', 7, 4, 'Off say agency strong develop easy account. Break north participant. Those big dog several you.', 'you can use leftovers', 104, 9, 2, 158, 62);

INSERT INTO Step (recipe_id, order_number, description) VALUES (34, 1, 'Young bring PM rich force support.');

INSERT INTO Step (recipe_id, order_number, description) VALUES (34, 2, 'Officer often federal million visit.');

INSERT INTO Step (recipe_id, order_number, description) VALUES (34, 3, 'Development do well.');

INSERT INTO Step (recipe_id, order_number, description) VALUES (34, 4, 'Spend from painting people part.');

INSERT INTO Step (recipe_id, order_number, description) VALUES (34, 5, 'Professor model even.');

INSERT INTO Nutritional_Info (recipe_id, fat_per_portion, carbs_per_portion, protein_per_portion) VALUES (34, 78, 98, 37);

INSERT INTO Recipe_Meal_Type (recipe_id, meal_type_id) VALUES (34, 5);

INSERT INTO Recipe_Meal_Type (recipe_id, meal_type_id) VALUES (34, 1);

INSERT INTO Recipe_Meal_Type (recipe_id, meal_type_id) VALUES (34, 3);

INSERT INTO Recipe_Label (recipe_id, label_id) VALUES (34, 5);

INSERT INTO Recipe_Label (recipe_id, label_id) VALUES (34, 1);

INSERT INTO Recipe_Label (recipe_id, label_id) VALUES (34, 6);

INSERT INTO Recipe_Label (recipe_id, label_id) VALUES (34, 7);

INSERT INTO Recipe_Equipment (recipe_id, equipment_id) VALUES (34, 42);

INSERT INTO Recipe_Equipment (recipe_id, equipment_id) VALUES (34, 20);

INSERT INTO Recipe_Equipment (recipe_id, equipment_id) VALUES (34, 8);

INSERT INTO Recipe_Equipment (recipe_id, equipment_id) VALUES (34, 30);

INSERT INTO Recipe_Ingredient (recipe_id, ingredient_id, portion) VALUES (34, 38, 7);

INSERT INTO Recipe_Ingredient (recipe_id, ingredient_id, portion) VALUES (34, 158, 6);

INSERT INTO Recipe_Thematic_Unit (recipe_id, thematic_unit_id) VALUES (34, 4);

INSERT INTO Recipe_Thematic_Unit (recipe_id, thematic_unit_id) VALUES (34, 10);

INSERT INTO Recipe_Thematic_Unit (recipe_id, thematic_unit_id) VALUES (34, 13);

INSERT INTO Recipe (recipe_type, name, national_cuisine_id, difficulty_level, description, tip1, cooking_time, prep_time, portions, basic_ingredient_id, image_id) VALUES ('cooking', 'Smores Cookie Bars', 7, 3, 'Continue look southern series. I prevent appear score indeed why chance. Hair structure image firm. Must somebody from growth commercial.', 'better with a blender', 133, 23, 8, 59, 63);

INSERT INTO Step (recipe_id, order_number, description) VALUES (35, 1, 'Deal wear only help near account economic.');

INSERT INTO Step (recipe_id, order_number, description) VALUES (35, 2, 'Figure else song rich one by evidence.');

INSERT INTO Nutritional_Info (recipe_id, fat_per_portion, carbs_per_portion, protein_per_portion) VALUES (35, 300, 59, 177);

INSERT INTO Recipe_Meal_Type (recipe_id, meal_type_id) VALUES (35, 5);

INSERT INTO Recipe_Label (recipe_id, label_id) VALUES (35, 1);

INSERT INTO Recipe_Label (recipe_id, label_id) VALUES (35, 6);

INSERT INTO Recipe_Label (recipe_id, label_id) VALUES (35, 8);

INSERT INTO Recipe_Label (recipe_id, label_id) VALUES (35, 10);

INSERT INTO Recipe_Equipment (recipe_id, equipment_id) VALUES (35, 38);

INSERT INTO Recipe_Ingredient (recipe_id, ingredient_id, portion) VALUES (35, 66, 5);

INSERT INTO Recipe_Ingredient (recipe_id, ingredient_id, portion) VALUES (35, 140, 8);

INSERT INTO Recipe_Ingredient (recipe_id, ingredient_id, portion) VALUES (35, 19, 8);

INSERT INTO Recipe_Ingredient (recipe_id, ingredient_id, portion) VALUES (35, 195, 2);

INSERT INTO Recipe_Ingredient (recipe_id, ingredient_id, portion) VALUES (35, 183, 1);

INSERT INTO Recipe_Ingredient (recipe_id, ingredient_id, portion) VALUES (35, 36, 2);

INSERT INTO Recipe_Ingredient (recipe_id, ingredient_id, portion) VALUES (35, 79, 2);

INSERT INTO Recipe_Ingredient (recipe_id, ingredient_id, portion) VALUES (35, 4, 2);

INSERT INTO Recipe_Ingredient (recipe_id, ingredient_id, portion) VALUES (35, 127, 8);

INSERT INTO Recipe_Ingredient (recipe_id, ingredient_id, portion) VALUES (35, 71, 5);

INSERT INTO Recipe_Ingredient (recipe_id, ingredient_id, portion) VALUES (35, 69, 7);

INSERT INTO Recipe_Ingredient (recipe_id, ingredient_id, portion) VALUES (35, 138, 8);

INSERT INTO Recipe_Ingredient (recipe_id, ingredient_id, portion) VALUES (35, 83, 3);

INSERT INTO Recipe_Ingredient (recipe_id, ingredient_id, portion) VALUES (35, 90, 6);

INSERT INTO Recipe_Ingredient (recipe_id, ingredient_id, portion) VALUES (35, 178, 7);

INSERT INTO Recipe_Ingredient (recipe_id, ingredient_id, portion) VALUES (35, 59, 3);

INSERT INTO Recipe_Thematic_Unit (recipe_id, thematic_unit_id) VALUES (35, 6);

INSERT INTO Recipe_Thematic_Unit (recipe_id, thematic_unit_id) VALUES (35, 5);

INSERT INTO Recipe (recipe_type, name, national_cuisine_id, difficulty_level, description, tip1, tip2, tip3, cooking_time, prep_time, portions, basic_ingredient_id, image_id) VALUES ('cooking', 'Orange Chicken', 8, 1, 'Vote character pay national.', 'you need 2 people to make it', 'better with gloves', 'it needs a fridge', 30, 45, 4, 150, 64);

INSERT INTO Step (recipe_id, order_number, description) VALUES (36, 1, 'Cost under represent.');

INSERT INTO Step (recipe_id, order_number, description) VALUES (36, 2, 'Minute particular same there available appear sport.');

INSERT INTO Step (recipe_id, order_number, description) VALUES (36, 3, 'Choose natural collection hair over myself.');

INSERT INTO Nutritional_Info (recipe_id, fat_per_portion, carbs_per_portion, protein_per_portion) VALUES (36, 93, 181, 36);

INSERT INTO Recipe_Meal_Type (recipe_id, meal_type_id) VALUES (36, 5);

INSERT INTO Recipe_Meal_Type (recipe_id, meal_type_id) VALUES (36, 6);

INSERT INTO Recipe_Label (recipe_id, label_id) VALUES (36, 3);

INSERT INTO Recipe_Label (recipe_id, label_id) VALUES (36, 9);

INSERT INTO Recipe_Label (recipe_id, label_id) VALUES (36, 7);

INSERT INTO Recipe_Equipment (recipe_id, equipment_id) VALUES (36, 41);

INSERT INTO Recipe_Equipment (recipe_id, equipment_id) VALUES (36, 16);

INSERT INTO Recipe_Equipment (recipe_id, equipment_id) VALUES (36, 37);

INSERT INTO Recipe_Equipment (recipe_id, equipment_id) VALUES (36, 14);

INSERT INTO Recipe_Equipment (recipe_id, equipment_id) VALUES (36, 47);

INSERT INTO Recipe_Equipment (recipe_id, equipment_id) VALUES (36, 26);

INSERT INTO Recipe_Equipment (recipe_id, equipment_id) VALUES (36, 8);

INSERT INTO Recipe_Equipment (recipe_id, equipment_id) VALUES (36, 36);

INSERT INTO Recipe_Equipment (recipe_id, equipment_id) VALUES (36, 23);

INSERT INTO Recipe_Ingredient (recipe_id, ingredient_id, portion) VALUES (36, 166, 8);

INSERT INTO Recipe_Ingredient (recipe_id, ingredient_id, portion) VALUES (36, 78, 4);

INSERT INTO Recipe_Ingredient (recipe_id, ingredient_id, portion) VALUES (36, 92, 6);

INSERT INTO Recipe_Ingredient (recipe_id, ingredient_id, portion) VALUES (36, 43, 7);

INSERT INTO Recipe_Ingredient (recipe_id, ingredient_id, portion) VALUES (36, 3, 4);

INSERT INTO Recipe_Ingredient (recipe_id, ingredient_id, portion) VALUES (36, 40, 3);

INSERT INTO Recipe_Ingredient (recipe_id, ingredient_id, portion) VALUES (36, 68, 6);

INSERT INTO Recipe_Ingredient (recipe_id, ingredient_id, portion) VALUES (36, 152, 5);

INSERT INTO Recipe_Ingredient (recipe_id, ingredient_id, portion) VALUES (36, 165, 3);

INSERT INTO Recipe_Ingredient (recipe_id, ingredient_id, portion) VALUES (36, 80, 8);

INSERT INTO Recipe_Ingredient (recipe_id, ingredient_id, portion) VALUES (36, 69, 3);

INSERT INTO Recipe_Ingredient (recipe_id, ingredient_id, portion) VALUES (36, 138, 5);

INSERT INTO Recipe_Ingredient (recipe_id, ingredient_id, portion) VALUES (36, 150, 4);

INSERT INTO Recipe_Thematic_Unit (recipe_id, thematic_unit_id) VALUES (36, 2);

INSERT INTO Recipe_Thematic_Unit (recipe_id, thematic_unit_id) VALUES (36, 12);

INSERT INTO Recipe_Thematic_Unit (recipe_id, thematic_unit_id) VALUES (36, 4);

INSERT INTO Recipe (recipe_type, name, national_cuisine_id, difficulty_level, description, tip1, tip2, tip3, cooking_time, prep_time, portions, basic_ingredient_id, image_id) VALUES ('pastry', 'Tostadas', 8, 1, 'Do window fight long more. Three sure end green. Ground second body service soon once.', 'better without sugar', 'you need an oven', 'you can store iy outside the fridge', 127, 14, 4, 112, 65);

INSERT INTO Step (recipe_id, order_number, description) VALUES (37, 1, 'Animal significant family doctor market decide.');

INSERT INTO Step (recipe_id, order_number, description) VALUES (37, 2, 'Until analysis sister really them per single.');

INSERT INTO Step (recipe_id, order_number, description) VALUES (37, 3, 'Bank not pull allow do.');

INSERT INTO Nutritional_Info (recipe_id, fat_per_portion, carbs_per_portion, protein_per_portion) VALUES (37, 205, 149, 126);

INSERT INTO Recipe_Meal_Type (recipe_id, meal_type_id) VALUES (37, 2);

INSERT INTO Recipe_Meal_Type (recipe_id, meal_type_id) VALUES (37, 4);

INSERT INTO Recipe_Meal_Type (recipe_id, meal_type_id) VALUES (37, 1);

INSERT INTO Recipe_Label (recipe_id, label_id) VALUES (37, 10);

INSERT INTO Recipe_Label (recipe_id, label_id) VALUES (37, 6);

INSERT INTO Recipe_Label (recipe_id, label_id) VALUES (37, 1);

INSERT INTO Recipe_Equipment (recipe_id, equipment_id) VALUES (37, 1);

INSERT INTO Recipe_Ingredient (recipe_id, ingredient_id, portion) VALUES (37, 198, 2);

INSERT INTO Recipe_Ingredient (recipe_id, ingredient_id, portion) VALUES (37, 44, 2);

INSERT INTO Recipe_Ingredient (recipe_id, ingredient_id, portion) VALUES (37, 190, 2);

INSERT INTO Recipe_Ingredient (recipe_id, ingredient_id, portion) VALUES (37, 119, 1);

INSERT INTO Recipe_Ingredient (recipe_id, ingredient_id, portion) VALUES (37, 168, 4);

INSERT INTO Recipe_Ingredient (recipe_id, ingredient_id, portion) VALUES (37, 87, 8);

INSERT INTO Recipe_Ingredient (recipe_id, ingredient_id, portion) VALUES (37, 94, 4);

INSERT INTO Recipe_Ingredient (recipe_id, ingredient_id, portion) VALUES (37, 189, 2);

INSERT INTO Recipe_Ingredient (recipe_id, ingredient_id, portion) VALUES (37, 178, 3);

INSERT INTO Recipe_Ingredient (recipe_id, ingredient_id, portion) VALUES (37, 192, 8);

INSERT INTO Recipe_Ingredient (recipe_id, ingredient_id, portion) VALUES (37, 166, 8);

INSERT INTO Recipe_Ingredient (recipe_id, ingredient_id, portion) VALUES (37, 116, 2);

INSERT INTO Recipe_Ingredient (recipe_id, ingredient_id, portion) VALUES (37, 118, 4);

INSERT INTO Recipe_Ingredient (recipe_id, ingredient_id, portion) VALUES (37, 173, 1);

INSERT INTO Recipe_Ingredient (recipe_id, ingredient_id, portion) VALUES (37, 140, 7);

INSERT INTO Recipe_Ingredient (recipe_id, ingredient_id, portion) VALUES (37, 102, 2);

INSERT INTO Recipe_Ingredient (recipe_id, ingredient_id, portion) VALUES (37, 157, 4);

INSERT INTO Recipe_Ingredient (recipe_id, ingredient_id, portion) VALUES (37, 155, 3);

INSERT INTO Recipe_Ingredient (recipe_id, ingredient_id, portion) VALUES (37, 76, 1);

INSERT INTO Recipe_Ingredient (recipe_id, ingredient_id, portion) VALUES (37, 112, 4);

INSERT INTO Recipe_Thematic_Unit (recipe_id, thematic_unit_id) VALUES (37, 12);

INSERT INTO Recipe_Thematic_Unit (recipe_id, thematic_unit_id) VALUES (37, 10);

INSERT INTO Recipe_Thematic_Unit (recipe_id, thematic_unit_id) VALUES (37, 9);

INSERT INTO Recipe (recipe_type, name, national_cuisine_id, difficulty_level, description, tip1, cooking_time, prep_time, portions, basic_ingredient_id, image_id) VALUES ('pastry', 'Black Bean Stuffed Sweet Potatoes', 8, 3, 'Husband card serious represent young.', 'you need 2 people to make it', 111, 20, 3, 52, 66);

INSERT INTO Step (recipe_id, order_number, description) VALUES (38, 1, 'Political mind hot serious still nation majority.');

INSERT INTO Step (recipe_id, order_number, description) VALUES (38, 2, 'Feeling bag wife.');

INSERT INTO Step (recipe_id, order_number, description) VALUES (38, 3, 'Understand tonight member would animal.');

INSERT INTO Step (recipe_id, order_number, description) VALUES (38, 4, 'Or past life front model fact though rate.');

INSERT INTO Nutritional_Info (recipe_id, fat_per_portion, carbs_per_portion, protein_per_portion) VALUES (38, 116, 152, 84);

INSERT INTO Recipe_Meal_Type (recipe_id, meal_type_id) VALUES (38, 4);

INSERT INTO Recipe_Meal_Type (recipe_id, meal_type_id) VALUES (38, 1);

INSERT INTO Recipe_Meal_Type (recipe_id, meal_type_id) VALUES (38, 3);

INSERT INTO Recipe_Label (recipe_id, label_id) VALUES (38, 8);

INSERT INTO Recipe_Equipment (recipe_id, equipment_id) VALUES (38, 17);

INSERT INTO Recipe_Equipment (recipe_id, equipment_id) VALUES (38, 32);

INSERT INTO Recipe_Equipment (recipe_id, equipment_id) VALUES (38, 2);

INSERT INTO Recipe_Ingredient (recipe_id, ingredient_id, portion) VALUES (38, 88, 4);

INSERT INTO Recipe_Ingredient (recipe_id, ingredient_id, portion) VALUES (38, 195, 5);

INSERT INTO Recipe_Ingredient (recipe_id, ingredient_id, portion) VALUES (38, 63, 7);

INSERT INTO Recipe_Ingredient (recipe_id, ingredient_id, portion) VALUES (38, 160, 1);

INSERT INTO Recipe_Ingredient (recipe_id, ingredient_id, portion) VALUES (38, 73, 8);

INSERT INTO Recipe_Ingredient (recipe_id, ingredient_id, portion) VALUES (38, 98, 2);

INSERT INTO Recipe_Ingredient (recipe_id, ingredient_id, portion) VALUES (38, 200, 1);

INSERT INTO Recipe_Ingredient (recipe_id, ingredient_id, portion) VALUES (38, 52, 7);

INSERT INTO Recipe_Thematic_Unit (recipe_id, thematic_unit_id) VALUES (38, 2);

INSERT INTO Recipe (recipe_type, name, national_cuisine_id, difficulty_level, description, tip1, tip2, cooking_time, prep_time, portions, basic_ingredient_id, image_id) VALUES ('pastry', 'Asian Shredded Beef', 8, 2, 'No life send guy drug. Reason seat part culture care as could. Everybody expert center thing.', 'it needs a fridge', 'in the fridge for 3 days', 38, 36, 8, 138, 67);

INSERT INTO Step (recipe_id, order_number, description) VALUES (39, 1, 'Itself rule wear himself.');

INSERT INTO Step (recipe_id, order_number, description) VALUES (39, 2, 'Help involve job rule property.');

INSERT INTO Step (recipe_id, order_number, description) VALUES (39, 3, 'Usually again east mind into last.');

INSERT INTO Step (recipe_id, order_number, description) VALUES (39, 4, 'Realize government job.');

INSERT INTO Step (recipe_id, order_number, description) VALUES (39, 5, 'Spend capital interest treat.');

INSERT INTO Step (recipe_id, order_number, description) VALUES (39, 6, 'Store job mother will.');

INSERT INTO Step (recipe_id, order_number, description) VALUES (39, 7, 'Garden seven campaign.');

INSERT INTO Nutritional_Info (recipe_id, fat_per_portion, carbs_per_portion, protein_per_portion) VALUES (39, 349, 44, 143);

INSERT INTO Recipe_Meal_Type (recipe_id, meal_type_id) VALUES (39, 6);

INSERT INTO Recipe_Meal_Type (recipe_id, meal_type_id) VALUES (39, 2);

INSERT INTO Recipe_Label (recipe_id, label_id) VALUES (39, 7);

INSERT INTO Recipe_Equipment (recipe_id, equipment_id) VALUES (39, 21);

INSERT INTO Recipe_Equipment (recipe_id, equipment_id) VALUES (39, 34);

INSERT INTO Recipe_Ingredient (recipe_id, ingredient_id, portion) VALUES (39, 32, 5);

INSERT INTO Recipe_Ingredient (recipe_id, ingredient_id, portion) VALUES (39, 173, 4);

INSERT INTO Recipe_Ingredient (recipe_id, ingredient_id, portion) VALUES (39, 177, 5);

INSERT INTO Recipe_Ingredient (recipe_id, ingredient_id, portion) VALUES (39, 57, 2);

INSERT INTO Recipe_Ingredient (recipe_id, ingredient_id, portion) VALUES (39, 138, 1);

INSERT INTO Recipe_Thematic_Unit (recipe_id, thematic_unit_id) VALUES (39, 14);

INSERT INTO Recipe_Thematic_Unit (recipe_id, thematic_unit_id) VALUES (39, 9);

INSERT INTO Recipe (recipe_type, name, national_cuisine_id, difficulty_level, description, tip1, tip2, tip3, cooking_time, prep_time, portions, basic_ingredient_id, image_id) VALUES ('cooking', 'Capellini with sausage, spinach, and jalapeno', 8, 1, 'Generation fish own talk various. Product very shake herself beyond want. Level from ten produce free visit maybe west.', 'you need 2 people to make it', 'better with gloves', 'you need small cups', 53, 28, 4, 9, 68);

INSERT INTO Step (recipe_id, order_number, description) VALUES (40, 1, 'Health white card main energy.');

INSERT INTO Step (recipe_id, order_number, description) VALUES (40, 2, 'Side edge whole along watch free authority.');

INSERT INTO Step (recipe_id, order_number, description) VALUES (40, 3, 'Tree natural group music.');

INSERT INTO Step (recipe_id, order_number, description) VALUES (40, 4, 'Professional last capital seven.');

INSERT INTO Step (recipe_id, order_number, description) VALUES (40, 5, 'Player there usually through Congress boy.');

INSERT INTO Nutritional_Info (recipe_id, fat_per_portion, carbs_per_portion, protein_per_portion) VALUES (40, 75, 156, 73);

INSERT INTO Recipe_Meal_Type (recipe_id, meal_type_id) VALUES (40, 3);

INSERT INTO Recipe_Label (recipe_id, label_id) VALUES (40, 10);

INSERT INTO Recipe_Label (recipe_id, label_id) VALUES (40, 9);

INSERT INTO Recipe_Equipment (recipe_id, equipment_id) VALUES (40, 11);

INSERT INTO Recipe_Equipment (recipe_id, equipment_id) VALUES (40, 2);

INSERT INTO Recipe_Equipment (recipe_id, equipment_id) VALUES (40, 39);

INSERT INTO Recipe_Equipment (recipe_id, equipment_id) VALUES (40, 46);

INSERT INTO Recipe_Equipment (recipe_id, equipment_id) VALUES (40, 3);

INSERT INTO Recipe_Equipment (recipe_id, equipment_id) VALUES (40, 31);

INSERT INTO Recipe_Equipment (recipe_id, equipment_id) VALUES (40, 12);

INSERT INTO Recipe_Equipment (recipe_id, equipment_id) VALUES (40, 37);

INSERT INTO Recipe_Equipment (recipe_id, equipment_id) VALUES (40, 7);

INSERT INTO Recipe_Equipment (recipe_id, equipment_id) VALUES (40, 44);

INSERT INTO Recipe_Ingredient (recipe_id, ingredient_id, portion) VALUES (40, 193, 3);

INSERT INTO Recipe_Ingredient (recipe_id, ingredient_id, portion) VALUES (40, 144, 7);

INSERT INTO Recipe_Ingredient (recipe_id, ingredient_id, portion) VALUES (40, 146, 5);

INSERT INTO Recipe_Ingredient (recipe_id, ingredient_id, portion) VALUES (40, 123, 3);

INSERT INTO Recipe_Ingredient (recipe_id, ingredient_id, portion) VALUES (40, 102, 7);

INSERT INTO Recipe_Ingredient (recipe_id, ingredient_id, portion) VALUES (40, 158, 7);

INSERT INTO Recipe_Ingredient (recipe_id, ingredient_id, portion) VALUES (40, 89, 1);

INSERT INTO Recipe_Ingredient (recipe_id, ingredient_id, portion) VALUES (40, 64, 1);

INSERT INTO Recipe_Ingredient (recipe_id, ingredient_id, portion) VALUES (40, 115, 2);

INSERT INTO Recipe_Ingredient (recipe_id, ingredient_id, portion) VALUES (40, 134, 7);

INSERT INTO Recipe_Ingredient (recipe_id, ingredient_id, portion) VALUES (40, 86, 5);

INSERT INTO Recipe_Ingredient (recipe_id, ingredient_id, portion) VALUES (40, 70, 7);

INSERT INTO Recipe_Ingredient (recipe_id, ingredient_id, portion) VALUES (40, 9, 7);

INSERT INTO Recipe_Thematic_Unit (recipe_id, thematic_unit_id) VALUES (40, 7);

INSERT INTO Recipe (recipe_type, name, national_cuisine_id, difficulty_level, description, tip1, tip2, cooking_time, prep_time, portions, basic_ingredient_id, image_id) VALUES ('cooking', 'Crispy Chicken with Kale', 9, 4, 'Political thought building commercial. Source guess Mrs white consumer. Measure anything box individual. Night concern writer finally decide eight represent.', 'you need salt', 'better after 2 days', 49, 36, 8, 177, 69);

INSERT INTO Step (recipe_id, order_number, description) VALUES (41, 1, 'Test task reflect Mr.');

INSERT INTO Step (recipe_id, order_number, description) VALUES (41, 2, 'Single lose fight head truth pay them.');

INSERT INTO Step (recipe_id, order_number, description) VALUES (41, 3, 'Where moment very painting success unit series.');

INSERT INTO Step (recipe_id, order_number, description) VALUES (41, 4, 'Stand should year man opportunity form.');

INSERT INTO Step (recipe_id, order_number, description) VALUES (41, 5, 'Everybody table call present.');

INSERT INTO Nutritional_Info (recipe_id, fat_per_portion, carbs_per_portion, protein_per_portion) VALUES (41, 231, 38, 226);

INSERT INTO Recipe_Meal_Type (recipe_id, meal_type_id) VALUES (41, 6);

INSERT INTO Recipe_Label (recipe_id, label_id) VALUES (41, 4);

INSERT INTO Recipe_Equipment (recipe_id, equipment_id) VALUES (41, 17);

INSERT INTO Recipe_Equipment (recipe_id, equipment_id) VALUES (41, 6);

INSERT INTO Recipe_Equipment (recipe_id, equipment_id) VALUES (41, 4);

INSERT INTO Recipe_Equipment (recipe_id, equipment_id) VALUES (41, 28);

INSERT INTO Recipe_Equipment (recipe_id, equipment_id) VALUES (41, 45);

INSERT INTO Recipe_Equipment (recipe_id, equipment_id) VALUES (41, 10);

INSERT INTO Recipe_Equipment (recipe_id, equipment_id) VALUES (41, 36);

INSERT INTO Recipe_Equipment (recipe_id, equipment_id) VALUES (41, 3);

INSERT INTO Recipe_Equipment (recipe_id, equipment_id) VALUES (41, 30);

INSERT INTO Recipe_Ingredient (recipe_id, ingredient_id, portion) VALUES (41, 98, 4);

INSERT INTO Recipe_Ingredient (recipe_id, ingredient_id, portion) VALUES (41, 144, 6);

INSERT INTO Recipe_Ingredient (recipe_id, ingredient_id, portion) VALUES (41, 40, 6);

INSERT INTO Recipe_Ingredient (recipe_id, ingredient_id, portion) VALUES (41, 42, 7);

INSERT INTO Recipe_Ingredient (recipe_id, ingredient_id, portion) VALUES (41, 193, 4);

INSERT INTO Recipe_Ingredient (recipe_id, ingredient_id, portion) VALUES (41, 85, 8);

INSERT INTO Recipe_Ingredient (recipe_id, ingredient_id, portion) VALUES (41, 145, 3);

INSERT INTO Recipe_Ingredient (recipe_id, ingredient_id, portion) VALUES (41, 113, 5);

INSERT INTO Recipe_Ingredient (recipe_id, ingredient_id, portion) VALUES (41, 177, 4);

INSERT INTO Recipe_Thematic_Unit (recipe_id, thematic_unit_id) VALUES (41, 6);

INSERT INTO Recipe (recipe_type, name, national_cuisine_id, difficulty_level, description, tip1, tip2, tip3, cooking_time, prep_time, portions, basic_ingredient_id, image_id) VALUES ('pastry', 'Roast Chicken Grain Bowl', 9, 1, 'Safe prevent sister tax glass president.', 'you need to use your hands', 'in the fridge for 3 days', 'better with butter instead of milk', 54, 5, 5, 193, 70);

INSERT INTO Step (recipe_id, order_number, description) VALUES (42, 1, 'However by child marriage energy.');

INSERT INTO Step (recipe_id, order_number, description) VALUES (42, 2, 'Ago true fight top.');

INSERT INTO Nutritional_Info (recipe_id, fat_per_portion, carbs_per_portion, protein_per_portion) VALUES (42, 298, 69, 165);

INSERT INTO Recipe_Meal_Type (recipe_id, meal_type_id) VALUES (42, 5);

INSERT INTO Recipe_Meal_Type (recipe_id, meal_type_id) VALUES (42, 3);

INSERT INTO Recipe_Meal_Type (recipe_id, meal_type_id) VALUES (42, 6);

INSERT INTO Recipe_Label (recipe_id, label_id) VALUES (42, 2);

INSERT INTO Recipe_Label (recipe_id, label_id) VALUES (42, 3);

INSERT INTO Recipe_Equipment (recipe_id, equipment_id) VALUES (42, 33);

INSERT INTO Recipe_Equipment (recipe_id, equipment_id) VALUES (42, 9);

INSERT INTO Recipe_Equipment (recipe_id, equipment_id) VALUES (42, 23);

INSERT INTO Recipe_Ingredient (recipe_id, ingredient_id, portion) VALUES (42, 115, 6);

INSERT INTO Recipe_Ingredient (recipe_id, ingredient_id, portion) VALUES (42, 163, 4);

INSERT INTO Recipe_Ingredient (recipe_id, ingredient_id, portion) VALUES (42, 193, 2);

INSERT INTO Recipe_Thematic_Unit (recipe_id, thematic_unit_id) VALUES (42, 3);

INSERT INTO Recipe (recipe_type, name, national_cuisine_id, difficulty_level, description, tip1, cooking_time, prep_time, portions, basic_ingredient_id, image_id) VALUES ('pastry', 'Chicken thighs with barley and peas', 9, 5, 'Entire nor build. Second buy available we move suggest short. Professor central store student president organization generation.', 'you can store iy outside the fridge', 55, 18, 4, 140, 71);

INSERT INTO Step (recipe_id, order_number, description) VALUES (43, 1, 'Fall bit any war would catch.');

INSERT INTO Step (recipe_id, order_number, description) VALUES (43, 2, 'Toward around cut.');

INSERT INTO Nutritional_Info (recipe_id, fat_per_portion, carbs_per_portion, protein_per_portion) VALUES (43, 357, 146, 110);

INSERT INTO Recipe_Meal_Type (recipe_id, meal_type_id) VALUES (43, 3);

INSERT INTO Recipe_Meal_Type (recipe_id, meal_type_id) VALUES (43, 1);

INSERT INTO Recipe_Label (recipe_id, label_id) VALUES (43, 10);

INSERT INTO Recipe_Label (recipe_id, label_id) VALUES (43, 4);

INSERT INTO Recipe_Label (recipe_id, label_id) VALUES (43, 2);

INSERT INTO Recipe_Equipment (recipe_id, equipment_id) VALUES (43, 37);

INSERT INTO Recipe_Equipment (recipe_id, equipment_id) VALUES (43, 23);

INSERT INTO Recipe_Ingredient (recipe_id, ingredient_id, portion) VALUES (43, 120, 3);

INSERT INTO Recipe_Ingredient (recipe_id, ingredient_id, portion) VALUES (43, 13, 2);

INSERT INTO Recipe_Ingredient (recipe_id, ingredient_id, portion) VALUES (43, 86, 1);

INSERT INTO Recipe_Ingredient (recipe_id, ingredient_id, portion) VALUES (43, 140, 7);

INSERT INTO Recipe_Thematic_Unit (recipe_id, thematic_unit_id) VALUES (43, 7);

INSERT INTO Recipe (recipe_type, name, national_cuisine_id, difficulty_level, description, tip1, cooking_time, prep_time, portions, basic_ingredient_id, image_id) VALUES ('cooking', 'Rice noodles with meatballs and bok choy', 9, 4, 'System benefit realize daughter able.', 'you need an oven', 79, 17, 3, 32, 72);

INSERT INTO Step (recipe_id, order_number, description) VALUES (44, 1, 'Agree five want decision positive.');

INSERT INTO Step (recipe_id, order_number, description) VALUES (44, 2, 'Receive official church man.');

INSERT INTO Step (recipe_id, order_number, description) VALUES (44, 3, 'National store likely animal somebody or husband office.');

INSERT INTO Step (recipe_id, order_number, description) VALUES (44, 4, 'Friend else public data real staff.');

INSERT INTO Step (recipe_id, order_number, description) VALUES (44, 5, 'Skill should finish main black his sing.');

INSERT INTO Step (recipe_id, order_number, description) VALUES (44, 6, 'Different fund region you talk possible current consider.');

INSERT INTO Step (recipe_id, order_number, description) VALUES (44, 7, 'Name clearly board exactly magazine general whole standard.');

INSERT INTO Nutritional_Info (recipe_id, fat_per_portion, carbs_per_portion, protein_per_portion) VALUES (44, 169, 89, 141);

INSERT INTO Recipe_Meal_Type (recipe_id, meal_type_id) VALUES (44, 2);

INSERT INTO Recipe_Meal_Type (recipe_id, meal_type_id) VALUES (44, 3);

INSERT INTO Recipe_Meal_Type (recipe_id, meal_type_id) VALUES (44, 6);

INSERT INTO Recipe_Label (recipe_id, label_id) VALUES (44, 2);

INSERT INTO Recipe_Label (recipe_id, label_id) VALUES (44, 1);

INSERT INTO Recipe_Equipment (recipe_id, equipment_id) VALUES (44, 26);

INSERT INTO Recipe_Equipment (recipe_id, equipment_id) VALUES (44, 6);

INSERT INTO Recipe_Equipment (recipe_id, equipment_id) VALUES (44, 2);

INSERT INTO Recipe_Equipment (recipe_id, equipment_id) VALUES (44, 19);

INSERT INTO Recipe_Equipment (recipe_id, equipment_id) VALUES (44, 16);

INSERT INTO Recipe_Ingredient (recipe_id, ingredient_id, portion) VALUES (44, 199, 2);

INSERT INTO Recipe_Ingredient (recipe_id, ingredient_id, portion) VALUES (44, 108, 6);

INSERT INTO Recipe_Ingredient (recipe_id, ingredient_id, portion) VALUES (44, 143, 1);

INSERT INTO Recipe_Ingredient (recipe_id, ingredient_id, portion) VALUES (44, 97, 1);

INSERT INTO Recipe_Ingredient (recipe_id, ingredient_id, portion) VALUES (44, 32, 3);

INSERT INTO Recipe_Thematic_Unit (recipe_id, thematic_unit_id) VALUES (44, 6);

INSERT INTO Recipe_Thematic_Unit (recipe_id, thematic_unit_id) VALUES (44, 8);

INSERT INTO Recipe (recipe_type, name, national_cuisine_id, difficulty_level, description, tip1, tip2, cooking_time, prep_time, portions, basic_ingredient_id, image_id) VALUES ('cooking', 'Paprika Pork with Roasted Potatoes and Dill Cream', 9, 4, 'Six picture firm attention.', 'better with feta cheese', 'you need a lot of bowls', 145, 19, 8, 15, 73);

INSERT INTO Step (recipe_id, order_number, description) VALUES (45, 1, 'Relate class Republican social now difficult.');

INSERT INTO Nutritional_Info (recipe_id, fat_per_portion, carbs_per_portion, protein_per_portion) VALUES (45, 272, 198, 36);

INSERT INTO Recipe_Meal_Type (recipe_id, meal_type_id) VALUES (45, 4);

INSERT INTO Recipe_Meal_Type (recipe_id, meal_type_id) VALUES (45, 3);

INSERT INTO Recipe_Label (recipe_id, label_id) VALUES (45, 2);

INSERT INTO Recipe_Label (recipe_id, label_id) VALUES (45, 5);

INSERT INTO Recipe_Equipment (recipe_id, equipment_id) VALUES (45, 18);

INSERT INTO Recipe_Equipment (recipe_id, equipment_id) VALUES (45, 16);

INSERT INTO Recipe_Equipment (recipe_id, equipment_id) VALUES (45, 23);

INSERT INTO Recipe_Equipment (recipe_id, equipment_id) VALUES (45, 36);

INSERT INTO Recipe_Equipment (recipe_id, equipment_id) VALUES (45, 19);

INSERT INTO Recipe_Ingredient (recipe_id, ingredient_id, portion) VALUES (45, 150, 3);

INSERT INTO Recipe_Ingredient (recipe_id, ingredient_id, portion) VALUES (45, 15, 4);

INSERT INTO Recipe_Thematic_Unit (recipe_id, thematic_unit_id) VALUES (45, 9);

INSERT INTO Recipe_Thematic_Unit (recipe_id, thematic_unit_id) VALUES (45, 10);

INSERT INTO Recipe_Thematic_Unit (recipe_id, thematic_unit_id) VALUES (45, 1);

INSERT INTO Recipe (recipe_type, name, national_cuisine_id, difficulty_level, description, tip1, cooking_time, prep_time, portions, basic_ingredient_id, image_id) VALUES ('cooking', 'Chicken cutlets with carrot and kale salad', 10, 4, 'Nor agree option successful. Economy development nearly south sign seven picture who.', 'you can use leftovers', 87, 6, 2, 127, 74);

INSERT INTO Step (recipe_id, order_number, description) VALUES (46, 1, 'Carry level agreement easy nice.');

INSERT INTO Step (recipe_id, order_number, description) VALUES (46, 2, 'New else pressure body decision despite.');

INSERT INTO Step (recipe_id, order_number, description) VALUES (46, 3, 'Goal right kid list interview tell west majority.');

INSERT INTO Step (recipe_id, order_number, description) VALUES (46, 4, 'Until top since north give give.');

INSERT INTO Step (recipe_id, order_number, description) VALUES (46, 5, 'Add candidate party trouble.');

INSERT INTO Step (recipe_id, order_number, description) VALUES (46, 6, 'Organization government beautiful fill mother but.');

INSERT INTO Step (recipe_id, order_number, description) VALUES (46, 7, 'Score also physical interview while.');

INSERT INTO Step (recipe_id, order_number, description) VALUES (46, 8, 'Important simply skill child dark bit light.');

INSERT INTO Nutritional_Info (recipe_id, fat_per_portion, carbs_per_portion, protein_per_portion) VALUES (46, 278, 67, 183);

INSERT INTO Recipe_Meal_Type (recipe_id, meal_type_id) VALUES (46, 4);

INSERT INTO Recipe_Meal_Type (recipe_id, meal_type_id) VALUES (46, 3);

INSERT INTO Recipe_Label (recipe_id, label_id) VALUES (46, 8);

INSERT INTO Recipe_Label (recipe_id, label_id) VALUES (46, 3);

INSERT INTO Recipe_Equipment (recipe_id, equipment_id) VALUES (46, 9);

INSERT INTO Recipe_Equipment (recipe_id, equipment_id) VALUES (46, 10);

INSERT INTO Recipe_Equipment (recipe_id, equipment_id) VALUES (46, 34);

INSERT INTO Recipe_Equipment (recipe_id, equipment_id) VALUES (46, 20);

INSERT INTO Recipe_Equipment (recipe_id, equipment_id) VALUES (46, 30);

INSERT INTO Recipe_Equipment (recipe_id, equipment_id) VALUES (46, 8);

INSERT INTO Recipe_Equipment (recipe_id, equipment_id) VALUES (46, 7);

INSERT INTO Recipe_Ingredient (recipe_id, ingredient_id, portion) VALUES (46, 153, 1);

INSERT INTO Recipe_Ingredient (recipe_id, ingredient_id, portion) VALUES (46, 59, 8);

INSERT INTO Recipe_Ingredient (recipe_id, ingredient_id, portion) VALUES (46, 103, 5);

INSERT INTO Recipe_Ingredient (recipe_id, ingredient_id, portion) VALUES (46, 178, 1);

INSERT INTO Recipe_Ingredient (recipe_id, ingredient_id, portion) VALUES (46, 13, 6);

INSERT INTO Recipe_Ingredient (recipe_id, ingredient_id, portion) VALUES (46, 169, 5);

INSERT INTO Recipe_Ingredient (recipe_id, ingredient_id, portion) VALUES (46, 112, 3);

INSERT INTO Recipe_Ingredient (recipe_id, ingredient_id, portion) VALUES (46, 6, 3);

INSERT INTO Recipe_Ingredient (recipe_id, ingredient_id, portion) VALUES (46, 26, 4);

INSERT INTO Recipe_Ingredient (recipe_id, ingredient_id, portion) VALUES (46, 122, 6);

INSERT INTO Recipe_Ingredient (recipe_id, ingredient_id, portion) VALUES (46, 171, 5);

INSERT INTO Recipe_Ingredient (recipe_id, ingredient_id, portion) VALUES (46, 30, 6);

INSERT INTO Recipe_Ingredient (recipe_id, ingredient_id, portion) VALUES (46, 62, 6);

INSERT INTO Recipe_Ingredient (recipe_id, ingredient_id, portion) VALUES (46, 91, 7);

INSERT INTO Recipe_Ingredient (recipe_id, ingredient_id, portion) VALUES (46, 104, 8);

INSERT INTO Recipe_Ingredient (recipe_id, ingredient_id, portion) VALUES (46, 127, 5);

INSERT INTO Recipe_Thematic_Unit (recipe_id, thematic_unit_id) VALUES (46, 12);

INSERT INTO Recipe_Thematic_Unit (recipe_id, thematic_unit_id) VALUES (46, 9);

INSERT INTO Recipe (recipe_type, name, national_cuisine_id, difficulty_level, description, tip1, cooking_time, prep_time, portions, basic_ingredient_id, image_id) VALUES ('cooking', 'Gnocchi and sweet potatoes', 10, 1, 'No trip report direction. Care allow trade.', 'better with slow cooking', 71, 16, 7, 45, 75);

INSERT INTO Step (recipe_id, order_number, description) VALUES (47, 1, 'Choice rule rock federal employee shoulder.');

INSERT INTO Step (recipe_id, order_number, description) VALUES (47, 2, 'Into dinner go management.');

INSERT INTO Step (recipe_id, order_number, description) VALUES (47, 3, 'Really wall hope.');

INSERT INTO Step (recipe_id, order_number, description) VALUES (47, 4, 'Around so including color relate southern.');

INSERT INTO Step (recipe_id, order_number, description) VALUES (47, 5, 'Heart month citizen could dream.');

INSERT INTO Step (recipe_id, order_number, description) VALUES (47, 6, 'Drug look collection surface color every.');

INSERT INTO Nutritional_Info (recipe_id, fat_per_portion, carbs_per_portion, protein_per_portion) VALUES (47, 264, 135, 141);

INSERT INTO Recipe_Meal_Type (recipe_id, meal_type_id) VALUES (47, 5);

INSERT INTO Recipe_Meal_Type (recipe_id, meal_type_id) VALUES (47, 4);

INSERT INTO Recipe_Label (recipe_id, label_id) VALUES (47, 1);

INSERT INTO Recipe_Label (recipe_id, label_id) VALUES (47, 4);

INSERT INTO Recipe_Label (recipe_id, label_id) VALUES (47, 8);

INSERT INTO Recipe_Label (recipe_id, label_id) VALUES (47, 7);

INSERT INTO Recipe_Equipment (recipe_id, equipment_id) VALUES (47, 11);

INSERT INTO Recipe_Equipment (recipe_id, equipment_id) VALUES (47, 33);

INSERT INTO Recipe_Equipment (recipe_id, equipment_id) VALUES (47, 42);

INSERT INTO Recipe_Equipment (recipe_id, equipment_id) VALUES (47, 37);

INSERT INTO Recipe_Equipment (recipe_id, equipment_id) VALUES (47, 6);

INSERT INTO Recipe_Equipment (recipe_id, equipment_id) VALUES (47, 28);

INSERT INTO Recipe_Equipment (recipe_id, equipment_id) VALUES (47, 47);

INSERT INTO Recipe_Equipment (recipe_id, equipment_id) VALUES (47, 16);

INSERT INTO Recipe_Equipment (recipe_id, equipment_id) VALUES (47, 21);

INSERT INTO Recipe_Ingredient (recipe_id, ingredient_id, portion) VALUES (47, 178, 1);

INSERT INTO Recipe_Ingredient (recipe_id, ingredient_id, portion) VALUES (47, 73, 6);

INSERT INTO Recipe_Ingredient (recipe_id, ingredient_id, portion) VALUES (47, 40, 8);

INSERT INTO Recipe_Ingredient (recipe_id, ingredient_id, portion) VALUES (47, 4, 3);

INSERT INTO Recipe_Ingredient (recipe_id, ingredient_id, portion) VALUES (47, 5, 7);

INSERT INTO Recipe_Ingredient (recipe_id, ingredient_id, portion) VALUES (47, 98, 6);

INSERT INTO Recipe_Ingredient (recipe_id, ingredient_id, portion) VALUES (47, 146, 7);

INSERT INTO Recipe_Ingredient (recipe_id, ingredient_id, portion) VALUES (47, 41, 7);

INSERT INTO Recipe_Ingredient (recipe_id, ingredient_id, portion) VALUES (47, 121, 6);

INSERT INTO Recipe_Ingredient (recipe_id, ingredient_id, portion) VALUES (47, 8, 1);

INSERT INTO Recipe_Ingredient (recipe_id, ingredient_id, portion) VALUES (47, 198, 4);

INSERT INTO Recipe_Ingredient (recipe_id, ingredient_id, portion) VALUES (47, 3, 3);

INSERT INTO Recipe_Ingredient (recipe_id, ingredient_id, portion) VALUES (47, 2, 8);

INSERT INTO Recipe_Ingredient (recipe_id, ingredient_id, portion) VALUES (47, 175, 3);

INSERT INTO Recipe_Ingredient (recipe_id, ingredient_id, portion) VALUES (47, 114, 4);

INSERT INTO Recipe_Ingredient (recipe_id, ingredient_id, portion) VALUES (47, 111, 2);

INSERT INTO Recipe_Ingredient (recipe_id, ingredient_id, portion) VALUES (47, 45, 2);

INSERT INTO Recipe_Thematic_Unit (recipe_id, thematic_unit_id) VALUES (47, 10);

INSERT INTO Recipe (recipe_type, name, national_cuisine_id, difficulty_level, description, tip1, tip2, tip3, cooking_time, prep_time, portions, basic_ingredient_id, image_id) VALUES ('cooking', 'Shepherds Pie', 10, 4, 'Task offer treatment today argue. Blue this because training share.', 'better after 2 days', 'better when fresh', 'better with a blender', 58, 8, 7, 6, 76);

INSERT INTO Step (recipe_id, order_number, description) VALUES (48, 1, 'Young sometimes fund kitchen.');

INSERT INTO Step (recipe_id, order_number, description) VALUES (48, 2, 'Leg political top you green when community.');

INSERT INTO Step (recipe_id, order_number, description) VALUES (48, 3, 'Down yeah carry identify box.');

INSERT INTO Step (recipe_id, order_number, description) VALUES (48, 4, 'Hit voice free.');

INSERT INTO Step (recipe_id, order_number, description) VALUES (48, 5, 'Government staff history identify.');

INSERT INTO Step (recipe_id, order_number, description) VALUES (48, 6, 'First pretty foreign contain less world dog.');

INSERT INTO Step (recipe_id, order_number, description) VALUES (48, 7, 'Least decide ability much me board eye.');

INSERT INTO Nutritional_Info (recipe_id, fat_per_portion, carbs_per_portion, protein_per_portion) VALUES (48, 357, 32, 61);

INSERT INTO Recipe_Meal_Type (recipe_id, meal_type_id) VALUES (48, 2);

INSERT INTO Recipe_Label (recipe_id, label_id) VALUES (48, 1);

INSERT INTO Recipe_Label (recipe_id, label_id) VALUES (48, 3);

INSERT INTO Recipe_Label (recipe_id, label_id) VALUES (48, 9);

INSERT INTO Recipe_Equipment (recipe_id, equipment_id) VALUES (48, 33);

INSERT INTO Recipe_Ingredient (recipe_id, ingredient_id, portion) VALUES (48, 65, 7);

INSERT INTO Recipe_Ingredient (recipe_id, ingredient_id, portion) VALUES (48, 81, 6);

INSERT INTO Recipe_Ingredient (recipe_id, ingredient_id, portion) VALUES (48, 112, 1);

INSERT INTO Recipe_Ingredient (recipe_id, ingredient_id, portion) VALUES (48, 144, 5);

INSERT INTO Recipe_Ingredient (recipe_id, ingredient_id, portion) VALUES (48, 141, 4);

INSERT INTO Recipe_Ingredient (recipe_id, ingredient_id, portion) VALUES (48, 186, 5);

INSERT INTO Recipe_Ingredient (recipe_id, ingredient_id, portion) VALUES (48, 25, 2);

INSERT INTO Recipe_Ingredient (recipe_id, ingredient_id, portion) VALUES (48, 157, 5);

INSERT INTO Recipe_Ingredient (recipe_id, ingredient_id, portion) VALUES (48, 41, 8);

INSERT INTO Recipe_Ingredient (recipe_id, ingredient_id, portion) VALUES (48, 160, 3);

INSERT INTO Recipe_Ingredient (recipe_id, ingredient_id, portion) VALUES (48, 179, 1);

INSERT INTO Recipe_Ingredient (recipe_id, ingredient_id, portion) VALUES (48, 36, 8);

INSERT INTO Recipe_Ingredient (recipe_id, ingredient_id, portion) VALUES (48, 95, 4);

INSERT INTO Recipe_Ingredient (recipe_id, ingredient_id, portion) VALUES (48, 6, 6);

INSERT INTO Recipe_Thematic_Unit (recipe_id, thematic_unit_id) VALUES (48, 6);

INSERT INTO Recipe_Thematic_Unit (recipe_id, thematic_unit_id) VALUES (48, 2);

INSERT INTO Recipe_Thematic_Unit (recipe_id, thematic_unit_id) VALUES (48, 10);

INSERT INTO Recipe (recipe_type, name, national_cuisine_id, difficulty_level, description, tip1, tip2, cooking_time, prep_time, portions, basic_ingredient_id, image_id) VALUES ('cooking', 'Garlic Parmesan Chicken', 10, 1, 'Benefit new clear identify they green place.', 'you need an oven', 'better after 2 days', 122, 35, 7, 96, 77);

INSERT INTO Step (recipe_id, order_number, description) VALUES (49, 1, 'One would respond reveal order boy.');

INSERT INTO Nutritional_Info (recipe_id, fat_per_portion, carbs_per_portion, protein_per_portion) VALUES (49, 119, 83, 167);

INSERT INTO Recipe_Meal_Type (recipe_id, meal_type_id) VALUES (49, 3);

INSERT INTO Recipe_Label (recipe_id, label_id) VALUES (49, 1);

INSERT INTO Recipe_Label (recipe_id, label_id) VALUES (49, 9);

INSERT INTO Recipe_Label (recipe_id, label_id) VALUES (49, 2);

INSERT INTO Recipe_Label (recipe_id, label_id) VALUES (49, 5);

INSERT INTO Recipe_Equipment (recipe_id, equipment_id) VALUES (49, 32);

INSERT INTO Recipe_Equipment (recipe_id, equipment_id) VALUES (49, 39);

INSERT INTO Recipe_Equipment (recipe_id, equipment_id) VALUES (49, 14);

INSERT INTO Recipe_Equipment (recipe_id, equipment_id) VALUES (49, 45);

INSERT INTO Recipe_Equipment (recipe_id, equipment_id) VALUES (49, 11);

INSERT INTO Recipe_Equipment (recipe_id, equipment_id) VALUES (49, 8);

INSERT INTO Recipe_Equipment (recipe_id, equipment_id) VALUES (49, 24);

INSERT INTO Recipe_Equipment (recipe_id, equipment_id) VALUES (49, 31);

INSERT INTO Recipe_Equipment (recipe_id, equipment_id) VALUES (49, 20);

INSERT INTO Recipe_Ingredient (recipe_id, ingredient_id, portion) VALUES (49, 29, 4);

INSERT INTO Recipe_Ingredient (recipe_id, ingredient_id, portion) VALUES (49, 63, 5);

INSERT INTO Recipe_Ingredient (recipe_id, ingredient_id, portion) VALUES (49, 140, 2);

INSERT INTO Recipe_Ingredient (recipe_id, ingredient_id, portion) VALUES (49, 96, 7);

INSERT INTO Recipe_Thematic_Unit (recipe_id, thematic_unit_id) VALUES (49, 13);

INSERT INTO Recipe_Thematic_Unit (recipe_id, thematic_unit_id) VALUES (49, 11);

INSERT INTO Recipe_Thematic_Unit (recipe_id, thematic_unit_id) VALUES (49, 3);

INSERT INTO Recipe (recipe_type, name, national_cuisine_id, difficulty_level, description, tip1, tip2, tip3, cooking_time, prep_time, portions, basic_ingredient_id, image_id) VALUES ('cooking', 'Turkey Pot Pie', 10, 4, 'Hard whom place plan former party. Or study page participant necessary again speech. Full last organization clear dog include. Born assume star sport place media party.', 'you have to be careful not to let it get stack', 'better with slow cooking', 'you need 2 people to make it', 98, 16, 1, 17, 78);

INSERT INTO Step (recipe_id, order_number, description) VALUES (50, 1, 'From ready clear former style technology.');

INSERT INTO Step (recipe_id, order_number, description) VALUES (50, 2, 'Build society college social likely.');

INSERT INTO Step (recipe_id, order_number, description) VALUES (50, 3, 'Program sport address want.');

INSERT INTO Nutritional_Info (recipe_id, fat_per_portion, carbs_per_portion, protein_per_portion) VALUES (50, 145, 128, 135);

INSERT INTO Recipe_Meal_Type (recipe_id, meal_type_id) VALUES (50, 1);

INSERT INTO Recipe_Label (recipe_id, label_id) VALUES (50, 10);

INSERT INTO Recipe_Label (recipe_id, label_id) VALUES (50, 1);

INSERT INTO Recipe_Label (recipe_id, label_id) VALUES (50, 2);

INSERT INTO Recipe_Label (recipe_id, label_id) VALUES (50, 4);

INSERT INTO Recipe_Equipment (recipe_id, equipment_id) VALUES (50, 33);

INSERT INTO Recipe_Ingredient (recipe_id, ingredient_id, portion) VALUES (50, 166, 3);

INSERT INTO Recipe_Ingredient (recipe_id, ingredient_id, portion) VALUES (50, 4, 1);

INSERT INTO Recipe_Ingredient (recipe_id, ingredient_id, portion) VALUES (50, 153, 6);

INSERT INTO Recipe_Ingredient (recipe_id, ingredient_id, portion) VALUES (50, 58, 1);

INSERT INTO Recipe_Ingredient (recipe_id, ingredient_id, portion) VALUES (50, 71, 1);

INSERT INTO Recipe_Ingredient (recipe_id, ingredient_id, portion) VALUES (50, 173, 3);

INSERT INTO Recipe_Ingredient (recipe_id, ingredient_id, portion) VALUES (50, 11, 5);

INSERT INTO Recipe_Ingredient (recipe_id, ingredient_id, portion) VALUES (50, 158, 1);

INSERT INTO Recipe_Ingredient (recipe_id, ingredient_id, portion) VALUES (50, 19, 6);

INSERT INTO Recipe_Ingredient (recipe_id, ingredient_id, portion) VALUES (50, 130, 5);

INSERT INTO Recipe_Ingredient (recipe_id, ingredient_id, portion) VALUES (50, 46, 2);

INSERT INTO Recipe_Ingredient (recipe_id, ingredient_id, portion) VALUES (50, 67, 6);

INSERT INTO Recipe_Ingredient (recipe_id, ingredient_id, portion) VALUES (50, 154, 2);

INSERT INTO Recipe_Ingredient (recipe_id, ingredient_id, portion) VALUES (50, 88, 8);

INSERT INTO Recipe_Ingredient (recipe_id, ingredient_id, portion) VALUES (50, 17, 1);

INSERT INTO Recipe_Thematic_Unit (recipe_id, thematic_unit_id) VALUES (50, 6);

INSERT INTO Recipe (recipe_type, name, national_cuisine_id, difficulty_level, description, tip1, tip2, tip3, cooking_time, prep_time, portions, basic_ingredient_id, image_id) VALUES ('pastry', 'Balsamic Bacon Brussels Sprouts', 11, 4, 'Agreement each who most up front pick. Mission future in special.', 'you have to be careful not to let it get stack', 'you need to be patient', 'better with butter instead of milk', 132, 22, 2, 133, 79);

INSERT INTO Step (recipe_id, order_number, description) VALUES (51, 1, 'Outside hundred many speak.');

INSERT INTO Step (recipe_id, order_number, description) VALUES (51, 2, 'Law leave degree reflect fall indicate.');

INSERT INTO Step (recipe_id, order_number, description) VALUES (51, 3, 'Nearly room interest carry environment.');

INSERT INTO Step (recipe_id, order_number, description) VALUES (51, 4, 'Indeed common begin edge.');

INSERT INTO Nutritional_Info (recipe_id, fat_per_portion, carbs_per_portion, protein_per_portion) VALUES (51, 52, 34, 47);

INSERT INTO Recipe_Meal_Type (recipe_id, meal_type_id) VALUES (51, 1);

INSERT INTO Recipe_Label (recipe_id, label_id) VALUES (51, 5);

INSERT INTO Recipe_Equipment (recipe_id, equipment_id) VALUES (51, 26);

INSERT INTO Recipe_Equipment (recipe_id, equipment_id) VALUES (51, 35);

INSERT INTO Recipe_Equipment (recipe_id, equipment_id) VALUES (51, 37);

INSERT INTO Recipe_Equipment (recipe_id, equipment_id) VALUES (51, 21);

INSERT INTO Recipe_Equipment (recipe_id, equipment_id) VALUES (51, 10);

INSERT INTO Recipe_Ingredient (recipe_id, ingredient_id, portion) VALUES (51, 123, 5);

INSERT INTO Recipe_Ingredient (recipe_id, ingredient_id, portion) VALUES (51, 13, 8);

INSERT INTO Recipe_Ingredient (recipe_id, ingredient_id, portion) VALUES (51, 109, 1);

INSERT INTO Recipe_Ingredient (recipe_id, ingredient_id, portion) VALUES (51, 4, 6);

INSERT INTO Recipe_Ingredient (recipe_id, ingredient_id, portion) VALUES (51, 182, 5);

INSERT INTO Recipe_Ingredient (recipe_id, ingredient_id, portion) VALUES (51, 162, 3);

INSERT INTO Recipe_Ingredient (recipe_id, ingredient_id, portion) VALUES (51, 15, 3);

INSERT INTO Recipe_Ingredient (recipe_id, ingredient_id, portion) VALUES (51, 38, 3);

INSERT INTO Recipe_Ingredient (recipe_id, ingredient_id, portion) VALUES (51, 144, 5);

INSERT INTO Recipe_Ingredient (recipe_id, ingredient_id, portion) VALUES (51, 65, 6);

INSERT INTO Recipe_Ingredient (recipe_id, ingredient_id, portion) VALUES (51, 133, 1);

INSERT INTO Recipe_Thematic_Unit (recipe_id, thematic_unit_id) VALUES (51, 4);

INSERT INTO Recipe_Thematic_Unit (recipe_id, thematic_unit_id) VALUES (51, 8);

INSERT INTO Recipe (recipe_type, name, national_cuisine_id, difficulty_level, description, tip1, cooking_time, prep_time, portions, basic_ingredient_id, image_id) VALUES ('cooking', 'Lemon Red Potatoes', 11, 1, 'Girl or group bill than reason. Future less gas administration fish method cost.', 'in the fridge for 3 days', 133, 23, 2, 24, 80);

INSERT INTO Step (recipe_id, order_number, description) VALUES (52, 1, 'Next day avoid ahead letter notice next.');

INSERT INTO Step (recipe_id, order_number, description) VALUES (52, 2, 'Edge order agreement traditional.');

INSERT INTO Step (recipe_id, order_number, description) VALUES (52, 3, 'They force physical off.');

INSERT INTO Step (recipe_id, order_number, description) VALUES (52, 4, 'Apply image toward say pull.');

INSERT INTO Nutritional_Info (recipe_id, fat_per_portion, carbs_per_portion, protein_per_portion) VALUES (52, 379, 104, 197);

INSERT INTO Recipe_Meal_Type (recipe_id, meal_type_id) VALUES (52, 5);

INSERT INTO Recipe_Label (recipe_id, label_id) VALUES (52, 8);

INSERT INTO Recipe_Label (recipe_id, label_id) VALUES (52, 6);

INSERT INTO Recipe_Label (recipe_id, label_id) VALUES (52, 5);

INSERT INTO Recipe_Label (recipe_id, label_id) VALUES (52, 10);

INSERT INTO Recipe_Equipment (recipe_id, equipment_id) VALUES (52, 9);

INSERT INTO Recipe_Equipment (recipe_id, equipment_id) VALUES (52, 39);

INSERT INTO Recipe_Equipment (recipe_id, equipment_id) VALUES (52, 19);

INSERT INTO Recipe_Ingredient (recipe_id, ingredient_id, portion) VALUES (52, 33, 4);

INSERT INTO Recipe_Ingredient (recipe_id, ingredient_id, portion) VALUES (52, 54, 4);

INSERT INTO Recipe_Ingredient (recipe_id, ingredient_id, portion) VALUES (52, 8, 6);

INSERT INTO Recipe_Ingredient (recipe_id, ingredient_id, portion) VALUES (52, 10, 2);

INSERT INTO Recipe_Ingredient (recipe_id, ingredient_id, portion) VALUES (52, 110, 5);

INSERT INTO Recipe_Ingredient (recipe_id, ingredient_id, portion) VALUES (52, 185, 4);

INSERT INTO Recipe_Ingredient (recipe_id, ingredient_id, portion) VALUES (52, 16, 1);

INSERT INTO Recipe_Ingredient (recipe_id, ingredient_id, portion) VALUES (52, 165, 8);

INSERT INTO Recipe_Ingredient (recipe_id, ingredient_id, portion) VALUES (52, 35, 2);

INSERT INTO Recipe_Ingredient (recipe_id, ingredient_id, portion) VALUES (52, 130, 8);

INSERT INTO Recipe_Ingredient (recipe_id, ingredient_id, portion) VALUES (52, 65, 8);

INSERT INTO Recipe_Ingredient (recipe_id, ingredient_id, portion) VALUES (52, 38, 6);

INSERT INTO Recipe_Ingredient (recipe_id, ingredient_id, portion) VALUES (52, 115, 6);

INSERT INTO Recipe_Ingredient (recipe_id, ingredient_id, portion) VALUES (52, 125, 8);

INSERT INTO Recipe_Ingredient (recipe_id, ingredient_id, portion) VALUES (52, 197, 7);

INSERT INTO Recipe_Ingredient (recipe_id, ingredient_id, portion) VALUES (52, 154, 4);

INSERT INTO Recipe_Ingredient (recipe_id, ingredient_id, portion) VALUES (52, 37, 8);

INSERT INTO Recipe_Ingredient (recipe_id, ingredient_id, portion) VALUES (52, 71, 8);

INSERT INTO Recipe_Ingredient (recipe_id, ingredient_id, portion) VALUES (52, 163, 6);

INSERT INTO Recipe_Ingredient (recipe_id, ingredient_id, portion) VALUES (52, 24, 4);

INSERT INTO Recipe_Thematic_Unit (recipe_id, thematic_unit_id) VALUES (52, 15);

INSERT INTO Recipe_Thematic_Unit (recipe_id, thematic_unit_id) VALUES (52, 12);

INSERT INTO Recipe_Thematic_Unit (recipe_id, thematic_unit_id) VALUES (52, 3);

INSERT INTO Recipe (recipe_type, name, national_cuisine_id, difficulty_level, description, tip1, cooking_time, prep_time, portions, basic_ingredient_id, image_id) VALUES ('pastry', 'Potato and Corn Chowder', 11, 4, 'Red color through chance act successful. Sound organization make direction sister name. Fly onto article cut.', 'you need to use your hands', 95, 40, 4, 4, 81);

INSERT INTO Step (recipe_id, order_number, description) VALUES (53, 1, 'Discussion member attack management set.');

INSERT INTO Nutritional_Info (recipe_id, fat_per_portion, carbs_per_portion, protein_per_portion) VALUES (53, 145, 152, 70);

INSERT INTO Recipe_Meal_Type (recipe_id, meal_type_id) VALUES (53, 6);

INSERT INTO Recipe_Label (recipe_id, label_id) VALUES (53, 2);

INSERT INTO Recipe_Equipment (recipe_id, equipment_id) VALUES (53, 32);

INSERT INTO Recipe_Equipment (recipe_id, equipment_id) VALUES (53, 43);

INSERT INTO Recipe_Equipment (recipe_id, equipment_id) VALUES (53, 20);

INSERT INTO Recipe_Equipment (recipe_id, equipment_id) VALUES (53, 36);

INSERT INTO Recipe_Equipment (recipe_id, equipment_id) VALUES (53, 30);

INSERT INTO Recipe_Equipment (recipe_id, equipment_id) VALUES (53, 31);

INSERT INTO Recipe_Equipment (recipe_id, equipment_id) VALUES (53, 23);

INSERT INTO Recipe_Ingredient (recipe_id, ingredient_id, portion) VALUES (53, 70, 7);

INSERT INTO Recipe_Ingredient (recipe_id, ingredient_id, portion) VALUES (53, 93, 2);

INSERT INTO Recipe_Ingredient (recipe_id, ingredient_id, portion) VALUES (53, 4, 5);

INSERT INTO Recipe_Thematic_Unit (recipe_id, thematic_unit_id) VALUES (53, 15);

INSERT INTO Recipe_Thematic_Unit (recipe_id, thematic_unit_id) VALUES (53, 6);

INSERT INTO Recipe_Thematic_Unit (recipe_id, thematic_unit_id) VALUES (53, 7);

INSERT INTO Recipe (recipe_type, name, national_cuisine_id, difficulty_level, description, tip1, cooking_time, prep_time, portions, basic_ingredient_id, image_id) VALUES ('pastry', 'Thai Chicken', 11, 2, 'Open some effort political star. Here economic national professor take home. Mind education attorney if good star develop.', 'better without sugar', 149, 43, 4, 155, 82);

INSERT INTO Step (recipe_id, order_number, description) VALUES (54, 1, 'General beyond road ahead me body particular.');

INSERT INTO Step (recipe_id, order_number, description) VALUES (54, 2, 'Impact add only see.');

INSERT INTO Nutritional_Info (recipe_id, fat_per_portion, carbs_per_portion, protein_per_portion) VALUES (54, 245, 157, 125);

INSERT INTO Recipe_Meal_Type (recipe_id, meal_type_id) VALUES (54, 4);

INSERT INTO Recipe_Meal_Type (recipe_id, meal_type_id) VALUES (54, 2);

INSERT INTO Recipe_Label (recipe_id, label_id) VALUES (54, 5);

INSERT INTO Recipe_Label (recipe_id, label_id) VALUES (54, 10);

INSERT INTO Recipe_Label (recipe_id, label_id) VALUES (54, 3);

INSERT INTO Recipe_Label (recipe_id, label_id) VALUES (54, 6);

INSERT INTO Recipe_Equipment (recipe_id, equipment_id) VALUES (54, 26);

INSERT INTO Recipe_Equipment (recipe_id, equipment_id) VALUES (54, 39);

INSERT INTO Recipe_Equipment (recipe_id, equipment_id) VALUES (54, 40);

INSERT INTO Recipe_Equipment (recipe_id, equipment_id) VALUES (54, 22);

INSERT INTO Recipe_Equipment (recipe_id, equipment_id) VALUES (54, 25);

INSERT INTO Recipe_Equipment (recipe_id, equipment_id) VALUES (54, 47);

INSERT INTO Recipe_Equipment (recipe_id, equipment_id) VALUES (54, 21);

INSERT INTO Recipe_Equipment (recipe_id, equipment_id) VALUES (54, 46);

INSERT INTO Recipe_Ingredient (recipe_id, ingredient_id, portion) VALUES (54, 200, 2);

INSERT INTO Recipe_Ingredient (recipe_id, ingredient_id, portion) VALUES (54, 52, 5);

INSERT INTO Recipe_Ingredient (recipe_id, ingredient_id, portion) VALUES (54, 102, 6);

INSERT INTO Recipe_Ingredient (recipe_id, ingredient_id, portion) VALUES (54, 8, 2);

INSERT INTO Recipe_Ingredient (recipe_id, ingredient_id, portion) VALUES (54, 87, 6);

INSERT INTO Recipe_Ingredient (recipe_id, ingredient_id, portion) VALUES (54, 186, 6);

INSERT INTO Recipe_Ingredient (recipe_id, ingredient_id, portion) VALUES (54, 162, 5);

INSERT INTO Recipe_Ingredient (recipe_id, ingredient_id, portion) VALUES (54, 158, 8);

INSERT INTO Recipe_Ingredient (recipe_id, ingredient_id, portion) VALUES (54, 16, 6);

INSERT INTO Recipe_Ingredient (recipe_id, ingredient_id, portion) VALUES (54, 168, 8);

INSERT INTO Recipe_Ingredient (recipe_id, ingredient_id, portion) VALUES (54, 187, 3);

INSERT INTO Recipe_Ingredient (recipe_id, ingredient_id, portion) VALUES (54, 23, 3);

INSERT INTO Recipe_Ingredient (recipe_id, ingredient_id, portion) VALUES (54, 75, 5);

INSERT INTO Recipe_Ingredient (recipe_id, ingredient_id, portion) VALUES (54, 129, 8);

INSERT INTO Recipe_Ingredient (recipe_id, ingredient_id, portion) VALUES (54, 35, 7);

INSERT INTO Recipe_Ingredient (recipe_id, ingredient_id, portion) VALUES (54, 192, 1);

INSERT INTO Recipe_Ingredient (recipe_id, ingredient_id, portion) VALUES (54, 106, 7);

INSERT INTO Recipe_Ingredient (recipe_id, ingredient_id, portion) VALUES (54, 104, 3);

INSERT INTO Recipe_Ingredient (recipe_id, ingredient_id, portion) VALUES (54, 155, 4);

INSERT INTO Recipe_Thematic_Unit (recipe_id, thematic_unit_id) VALUES (54, 12);

INSERT INTO Recipe_Thematic_Unit (recipe_id, thematic_unit_id) VALUES (54, 1);

INSERT INTO Recipe (recipe_type, name, national_cuisine_id, difficulty_level, description, tip1, cooking_time, prep_time, portions, basic_ingredient_id, image_id) VALUES ('cooking', 'Italian Fagoli Vegetable Soup', 11, 1, 'Three along feeling bad. Management she rate lay. Guy free early network song would a experience.', 'better when fresh', 48, 34, 5, 34, 83);

INSERT INTO Step (recipe_id, order_number, description) VALUES (55, 1, 'Per blue under sometimes set such door.');

INSERT INTO Step (recipe_id, order_number, description) VALUES (55, 2, 'Range have author.');

INSERT INTO Step (recipe_id, order_number, description) VALUES (55, 3, 'Bill a wall partner they like.');

INSERT INTO Step (recipe_id, order_number, description) VALUES (55, 4, 'Lawyer itself kid now subject open middle.');

INSERT INTO Step (recipe_id, order_number, description) VALUES (55, 5, 'Last him cut behind successful create Mr.');

INSERT INTO Step (recipe_id, order_number, description) VALUES (55, 6, 'Anything that fill strategy spring.');

INSERT INTO Nutritional_Info (recipe_id, fat_per_portion, carbs_per_portion, protein_per_portion) VALUES (55, 169, 176, 137);

INSERT INTO Recipe_Meal_Type (recipe_id, meal_type_id) VALUES (55, 4);

INSERT INTO Recipe_Label (recipe_id, label_id) VALUES (55, 7);

INSERT INTO Recipe_Label (recipe_id, label_id) VALUES (55, 2);

INSERT INTO Recipe_Label (recipe_id, label_id) VALUES (55, 4);

INSERT INTO Recipe_Label (recipe_id, label_id) VALUES (55, 9);

INSERT INTO Recipe_Equipment (recipe_id, equipment_id) VALUES (55, 8);

INSERT INTO Recipe_Equipment (recipe_id, equipment_id) VALUES (55, 13);

INSERT INTO Recipe_Equipment (recipe_id, equipment_id) VALUES (55, 49);

INSERT INTO Recipe_Equipment (recipe_id, equipment_id) VALUES (55, 10);

INSERT INTO Recipe_Equipment (recipe_id, equipment_id) VALUES (55, 41);

INSERT INTO Recipe_Ingredient (recipe_id, ingredient_id, portion) VALUES (55, 197, 4);

INSERT INTO Recipe_Ingredient (recipe_id, ingredient_id, portion) VALUES (55, 46, 6);

INSERT INTO Recipe_Ingredient (recipe_id, ingredient_id, portion) VALUES (55, 122, 7);

INSERT INTO Recipe_Ingredient (recipe_id, ingredient_id, portion) VALUES (55, 75, 5);

INSERT INTO Recipe_Ingredient (recipe_id, ingredient_id, portion) VALUES (55, 14, 7);

INSERT INTO Recipe_Ingredient (recipe_id, ingredient_id, portion) VALUES (55, 34, 4);

INSERT INTO Recipe_Thematic_Unit (recipe_id, thematic_unit_id) VALUES (55, 8);

INSERT INTO Recipe (recipe_type, name, national_cuisine_id, difficulty_level, description, tip1, cooking_time, prep_time, portions, basic_ingredient_id, image_id) VALUES ('pastry', 'Blueberry Pie', 12, 4, 'Why then drug nearly later growth. Talk push bad language. Also anything level reduce prevent lay walk.', 'better with feta cheese', 103, 19, 4, 178, 84);

INSERT INTO Step (recipe_id, order_number, description) VALUES (56, 1, 'Until difference floor side add.');

INSERT INTO Step (recipe_id, order_number, description) VALUES (56, 2, 'Work care front window claim.');

INSERT INTO Step (recipe_id, order_number, description) VALUES (56, 3, 'Direction blood machine.');

INSERT INTO Step (recipe_id, order_number, description) VALUES (56, 4, 'Tax travel international.');

INSERT INTO Step (recipe_id, order_number, description) VALUES (56, 5, 'Moment out change bit rate walk summer.');

INSERT INTO Nutritional_Info (recipe_id, fat_per_portion, carbs_per_portion, protein_per_portion) VALUES (56, 274, 194, 200);

INSERT INTO Recipe_Meal_Type (recipe_id, meal_type_id) VALUES (56, 4);

INSERT INTO Recipe_Meal_Type (recipe_id, meal_type_id) VALUES (56, 1);

INSERT INTO Recipe_Label (recipe_id, label_id) VALUES (56, 3);

INSERT INTO Recipe_Label (recipe_id, label_id) VALUES (56, 5);

INSERT INTO Recipe_Equipment (recipe_id, equipment_id) VALUES (56, 43);

INSERT INTO Recipe_Equipment (recipe_id, equipment_id) VALUES (56, 35);

INSERT INTO Recipe_Equipment (recipe_id, equipment_id) VALUES (56, 4);

INSERT INTO Recipe_Equipment (recipe_id, equipment_id) VALUES (56, 5);

INSERT INTO Recipe_Ingredient (recipe_id, ingredient_id, portion) VALUES (56, 65, 5);

INSERT INTO Recipe_Ingredient (recipe_id, ingredient_id, portion) VALUES (56, 176, 7);

INSERT INTO Recipe_Ingredient (recipe_id, ingredient_id, portion) VALUES (56, 152, 5);

INSERT INTO Recipe_Ingredient (recipe_id, ingredient_id, portion) VALUES (56, 57, 5);

INSERT INTO Recipe_Ingredient (recipe_id, ingredient_id, portion) VALUES (56, 159, 8);

INSERT INTO Recipe_Ingredient (recipe_id, ingredient_id, portion) VALUES (56, 178, 7);

INSERT INTO Recipe_Thematic_Unit (recipe_id, thematic_unit_id) VALUES (56, 10);

INSERT INTO Recipe_Thematic_Unit (recipe_id, thematic_unit_id) VALUES (56, 11);

INSERT INTO Recipe_Thematic_Unit (recipe_id, thematic_unit_id) VALUES (56, 7);

INSERT INTO Recipe (recipe_type, name, national_cuisine_id, difficulty_level, description, tip1, cooking_time, prep_time, portions, basic_ingredient_id, image_id) VALUES ('cooking', 'Chocolate Pudding', 12, 3, 'Claim rest four drug thank. Focus game her never later current.', 'you need salt', 118, 42, 1, 86, 85);

INSERT INTO Step (recipe_id, order_number, description) VALUES (57, 1, 'Check positive head much.');

INSERT INTO Step (recipe_id, order_number, description) VALUES (57, 2, 'Fall wear girl man.');

INSERT INTO Step (recipe_id, order_number, description) VALUES (57, 3, 'Way stand really parent challenge.');

INSERT INTO Step (recipe_id, order_number, description) VALUES (57, 4, 'Issue degree beautiful a it.');

INSERT INTO Step (recipe_id, order_number, description) VALUES (57, 5, 'Agency quite commercial.');

INSERT INTO Nutritional_Info (recipe_id, fat_per_portion, carbs_per_portion, protein_per_portion) VALUES (57, 240, 108, 28);

INSERT INTO Recipe_Meal_Type (recipe_id, meal_type_id) VALUES (57, 6);

INSERT INTO Recipe_Meal_Type (recipe_id, meal_type_id) VALUES (57, 5);

INSERT INTO Recipe_Meal_Type (recipe_id, meal_type_id) VALUES (57, 4);

INSERT INTO Recipe_Label (recipe_id, label_id) VALUES (57, 8);

INSERT INTO Recipe_Label (recipe_id, label_id) VALUES (57, 3);

INSERT INTO Recipe_Equipment (recipe_id, equipment_id) VALUES (57, 14);

INSERT INTO Recipe_Equipment (recipe_id, equipment_id) VALUES (57, 44);

INSERT INTO Recipe_Equipment (recipe_id, equipment_id) VALUES (57, 29);

INSERT INTO Recipe_Equipment (recipe_id, equipment_id) VALUES (57, 45);

INSERT INTO Recipe_Ingredient (recipe_id, ingredient_id, portion) VALUES (57, 34, 3);

INSERT INTO Recipe_Ingredient (recipe_id, ingredient_id, portion) VALUES (57, 86, 5);

INSERT INTO Recipe_Thematic_Unit (recipe_id, thematic_unit_id) VALUES (57, 3);

INSERT INTO Recipe_Thematic_Unit (recipe_id, thematic_unit_id) VALUES (57, 6);

INSERT INTO Recipe (recipe_type, name, national_cuisine_id, difficulty_level, description, tip1, cooking_time, prep_time, portions, basic_ingredient_id, image_id) VALUES ('cooking', 'Browned Butter Beets', 12, 4, 'Good long a live. Yeah firm wind thousand computer.', 'better with slow cooking', 64, 23, 6, 17, 86);

INSERT INTO Step (recipe_id, order_number, description) VALUES (58, 1, 'Physical grow above over during painting year.');

INSERT INTO Step (recipe_id, order_number, description) VALUES (58, 2, 'Cut instead up.');

INSERT INTO Step (recipe_id, order_number, description) VALUES (58, 3, 'Reach eight would ahead onto street.');

INSERT INTO Step (recipe_id, order_number, description) VALUES (58, 4, 'Seat maintain first middle music property.');

INSERT INTO Step (recipe_id, order_number, description) VALUES (58, 5, 'Guy property authority before cover.');

INSERT INTO Step (recipe_id, order_number, description) VALUES (58, 6, 'Later chair report future state head else list.');

INSERT INTO Step (recipe_id, order_number, description) VALUES (58, 7, 'Body watch do thus son speak.');

INSERT INTO Step (recipe_id, order_number, description) VALUES (58, 8, 'Herself need trip difficult when loss.');

INSERT INTO Nutritional_Info (recipe_id, fat_per_portion, carbs_per_portion, protein_per_portion) VALUES (58, 163, 68, 54);

INSERT INTO Recipe_Meal_Type (recipe_id, meal_type_id) VALUES (58, 2);

INSERT INTO Recipe_Label (recipe_id, label_id) VALUES (58, 10);

INSERT INTO Recipe_Equipment (recipe_id, equipment_id) VALUES (58, 16);

INSERT INTO Recipe_Equipment (recipe_id, equipment_id) VALUES (58, 28);

INSERT INTO Recipe_Equipment (recipe_id, equipment_id) VALUES (58, 5);

INSERT INTO Recipe_Equipment (recipe_id, equipment_id) VALUES (58, 30);

INSERT INTO Recipe_Equipment (recipe_id, equipment_id) VALUES (58, 26);

INSERT INTO Recipe_Equipment (recipe_id, equipment_id) VALUES (58, 36);

INSERT INTO Recipe_Equipment (recipe_id, equipment_id) VALUES (58, 46);

INSERT INTO Recipe_Equipment (recipe_id, equipment_id) VALUES (58, 18);

INSERT INTO Recipe_Equipment (recipe_id, equipment_id) VALUES (58, 11);

INSERT INTO Recipe_Equipment (recipe_id, equipment_id) VALUES (58, 39);

INSERT INTO Recipe_Ingredient (recipe_id, ingredient_id, portion) VALUES (58, 103, 3);

INSERT INTO Recipe_Ingredient (recipe_id, ingredient_id, portion) VALUES (58, 158, 7);

INSERT INTO Recipe_Ingredient (recipe_id, ingredient_id, portion) VALUES (58, 50, 6);

INSERT INTO Recipe_Ingredient (recipe_id, ingredient_id, portion) VALUES (58, 95, 5);

INSERT INTO Recipe_Ingredient (recipe_id, ingredient_id, portion) VALUES (58, 119, 4);

INSERT INTO Recipe_Ingredient (recipe_id, ingredient_id, portion) VALUES (58, 99, 2);

INSERT INTO Recipe_Ingredient (recipe_id, ingredient_id, portion) VALUES (58, 17, 6);

INSERT INTO Recipe_Thematic_Unit (recipe_id, thematic_unit_id) VALUES (58, 6);

INSERT INTO Recipe_Thematic_Unit (recipe_id, thematic_unit_id) VALUES (58, 11);

INSERT INTO Recipe (recipe_type, name, national_cuisine_id, difficulty_level, description, tip1, tip2, tip3, cooking_time, prep_time, portions, basic_ingredient_id, image_id) VALUES ('pastry', 'Turkey Soup with Homemade Noodles', 12, 2, 'Bar exactly simple space. Picture tree kind dinner student Democrat method.', 'you need a lot of bowls', 'better with a blender', 'better with butter instead of milk', 113, 21, 1, 161, 87);

INSERT INTO Step (recipe_id, order_number, description) VALUES (59, 1, 'Media story foot quickly.');

INSERT INTO Step (recipe_id, order_number, description) VALUES (59, 2, 'Little population many help civil century answer reflect.');

INSERT INTO Step (recipe_id, order_number, description) VALUES (59, 3, 'For possible often sound.');

INSERT INTO Step (recipe_id, order_number, description) VALUES (59, 4, 'Strong hand join drug across simple sing for.');

INSERT INTO Step (recipe_id, order_number, description) VALUES (59, 5, 'As detail station direction in glass approach.');

INSERT INTO Step (recipe_id, order_number, description) VALUES (59, 6, 'Charge old scientist fear imagine.');

INSERT INTO Step (recipe_id, order_number, description) VALUES (59, 7, 'Left nature attention type more.');

INSERT INTO Nutritional_Info (recipe_id, fat_per_portion, carbs_per_portion, protein_per_portion) VALUES (59, 364, 45, 165);

INSERT INTO Recipe_Meal_Type (recipe_id, meal_type_id) VALUES (59, 3);

INSERT INTO Recipe_Meal_Type (recipe_id, meal_type_id) VALUES (59, 2);

INSERT INTO Recipe_Meal_Type (recipe_id, meal_type_id) VALUES (59, 6);

INSERT INTO Recipe_Label (recipe_id, label_id) VALUES (59, 2);

INSERT INTO Recipe_Label (recipe_id, label_id) VALUES (59, 6);

INSERT INTO Recipe_Equipment (recipe_id, equipment_id) VALUES (59, 34);

INSERT INTO Recipe_Equipment (recipe_id, equipment_id) VALUES (59, 36);

INSERT INTO Recipe_Equipment (recipe_id, equipment_id) VALUES (59, 31);

INSERT INTO Recipe_Equipment (recipe_id, equipment_id) VALUES (59, 24);

INSERT INTO Recipe_Equipment (recipe_id, equipment_id) VALUES (59, 48);

INSERT INTO Recipe_Equipment (recipe_id, equipment_id) VALUES (59, 17);

INSERT INTO Recipe_Ingredient (recipe_id, ingredient_id, portion) VALUES (59, 81, 3);

INSERT INTO Recipe_Ingredient (recipe_id, ingredient_id, portion) VALUES (59, 163, 4);

INSERT INTO Recipe_Ingredient (recipe_id, ingredient_id, portion) VALUES (59, 17, 1);

INSERT INTO Recipe_Ingredient (recipe_id, ingredient_id, portion) VALUES (59, 105, 1);

INSERT INTO Recipe_Ingredient (recipe_id, ingredient_id, portion) VALUES (59, 32, 3);

INSERT INTO Recipe_Ingredient (recipe_id, ingredient_id, portion) VALUES (59, 87, 1);

INSERT INTO Recipe_Ingredient (recipe_id, ingredient_id, portion) VALUES (59, 131, 7);

INSERT INTO Recipe_Ingredient (recipe_id, ingredient_id, portion) VALUES (59, 100, 4);

INSERT INTO Recipe_Ingredient (recipe_id, ingredient_id, portion) VALUES (59, 57, 6);

INSERT INTO Recipe_Ingredient (recipe_id, ingredient_id, portion) VALUES (59, 135, 5);

INSERT INTO Recipe_Ingredient (recipe_id, ingredient_id, portion) VALUES (59, 161, 7);

INSERT INTO Recipe_Thematic_Unit (recipe_id, thematic_unit_id) VALUES (59, 2);

INSERT INTO Recipe_Thematic_Unit (recipe_id, thematic_unit_id) VALUES (59, 11);

INSERT INTO Recipe_Thematic_Unit (recipe_id, thematic_unit_id) VALUES (59, 9);

INSERT INTO Recipe (recipe_type, name, national_cuisine_id, difficulty_level, description, tip1, tip2, tip3, cooking_time, prep_time, portions, basic_ingredient_id, image_id) VALUES ('pastry', 'Home fries', 12, 5, 'Star former product. Happy animal them station wish well resource. Probably property third morning east nature soldier according.', 'you need to be patient', 'you need to be patient', 'better with feta cheese', 98, 31, 8, 83, 88);

INSERT INTO Step (recipe_id, order_number, description) VALUES (60, 1, 'Instead share school involve stop service.');

INSERT INTO Step (recipe_id, order_number, description) VALUES (60, 2, 'Nice about some once age.');

INSERT INTO Step (recipe_id, order_number, description) VALUES (60, 3, 'Language court seat.');

INSERT INTO Nutritional_Info (recipe_id, fat_per_portion, carbs_per_portion, protein_per_portion) VALUES (60, 108, 108, 223);

INSERT INTO Recipe_Meal_Type (recipe_id, meal_type_id) VALUES (60, 1);

INSERT INTO Recipe_Label (recipe_id, label_id) VALUES (60, 3);

INSERT INTO Recipe_Label (recipe_id, label_id) VALUES (60, 10);

INSERT INTO Recipe_Equipment (recipe_id, equipment_id) VALUES (60, 8);

INSERT INTO Recipe_Equipment (recipe_id, equipment_id) VALUES (60, 4);

INSERT INTO Recipe_Equipment (recipe_id, equipment_id) VALUES (60, 13);

INSERT INTO Recipe_Equipment (recipe_id, equipment_id) VALUES (60, 22);

INSERT INTO Recipe_Equipment (recipe_id, equipment_id) VALUES (60, 11);

INSERT INTO Recipe_Equipment (recipe_id, equipment_id) VALUES (60, 42);

INSERT INTO Recipe_Equipment (recipe_id, equipment_id) VALUES (60, 30);

INSERT INTO Recipe_Equipment (recipe_id, equipment_id) VALUES (60, 3);

INSERT INTO Recipe_Equipment (recipe_id, equipment_id) VALUES (60, 6);

INSERT INTO Recipe_Ingredient (recipe_id, ingredient_id, portion) VALUES (60, 84, 4);

INSERT INTO Recipe_Ingredient (recipe_id, ingredient_id, portion) VALUES (60, 105, 8);

INSERT INTO Recipe_Ingredient (recipe_id, ingredient_id, portion) VALUES (60, 189, 5);

INSERT INTO Recipe_Ingredient (recipe_id, ingredient_id, portion) VALUES (60, 83, 6);

INSERT INTO Recipe_Thematic_Unit (recipe_id, thematic_unit_id) VALUES (60, 13);

INSERT INTO Recipe_Thematic_Unit (recipe_id, thematic_unit_id) VALUES (60, 3);

INSERT INTO Recipe (recipe_type, name, national_cuisine_id, difficulty_level, description, tip1, cooking_time, prep_time, portions, basic_ingredient_id, image_id) VALUES ('pastry', 'Chocolate Raspberry Torte', 13, 2, 'Early crime avoid kitchen beyond. Tv number state hold account.', 'good with honey', 84, 16, 2, 120, 89);

INSERT INTO Step (recipe_id, order_number, description) VALUES (61, 1, 'Practice tax magazine claim.');

INSERT INTO Nutritional_Info (recipe_id, fat_per_portion, carbs_per_portion, protein_per_portion) VALUES (61, 49, 169, 199);

INSERT INTO Recipe_Meal_Type (recipe_id, meal_type_id) VALUES (61, 3);

INSERT INTO Recipe_Meal_Type (recipe_id, meal_type_id) VALUES (61, 2);

INSERT INTO Recipe_Meal_Type (recipe_id, meal_type_id) VALUES (61, 1);

INSERT INTO Recipe_Label (recipe_id, label_id) VALUES (61, 7);

INSERT INTO Recipe_Label (recipe_id, label_id) VALUES (61, 2);

INSERT INTO Recipe_Equipment (recipe_id, equipment_id) VALUES (61, 42);

INSERT INTO Recipe_Equipment (recipe_id, equipment_id) VALUES (61, 40);

INSERT INTO Recipe_Equipment (recipe_id, equipment_id) VALUES (61, 41);

INSERT INTO Recipe_Equipment (recipe_id, equipment_id) VALUES (61, 19);

INSERT INTO Recipe_Equipment (recipe_id, equipment_id) VALUES (61, 50);

INSERT INTO Recipe_Equipment (recipe_id, equipment_id) VALUES (61, 12);

INSERT INTO Recipe_Ingredient (recipe_id, ingredient_id, portion) VALUES (61, 8, 7);

INSERT INTO Recipe_Ingredient (recipe_id, ingredient_id, portion) VALUES (61, 126, 6);

INSERT INTO Recipe_Ingredient (recipe_id, ingredient_id, portion) VALUES (61, 123, 1);

INSERT INTO Recipe_Ingredient (recipe_id, ingredient_id, portion) VALUES (61, 26, 2);

INSERT INTO Recipe_Ingredient (recipe_id, ingredient_id, portion) VALUES (61, 6, 5);

INSERT INTO Recipe_Ingredient (recipe_id, ingredient_id, portion) VALUES (61, 12, 4);

INSERT INTO Recipe_Ingredient (recipe_id, ingredient_id, portion) VALUES (61, 20, 8);

INSERT INTO Recipe_Ingredient (recipe_id, ingredient_id, portion) VALUES (61, 200, 7);

INSERT INTO Recipe_Ingredient (recipe_id, ingredient_id, portion) VALUES (61, 65, 7);

INSERT INTO Recipe_Ingredient (recipe_id, ingredient_id, portion) VALUES (61, 68, 5);

INSERT INTO Recipe_Ingredient (recipe_id, ingredient_id, portion) VALUES (61, 128, 1);

INSERT INTO Recipe_Ingredient (recipe_id, ingredient_id, portion) VALUES (61, 120, 4);

INSERT INTO Recipe_Thematic_Unit (recipe_id, thematic_unit_id) VALUES (61, 9);

INSERT INTO Recipe (recipe_type, name, national_cuisine_id, difficulty_level, description, tip1, tip2, tip3, cooking_time, prep_time, portions, basic_ingredient_id, image_id) VALUES ('pastry', 'Golden Latte', 13, 1, 'Official meet customer. Story shake here partner country ago fast doctor. Financial support matter material bring house whom.', 'better after 2 days', 'better without sugar', 'you need a lot of bowls', 147, 10, 3, 33, 90);

INSERT INTO Step (recipe_id, order_number, description) VALUES (62, 1, 'Rich back stand thousand school.');

INSERT INTO Step (recipe_id, order_number, description) VALUES (62, 2, 'Hope scene family same skin deep song.');

INSERT INTO Step (recipe_id, order_number, description) VALUES (62, 3, 'Character statement recently score indeed player including.');

INSERT INTO Step (recipe_id, order_number, description) VALUES (62, 4, 'Individual drop single.');

INSERT INTO Step (recipe_id, order_number, description) VALUES (62, 5, 'High human accept exactly room another may.');

INSERT INTO Step (recipe_id, order_number, description) VALUES (62, 6, 'Charge security miss and.');

INSERT INTO Step (recipe_id, order_number, description) VALUES (62, 7, 'Kid treat artist evidence.');

INSERT INTO Step (recipe_id, order_number, description) VALUES (62, 8, 'Kind education general make once.');

INSERT INTO Nutritional_Info (recipe_id, fat_per_portion, carbs_per_portion, protein_per_portion) VALUES (62, 174, 78, 39);

INSERT INTO Recipe_Meal_Type (recipe_id, meal_type_id) VALUES (62, 1);

INSERT INTO Recipe_Meal_Type (recipe_id, meal_type_id) VALUES (62, 5);

INSERT INTO Recipe_Meal_Type (recipe_id, meal_type_id) VALUES (62, 6);

INSERT INTO Recipe_Label (recipe_id, label_id) VALUES (62, 6);

INSERT INTO Recipe_Label (recipe_id, label_id) VALUES (62, 8);

INSERT INTO Recipe_Equipment (recipe_id, equipment_id) VALUES (62, 1);

INSERT INTO Recipe_Equipment (recipe_id, equipment_id) VALUES (62, 7);

INSERT INTO Recipe_Equipment (recipe_id, equipment_id) VALUES (62, 5);

INSERT INTO Recipe_Equipment (recipe_id, equipment_id) VALUES (62, 30);

INSERT INTO Recipe_Equipment (recipe_id, equipment_id) VALUES (62, 10);

INSERT INTO Recipe_Equipment (recipe_id, equipment_id) VALUES (62, 15);

INSERT INTO Recipe_Equipment (recipe_id, equipment_id) VALUES (62, 32);

INSERT INTO Recipe_Ingredient (recipe_id, ingredient_id, portion) VALUES (62, 95, 3);

INSERT INTO Recipe_Ingredient (recipe_id, ingredient_id, portion) VALUES (62, 67, 1);

INSERT INTO Recipe_Ingredient (recipe_id, ingredient_id, portion) VALUES (62, 55, 4);

INSERT INTO Recipe_Ingredient (recipe_id, ingredient_id, portion) VALUES (62, 9, 5);

INSERT INTO Recipe_Ingredient (recipe_id, ingredient_id, portion) VALUES (62, 180, 7);

INSERT INTO Recipe_Ingredient (recipe_id, ingredient_id, portion) VALUES (62, 66, 1);

INSERT INTO Recipe_Ingredient (recipe_id, ingredient_id, portion) VALUES (62, 177, 8);

INSERT INTO Recipe_Ingredient (recipe_id, ingredient_id, portion) VALUES (62, 56, 1);

INSERT INTO Recipe_Ingredient (recipe_id, ingredient_id, portion) VALUES (62, 178, 3);

INSERT INTO Recipe_Ingredient (recipe_id, ingredient_id, portion) VALUES (62, 149, 1);

INSERT INTO Recipe_Ingredient (recipe_id, ingredient_id, portion) VALUES (62, 200, 3);

INSERT INTO Recipe_Ingredient (recipe_id, ingredient_id, portion) VALUES (62, 53, 3);

INSERT INTO Recipe_Ingredient (recipe_id, ingredient_id, portion) VALUES (62, 134, 8);

INSERT INTO Recipe_Ingredient (recipe_id, ingredient_id, portion) VALUES (62, 28, 2);

INSERT INTO Recipe_Ingredient (recipe_id, ingredient_id, portion) VALUES (62, 1, 5);

INSERT INTO Recipe_Ingredient (recipe_id, ingredient_id, portion) VALUES (62, 74, 8);

INSERT INTO Recipe_Ingredient (recipe_id, ingredient_id, portion) VALUES (62, 57, 3);

INSERT INTO Recipe_Ingredient (recipe_id, ingredient_id, portion) VALUES (62, 33, 7);

INSERT INTO Recipe_Thematic_Unit (recipe_id, thematic_unit_id) VALUES (62, 5);

INSERT INTO Recipe_Thematic_Unit (recipe_id, thematic_unit_id) VALUES (62, 1);

INSERT INTO Recipe (recipe_type, name, national_cuisine_id, difficulty_level, description, tip1, tip2, tip3, cooking_time, prep_time, portions, basic_ingredient_id, image_id) VALUES ('cooking', 'Fig Shake', 13, 3, 'Couple wish black. Rest describe produce alone worry ten. Upon investment but former left market century.', 'you can store iy outside the fridge', 'better without sugar', 'better with butter instead of milk', 127, 37, 2, 129, 91);

INSERT INTO Step (recipe_id, order_number, description) VALUES (63, 1, 'Model drop simply cultural wife share trip direction.');

INSERT INTO Step (recipe_id, order_number, description) VALUES (63, 2, 'National catch entire work matter race.');

INSERT INTO Step (recipe_id, order_number, description) VALUES (63, 3, 'Ago cell generation build yard both.');

INSERT INTO Step (recipe_id, order_number, description) VALUES (63, 4, 'Summer describe animal class actually political.');

INSERT INTO Step (recipe_id, order_number, description) VALUES (63, 5, 'Run bank collection impact nearly.');

INSERT INTO Step (recipe_id, order_number, description) VALUES (63, 6, 'Bar opportunity room head push state certainly hand.');

INSERT INTO Nutritional_Info (recipe_id, fat_per_portion, carbs_per_portion, protein_per_portion) VALUES (63, 112, 25, 102);

INSERT INTO Recipe_Meal_Type (recipe_id, meal_type_id) VALUES (63, 1);

INSERT INTO Recipe_Meal_Type (recipe_id, meal_type_id) VALUES (63, 6);

INSERT INTO Recipe_Label (recipe_id, label_id) VALUES (63, 3);

INSERT INTO Recipe_Label (recipe_id, label_id) VALUES (63, 7);

INSERT INTO Recipe_Label (recipe_id, label_id) VALUES (63, 4);

INSERT INTO Recipe_Equipment (recipe_id, equipment_id) VALUES (63, 33);

INSERT INTO Recipe_Equipment (recipe_id, equipment_id) VALUES (63, 38);

INSERT INTO Recipe_Equipment (recipe_id, equipment_id) VALUES (63, 46);

INSERT INTO Recipe_Equipment (recipe_id, equipment_id) VALUES (63, 24);

INSERT INTO Recipe_Equipment (recipe_id, equipment_id) VALUES (63, 16);

INSERT INTO Recipe_Equipment (recipe_id, equipment_id) VALUES (63, 19);

INSERT INTO Recipe_Equipment (recipe_id, equipment_id) VALUES (63, 12);

INSERT INTO Recipe_Ingredient (recipe_id, ingredient_id, portion) VALUES (63, 85, 5);

INSERT INTO Recipe_Ingredient (recipe_id, ingredient_id, portion) VALUES (63, 50, 1);

INSERT INTO Recipe_Ingredient (recipe_id, ingredient_id, portion) VALUES (63, 25, 4);

INSERT INTO Recipe_Ingredient (recipe_id, ingredient_id, portion) VALUES (63, 98, 4);

INSERT INTO Recipe_Ingredient (recipe_id, ingredient_id, portion) VALUES (63, 137, 1);

INSERT INTO Recipe_Ingredient (recipe_id, ingredient_id, portion) VALUES (63, 108, 2);

INSERT INTO Recipe_Ingredient (recipe_id, ingredient_id, portion) VALUES (63, 32, 7);

INSERT INTO Recipe_Ingredient (recipe_id, ingredient_id, portion) VALUES (63, 198, 5);

INSERT INTO Recipe_Ingredient (recipe_id, ingredient_id, portion) VALUES (63, 177, 8);

INSERT INTO Recipe_Ingredient (recipe_id, ingredient_id, portion) VALUES (63, 30, 6);

INSERT INTO Recipe_Ingredient (recipe_id, ingredient_id, portion) VALUES (63, 96, 5);

INSERT INTO Recipe_Ingredient (recipe_id, ingredient_id, portion) VALUES (63, 193, 6);

INSERT INTO Recipe_Ingredient (recipe_id, ingredient_id, portion) VALUES (63, 64, 1);

INSERT INTO Recipe_Ingredient (recipe_id, ingredient_id, portion) VALUES (63, 119, 7);

INSERT INTO Recipe_Ingredient (recipe_id, ingredient_id, portion) VALUES (63, 129, 3);

INSERT INTO Recipe_Thematic_Unit (recipe_id, thematic_unit_id) VALUES (63, 15);

INSERT INTO Recipe_Thematic_Unit (recipe_id, thematic_unit_id) VALUES (63, 8);

INSERT INTO Recipe_Thematic_Unit (recipe_id, thematic_unit_id) VALUES (63, 13);

INSERT INTO Recipe (recipe_type, name, national_cuisine_id, difficulty_level, description, tip1, tip2, tip3, cooking_time, prep_time, portions, basic_ingredient_id, image_id) VALUES ('pastry', 'Lentil Soup', 13, 2, 'Between despite explain suggest century none bit. City store toward. Body trial sing middle. Evidence scientist reveal operation before real team collection.', 'better with a blender', 'you need a lot of bowls', 'you have to be careful not to let it get stack', 80, 39, 8, 192, 92);

INSERT INTO Step (recipe_id, order_number, description) VALUES (64, 1, 'Conference management wall front have with speak.');

INSERT INTO Step (recipe_id, order_number, description) VALUES (64, 2, 'Decide meet language sign read Republican.');

INSERT INTO Step (recipe_id, order_number, description) VALUES (64, 3, 'Drop open song standard skin listen rate.');

INSERT INTO Step (recipe_id, order_number, description) VALUES (64, 4, 'Camera year final.');

INSERT INTO Nutritional_Info (recipe_id, fat_per_portion, carbs_per_portion, protein_per_portion) VALUES (64, 210, 198, 215);

INSERT INTO Recipe_Meal_Type (recipe_id, meal_type_id) VALUES (64, 3);

INSERT INTO Recipe_Meal_Type (recipe_id, meal_type_id) VALUES (64, 4);

INSERT INTO Recipe_Label (recipe_id, label_id) VALUES (64, 8);

INSERT INTO Recipe_Equipment (recipe_id, equipment_id) VALUES (64, 1);

INSERT INTO Recipe_Equipment (recipe_id, equipment_id) VALUES (64, 48);

INSERT INTO Recipe_Equipment (recipe_id, equipment_id) VALUES (64, 47);

INSERT INTO Recipe_Equipment (recipe_id, equipment_id) VALUES (64, 33);

INSERT INTO Recipe_Equipment (recipe_id, equipment_id) VALUES (64, 41);

INSERT INTO Recipe_Equipment (recipe_id, equipment_id) VALUES (64, 46);

INSERT INTO Recipe_Equipment (recipe_id, equipment_id) VALUES (64, 2);

INSERT INTO Recipe_Equipment (recipe_id, equipment_id) VALUES (64, 27);

INSERT INTO Recipe_Ingredient (recipe_id, ingredient_id, portion) VALUES (64, 73, 3);

INSERT INTO Recipe_Ingredient (recipe_id, ingredient_id, portion) VALUES (64, 33, 2);

INSERT INTO Recipe_Ingredient (recipe_id, ingredient_id, portion) VALUES (64, 127, 1);

INSERT INTO Recipe_Ingredient (recipe_id, ingredient_id, portion) VALUES (64, 67, 2);

INSERT INTO Recipe_Ingredient (recipe_id, ingredient_id, portion) VALUES (64, 13, 6);

INSERT INTO Recipe_Ingredient (recipe_id, ingredient_id, portion) VALUES (64, 101, 1);

INSERT INTO Recipe_Ingredient (recipe_id, ingredient_id, portion) VALUES (64, 34, 1);

INSERT INTO Recipe_Ingredient (recipe_id, ingredient_id, portion) VALUES (64, 192, 4);

INSERT INTO Recipe_Thematic_Unit (recipe_id, thematic_unit_id) VALUES (64, 5);

INSERT INTO Recipe (recipe_type, name, national_cuisine_id, difficulty_level, description, tip1, tip2, tip3, cooking_time, prep_time, portions, basic_ingredient_id, image_id) VALUES ('pastry', 'Buckwheat Tabboulah', 13, 2, 'Idea available organization. Beat arm sign politics soldier. Heavy partner second tend bring might.', 'you need to be patient', 'better with a blender', 'good with honey', 83, 19, 3, 13, 93);

INSERT INTO Step (recipe_id, order_number, description) VALUES (65, 1, 'Special air word bank debate wonder.');

INSERT INTO Step (recipe_id, order_number, description) VALUES (65, 2, 'Work morning star force defense fact.');

INSERT INTO Step (recipe_id, order_number, description) VALUES (65, 3, 'Anything why store help sense team head reflect.');

INSERT INTO Step (recipe_id, order_number, description) VALUES (65, 4, 'Turn positive cold me.');

INSERT INTO Nutritional_Info (recipe_id, fat_per_portion, carbs_per_portion, protein_per_portion) VALUES (65, 360, 158, 204);

INSERT INTO Recipe_Meal_Type (recipe_id, meal_type_id) VALUES (65, 3);

INSERT INTO Recipe_Meal_Type (recipe_id, meal_type_id) VALUES (65, 5);

INSERT INTO Recipe_Meal_Type (recipe_id, meal_type_id) VALUES (65, 6);

INSERT INTO Recipe_Label (recipe_id, label_id) VALUES (65, 7);

INSERT INTO Recipe_Equipment (recipe_id, equipment_id) VALUES (65, 6);

INSERT INTO Recipe_Equipment (recipe_id, equipment_id) VALUES (65, 36);

INSERT INTO Recipe_Equipment (recipe_id, equipment_id) VALUES (65, 23);

INSERT INTO Recipe_Equipment (recipe_id, equipment_id) VALUES (65, 21);

INSERT INTO Recipe_Equipment (recipe_id, equipment_id) VALUES (65, 37);

INSERT INTO Recipe_Equipment (recipe_id, equipment_id) VALUES (65, 47);

INSERT INTO Recipe_Equipment (recipe_id, equipment_id) VALUES (65, 14);

INSERT INTO Recipe_Ingredient (recipe_id, ingredient_id, portion) VALUES (65, 56, 4);

INSERT INTO Recipe_Ingredient (recipe_id, ingredient_id, portion) VALUES (65, 169, 2);

INSERT INTO Recipe_Ingredient (recipe_id, ingredient_id, portion) VALUES (65, 115, 2);

INSERT INTO Recipe_Ingredient (recipe_id, ingredient_id, portion) VALUES (65, 162, 7);

INSERT INTO Recipe_Ingredient (recipe_id, ingredient_id, portion) VALUES (65, 106, 4);

INSERT INTO Recipe_Ingredient (recipe_id, ingredient_id, portion) VALUES (65, 138, 6);

INSERT INTO Recipe_Ingredient (recipe_id, ingredient_id, portion) VALUES (65, 21, 5);

INSERT INTO Recipe_Ingredient (recipe_id, ingredient_id, portion) VALUES (65, 16, 7);

INSERT INTO Recipe_Ingredient (recipe_id, ingredient_id, portion) VALUES (65, 96, 8);

INSERT INTO Recipe_Ingredient (recipe_id, ingredient_id, portion) VALUES (65, 145, 7);

INSERT INTO Recipe_Ingredient (recipe_id, ingredient_id, portion) VALUES (65, 194, 4);

INSERT INTO Recipe_Ingredient (recipe_id, ingredient_id, portion) VALUES (65, 30, 4);

INSERT INTO Recipe_Ingredient (recipe_id, ingredient_id, portion) VALUES (65, 22, 5);

INSERT INTO Recipe_Ingredient (recipe_id, ingredient_id, portion) VALUES (65, 147, 8);

INSERT INTO Recipe_Ingredient (recipe_id, ingredient_id, portion) VALUES (65, 161, 8);

INSERT INTO Recipe_Ingredient (recipe_id, ingredient_id, portion) VALUES (65, 52, 2);

INSERT INTO Recipe_Ingredient (recipe_id, ingredient_id, portion) VALUES (65, 113, 8);

INSERT INTO Recipe_Ingredient (recipe_id, ingredient_id, portion) VALUES (65, 176, 6);

INSERT INTO Recipe_Ingredient (recipe_id, ingredient_id, portion) VALUES (65, 111, 2);

INSERT INTO Recipe_Ingredient (recipe_id, ingredient_id, portion) VALUES (65, 41, 8);

INSERT INTO Recipe_Ingredient (recipe_id, ingredient_id, portion) VALUES (65, 13, 5);

INSERT INTO Recipe_Thematic_Unit (recipe_id, thematic_unit_id) VALUES (65, 11);

INSERT INTO Recipe (recipe_type, name, national_cuisine_id, difficulty_level, description, tip1, tip2, cooking_time, prep_time, portions, basic_ingredient_id, image_id) VALUES ('cooking', 'Lentil Rice Bowls with Egg', 14, 1, 'Blood about fear. Simply little course media. Outside left evening.', 'you need an oven', 'you need a lot of time', 113, 4, 6, 188, 94);

INSERT INTO Step (recipe_id, order_number, description) VALUES (66, 1, 'While professional word thousand risk many.');

INSERT INTO Step (recipe_id, order_number, description) VALUES (66, 2, 'Also opportunity manager before.');

INSERT INTO Nutritional_Info (recipe_id, fat_per_portion, carbs_per_portion, protein_per_portion) VALUES (66, 101, 122, 168);

INSERT INTO Recipe_Meal_Type (recipe_id, meal_type_id) VALUES (66, 4);

INSERT INTO Recipe_Meal_Type (recipe_id, meal_type_id) VALUES (66, 3);

INSERT INTO Recipe_Label (recipe_id, label_id) VALUES (66, 10);

INSERT INTO Recipe_Label (recipe_id, label_id) VALUES (66, 2);

INSERT INTO Recipe_Label (recipe_id, label_id) VALUES (66, 8);

INSERT INTO Recipe_Equipment (recipe_id, equipment_id) VALUES (66, 37);

INSERT INTO Recipe_Equipment (recipe_id, equipment_id) VALUES (66, 40);

INSERT INTO Recipe_Equipment (recipe_id, equipment_id) VALUES (66, 33);

INSERT INTO Recipe_Equipment (recipe_id, equipment_id) VALUES (66, 13);

INSERT INTO Recipe_Equipment (recipe_id, equipment_id) VALUES (66, 50);

INSERT INTO Recipe_Equipment (recipe_id, equipment_id) VALUES (66, 41);

INSERT INTO Recipe_Equipment (recipe_id, equipment_id) VALUES (66, 42);

INSERT INTO Recipe_Ingredient (recipe_id, ingredient_id, portion) VALUES (66, 88, 5);

INSERT INTO Recipe_Ingredient (recipe_id, ingredient_id, portion) VALUES (66, 152, 4);

INSERT INTO Recipe_Ingredient (recipe_id, ingredient_id, portion) VALUES (66, 132, 1);

INSERT INTO Recipe_Ingredient (recipe_id, ingredient_id, portion) VALUES (66, 144, 3);

INSERT INTO Recipe_Ingredient (recipe_id, ingredient_id, portion) VALUES (66, 46, 2);

INSERT INTO Recipe_Ingredient (recipe_id, ingredient_id, portion) VALUES (66, 116, 4);

INSERT INTO Recipe_Ingredient (recipe_id, ingredient_id, portion) VALUES (66, 113, 4);

INSERT INTO Recipe_Ingredient (recipe_id, ingredient_id, portion) VALUES (66, 100, 8);

INSERT INTO Recipe_Ingredient (recipe_id, ingredient_id, portion) VALUES (66, 53, 8);

INSERT INTO Recipe_Ingredient (recipe_id, ingredient_id, portion) VALUES (66, 2, 7);

INSERT INTO Recipe_Ingredient (recipe_id, ingredient_id, portion) VALUES (66, 81, 2);

INSERT INTO Recipe_Ingredient (recipe_id, ingredient_id, portion) VALUES (66, 45, 8);

INSERT INTO Recipe_Ingredient (recipe_id, ingredient_id, portion) VALUES (66, 41, 5);

INSERT INTO Recipe_Ingredient (recipe_id, ingredient_id, portion) VALUES (66, 173, 3);

INSERT INTO Recipe_Ingredient (recipe_id, ingredient_id, portion) VALUES (66, 21, 3);

INSERT INTO Recipe_Ingredient (recipe_id, ingredient_id, portion) VALUES (66, 111, 7);

INSERT INTO Recipe_Ingredient (recipe_id, ingredient_id, portion) VALUES (66, 109, 4);

INSERT INTO Recipe_Ingredient (recipe_id, ingredient_id, portion) VALUES (66, 178, 5);

INSERT INTO Recipe_Ingredient (recipe_id, ingredient_id, portion) VALUES (66, 117, 2);

INSERT INTO Recipe_Ingredient (recipe_id, ingredient_id, portion) VALUES (66, 188, 1);

INSERT INTO Recipe_Thematic_Unit (recipe_id, thematic_unit_id) VALUES (66, 5);

INSERT INTO Recipe_Thematic_Unit (recipe_id, thematic_unit_id) VALUES (66, 14);

INSERT INTO Recipe_Thematic_Unit (recipe_id, thematic_unit_id) VALUES (66, 15);

INSERT INTO Recipe (recipe_type, name, national_cuisine_id, difficulty_level, description, tip1, tip2, tip3, cooking_time, prep_time, portions, basic_ingredient_id, image_id) VALUES ('pastry', 'Italian Vegetable Lentil Soup', 14, 5, 'Money vote news specific work. Religious hour allow from mean myself.', 'better when fresh', 'you need an oven', 'in the fridge for 3 days', 74, 42, 3, 62, 95);

INSERT INTO Step (recipe_id, order_number, description) VALUES (67, 1, 'Recently same finish prepare yard.');

INSERT INTO Step (recipe_id, order_number, description) VALUES (67, 2, 'Morning a space force sport citizen left.');

INSERT INTO Step (recipe_id, order_number, description) VALUES (67, 3, 'Start program item letter information people nice decide.');

INSERT INTO Step (recipe_id, order_number, description) VALUES (67, 4, 'Quickly fact safe yes financial who face.');

INSERT INTO Step (recipe_id, order_number, description) VALUES (67, 5, 'Back anything lot push office after participant.');

INSERT INTO Step (recipe_id, order_number, description) VALUES (67, 6, 'Light crime I foreign work.');

INSERT INTO Nutritional_Info (recipe_id, fat_per_portion, carbs_per_portion, protein_per_portion) VALUES (67, 336, 134, 177);

INSERT INTO Recipe_Meal_Type (recipe_id, meal_type_id) VALUES (67, 6);

INSERT INTO Recipe_Meal_Type (recipe_id, meal_type_id) VALUES (67, 4);

INSERT INTO Recipe_Meal_Type (recipe_id, meal_type_id) VALUES (67, 1);

INSERT INTO Recipe_Label (recipe_id, label_id) VALUES (67, 3);

INSERT INTO Recipe_Label (recipe_id, label_id) VALUES (67, 7);

INSERT INTO Recipe_Label (recipe_id, label_id) VALUES (67, 5);

INSERT INTO Recipe_Label (recipe_id, label_id) VALUES (67, 2);

INSERT INTO Recipe_Equipment (recipe_id, equipment_id) VALUES (67, 1);

INSERT INTO Recipe_Equipment (recipe_id, equipment_id) VALUES (67, 20);

INSERT INTO Recipe_Equipment (recipe_id, equipment_id) VALUES (67, 24);

INSERT INTO Recipe_Equipment (recipe_id, equipment_id) VALUES (67, 29);

INSERT INTO Recipe_Equipment (recipe_id, equipment_id) VALUES (67, 7);

INSERT INTO Recipe_Equipment (recipe_id, equipment_id) VALUES (67, 3);

INSERT INTO Recipe_Equipment (recipe_id, equipment_id) VALUES (67, 27);

INSERT INTO Recipe_Equipment (recipe_id, equipment_id) VALUES (67, 6);

INSERT INTO Recipe_Equipment (recipe_id, equipment_id) VALUES (67, 28);

INSERT INTO Recipe_Ingredient (recipe_id, ingredient_id, portion) VALUES (67, 49, 8);

INSERT INTO Recipe_Ingredient (recipe_id, ingredient_id, portion) VALUES (67, 90, 8);

INSERT INTO Recipe_Ingredient (recipe_id, ingredient_id, portion) VALUES (67, 85, 4);

INSERT INTO Recipe_Ingredient (recipe_id, ingredient_id, portion) VALUES (67, 118, 2);

INSERT INTO Recipe_Ingredient (recipe_id, ingredient_id, portion) VALUES (67, 22, 1);

INSERT INTO Recipe_Ingredient (recipe_id, ingredient_id, portion) VALUES (67, 86, 2);

INSERT INTO Recipe_Ingredient (recipe_id, ingredient_id, portion) VALUES (67, 7, 7);

INSERT INTO Recipe_Ingredient (recipe_id, ingredient_id, portion) VALUES (67, 177, 7);

INSERT INTO Recipe_Ingredient (recipe_id, ingredient_id, portion) VALUES (67, 36, 7);

INSERT INTO Recipe_Ingredient (recipe_id, ingredient_id, portion) VALUES (67, 71, 4);

INSERT INTO Recipe_Ingredient (recipe_id, ingredient_id, portion) VALUES (67, 111, 3);

INSERT INTO Recipe_Ingredient (recipe_id, ingredient_id, portion) VALUES (67, 156, 2);

INSERT INTO Recipe_Ingredient (recipe_id, ingredient_id, portion) VALUES (67, 33, 8);

INSERT INTO Recipe_Ingredient (recipe_id, ingredient_id, portion) VALUES (67, 143, 1);

INSERT INTO Recipe_Ingredient (recipe_id, ingredient_id, portion) VALUES (67, 64, 6);

INSERT INTO Recipe_Ingredient (recipe_id, ingredient_id, portion) VALUES (67, 62, 1);

INSERT INTO Recipe_Thematic_Unit (recipe_id, thematic_unit_id) VALUES (67, 12);

INSERT INTO Recipe (recipe_type, name, national_cuisine_id, difficulty_level, description, tip1, cooking_time, prep_time, portions, basic_ingredient_id, image_id) VALUES ('pastry', 'One Pot Chicken & Potatoes', 14, 3, 'Serious great lot what summer himself citizen. Kid itself north against best always window. According several during article realize likely.', 'better with slow cooking', 16, 17, 2, 9, 96);

INSERT INTO Step (recipe_id, order_number, description) VALUES (68, 1, 'Woman game prove seat most view.');

INSERT INTO Step (recipe_id, order_number, description) VALUES (68, 2, 'Board position quality artist though blood leader.');

INSERT INTO Step (recipe_id, order_number, description) VALUES (68, 3, 'Put only attention.');

INSERT INTO Step (recipe_id, order_number, description) VALUES (68, 4, 'Save indicate structure.');

INSERT INTO Step (recipe_id, order_number, description) VALUES (68, 5, 'Assume that avoid on.');

INSERT INTO Nutritional_Info (recipe_id, fat_per_portion, carbs_per_portion, protein_per_portion) VALUES (68, 307, 147, 250);

INSERT INTO Recipe_Meal_Type (recipe_id, meal_type_id) VALUES (68, 4);

INSERT INTO Recipe_Meal_Type (recipe_id, meal_type_id) VALUES (68, 2);

INSERT INTO Recipe_Meal_Type (recipe_id, meal_type_id) VALUES (68, 3);

INSERT INTO Recipe_Label (recipe_id, label_id) VALUES (68, 1);

INSERT INTO Recipe_Equipment (recipe_id, equipment_id) VALUES (68, 47);

INSERT INTO Recipe_Equipment (recipe_id, equipment_id) VALUES (68, 40);

INSERT INTO Recipe_Equipment (recipe_id, equipment_id) VALUES (68, 45);

INSERT INTO Recipe_Equipment (recipe_id, equipment_id) VALUES (68, 41);

INSERT INTO Recipe_Equipment (recipe_id, equipment_id) VALUES (68, 46);

INSERT INTO Recipe_Equipment (recipe_id, equipment_id) VALUES (68, 15);

INSERT INTO Recipe_Equipment (recipe_id, equipment_id) VALUES (68, 18);

INSERT INTO Recipe_Equipment (recipe_id, equipment_id) VALUES (68, 26);

INSERT INTO Recipe_Ingredient (recipe_id, ingredient_id, portion) VALUES (68, 21, 8);

INSERT INTO Recipe_Ingredient (recipe_id, ingredient_id, portion) VALUES (68, 120, 8);

INSERT INTO Recipe_Ingredient (recipe_id, ingredient_id, portion) VALUES (68, 51, 2);

INSERT INTO Recipe_Ingredient (recipe_id, ingredient_id, portion) VALUES (68, 132, 2);

INSERT INTO Recipe_Ingredient (recipe_id, ingredient_id, portion) VALUES (68, 118, 2);

INSERT INTO Recipe_Ingredient (recipe_id, ingredient_id, portion) VALUES (68, 100, 7);

INSERT INTO Recipe_Ingredient (recipe_id, ingredient_id, portion) VALUES (68, 57, 5);

INSERT INTO Recipe_Ingredient (recipe_id, ingredient_id, portion) VALUES (68, 50, 4);

INSERT INTO Recipe_Ingredient (recipe_id, ingredient_id, portion) VALUES (68, 1, 8);

INSERT INTO Recipe_Ingredient (recipe_id, ingredient_id, portion) VALUES (68, 93, 7);

INSERT INTO Recipe_Ingredient (recipe_id, ingredient_id, portion) VALUES (68, 9, 7);

INSERT INTO Recipe_Thematic_Unit (recipe_id, thematic_unit_id) VALUES (68, 1);

INSERT INTO Recipe (recipe_type, name, national_cuisine_id, difficulty_level, description, tip1, tip2, cooking_time, prep_time, portions, basic_ingredient_id, image_id) VALUES ('cooking', 'Sweet Korean Lentils', 14, 1, 'Debate college control industry language manage. Future allow free organization. Along be clearly perhaps certain simply first.', 'you can use leftovers', 'you need an oven', 72, 8, 3, 160, 97);

INSERT INTO Step (recipe_id, order_number, description) VALUES (69, 1, 'Its read buy power when.');

INSERT INTO Step (recipe_id, order_number, description) VALUES (69, 2, 'Chair month Mrs rest these plant program else.');

INSERT INTO Step (recipe_id, order_number, description) VALUES (69, 3, 'Voice bill hospital company institution certainly break.');

INSERT INTO Step (recipe_id, order_number, description) VALUES (69, 4, 'Anyone sport plant hospital ask us.');

INSERT INTO Step (recipe_id, order_number, description) VALUES (69, 5, 'Perform whose sell learn detail spring.');

INSERT INTO Step (recipe_id, order_number, description) VALUES (69, 6, 'Issue box standard guy maintain.');

INSERT INTO Step (recipe_id, order_number, description) VALUES (69, 7, 'Fight east now store inside interesting those environmental.');

INSERT INTO Nutritional_Info (recipe_id, fat_per_portion, carbs_per_portion, protein_per_portion) VALUES (69, 300, 138, 40);

INSERT INTO Recipe_Meal_Type (recipe_id, meal_type_id) VALUES (69, 4);

INSERT INTO Recipe_Meal_Type (recipe_id, meal_type_id) VALUES (69, 5);

INSERT INTO Recipe_Meal_Type (recipe_id, meal_type_id) VALUES (69, 2);

INSERT INTO Recipe_Label (recipe_id, label_id) VALUES (69, 2);

INSERT INTO Recipe_Label (recipe_id, label_id) VALUES (69, 4);

INSERT INTO Recipe_Equipment (recipe_id, equipment_id) VALUES (69, 10);

INSERT INTO Recipe_Equipment (recipe_id, equipment_id) VALUES (69, 33);

INSERT INTO Recipe_Equipment (recipe_id, equipment_id) VALUES (69, 42);

INSERT INTO Recipe_Equipment (recipe_id, equipment_id) VALUES (69, 21);

INSERT INTO Recipe_Equipment (recipe_id, equipment_id) VALUES (69, 5);

INSERT INTO Recipe_Equipment (recipe_id, equipment_id) VALUES (69, 16);

INSERT INTO Recipe_Equipment (recipe_id, equipment_id) VALUES (69, 46);

INSERT INTO Recipe_Equipment (recipe_id, equipment_id) VALUES (69, 24);

INSERT INTO Recipe_Equipment (recipe_id, equipment_id) VALUES (69, 1);

INSERT INTO Recipe_Equipment (recipe_id, equipment_id) VALUES (69, 49);

INSERT INTO Recipe_Ingredient (recipe_id, ingredient_id, portion) VALUES (69, 192, 3);

INSERT INTO Recipe_Ingredient (recipe_id, ingredient_id, portion) VALUES (69, 92, 8);

INSERT INTO Recipe_Ingredient (recipe_id, ingredient_id, portion) VALUES (69, 110, 4);

INSERT INTO Recipe_Ingredient (recipe_id, ingredient_id, portion) VALUES (69, 94, 2);

INSERT INTO Recipe_Ingredient (recipe_id, ingredient_id, portion) VALUES (69, 148, 5);

INSERT INTO Recipe_Ingredient (recipe_id, ingredient_id, portion) VALUES (69, 130, 4);

INSERT INTO Recipe_Ingredient (recipe_id, ingredient_id, portion) VALUES (69, 181, 7);

INSERT INTO Recipe_Ingredient (recipe_id, ingredient_id, portion) VALUES (69, 160, 3);

INSERT INTO Recipe_Thematic_Unit (recipe_id, thematic_unit_id) VALUES (69, 12);

INSERT INTO Recipe (recipe_type, name, national_cuisine_id, difficulty_level, description, tip1, tip2, tip3, cooking_time, prep_time, portions, basic_ingredient_id, image_id) VALUES ('pastry', 'Buckwheat Beetroot Salad', 14, 4, 'Structure doctor them newspaper democratic. Turn high happen same sport.', 'you need to use your hands', 'better with a blender', 'you need a lot of time', 126, 44, 3, 57, 98);

INSERT INTO Step (recipe_id, order_number, description) VALUES (70, 1, 'Probably art person call after give yard wrong.');

INSERT INTO Step (recipe_id, order_number, description) VALUES (70, 2, 'Exist phone particularly heart my.');

INSERT INTO Step (recipe_id, order_number, description) VALUES (70, 3, 'Despite owner around meet keep power.');

INSERT INTO Step (recipe_id, order_number, description) VALUES (70, 4, 'So my choice next environmental receive we.');

INSERT INTO Step (recipe_id, order_number, description) VALUES (70, 5, 'History create Democrat property.');

INSERT INTO Step (recipe_id, order_number, description) VALUES (70, 6, 'Cause partner main.');

INSERT INTO Step (recipe_id, order_number, description) VALUES (70, 7, 'Once whole west cut.');

INSERT INTO Nutritional_Info (recipe_id, fat_per_portion, carbs_per_portion, protein_per_portion) VALUES (70, 393, 109, 98);

INSERT INTO Recipe_Meal_Type (recipe_id, meal_type_id) VALUES (70, 2);

INSERT INTO Recipe_Meal_Type (recipe_id, meal_type_id) VALUES (70, 6);

INSERT INTO Recipe_Label (recipe_id, label_id) VALUES (70, 2);

INSERT INTO Recipe_Label (recipe_id, label_id) VALUES (70, 5);

INSERT INTO Recipe_Label (recipe_id, label_id) VALUES (70, 1);

INSERT INTO Recipe_Label (recipe_id, label_id) VALUES (70, 8);

INSERT INTO Recipe_Equipment (recipe_id, equipment_id) VALUES (70, 1);

INSERT INTO Recipe_Equipment (recipe_id, equipment_id) VALUES (70, 14);

INSERT INTO Recipe_Equipment (recipe_id, equipment_id) VALUES (70, 45);

INSERT INTO Recipe_Equipment (recipe_id, equipment_id) VALUES (70, 41);

INSERT INTO Recipe_Equipment (recipe_id, equipment_id) VALUES (70, 49);

INSERT INTO Recipe_Equipment (recipe_id, equipment_id) VALUES (70, 48);

INSERT INTO Recipe_Equipment (recipe_id, equipment_id) VALUES (70, 37);

INSERT INTO Recipe_Equipment (recipe_id, equipment_id) VALUES (70, 2);

INSERT INTO Recipe_Ingredient (recipe_id, ingredient_id, portion) VALUES (70, 122, 8);

INSERT INTO Recipe_Ingredient (recipe_id, ingredient_id, portion) VALUES (70, 112, 4);

INSERT INTO Recipe_Ingredient (recipe_id, ingredient_id, portion) VALUES (70, 29, 3);

INSERT INTO Recipe_Ingredient (recipe_id, ingredient_id, portion) VALUES (70, 181, 3);

INSERT INTO Recipe_Ingredient (recipe_id, ingredient_id, portion) VALUES (70, 107, 6);

INSERT INTO Recipe_Ingredient (recipe_id, ingredient_id, portion) VALUES (70, 196, 5);

INSERT INTO Recipe_Ingredient (recipe_id, ingredient_id, portion) VALUES (70, 44, 2);

INSERT INTO Recipe_Ingredient (recipe_id, ingredient_id, portion) VALUES (70, 10, 4);

INSERT INTO Recipe_Ingredient (recipe_id, ingredient_id, portion) VALUES (70, 89, 3);

INSERT INTO Recipe_Ingredient (recipe_id, ingredient_id, portion) VALUES (70, 149, 8);

INSERT INTO Recipe_Ingredient (recipe_id, ingredient_id, portion) VALUES (70, 59, 7);

INSERT INTO Recipe_Ingredient (recipe_id, ingredient_id, portion) VALUES (70, 168, 7);

INSERT INTO Recipe_Ingredient (recipe_id, ingredient_id, portion) VALUES (70, 57, 8);

INSERT INTO Recipe_Thematic_Unit (recipe_id, thematic_unit_id) VALUES (70, 3);

INSERT INTO Recipe_Thematic_Unit (recipe_id, thematic_unit_id) VALUES (70, 15);

INSERT INTO Recipe (recipe_type, name, national_cuisine_id, difficulty_level, description, tip1, tip2, tip3, cooking_time, prep_time, portions, basic_ingredient_id, image_id) VALUES ('cooking', 'New Potato Lentil Salad', 15, 4, 'Hard must do. Trouble western particularly follow any fall. Ground Congress line represent attorney leave.', 'better with a blender', 'better with feta cheese', 'you need small cups', 113, 7, 1, 59, 99);

INSERT INTO Step (recipe_id, order_number, description) VALUES (71, 1, 'Dark join city education computer history rise subject.');

INSERT INTO Step (recipe_id, order_number, description) VALUES (71, 2, 'Stock moment feeling difficult well six.');

INSERT INTO Step (recipe_id, order_number, description) VALUES (71, 3, 'Better read sing strategy near.');

INSERT INTO Nutritional_Info (recipe_id, fat_per_portion, carbs_per_portion, protein_per_portion) VALUES (71, 88, 41, 121);

INSERT INTO Recipe_Meal_Type (recipe_id, meal_type_id) VALUES (71, 2);

INSERT INTO Recipe_Label (recipe_id, label_id) VALUES (71, 4);

INSERT INTO Recipe_Label (recipe_id, label_id) VALUES (71, 9);

INSERT INTO Recipe_Equipment (recipe_id, equipment_id) VALUES (71, 7);

INSERT INTO Recipe_Equipment (recipe_id, equipment_id) VALUES (71, 6);

INSERT INTO Recipe_Equipment (recipe_id, equipment_id) VALUES (71, 41);

INSERT INTO Recipe_Equipment (recipe_id, equipment_id) VALUES (71, 2);

INSERT INTO Recipe_Equipment (recipe_id, equipment_id) VALUES (71, 28);

INSERT INTO Recipe_Equipment (recipe_id, equipment_id) VALUES (71, 9);

INSERT INTO Recipe_Equipment (recipe_id, equipment_id) VALUES (71, 3);

INSERT INTO Recipe_Equipment (recipe_id, equipment_id) VALUES (71, 30);

INSERT INTO Recipe_Equipment (recipe_id, equipment_id) VALUES (71, 4);

INSERT INTO Recipe_Equipment (recipe_id, equipment_id) VALUES (71, 15);

INSERT INTO Recipe_Ingredient (recipe_id, ingredient_id, portion) VALUES (71, 38, 3);

INSERT INTO Recipe_Ingredient (recipe_id, ingredient_id, portion) VALUES (71, 9, 5);

INSERT INTO Recipe_Ingredient (recipe_id, ingredient_id, portion) VALUES (71, 138, 4);

INSERT INTO Recipe_Ingredient (recipe_id, ingredient_id, portion) VALUES (71, 33, 5);

INSERT INTO Recipe_Ingredient (recipe_id, ingredient_id, portion) VALUES (71, 196, 7);

INSERT INTO Recipe_Ingredient (recipe_id, ingredient_id, portion) VALUES (71, 88, 2);

INSERT INTO Recipe_Ingredient (recipe_id, ingredient_id, portion) VALUES (71, 46, 6);

INSERT INTO Recipe_Ingredient (recipe_id, ingredient_id, portion) VALUES (71, 155, 2);

INSERT INTO Recipe_Ingredient (recipe_id, ingredient_id, portion) VALUES (71, 44, 5);

INSERT INTO Recipe_Ingredient (recipe_id, ingredient_id, portion) VALUES (71, 13, 1);

INSERT INTO Recipe_Ingredient (recipe_id, ingredient_id, portion) VALUES (71, 83, 3);

INSERT INTO Recipe_Ingredient (recipe_id, ingredient_id, portion) VALUES (71, 90, 8);

INSERT INTO Recipe_Ingredient (recipe_id, ingredient_id, portion) VALUES (71, 79, 8);

INSERT INTO Recipe_Ingredient (recipe_id, ingredient_id, portion) VALUES (71, 59, 3);

INSERT INTO Recipe_Thematic_Unit (recipe_id, thematic_unit_id) VALUES (71, 6);

INSERT INTO Recipe_Thematic_Unit (recipe_id, thematic_unit_id) VALUES (71, 9);

INSERT INTO Recipe_Thematic_Unit (recipe_id, thematic_unit_id) VALUES (71, 15);

INSERT INTO Recipe (recipe_type, name, national_cuisine_id, difficulty_level, description, tip1, tip2, tip3, cooking_time, prep_time, portions, basic_ingredient_id, image_id) VALUES ('cooking', 'Ham & Potato Soup', 15, 5, 'Phone know team may something beautiful. Charge stage record audience.', 'better with a blender', 'good with honey', 'you need an oven', 71, 44, 4, 1, 100);

INSERT INTO Step (recipe_id, order_number, description) VALUES (72, 1, 'Get strong continue tough truth shake future.');

INSERT INTO Step (recipe_id, order_number, description) VALUES (72, 2, 'Gun window response name case.');

INSERT INTO Step (recipe_id, order_number, description) VALUES (72, 3, 'Stand way push down hair size court.');

INSERT INTO Step (recipe_id, order_number, description) VALUES (72, 4, 'Certain first college moment friend.');

INSERT INTO Step (recipe_id, order_number, description) VALUES (72, 5, 'Network within garden light make.');

INSERT INTO Step (recipe_id, order_number, description) VALUES (72, 6, 'Growth less people bit.');

INSERT INTO Step (recipe_id, order_number, description) VALUES (72, 7, 'Receive everybody such federal sure.');

INSERT INTO Nutritional_Info (recipe_id, fat_per_portion, carbs_per_portion, protein_per_portion) VALUES (72, 99, 61, 219);

INSERT INTO Recipe_Meal_Type (recipe_id, meal_type_id) VALUES (72, 6);

INSERT INTO Recipe_Meal_Type (recipe_id, meal_type_id) VALUES (72, 2);

INSERT INTO Recipe_Label (recipe_id, label_id) VALUES (72, 1);

INSERT INTO Recipe_Equipment (recipe_id, equipment_id) VALUES (72, 12);

INSERT INTO Recipe_Equipment (recipe_id, equipment_id) VALUES (72, 21);

INSERT INTO Recipe_Equipment (recipe_id, equipment_id) VALUES (72, 36);

INSERT INTO Recipe_Equipment (recipe_id, equipment_id) VALUES (72, 18);

INSERT INTO Recipe_Equipment (recipe_id, equipment_id) VALUES (72, 30);

INSERT INTO Recipe_Equipment (recipe_id, equipment_id) VALUES (72, 41);

INSERT INTO Recipe_Equipment (recipe_id, equipment_id) VALUES (72, 5);

INSERT INTO Recipe_Equipment (recipe_id, equipment_id) VALUES (72, 28);

INSERT INTO Recipe_Equipment (recipe_id, equipment_id) VALUES (72, 49);

INSERT INTO Recipe_Equipment (recipe_id, equipment_id) VALUES (72, 1);

INSERT INTO Recipe_Ingredient (recipe_id, ingredient_id, portion) VALUES (72, 69, 5);

INSERT INTO Recipe_Ingredient (recipe_id, ingredient_id, portion) VALUES (72, 98, 2);

INSERT INTO Recipe_Ingredient (recipe_id, ingredient_id, portion) VALUES (72, 23, 1);

INSERT INTO Recipe_Ingredient (recipe_id, ingredient_id, portion) VALUES (72, 106, 8);

INSERT INTO Recipe_Ingredient (recipe_id, ingredient_id, portion) VALUES (72, 143, 8);

INSERT INTO Recipe_Ingredient (recipe_id, ingredient_id, portion) VALUES (72, 113, 7);

INSERT INTO Recipe_Ingredient (recipe_id, ingredient_id, portion) VALUES (72, 99, 1);

INSERT INTO Recipe_Ingredient (recipe_id, ingredient_id, portion) VALUES (72, 177, 6);

INSERT INTO Recipe_Ingredient (recipe_id, ingredient_id, portion) VALUES (72, 32, 4);

INSERT INTO Recipe_Ingredient (recipe_id, ingredient_id, portion) VALUES (72, 163, 3);

INSERT INTO Recipe_Ingredient (recipe_id, ingredient_id, portion) VALUES (72, 120, 6);

INSERT INTO Recipe_Ingredient (recipe_id, ingredient_id, portion) VALUES (72, 90, 1);

INSERT INTO Recipe_Ingredient (recipe_id, ingredient_id, portion) VALUES (72, 94, 6);

INSERT INTO Recipe_Ingredient (recipe_id, ingredient_id, portion) VALUES (72, 73, 5);

INSERT INTO Recipe_Ingredient (recipe_id, ingredient_id, portion) VALUES (72, 83, 7);

INSERT INTO Recipe_Ingredient (recipe_id, ingredient_id, portion) VALUES (72, 189, 7);

INSERT INTO Recipe_Ingredient (recipe_id, ingredient_id, portion) VALUES (72, 30, 1);

INSERT INTO Recipe_Ingredient (recipe_id, ingredient_id, portion) VALUES (72, 27, 5);

INSERT INTO Recipe_Ingredient (recipe_id, ingredient_id, portion) VALUES (72, 121, 8);

INSERT INTO Recipe_Ingredient (recipe_id, ingredient_id, portion) VALUES (72, 22, 2);

INSERT INTO Recipe_Ingredient (recipe_id, ingredient_id, portion) VALUES (72, 1, 5);

INSERT INTO Recipe_Thematic_Unit (recipe_id, thematic_unit_id) VALUES (72, 1);

INSERT INTO Recipe_Thematic_Unit (recipe_id, thematic_unit_id) VALUES (72, 4);

INSERT INTO Recipe (recipe_type, name, national_cuisine_id, difficulty_level, description, tip1, tip2, cooking_time, prep_time, portions, basic_ingredient_id, image_id) VALUES ('cooking', 'Lemon Dill Potatoes', 15, 5, 'Watch democratic various capital start summer effort. House step result stand finish.', 'you need small cups', 'good with honey', 67, 44, 4, 190, 101);

INSERT INTO Step (recipe_id, order_number, description) VALUES (73, 1, 'Represent act itself number play.');

INSERT INTO Step (recipe_id, order_number, description) VALUES (73, 2, 'Cultural especially third card.');

INSERT INTO Nutritional_Info (recipe_id, fat_per_portion, carbs_per_portion, protein_per_portion) VALUES (73, 290, 179, 200);

INSERT INTO Recipe_Meal_Type (recipe_id, meal_type_id) VALUES (73, 4);

INSERT INTO Recipe_Label (recipe_id, label_id) VALUES (73, 9);

INSERT INTO Recipe_Equipment (recipe_id, equipment_id) VALUES (73, 25);

INSERT INTO Recipe_Equipment (recipe_id, equipment_id) VALUES (73, 33);

INSERT INTO Recipe_Equipment (recipe_id, equipment_id) VALUES (73, 28);

INSERT INTO Recipe_Equipment (recipe_id, equipment_id) VALUES (73, 7);

INSERT INTO Recipe_Equipment (recipe_id, equipment_id) VALUES (73, 4);

INSERT INTO Recipe_Equipment (recipe_id, equipment_id) VALUES (73, 1);

INSERT INTO Recipe_Equipment (recipe_id, equipment_id) VALUES (73, 23);

INSERT INTO Recipe_Ingredient (recipe_id, ingredient_id, portion) VALUES (73, 18, 4);

INSERT INTO Recipe_Ingredient (recipe_id, ingredient_id, portion) VALUES (73, 27, 5);

INSERT INTO Recipe_Ingredient (recipe_id, ingredient_id, portion) VALUES (73, 37, 8);

INSERT INTO Recipe_Ingredient (recipe_id, ingredient_id, portion) VALUES (73, 165, 4);

INSERT INTO Recipe_Ingredient (recipe_id, ingredient_id, portion) VALUES (73, 163, 5);

INSERT INTO Recipe_Ingredient (recipe_id, ingredient_id, portion) VALUES (73, 100, 5);

INSERT INTO Recipe_Ingredient (recipe_id, ingredient_id, portion) VALUES (73, 81, 3);

INSERT INTO Recipe_Ingredient (recipe_id, ingredient_id, portion) VALUES (73, 112, 4);

INSERT INTO Recipe_Ingredient (recipe_id, ingredient_id, portion) VALUES (73, 79, 3);

INSERT INTO Recipe_Ingredient (recipe_id, ingredient_id, portion) VALUES (73, 153, 5);

INSERT INTO Recipe_Ingredient (recipe_id, ingredient_id, portion) VALUES (73, 85, 6);

INSERT INTO Recipe_Ingredient (recipe_id, ingredient_id, portion) VALUES (73, 126, 5);

INSERT INTO Recipe_Ingredient (recipe_id, ingredient_id, portion) VALUES (73, 56, 5);

INSERT INTO Recipe_Ingredient (recipe_id, ingredient_id, portion) VALUES (73, 69, 2);

INSERT INTO Recipe_Ingredient (recipe_id, ingredient_id, portion) VALUES (73, 9, 3);

INSERT INTO Recipe_Ingredient (recipe_id, ingredient_id, portion) VALUES (73, 124, 7);

INSERT INTO Recipe_Ingredient (recipe_id, ingredient_id, portion) VALUES (73, 146, 5);

INSERT INTO Recipe_Ingredient (recipe_id, ingredient_id, portion) VALUES (73, 190, 6);

INSERT INTO Recipe_Thematic_Unit (recipe_id, thematic_unit_id) VALUES (73, 7);

INSERT INTO Recipe_Thematic_Unit (recipe_id, thematic_unit_id) VALUES (73, 4);

INSERT INTO Recipe_Thematic_Unit (recipe_id, thematic_unit_id) VALUES (73, 1);

INSERT INTO Recipe (recipe_type, name, national_cuisine_id, difficulty_level, description, tip1, tip2, tip3, cooking_time, prep_time, portions, basic_ingredient_id, image_id) VALUES ('pastry', 'BBQ Lentils', 15, 3, 'Body other reach level experience spend air. Form manager state live usually present.', 'you can use leftovers', 'better with gloves', 'you need to use your hands', 123, 35, 5, 120, 102);

INSERT INTO Step (recipe_id, order_number, description) VALUES (74, 1, 'Item develop you citizen where coach.');

INSERT INTO Step (recipe_id, order_number, description) VALUES (74, 2, 'Expect character upon mission.');

INSERT INTO Nutritional_Info (recipe_id, fat_per_portion, carbs_per_portion, protein_per_portion) VALUES (74, 373, 72, 47);

INSERT INTO Recipe_Meal_Type (recipe_id, meal_type_id) VALUES (74, 1);

INSERT INTO Recipe_Meal_Type (recipe_id, meal_type_id) VALUES (74, 3);

INSERT INTO Recipe_Label (recipe_id, label_id) VALUES (74, 6);

INSERT INTO Recipe_Label (recipe_id, label_id) VALUES (74, 1);

INSERT INTO Recipe_Label (recipe_id, label_id) VALUES (74, 3);

INSERT INTO Recipe_Label (recipe_id, label_id) VALUES (74, 9);

INSERT INTO Recipe_Equipment (recipe_id, equipment_id) VALUES (74, 27);

INSERT INTO Recipe_Equipment (recipe_id, equipment_id) VALUES (74, 12);

INSERT INTO Recipe_Equipment (recipe_id, equipment_id) VALUES (74, 35);

INSERT INTO Recipe_Equipment (recipe_id, equipment_id) VALUES (74, 28);

INSERT INTO Recipe_Equipment (recipe_id, equipment_id) VALUES (74, 39);

INSERT INTO Recipe_Ingredient (recipe_id, ingredient_id, portion) VALUES (74, 146, 7);

INSERT INTO Recipe_Ingredient (recipe_id, ingredient_id, portion) VALUES (74, 167, 3);

INSERT INTO Recipe_Ingredient (recipe_id, ingredient_id, portion) VALUES (74, 179, 1);

INSERT INTO Recipe_Ingredient (recipe_id, ingredient_id, portion) VALUES (74, 8, 2);

INSERT INTO Recipe_Ingredient (recipe_id, ingredient_id, portion) VALUES (74, 131, 7);

INSERT INTO Recipe_Ingredient (recipe_id, ingredient_id, portion) VALUES (74, 195, 4);

INSERT INTO Recipe_Ingredient (recipe_id, ingredient_id, portion) VALUES (74, 133, 5);

INSERT INTO Recipe_Ingredient (recipe_id, ingredient_id, portion) VALUES (74, 42, 2);

INSERT INTO Recipe_Ingredient (recipe_id, ingredient_id, portion) VALUES (74, 152, 8);

INSERT INTO Recipe_Ingredient (recipe_id, ingredient_id, portion) VALUES (74, 128, 3);

INSERT INTO Recipe_Ingredient (recipe_id, ingredient_id, portion) VALUES (74, 49, 7);

INSERT INTO Recipe_Ingredient (recipe_id, ingredient_id, portion) VALUES (74, 32, 6);

INSERT INTO Recipe_Ingredient (recipe_id, ingredient_id, portion) VALUES (74, 145, 4);

INSERT INTO Recipe_Ingredient (recipe_id, ingredient_id, portion) VALUES (74, 38, 1);

INSERT INTO Recipe_Ingredient (recipe_id, ingredient_id, portion) VALUES (74, 165, 3);

INSERT INTO Recipe_Ingredient (recipe_id, ingredient_id, portion) VALUES (74, 120, 3);

INSERT INTO Recipe_Thematic_Unit (recipe_id, thematic_unit_id) VALUES (74, 8);

INSERT INTO Recipe_Thematic_Unit (recipe_id, thematic_unit_id) VALUES (74, 5);

INSERT INTO Recipe_Thematic_Unit (recipe_id, thematic_unit_id) VALUES (74, 1);

INSERT INTO Recipe (recipe_type, name, national_cuisine_id, difficulty_level, description, tip1, tip2, cooking_time, prep_time, portions, basic_ingredient_id, image_id) VALUES ('pastry', 'Healthy Buckwheat Soup', 15, 5, 'Project clear him indicate top.', 'you can store iy outside the fridge', 'better with a blender', 146, 29, 7, 136, 103);

INSERT INTO Step (recipe_id, order_number, description) VALUES (75, 1, 'Instead lay provide attorney bill whole but mind.');

INSERT INTO Step (recipe_id, order_number, description) VALUES (75, 2, 'Head happen across good.');

INSERT INTO Step (recipe_id, order_number, description) VALUES (75, 3, 'Billion teach pick case bar they.');

INSERT INTO Step (recipe_id, order_number, description) VALUES (75, 4, 'Study impact field company professional girl ask.');

INSERT INTO Step (recipe_id, order_number, description) VALUES (75, 5, 'Carry conference receive finally eight grow.');

INSERT INTO Step (recipe_id, order_number, description) VALUES (75, 6, 'Federal life election wear realize close.');

INSERT INTO Step (recipe_id, order_number, description) VALUES (75, 7, 'Fine movement baby next seek my.');

INSERT INTO Step (recipe_id, order_number, description) VALUES (75, 8, 'Hotel start go federal.');

INSERT INTO Nutritional_Info (recipe_id, fat_per_portion, carbs_per_portion, protein_per_portion) VALUES (75, 258, 110, 225);

INSERT INTO Recipe_Meal_Type (recipe_id, meal_type_id) VALUES (75, 4);

INSERT INTO Recipe_Meal_Type (recipe_id, meal_type_id) VALUES (75, 3);

INSERT INTO Recipe_Meal_Type (recipe_id, meal_type_id) VALUES (75, 5);

INSERT INTO Recipe_Label (recipe_id, label_id) VALUES (75, 8);

INSERT INTO Recipe_Label (recipe_id, label_id) VALUES (75, 9);

INSERT INTO Recipe_Label (recipe_id, label_id) VALUES (75, 1);

INSERT INTO Recipe_Equipment (recipe_id, equipment_id) VALUES (75, 19);

INSERT INTO Recipe_Equipment (recipe_id, equipment_id) VALUES (75, 20);

INSERT INTO Recipe_Equipment (recipe_id, equipment_id) VALUES (75, 30);

INSERT INTO Recipe_Equipment (recipe_id, equipment_id) VALUES (75, 1);

INSERT INTO Recipe_Equipment (recipe_id, equipment_id) VALUES (75, 42);

INSERT INTO Recipe_Equipment (recipe_id, equipment_id) VALUES (75, 50);

INSERT INTO Recipe_Equipment (recipe_id, equipment_id) VALUES (75, 41);

INSERT INTO Recipe_Equipment (recipe_id, equipment_id) VALUES (75, 34);

INSERT INTO Recipe_Equipment (recipe_id, equipment_id) VALUES (75, 16);

INSERT INTO Recipe_Ingredient (recipe_id, ingredient_id, portion) VALUES (75, 46, 4);

INSERT INTO Recipe_Ingredient (recipe_id, ingredient_id, portion) VALUES (75, 157, 7);

INSERT INTO Recipe_Ingredient (recipe_id, ingredient_id, portion) VALUES (75, 111, 6);

INSERT INTO Recipe_Ingredient (recipe_id, ingredient_id, portion) VALUES (75, 109, 6);

INSERT INTO Recipe_Ingredient (recipe_id, ingredient_id, portion) VALUES (75, 32, 6);

INSERT INTO Recipe_Ingredient (recipe_id, ingredient_id, portion) VALUES (75, 184, 4);

INSERT INTO Recipe_Ingredient (recipe_id, ingredient_id, portion) VALUES (75, 199, 6);

INSERT INTO Recipe_Ingredient (recipe_id, ingredient_id, portion) VALUES (75, 84, 3);

INSERT INTO Recipe_Ingredient (recipe_id, ingredient_id, portion) VALUES (75, 13, 4);

INSERT INTO Recipe_Ingredient (recipe_id, ingredient_id, portion) VALUES (75, 10, 8);

INSERT INTO Recipe_Ingredient (recipe_id, ingredient_id, portion) VALUES (75, 117, 3);

INSERT INTO Recipe_Ingredient (recipe_id, ingredient_id, portion) VALUES (75, 41, 2);

INSERT INTO Recipe_Ingredient (recipe_id, ingredient_id, portion) VALUES (75, 136, 1);

INSERT INTO Recipe_Thematic_Unit (recipe_id, thematic_unit_id) VALUES (75, 7);

INSERT INTO Recipe_Thematic_Unit (recipe_id, thematic_unit_id) VALUES (75, 12);

INSERT INTO Recipe (recipe_type, name, national_cuisine_id, difficulty_level, description, tip1, cooking_time, prep_time, portions, basic_ingredient_id, image_id) VALUES ('cooking', 'Buckwheat Chicken Pilaf', 16, 2, 'Effort brother then natural building. Next each study author.', 'better with gloves', 32, 39, 2, 188, 104);

INSERT INTO Step (recipe_id, order_number, description) VALUES (76, 1, 'Style notice military student someone reality.');

INSERT INTO Step (recipe_id, order_number, description) VALUES (76, 2, 'Music low many street measure could democratic trip.');

INSERT INTO Step (recipe_id, order_number, description) VALUES (76, 3, 'We despite force together happy already.');

INSERT INTO Step (recipe_id, order_number, description) VALUES (76, 4, 'Be listen different heavy.');

INSERT INTO Nutritional_Info (recipe_id, fat_per_portion, carbs_per_portion, protein_per_portion) VALUES (76, 58, 116, 30);

INSERT INTO Recipe_Meal_Type (recipe_id, meal_type_id) VALUES (76, 2);

INSERT INTO Recipe_Meal_Type (recipe_id, meal_type_id) VALUES (76, 6);

INSERT INTO Recipe_Label (recipe_id, label_id) VALUES (76, 4);

INSERT INTO Recipe_Label (recipe_id, label_id) VALUES (76, 2);

INSERT INTO Recipe_Label (recipe_id, label_id) VALUES (76, 10);

INSERT INTO Recipe_Label (recipe_id, label_id) VALUES (76, 5);

INSERT INTO Recipe_Equipment (recipe_id, equipment_id) VALUES (76, 29);

INSERT INTO Recipe_Equipment (recipe_id, equipment_id) VALUES (76, 4);

INSERT INTO Recipe_Equipment (recipe_id, equipment_id) VALUES (76, 7);

INSERT INTO Recipe_Equipment (recipe_id, equipment_id) VALUES (76, 28);

INSERT INTO Recipe_Equipment (recipe_id, equipment_id) VALUES (76, 27);

INSERT INTO Recipe_Ingredient (recipe_id, ingredient_id, portion) VALUES (76, 46, 7);

INSERT INTO Recipe_Ingredient (recipe_id, ingredient_id, portion) VALUES (76, 13, 2);

INSERT INTO Recipe_Ingredient (recipe_id, ingredient_id, portion) VALUES (76, 107, 4);

INSERT INTO Recipe_Ingredient (recipe_id, ingredient_id, portion) VALUES (76, 167, 3);

INSERT INTO Recipe_Ingredient (recipe_id, ingredient_id, portion) VALUES (76, 26, 2);

INSERT INTO Recipe_Ingredient (recipe_id, ingredient_id, portion) VALUES (76, 111, 4);

INSERT INTO Recipe_Ingredient (recipe_id, ingredient_id, portion) VALUES (76, 19, 3);

INSERT INTO Recipe_Ingredient (recipe_id, ingredient_id, portion) VALUES (76, 37, 3);

INSERT INTO Recipe_Ingredient (recipe_id, ingredient_id, portion) VALUES (76, 140, 7);

INSERT INTO Recipe_Ingredient (recipe_id, ingredient_id, portion) VALUES (76, 18, 2);

INSERT INTO Recipe_Ingredient (recipe_id, ingredient_id, portion) VALUES (76, 180, 8);

INSERT INTO Recipe_Ingredient (recipe_id, ingredient_id, portion) VALUES (76, 101, 2);

INSERT INTO Recipe_Ingredient (recipe_id, ingredient_id, portion) VALUES (76, 188, 8);

INSERT INTO Recipe_Thematic_Unit (recipe_id, thematic_unit_id) VALUES (76, 1);

INSERT INTO Recipe_Thematic_Unit (recipe_id, thematic_unit_id) VALUES (76, 14);

INSERT INTO Recipe_Thematic_Unit (recipe_id, thematic_unit_id) VALUES (76, 6);

INSERT INTO Recipe (recipe_type, name, national_cuisine_id, difficulty_level, description, tip1, tip2, cooking_time, prep_time, portions, basic_ingredient_id, image_id) VALUES ('pastry', 'Vegetable Noodle Soup', 16, 1, 'Speak executive price blood decide. Draw buy account wish join reduce.', 'you need a lot of time', 'in the fridge for 3 days', 81, 40, 5, 84, 105);

INSERT INTO Step (recipe_id, order_number, description) VALUES (77, 1, 'Bill without newspaper citizen nothing include now.');

INSERT INTO Step (recipe_id, order_number, description) VALUES (77, 2, 'Crime season brother voice.');

INSERT INTO Nutritional_Info (recipe_id, fat_per_portion, carbs_per_portion, protein_per_portion) VALUES (77, 223, 69, 134);

INSERT INTO Recipe_Meal_Type (recipe_id, meal_type_id) VALUES (77, 2);

INSERT INTO Recipe_Meal_Type (recipe_id, meal_type_id) VALUES (77, 3);

INSERT INTO Recipe_Meal_Type (recipe_id, meal_type_id) VALUES (77, 4);

INSERT INTO Recipe_Label (recipe_id, label_id) VALUES (77, 8);

INSERT INTO Recipe_Label (recipe_id, label_id) VALUES (77, 6);

INSERT INTO Recipe_Label (recipe_id, label_id) VALUES (77, 10);

INSERT INTO Recipe_Equipment (recipe_id, equipment_id) VALUES (77, 13);

INSERT INTO Recipe_Equipment (recipe_id, equipment_id) VALUES (77, 7);

INSERT INTO Recipe_Equipment (recipe_id, equipment_id) VALUES (77, 41);

INSERT INTO Recipe_Equipment (recipe_id, equipment_id) VALUES (77, 37);

INSERT INTO Recipe_Equipment (recipe_id, equipment_id) VALUES (77, 36);

INSERT INTO Recipe_Equipment (recipe_id, equipment_id) VALUES (77, 26);

INSERT INTO Recipe_Ingredient (recipe_id, ingredient_id, portion) VALUES (77, 98, 6);

INSERT INTO Recipe_Ingredient (recipe_id, ingredient_id, portion) VALUES (77, 175, 6);

INSERT INTO Recipe_Ingredient (recipe_id, ingredient_id, portion) VALUES (77, 109, 1);

INSERT INTO Recipe_Ingredient (recipe_id, ingredient_id, portion) VALUES (77, 43, 5);

INSERT INTO Recipe_Ingredient (recipe_id, ingredient_id, portion) VALUES (77, 142, 8);

INSERT INTO Recipe_Ingredient (recipe_id, ingredient_id, portion) VALUES (77, 102, 5);

INSERT INTO Recipe_Ingredient (recipe_id, ingredient_id, portion) VALUES (77, 3, 7);

INSERT INTO Recipe_Ingredient (recipe_id, ingredient_id, portion) VALUES (77, 184, 7);

INSERT INTO Recipe_Ingredient (recipe_id, ingredient_id, portion) VALUES (77, 112, 1);

INSERT INTO Recipe_Ingredient (recipe_id, ingredient_id, portion) VALUES (77, 84, 6);

INSERT INTO Recipe_Thematic_Unit (recipe_id, thematic_unit_id) VALUES (77, 14);

INSERT INTO Recipe_Thematic_Unit (recipe_id, thematic_unit_id) VALUES (77, 11);

INSERT INTO Recipe_Thematic_Unit (recipe_id, thematic_unit_id) VALUES (77, 8);

INSERT INTO Recipe (recipe_type, name, national_cuisine_id, difficulty_level, description, tip1, cooking_time, prep_time, portions, basic_ingredient_id, image_id) VALUES ('pastry', 'Bacon and Honey Potato Salad', 16, 5, 'Interesting the enter note less rock. Full brother these listen wear rock ever. Anything certainly table central seem attorney week.', 'you need salt', 103, 44, 7, 197, 106);

INSERT INTO Step (recipe_id, order_number, description) VALUES (78, 1, 'Name defense authority people across.');

INSERT INTO Step (recipe_id, order_number, description) VALUES (78, 2, 'Night establish field light explain far seem shake.');

INSERT INTO Step (recipe_id, order_number, description) VALUES (78, 3, 'Perhaps area partner appear note compare reality.');

INSERT INTO Step (recipe_id, order_number, description) VALUES (78, 4, 'Deal toward husband security.');

INSERT INTO Step (recipe_id, order_number, description) VALUES (78, 5, 'Baby decade box.');

INSERT INTO Nutritional_Info (recipe_id, fat_per_portion, carbs_per_portion, protein_per_portion) VALUES (78, 43, 47, 233);

INSERT INTO Recipe_Meal_Type (recipe_id, meal_type_id) VALUES (78, 3);

INSERT INTO Recipe_Label (recipe_id, label_id) VALUES (78, 7);

INSERT INTO Recipe_Label (recipe_id, label_id) VALUES (78, 6);

INSERT INTO Recipe_Equipment (recipe_id, equipment_id) VALUES (78, 30);

INSERT INTO Recipe_Equipment (recipe_id, equipment_id) VALUES (78, 4);

INSERT INTO Recipe_Equipment (recipe_id, equipment_id) VALUES (78, 50);

INSERT INTO Recipe_Ingredient (recipe_id, ingredient_id, portion) VALUES (78, 131, 4);

INSERT INTO Recipe_Ingredient (recipe_id, ingredient_id, portion) VALUES (78, 74, 8);

INSERT INTO Recipe_Ingredient (recipe_id, ingredient_id, portion) VALUES (78, 173, 5);

INSERT INTO Recipe_Ingredient (recipe_id, ingredient_id, portion) VALUES (78, 153, 5);

INSERT INTO Recipe_Ingredient (recipe_id, ingredient_id, portion) VALUES (78, 60, 7);

INSERT INTO Recipe_Ingredient (recipe_id, ingredient_id, portion) VALUES (78, 157, 6);

INSERT INTO Recipe_Ingredient (recipe_id, ingredient_id, portion) VALUES (78, 54, 6);

INSERT INTO Recipe_Ingredient (recipe_id, ingredient_id, portion) VALUES (78, 161, 6);

INSERT INTO Recipe_Ingredient (recipe_id, ingredient_id, portion) VALUES (78, 138, 6);

INSERT INTO Recipe_Ingredient (recipe_id, ingredient_id, portion) VALUES (78, 144, 1);

INSERT INTO Recipe_Ingredient (recipe_id, ingredient_id, portion) VALUES (78, 53, 6);

INSERT INTO Recipe_Ingredient (recipe_id, ingredient_id, portion) VALUES (78, 92, 6);

INSERT INTO Recipe_Ingredient (recipe_id, ingredient_id, portion) VALUES (78, 154, 5);

INSERT INTO Recipe_Ingredient (recipe_id, ingredient_id, portion) VALUES (78, 76, 7);

INSERT INTO Recipe_Ingredient (recipe_id, ingredient_id, portion) VALUES (78, 197, 1);

INSERT INTO Recipe_Thematic_Unit (recipe_id, thematic_unit_id) VALUES (78, 13);

INSERT INTO Recipe (recipe_type, name, national_cuisine_id, difficulty_level, description, tip1, tip2, tip3, cooking_time, prep_time, portions, basic_ingredient_id, image_id) VALUES ('pastry', 'Pretzel Sticks', 16, 1, 'Work around kid author father however far partner. Indicate fact someone number name. Artist television loss debate apply.', 'you need 2 people to make it', 'in the fridge for 3 days', 'you need an oven', 79, 34, 5, 96, 107);

INSERT INTO Step (recipe_id, order_number, description) VALUES (79, 1, 'Report decide actually environmental mother.');

INSERT INTO Step (recipe_id, order_number, description) VALUES (79, 2, 'Represent least spring door.');

INSERT INTO Step (recipe_id, order_number, description) VALUES (79, 3, 'Provide doctor race least glass big product.');

INSERT INTO Step (recipe_id, order_number, description) VALUES (79, 4, 'Matter card common firm.');

INSERT INTO Nutritional_Info (recipe_id, fat_per_portion, carbs_per_portion, protein_per_portion) VALUES (79, 190, 145, 81);

INSERT INTO Recipe_Meal_Type (recipe_id, meal_type_id) VALUES (79, 3);

INSERT INTO Recipe_Meal_Type (recipe_id, meal_type_id) VALUES (79, 2);

INSERT INTO Recipe_Label (recipe_id, label_id) VALUES (79, 2);

INSERT INTO Recipe_Label (recipe_id, label_id) VALUES (79, 9);

INSERT INTO Recipe_Label (recipe_id, label_id) VALUES (79, 6);

INSERT INTO Recipe_Equipment (recipe_id, equipment_id) VALUES (79, 42);

INSERT INTO Recipe_Equipment (recipe_id, equipment_id) VALUES (79, 8);

INSERT INTO Recipe_Equipment (recipe_id, equipment_id) VALUES (79, 13);

INSERT INTO Recipe_Equipment (recipe_id, equipment_id) VALUES (79, 21);

INSERT INTO Recipe_Equipment (recipe_id, equipment_id) VALUES (79, 15);

INSERT INTO Recipe_Ingredient (recipe_id, ingredient_id, portion) VALUES (79, 108, 2);

INSERT INTO Recipe_Ingredient (recipe_id, ingredient_id, portion) VALUES (79, 32, 5);

INSERT INTO Recipe_Ingredient (recipe_id, ingredient_id, portion) VALUES (79, 160, 3);

INSERT INTO Recipe_Ingredient (recipe_id, ingredient_id, portion) VALUES (79, 43, 3);

INSERT INTO Recipe_Ingredient (recipe_id, ingredient_id, portion) VALUES (79, 164, 6);

INSERT INTO Recipe_Ingredient (recipe_id, ingredient_id, portion) VALUES (79, 85, 4);

INSERT INTO Recipe_Ingredient (recipe_id, ingredient_id, portion) VALUES (79, 27, 3);

INSERT INTO Recipe_Ingredient (recipe_id, ingredient_id, portion) VALUES (79, 194, 4);

INSERT INTO Recipe_Ingredient (recipe_id, ingredient_id, portion) VALUES (79, 17, 8);

INSERT INTO Recipe_Ingredient (recipe_id, ingredient_id, portion) VALUES (79, 23, 6);

INSERT INTO Recipe_Ingredient (recipe_id, ingredient_id, portion) VALUES (79, 48, 6);

INSERT INTO Recipe_Ingredient (recipe_id, ingredient_id, portion) VALUES (79, 51, 5);

INSERT INTO Recipe_Ingredient (recipe_id, ingredient_id, portion) VALUES (79, 102, 4);

INSERT INTO Recipe_Ingredient (recipe_id, ingredient_id, portion) VALUES (79, 180, 6);

INSERT INTO Recipe_Ingredient (recipe_id, ingredient_id, portion) VALUES (79, 96, 8);

INSERT INTO Recipe_Thematic_Unit (recipe_id, thematic_unit_id) VALUES (79, 14);

INSERT INTO Recipe (recipe_type, name, national_cuisine_id, difficulty_level, description, tip1, tip2, cooking_time, prep_time, portions, basic_ingredient_id, image_id) VALUES ('pastry', 'Golden French Lentil Soup', 16, 3, 'Major population argue.', 'in the fridge for 3 days', 'better with slow cooking', 63, 5, 8, 120, 108);

INSERT INTO Step (recipe_id, order_number, description) VALUES (80, 1, 'Education region continue.');

INSERT INTO Step (recipe_id, order_number, description) VALUES (80, 2, 'Seek remain each condition tend.');

INSERT INTO Step (recipe_id, order_number, description) VALUES (80, 3, 'Represent parent maintain hard main.');

INSERT INTO Step (recipe_id, order_number, description) VALUES (80, 4, 'Mind bad talk pick.');

INSERT INTO Step (recipe_id, order_number, description) VALUES (80, 5, 'Gun piece would west course care daughter series.');

INSERT INTO Step (recipe_id, order_number, description) VALUES (80, 6, 'Seek those sea for power opportunity.');

INSERT INTO Step (recipe_id, order_number, description) VALUES (80, 7, 'Animal summer statement risk.');

INSERT INTO Nutritional_Info (recipe_id, fat_per_portion, carbs_per_portion, protein_per_portion) VALUES (80, 50, 116, 84);

INSERT INTO Recipe_Meal_Type (recipe_id, meal_type_id) VALUES (80, 4);

INSERT INTO Recipe_Label (recipe_id, label_id) VALUES (80, 2);

INSERT INTO Recipe_Equipment (recipe_id, equipment_id) VALUES (80, 47);

INSERT INTO Recipe_Equipment (recipe_id, equipment_id) VALUES (80, 17);

INSERT INTO Recipe_Equipment (recipe_id, equipment_id) VALUES (80, 48);

INSERT INTO Recipe_Equipment (recipe_id, equipment_id) VALUES (80, 10);

INSERT INTO Recipe_Equipment (recipe_id, equipment_id) VALUES (80, 21);

INSERT INTO Recipe_Equipment (recipe_id, equipment_id) VALUES (80, 50);

INSERT INTO Recipe_Equipment (recipe_id, equipment_id) VALUES (80, 12);

INSERT INTO Recipe_Ingredient (recipe_id, ingredient_id, portion) VALUES (80, 187, 3);

INSERT INTO Recipe_Ingredient (recipe_id, ingredient_id, portion) VALUES (80, 2, 4);

INSERT INTO Recipe_Ingredient (recipe_id, ingredient_id, portion) VALUES (80, 130, 3);

INSERT INTO Recipe_Ingredient (recipe_id, ingredient_id, portion) VALUES (80, 28, 8);

INSERT INTO Recipe_Ingredient (recipe_id, ingredient_id, portion) VALUES (80, 59, 6);

INSERT INTO Recipe_Ingredient (recipe_id, ingredient_id, portion) VALUES (80, 143, 2);

INSERT INTO Recipe_Ingredient (recipe_id, ingredient_id, portion) VALUES (80, 25, 8);

INSERT INTO Recipe_Ingredient (recipe_id, ingredient_id, portion) VALUES (80, 167, 4);

INSERT INTO Recipe_Ingredient (recipe_id, ingredient_id, portion) VALUES (80, 42, 7);

INSERT INTO Recipe_Ingredient (recipe_id, ingredient_id, portion) VALUES (80, 135, 7);

INSERT INTO Recipe_Ingredient (recipe_id, ingredient_id, portion) VALUES (80, 16, 5);

INSERT INTO Recipe_Ingredient (recipe_id, ingredient_id, portion) VALUES (80, 91, 6);

INSERT INTO Recipe_Ingredient (recipe_id, ingredient_id, portion) VALUES (80, 14, 3);

INSERT INTO Recipe_Ingredient (recipe_id, ingredient_id, portion) VALUES (80, 120, 4);

INSERT INTO Recipe_Thematic_Unit (recipe_id, thematic_unit_id) VALUES (80, 3);

INSERT INTO Recipe_Thematic_Unit (recipe_id, thematic_unit_id) VALUES (80, 12);

INSERT INTO Recipe (recipe_type, name, national_cuisine_id, difficulty_level, description, tip1, tip2, cooking_time, prep_time, portions, basic_ingredient_id, image_id) VALUES ('cooking', 'Lentil Shepherds Pie', 17, 1, 'Remember point painting. Seat so yard city hard head real. Action still source three. Arm food blue suffer.', 'you have to be careful not to let it get stack', 'you need an oven', 53, 22, 8, 88, 109);

INSERT INTO Step (recipe_id, order_number, description) VALUES (81, 1, 'Officer student fast.');

INSERT INTO Step (recipe_id, order_number, description) VALUES (81, 2, 'Sure story politics maybe.');

INSERT INTO Step (recipe_id, order_number, description) VALUES (81, 3, 'West full need check hit believe product heart.');

INSERT INTO Nutritional_Info (recipe_id, fat_per_portion, carbs_per_portion, protein_per_portion) VALUES (81, 170, 47, 65);

INSERT INTO Recipe_Meal_Type (recipe_id, meal_type_id) VALUES (81, 5);

INSERT INTO Recipe_Meal_Type (recipe_id, meal_type_id) VALUES (81, 1);

INSERT INTO Recipe_Meal_Type (recipe_id, meal_type_id) VALUES (81, 6);

INSERT INTO Recipe_Label (recipe_id, label_id) VALUES (81, 2);

INSERT INTO Recipe_Label (recipe_id, label_id) VALUES (81, 9);

INSERT INTO Recipe_Equipment (recipe_id, equipment_id) VALUES (81, 14);

INSERT INTO Recipe_Equipment (recipe_id, equipment_id) VALUES (81, 5);

INSERT INTO Recipe_Equipment (recipe_id, equipment_id) VALUES (81, 36);

INSERT INTO Recipe_Equipment (recipe_id, equipment_id) VALUES (81, 45);

INSERT INTO Recipe_Equipment (recipe_id, equipment_id) VALUES (81, 7);

INSERT INTO Recipe_Ingredient (recipe_id, ingredient_id, portion) VALUES (81, 76, 7);

INSERT INTO Recipe_Ingredient (recipe_id, ingredient_id, portion) VALUES (81, 10, 7);

INSERT INTO Recipe_Ingredient (recipe_id, ingredient_id, portion) VALUES (81, 183, 7);

INSERT INTO Recipe_Ingredient (recipe_id, ingredient_id, portion) VALUES (81, 146, 4);

INSERT INTO Recipe_Ingredient (recipe_id, ingredient_id, portion) VALUES (81, 99, 3);

INSERT INTO Recipe_Ingredient (recipe_id, ingredient_id, portion) VALUES (81, 24, 5);

INSERT INTO Recipe_Ingredient (recipe_id, ingredient_id, portion) VALUES (81, 77, 1);

INSERT INTO Recipe_Ingredient (recipe_id, ingredient_id, portion) VALUES (81, 61, 4);

INSERT INTO Recipe_Ingredient (recipe_id, ingredient_id, portion) VALUES (81, 91, 5);

INSERT INTO Recipe_Ingredient (recipe_id, ingredient_id, portion) VALUES (81, 166, 4);

INSERT INTO Recipe_Ingredient (recipe_id, ingredient_id, portion) VALUES (81, 112, 6);

INSERT INTO Recipe_Ingredient (recipe_id, ingredient_id, portion) VALUES (81, 88, 5);

INSERT INTO Recipe_Thematic_Unit (recipe_id, thematic_unit_id) VALUES (81, 6);

INSERT INTO Recipe (recipe_type, name, national_cuisine_id, difficulty_level, description, tip1, tip2, tip3, cooking_time, prep_time, portions, basic_ingredient_id, image_id) VALUES ('cooking', 'Honey Lime Chicken', 17, 4, 'Later change old stuff generation minute foot. Rest catch analysis respond.', 'you need small cups', 'you need to be patient', 'it needs a fridge', 37, 40, 8, 110, 110);

INSERT INTO Step (recipe_id, order_number, description) VALUES (82, 1, 'Baby situation indicate common rate street room director.');

INSERT INTO Step (recipe_id, order_number, description) VALUES (82, 2, 'Seek eye any summer seek her during.');

INSERT INTO Nutritional_Info (recipe_id, fat_per_portion, carbs_per_portion, protein_per_portion) VALUES (82, 331, 20, 141);

INSERT INTO Recipe_Meal_Type (recipe_id, meal_type_id) VALUES (82, 4);

INSERT INTO Recipe_Meal_Type (recipe_id, meal_type_id) VALUES (82, 5);

INSERT INTO Recipe_Label (recipe_id, label_id) VALUES (82, 8);

INSERT INTO Recipe_Equipment (recipe_id, equipment_id) VALUES (82, 1);

INSERT INTO Recipe_Equipment (recipe_id, equipment_id) VALUES (82, 21);

INSERT INTO Recipe_Equipment (recipe_id, equipment_id) VALUES (82, 15);

INSERT INTO Recipe_Equipment (recipe_id, equipment_id) VALUES (82, 11);

INSERT INTO Recipe_Equipment (recipe_id, equipment_id) VALUES (82, 40);

INSERT INTO Recipe_Equipment (recipe_id, equipment_id) VALUES (82, 35);

INSERT INTO Recipe_Equipment (recipe_id, equipment_id) VALUES (82, 39);

INSERT INTO Recipe_Equipment (recipe_id, equipment_id) VALUES (82, 10);

INSERT INTO Recipe_Ingredient (recipe_id, ingredient_id, portion) VALUES (82, 43, 5);

INSERT INTO Recipe_Ingredient (recipe_id, ingredient_id, portion) VALUES (82, 161, 4);

INSERT INTO Recipe_Ingredient (recipe_id, ingredient_id, portion) VALUES (82, 124, 1);

INSERT INTO Recipe_Ingredient (recipe_id, ingredient_id, portion) VALUES (82, 83, 4);

INSERT INTO Recipe_Ingredient (recipe_id, ingredient_id, portion) VALUES (82, 70, 4);

INSERT INTO Recipe_Ingredient (recipe_id, ingredient_id, portion) VALUES (82, 59, 2);

INSERT INTO Recipe_Ingredient (recipe_id, ingredient_id, portion) VALUES (82, 61, 7);

INSERT INTO Recipe_Ingredient (recipe_id, ingredient_id, portion) VALUES (82, 80, 8);

INSERT INTO Recipe_Ingredient (recipe_id, ingredient_id, portion) VALUES (82, 185, 4);

INSERT INTO Recipe_Ingredient (recipe_id, ingredient_id, portion) VALUES (82, 69, 5);

INSERT INTO Recipe_Ingredient (recipe_id, ingredient_id, portion) VALUES (82, 128, 8);

INSERT INTO Recipe_Ingredient (recipe_id, ingredient_id, portion) VALUES (82, 56, 2);

INSERT INTO Recipe_Ingredient (recipe_id, ingredient_id, portion) VALUES (82, 3, 5);

INSERT INTO Recipe_Ingredient (recipe_id, ingredient_id, portion) VALUES (82, 121, 3);

INSERT INTO Recipe_Ingredient (recipe_id, ingredient_id, portion) VALUES (82, 71, 8);

INSERT INTO Recipe_Ingredient (recipe_id, ingredient_id, portion) VALUES (82, 182, 1);

INSERT INTO Recipe_Ingredient (recipe_id, ingredient_id, portion) VALUES (82, 144, 7);

INSERT INTO Recipe_Ingredient (recipe_id, ingredient_id, portion) VALUES (82, 94, 7);

INSERT INTO Recipe_Ingredient (recipe_id, ingredient_id, portion) VALUES (82, 138, 3);

INSERT INTO Recipe_Ingredient (recipe_id, ingredient_id, portion) VALUES (82, 110, 8);

INSERT INTO Recipe_Thematic_Unit (recipe_id, thematic_unit_id) VALUES (82, 2);

INSERT INTO Recipe_Thematic_Unit (recipe_id, thematic_unit_id) VALUES (82, 3);

INSERT INTO Recipe_Thematic_Unit (recipe_id, thematic_unit_id) VALUES (82, 1);

INSERT INTO Recipe (recipe_type, name, national_cuisine_id, difficulty_level, description, tip1, cooking_time, prep_time, portions, basic_ingredient_id, image_id) VALUES ('pastry', 'Lentil Curry', 17, 5, 'Why day age mother community total. Provide around police however.', 'you need to use your hands', 139, 28, 7, 125, 111);

INSERT INTO Step (recipe_id, order_number, description) VALUES (83, 1, 'Service measure Mrs service quality.');

INSERT INTO Step (recipe_id, order_number, description) VALUES (83, 2, 'Never skill fight.');

INSERT INTO Step (recipe_id, order_number, description) VALUES (83, 3, 'Seven computer begin it attack.');

INSERT INTO Step (recipe_id, order_number, description) VALUES (83, 4, 'Wish now these yet himself.');

INSERT INTO Step (recipe_id, order_number, description) VALUES (83, 5, 'Culture close exactly development herself.');

INSERT INTO Step (recipe_id, order_number, description) VALUES (83, 6, 'Debate relationship effort draw simply recent.');

INSERT INTO Step (recipe_id, order_number, description) VALUES (83, 7, 'Project arrive poor decade character open yes kitchen.');

INSERT INTO Nutritional_Info (recipe_id, fat_per_portion, carbs_per_portion, protein_per_portion) VALUES (83, 56, 80, 181);

INSERT INTO Recipe_Meal_Type (recipe_id, meal_type_id) VALUES (83, 5);

INSERT INTO Recipe_Meal_Type (recipe_id, meal_type_id) VALUES (83, 2);

INSERT INTO Recipe_Meal_Type (recipe_id, meal_type_id) VALUES (83, 6);

INSERT INTO Recipe_Label (recipe_id, label_id) VALUES (83, 10);

INSERT INTO Recipe_Label (recipe_id, label_id) VALUES (83, 9);

INSERT INTO Recipe_Label (recipe_id, label_id) VALUES (83, 6);

INSERT INTO Recipe_Label (recipe_id, label_id) VALUES (83, 2);

INSERT INTO Recipe_Equipment (recipe_id, equipment_id) VALUES (83, 4);

INSERT INTO Recipe_Equipment (recipe_id, equipment_id) VALUES (83, 47);

INSERT INTO Recipe_Equipment (recipe_id, equipment_id) VALUES (83, 44);

INSERT INTO Recipe_Equipment (recipe_id, equipment_id) VALUES (83, 8);

INSERT INTO Recipe_Equipment (recipe_id, equipment_id) VALUES (83, 27);

INSERT INTO Recipe_Ingredient (recipe_id, ingredient_id, portion) VALUES (83, 3, 1);

INSERT INTO Recipe_Ingredient (recipe_id, ingredient_id, portion) VALUES (83, 105, 6);

INSERT INTO Recipe_Ingredient (recipe_id, ingredient_id, portion) VALUES (83, 121, 2);

INSERT INTO Recipe_Ingredient (recipe_id, ingredient_id, portion) VALUES (83, 115, 6);

INSERT INTO Recipe_Ingredient (recipe_id, ingredient_id, portion) VALUES (83, 150, 4);

INSERT INTO Recipe_Ingredient (recipe_id, ingredient_id, portion) VALUES (83, 161, 2);

INSERT INTO Recipe_Ingredient (recipe_id, ingredient_id, portion) VALUES (83, 33, 8);

INSERT INTO Recipe_Ingredient (recipe_id, ingredient_id, portion) VALUES (83, 125, 2);

INSERT INTO Recipe_Thematic_Unit (recipe_id, thematic_unit_id) VALUES (83, 11);

INSERT INTO Recipe (recipe_type, name, national_cuisine_id, difficulty_level, description, tip1, cooking_time, prep_time, portions, basic_ingredient_id, image_id) VALUES ('pastry', 'Dutch Oven Bread', 17, 5, 'Training front bar theory best. Read form ago radio little public do. Know either fact tough check already police.', 'better when fresh', 49, 6, 2, 17, 112);

INSERT INTO Step (recipe_id, order_number, description) VALUES (84, 1, 'Firm economy traditional read personal.');

INSERT INTO Step (recipe_id, order_number, description) VALUES (84, 2, 'Man impact significant race.');

INSERT INTO Step (recipe_id, order_number, description) VALUES (84, 3, 'Such reveal student bed performance.');

INSERT INTO Step (recipe_id, order_number, description) VALUES (84, 4, 'Along American power media.');

INSERT INTO Nutritional_Info (recipe_id, fat_per_portion, carbs_per_portion, protein_per_portion) VALUES (84, 134, 133, 210);

INSERT INTO Recipe_Meal_Type (recipe_id, meal_type_id) VALUES (84, 1);

INSERT INTO Recipe_Meal_Type (recipe_id, meal_type_id) VALUES (84, 5);

INSERT INTO Recipe_Label (recipe_id, label_id) VALUES (84, 4);

INSERT INTO Recipe_Label (recipe_id, label_id) VALUES (84, 10);

INSERT INTO Recipe_Label (recipe_id, label_id) VALUES (84, 3);

INSERT INTO Recipe_Label (recipe_id, label_id) VALUES (84, 7);

INSERT INTO Recipe_Equipment (recipe_id, equipment_id) VALUES (84, 11);

INSERT INTO Recipe_Equipment (recipe_id, equipment_id) VALUES (84, 16);

INSERT INTO Recipe_Equipment (recipe_id, equipment_id) VALUES (84, 49);

INSERT INTO Recipe_Ingredient (recipe_id, ingredient_id, portion) VALUES (84, 81, 5);

INSERT INTO Recipe_Ingredient (recipe_id, ingredient_id, portion) VALUES (84, 129, 3);

INSERT INTO Recipe_Ingredient (recipe_id, ingredient_id, portion) VALUES (84, 181, 4);

INSERT INTO Recipe_Ingredient (recipe_id, ingredient_id, portion) VALUES (84, 106, 4);

INSERT INTO Recipe_Ingredient (recipe_id, ingredient_id, portion) VALUES (84, 74, 5);

INSERT INTO Recipe_Ingredient (recipe_id, ingredient_id, portion) VALUES (84, 131, 3);

INSERT INTO Recipe_Ingredient (recipe_id, ingredient_id, portion) VALUES (84, 17, 3);

INSERT INTO Recipe_Thematic_Unit (recipe_id, thematic_unit_id) VALUES (84, 8);

INSERT INTO Recipe_Thematic_Unit (recipe_id, thematic_unit_id) VALUES (84, 6);

INSERT INTO Recipe_Thematic_Unit (recipe_id, thematic_unit_id) VALUES (84, 7);

INSERT INTO Recipe (recipe_type, name, national_cuisine_id, difficulty_level, description, tip1, tip2, tip3, cooking_time, prep_time, portions, basic_ingredient_id, image_id) VALUES ('cooking', 'Potato Apple Roast', 17, 3, 'Generation use top network. Already generation local word item join result. Bad bed three particularly student citizen.', 'you have to be careful not to let it get stack', 'better when fresh', 'you need 2 people to make it', 79, 29, 7, 147, 113);

INSERT INTO Step (recipe_id, order_number, description) VALUES (85, 1, 'Call board while choice stage rest.');

INSERT INTO Step (recipe_id, order_number, description) VALUES (85, 2, 'Ever fund at join only professional.');

INSERT INTO Step (recipe_id, order_number, description) VALUES (85, 3, 'Parent large evidence hundred.');

INSERT INTO Step (recipe_id, order_number, description) VALUES (85, 4, 'Bed group born attack.');

INSERT INTO Step (recipe_id, order_number, description) VALUES (85, 5, 'Customer power many often play image provide those.');

INSERT INTO Step (recipe_id, order_number, description) VALUES (85, 6, 'Leg position partner possible TV their themselves fly.');

INSERT INTO Step (recipe_id, order_number, description) VALUES (85, 7, 'Including serve eye spring call on of.');

INSERT INTO Step (recipe_id, order_number, description) VALUES (85, 8, 'Opportunity where right kid the.');

INSERT INTO Nutritional_Info (recipe_id, fat_per_portion, carbs_per_portion, protein_per_portion) VALUES (85, 353, 140, 155);

INSERT INTO Recipe_Meal_Type (recipe_id, meal_type_id) VALUES (85, 6);

INSERT INTO Recipe_Meal_Type (recipe_id, meal_type_id) VALUES (85, 1);

INSERT INTO Recipe_Label (recipe_id, label_id) VALUES (85, 7);

INSERT INTO Recipe_Label (recipe_id, label_id) VALUES (85, 2);

INSERT INTO Recipe_Equipment (recipe_id, equipment_id) VALUES (85, 11);

INSERT INTO Recipe_Equipment (recipe_id, equipment_id) VALUES (85, 44);

INSERT INTO Recipe_Equipment (recipe_id, equipment_id) VALUES (85, 5);

INSERT INTO Recipe_Equipment (recipe_id, equipment_id) VALUES (85, 10);

INSERT INTO Recipe_Equipment (recipe_id, equipment_id) VALUES (85, 29);

INSERT INTO Recipe_Equipment (recipe_id, equipment_id) VALUES (85, 23);

INSERT INTO Recipe_Equipment (recipe_id, equipment_id) VALUES (85, 2);

INSERT INTO Recipe_Equipment (recipe_id, equipment_id) VALUES (85, 7);

INSERT INTO Recipe_Equipment (recipe_id, equipment_id) VALUES (85, 39);

INSERT INTO Recipe_Ingredient (recipe_id, ingredient_id, portion) VALUES (85, 51, 5);

INSERT INTO Recipe_Ingredient (recipe_id, ingredient_id, portion) VALUES (85, 43, 4);

INSERT INTO Recipe_Ingredient (recipe_id, ingredient_id, portion) VALUES (85, 14, 5);

INSERT INTO Recipe_Ingredient (recipe_id, ingredient_id, portion) VALUES (85, 132, 4);

INSERT INTO Recipe_Ingredient (recipe_id, ingredient_id, portion) VALUES (85, 62, 5);

INSERT INTO Recipe_Ingredient (recipe_id, ingredient_id, portion) VALUES (85, 138, 2);

INSERT INTO Recipe_Ingredient (recipe_id, ingredient_id, portion) VALUES (85, 183, 2);

INSERT INTO Recipe_Ingredient (recipe_id, ingredient_id, portion) VALUES (85, 163, 6);

INSERT INTO Recipe_Ingredient (recipe_id, ingredient_id, portion) VALUES (85, 98, 7);

INSERT INTO Recipe_Ingredient (recipe_id, ingredient_id, portion) VALUES (85, 37, 7);

INSERT INTO Recipe_Ingredient (recipe_id, ingredient_id, portion) VALUES (85, 33, 3);

INSERT INTO Recipe_Ingredient (recipe_id, ingredient_id, portion) VALUES (85, 73, 5);

INSERT INTO Recipe_Ingredient (recipe_id, ingredient_id, portion) VALUES (85, 17, 5);

INSERT INTO Recipe_Ingredient (recipe_id, ingredient_id, portion) VALUES (85, 76, 1);

INSERT INTO Recipe_Ingredient (recipe_id, ingredient_id, portion) VALUES (85, 22, 2);

INSERT INTO Recipe_Ingredient (recipe_id, ingredient_id, portion) VALUES (85, 147, 4);

INSERT INTO Recipe_Thematic_Unit (recipe_id, thematic_unit_id) VALUES (85, 9);

INSERT INTO Recipe_Thematic_Unit (recipe_id, thematic_unit_id) VALUES (85, 13);

INSERT INTO Recipe_Thematic_Unit (recipe_id, thematic_unit_id) VALUES (85, 2);

INSERT INTO Recipe (recipe_type, name, national_cuisine_id, difficulty_level, description, tip1, tip2, tip3, cooking_time, prep_time, portions, basic_ingredient_id, image_id) VALUES ('pastry', 'Baking Powder Biscuits', 18, 4, 'Recent Mr task among. Product mission fly unit either during decade particular. Rule yourself paper woman.', 'in the fridge for 3 days', 'you need a lot of time', 'you need a lot of time', 148, 22, 5, 62, 114);

INSERT INTO Step (recipe_id, order_number, description) VALUES (86, 1, 'Republican bed arm social.');

INSERT INTO Step (recipe_id, order_number, description) VALUES (86, 2, 'Behavior life stock process.');

INSERT INTO Step (recipe_id, order_number, description) VALUES (86, 3, 'Set you society medical resource.');

INSERT INTO Step (recipe_id, order_number, description) VALUES (86, 4, 'Recognize eye movement figure clear put people.');

INSERT INTO Step (recipe_id, order_number, description) VALUES (86, 5, 'Several hour reveal.');

INSERT INTO Step (recipe_id, order_number, description) VALUES (86, 6, 'Rich market interest modern finally.');

INSERT INTO Step (recipe_id, order_number, description) VALUES (86, 7, 'Health trouble minute whole.');

INSERT INTO Step (recipe_id, order_number, description) VALUES (86, 8, 'Majority hear particularly soon onto.');

INSERT INTO Nutritional_Info (recipe_id, fat_per_portion, carbs_per_portion, protein_per_portion) VALUES (86, 364, 15, 189);

INSERT INTO Recipe_Meal_Type (recipe_id, meal_type_id) VALUES (86, 5);

INSERT INTO Recipe_Meal_Type (recipe_id, meal_type_id) VALUES (86, 1);

INSERT INTO Recipe_Meal_Type (recipe_id, meal_type_id) VALUES (86, 6);

INSERT INTO Recipe_Label (recipe_id, label_id) VALUES (86, 1);

INSERT INTO Recipe_Label (recipe_id, label_id) VALUES (86, 3);

INSERT INTO Recipe_Label (recipe_id, label_id) VALUES (86, 10);

INSERT INTO Recipe_Label (recipe_id, label_id) VALUES (86, 2);

INSERT INTO Recipe_Equipment (recipe_id, equipment_id) VALUES (86, 20);

INSERT INTO Recipe_Equipment (recipe_id, equipment_id) VALUES (86, 27);

INSERT INTO Recipe_Equipment (recipe_id, equipment_id) VALUES (86, 46);

INSERT INTO Recipe_Equipment (recipe_id, equipment_id) VALUES (86, 21);

INSERT INTO Recipe_Equipment (recipe_id, equipment_id) VALUES (86, 26);

INSERT INTO Recipe_Equipment (recipe_id, equipment_id) VALUES (86, 10);

INSERT INTO Recipe_Equipment (recipe_id, equipment_id) VALUES (86, 14);

INSERT INTO Recipe_Equipment (recipe_id, equipment_id) VALUES (86, 50);

INSERT INTO Recipe_Equipment (recipe_id, equipment_id) VALUES (86, 19);

INSERT INTO Recipe_Ingredient (recipe_id, ingredient_id, portion) VALUES (86, 129, 5);

INSERT INTO Recipe_Ingredient (recipe_id, ingredient_id, portion) VALUES (86, 99, 6);

INSERT INTO Recipe_Ingredient (recipe_id, ingredient_id, portion) VALUES (86, 158, 1);

INSERT INTO Recipe_Ingredient (recipe_id, ingredient_id, portion) VALUES (86, 132, 4);

INSERT INTO Recipe_Ingredient (recipe_id, ingredient_id, portion) VALUES (86, 166, 6);

INSERT INTO Recipe_Ingredient (recipe_id, ingredient_id, portion) VALUES (86, 118, 1);

INSERT INTO Recipe_Ingredient (recipe_id, ingredient_id, portion) VALUES (86, 177, 2);

INSERT INTO Recipe_Ingredient (recipe_id, ingredient_id, portion) VALUES (86, 196, 4);

INSERT INTO Recipe_Ingredient (recipe_id, ingredient_id, portion) VALUES (86, 34, 4);

INSERT INTO Recipe_Ingredient (recipe_id, ingredient_id, portion) VALUES (86, 119, 5);

INSERT INTO Recipe_Ingredient (recipe_id, ingredient_id, portion) VALUES (86, 60, 4);

INSERT INTO Recipe_Ingredient (recipe_id, ingredient_id, portion) VALUES (86, 94, 1);

INSERT INTO Recipe_Ingredient (recipe_id, ingredient_id, portion) VALUES (86, 136, 3);

INSERT INTO Recipe_Ingredient (recipe_id, ingredient_id, portion) VALUES (86, 93, 1);

INSERT INTO Recipe_Ingredient (recipe_id, ingredient_id, portion) VALUES (86, 83, 7);

INSERT INTO Recipe_Ingredient (recipe_id, ingredient_id, portion) VALUES (86, 78, 7);

INSERT INTO Recipe_Ingredient (recipe_id, ingredient_id, portion) VALUES (86, 146, 6);

INSERT INTO Recipe_Ingredient (recipe_id, ingredient_id, portion) VALUES (86, 10, 4);

INSERT INTO Recipe_Ingredient (recipe_id, ingredient_id, portion) VALUES (86, 62, 4);

INSERT INTO Recipe_Thematic_Unit (recipe_id, thematic_unit_id) VALUES (86, 12);

INSERT INTO Recipe_Thematic_Unit (recipe_id, thematic_unit_id) VALUES (86, 7);

INSERT INTO Recipe_Thematic_Unit (recipe_id, thematic_unit_id) VALUES (86, 6);

INSERT INTO Recipe (recipe_type, name, national_cuisine_id, difficulty_level, description, tip1, tip2, tip3, cooking_time, prep_time, portions, basic_ingredient_id, image_id) VALUES ('pastry', 'Sugar Cookies', 18, 4, 'Remain foreign suggest nearly. Live property agency decide seem woman listen.', 'better without sugar', 'you can use leftovers', 'you have to be careful not to let it get stack', 24, 34, 5, 24, 115);

INSERT INTO Step (recipe_id, order_number, description) VALUES (87, 1, 'Face letter grow.');

INSERT INTO Step (recipe_id, order_number, description) VALUES (87, 2, 'Man shoulder six mention.');

INSERT INTO Step (recipe_id, order_number, description) VALUES (87, 3, 'Speak whole civil someone.');

INSERT INTO Step (recipe_id, order_number, description) VALUES (87, 4, 'Follow simply college born.');

INSERT INTO Step (recipe_id, order_number, description) VALUES (87, 5, 'Go stand share pass.');

INSERT INTO Step (recipe_id, order_number, description) VALUES (87, 6, 'Value threat financial field arm base language.');

INSERT INTO Step (recipe_id, order_number, description) VALUES (87, 7, 'Indicate cover ten may painting material.');

INSERT INTO Nutritional_Info (recipe_id, fat_per_portion, carbs_per_portion, protein_per_portion) VALUES (87, 73, 42, 203);

INSERT INTO Recipe_Meal_Type (recipe_id, meal_type_id) VALUES (87, 4);

INSERT INTO Recipe_Meal_Type (recipe_id, meal_type_id) VALUES (87, 6);

INSERT INTO Recipe_Label (recipe_id, label_id) VALUES (87, 3);

INSERT INTO Recipe_Label (recipe_id, label_id) VALUES (87, 6);

INSERT INTO Recipe_Label (recipe_id, label_id) VALUES (87, 7);

INSERT INTO Recipe_Label (recipe_id, label_id) VALUES (87, 9);

INSERT INTO Recipe_Equipment (recipe_id, equipment_id) VALUES (87, 3);

INSERT INTO Recipe_Equipment (recipe_id, equipment_id) VALUES (87, 31);

INSERT INTO Recipe_Equipment (recipe_id, equipment_id) VALUES (87, 38);

INSERT INTO Recipe_Ingredient (recipe_id, ingredient_id, portion) VALUES (87, 159, 2);

INSERT INTO Recipe_Ingredient (recipe_id, ingredient_id, portion) VALUES (87, 172, 7);

INSERT INTO Recipe_Ingredient (recipe_id, ingredient_id, portion) VALUES (87, 109, 6);

INSERT INTO Recipe_Ingredient (recipe_id, ingredient_id, portion) VALUES (87, 114, 5);

INSERT INTO Recipe_Ingredient (recipe_id, ingredient_id, portion) VALUES (87, 117, 4);

INSERT INTO Recipe_Ingredient (recipe_id, ingredient_id, portion) VALUES (87, 28, 5);

INSERT INTO Recipe_Ingredient (recipe_id, ingredient_id, portion) VALUES (87, 59, 5);

INSERT INTO Recipe_Ingredient (recipe_id, ingredient_id, portion) VALUES (87, 198, 3);

INSERT INTO Recipe_Ingredient (recipe_id, ingredient_id, portion) VALUES (87, 93, 7);

INSERT INTO Recipe_Ingredient (recipe_id, ingredient_id, portion) VALUES (87, 63, 3);

INSERT INTO Recipe_Ingredient (recipe_id, ingredient_id, portion) VALUES (87, 84, 3);

INSERT INTO Recipe_Ingredient (recipe_id, ingredient_id, portion) VALUES (87, 166, 1);

INSERT INTO Recipe_Ingredient (recipe_id, ingredient_id, portion) VALUES (87, 191, 4);

INSERT INTO Recipe_Ingredient (recipe_id, ingredient_id, portion) VALUES (87, 151, 4);

INSERT INTO Recipe_Ingredient (recipe_id, ingredient_id, portion) VALUES (87, 24, 8);

INSERT INTO Recipe_Thematic_Unit (recipe_id, thematic_unit_id) VALUES (87, 3);

INSERT INTO Recipe (recipe_type, name, national_cuisine_id, difficulty_level, description, tip1, tip2, cooking_time, prep_time, portions, basic_ingredient_id, image_id) VALUES ('pastry', 'Potato Curry', 18, 1, 'Toward difference Congress expect give radio. Interview book key heavy most. Present condition kind prepare pay several trip.', 'you have to be careful not to let it get stack', 'better with butter instead of milk', 132, 14, 4, 149, 116);

INSERT INTO Step (recipe_id, order_number, description) VALUES (88, 1, 'Probably once act send.');

INSERT INTO Step (recipe_id, order_number, description) VALUES (88, 2, 'Ask study only hotel player.');

INSERT INTO Step (recipe_id, order_number, description) VALUES (88, 3, 'Field but fly I difficult trade attack lawyer.');

INSERT INTO Step (recipe_id, order_number, description) VALUES (88, 4, 'Measure somebody we religious.');

INSERT INTO Nutritional_Info (recipe_id, fat_per_portion, carbs_per_portion, protein_per_portion) VALUES (88, 51, 114, 32);

INSERT INTO Recipe_Meal_Type (recipe_id, meal_type_id) VALUES (88, 3);

INSERT INTO Recipe_Meal_Type (recipe_id, meal_type_id) VALUES (88, 6);

INSERT INTO Recipe_Label (recipe_id, label_id) VALUE
S (88, 5);

INSERT INTO Recipe_Label (recipe_id, label_id) VALUES (88, 10);

INSERT INTO Recipe_Label (recipe_id, label_id) VALUES (88, 8);

INSERT INTO Recipe_Label (recipe_id, label_id) VALUES (88, 4);

INSERT INTO Recipe_Equipment (recipe_id, equipment_id) VALUES (88, 45);

INSERT INTO Recipe_Ingredient (recipe_id, ingredient_id, portion) VALUES (88, 171, 1);

INSERT INTO Recipe_Ingredient (recipe_id, ingredient_id, portion) VALUES (88, 19, 4);

INSERT INTO Recipe_Ingredient (recipe_id, ingredient_id, portion) VALUES (88, 53, 6);

INSERT INTO Recipe_Ingredient (recipe_id, ingredient_id, portion) VALUES (88, 131, 3);

INSERT INTO Recipe_Ingredient (recipe_id, ingredient_id, portion) VALUES (88, 77, 2);

INSERT INTO Recipe_Ingredient (recipe_id, ingredient_id, portion) VALUES (88, 162, 8);

INSERT INTO Recipe_Ingredient (recipe_id, ingredient_id, portion) VALUES (88, 161, 7);

INSERT INTO Recipe_Ingredient (recipe_id, ingredient_id, portion) VALUES (88, 82, 1);

INSERT INTO Recipe_Ingredient (recipe_id, ingredient_id, portion) VALUES (88, 98, 8);

INSERT INTO Recipe_Ingredient (recipe_id, ingredient_id, portion) VALUES (88, 34, 7);

INSERT INTO Recipe_Ingredient (recipe_id, ingredient_id, portion) VALUES (88, 30, 6);

INSERT INTO Recipe_Ingredient (recipe_id, ingredient_id, portion) VALUES (88, 62, 6);

INSERT INTO Recipe_Ingredient (recipe_id, ingredient_id, portion) VALUES (88, 138, 5);

INSERT INTO Recipe_Ingredient (recipe_id, ingredient_id, portion) VALUES (88, 149, 4);

INSERT INTO Recipe_Thematic_Unit (recipe_id, thematic_unit_id) VALUES (88, 7);

INSERT INTO Recipe_Thematic_Unit (recipe_id, thematic_unit_id) VALUES (88, 3);

INSERT INTO Recipe (recipe_type, name, national_cuisine_id, difficulty_level, description, tip1, cooking_time, prep_time, portions, basic_ingredient_id, image_id) VALUES ('cooking', 'Bucatini all Amatriciana', 18, 2, 'Child radio set cultural. Level mention dog couple education husband until. Art study senior protect least TV near.', 'you need a lot of bowls', 22, 34, 4, 82, 117);

INSERT INTO Step (recipe_id, order_number, description) VALUES (89, 1, 'Few pick of want.');

INSERT INTO Step (recipe_id, order_number, description) VALUES (89, 2, 'Know head firm identify word hit.');

INSERT INTO Step (recipe_id, order_number, description) VALUES (89, 3, 'Radio bit event both suggest include.');

INSERT INTO Step (recipe_id, order_number, description) VALUES (89, 4, 'Force thought leader glass cut some can.');

INSERT INTO Nutritional_Info (recipe_id, fat_per_portion, carbs_per_portion, protein_per_portion) VALUES (89, 266, 99, 234);

INSERT INTO Recipe_Meal_Type (recipe_id, meal_type_id) VALUES (89, 3);

INSERT INTO Recipe_Label (recipe_id, label_id) VALUES (89, 4);

INSERT INTO Recipe_Equipment (recipe_id, equipment_id) VALUES (89, 40);

INSERT INTO Recipe_Equipment (recipe_id, equipment_id) VALUES (89, 20);

INSERT INTO Recipe_Equipment (recipe_id, equipment_id) VALUES (89, 47);

INSERT INTO Recipe_Equipment (recipe_id, equipment_id) VALUES (89, 49);

INSERT INTO Recipe_Equipment (recipe_id, equipment_id) VALUES (89, 19);

INSERT INTO Recipe_Equipment (recipe_id, equipment_id) VALUES (89, 23);

INSERT INTO Recipe_Equipment (recipe_id, equipment_id) VALUES (89, 26);

INSERT INTO Recipe_Equipment (recipe_id, equipment_id) VALUES (89, 7);

INSERT INTO Recipe_Equipment (recipe_id, equipment_id) VALUES (89, 18);

INSERT INTO Recipe_Equipment (recipe_id, equipment_id) VALUES (89, 11);

INSERT INTO Recipe_Ingredient (recipe_id, ingredient_id, portion) VALUES (89, 148, 7);

INSERT INTO Recipe_Ingredient (recipe_id, ingredient_id, portion) VALUES (89, 13, 1);

INSERT INTO Recipe_Ingredient (recipe_id, ingredient_id, portion) VALUES (89, 43, 6);

INSERT INTO Recipe_Ingredient (recipe_id, ingredient_id, portion) VALUES (89, 85, 8);

INSERT INTO Recipe_Ingredient (recipe_id, ingredient_id, portion) VALUES (89, 187, 1);

INSERT INTO Recipe_Ingredient (recipe_id, ingredient_id, portion) VALUES (89, 82, 6);

INSERT INTO Recipe_Thematic_Unit (recipe_id, thematic_unit_id) VALUES (89, 8);

INSERT INTO Recipe_Thematic_Unit (recipe_id, thematic_unit_id) VALUES (89, 11);

INSERT INTO Recipe_Thematic_Unit (recipe_id, thematic_unit_id) VALUES (89, 6);

INSERT INTO Recipe (recipe_type, name, national_cuisine_id, difficulty_level, description, tip1, tip2, tip3, cooking_time, prep_time, portions, basic_ingredient_id, image_id) VALUES ('cooking', 'Brioche Chocolate Rolls', 18, 3, 'Agreement occur game people president different. Race born chair paper better. Woman wonder beautiful state media woman.', 'better when fresh', 'you need 2 people to make it', 'you need salt', 50, 37, 1, 159, 118);

INSERT INTO Step (recipe_id, order_number, description) VALUES (90, 1, 'Government PM only affect buy fund lose street.');

INSERT INTO Step (recipe_id, order_number, description) VALUES (90, 2, 'Look wall paper recognize quite green.');

INSERT INTO Nutritional_Info (recipe_id, fat_per_portion, carbs_per_portion, protein_per_portion) VALUES (90, 188, 58, 207);

INSERT INTO Recipe_Meal_Type (recipe_id, meal_type_id) VALUES (90, 4);

INSERT INTO Recipe_Meal_Type (recipe_id, meal_type_id) VALUES (90, 5);

INSERT INTO Recipe_Meal_Type (recipe_id, meal_type_id) VALUES (90, 1);

INSERT INTO Recipe_Label (recipe_id, label_id) VALUES (90, 10);

INSERT INTO Recipe_Label (recipe_id, label_id) VALUES (90, 1);

INSERT INTO Recipe_Label (recipe_id, label_id) VALUES (90, 4);

INSERT INTO Recipe_Label (recipe_id, label_id) VALUES (90, 2);

INSERT INTO Recipe_Equipment (recipe_id, equipment_id) VALUES (90, 29);

INSERT INTO Recipe_Equipment (recipe_id, equipment_id) VALUES (90, 50);

INSERT INTO Recipe_Ingredient (recipe_id, ingredient_id, portion) VALUES (90, 17, 4);

INSERT INTO Recipe_Ingredient (recipe_id, ingredient_id, portion) VALUES (90, 130, 6);

INSERT INTO Recipe_Ingredient (recipe_id, ingredient_id, portion) VALUES (90, 28, 2);

INSERT INTO Recipe_Ingredient (recipe_id, ingredient_id, portion) VALUES (90, 78, 3);

INSERT INTO Recipe_Ingredient (recipe_id, ingredient_id, portion) VALUES (90, 132, 6);

INSERT INTO Recipe_Ingredient (recipe_id, ingredient_id, portion) VALUES (90, 159, 7);

INSERT INTO Recipe_Thematic_Unit (recipe_id, thematic_unit_id) VALUES (90, 6);

INSERT INTO Recipe_Thematic_Unit (recipe_id, thematic_unit_id) VALUES (90, 8);

INSERT INTO Recipe_Thematic_Unit (recipe_id, thematic_unit_id) VALUES (90, 1);

INSERT INTO Recipe (recipe_type, name, national_cuisine_id, difficulty_level, description, tip1, tip2, tip3, cooking_time, prep_time, portions, basic_ingredient_id, image_id) VALUES ('cooking', 'Naan', 19, 1, 'Sometimes reach history plant help. Watch professional across realize world treatment. Impact final official face feel body television try.', 'you need 2 people to make it', 'you need to use your hands', 'you need salt', 104, 29, 4, 68, 119);

INSERT INTO Step (recipe_id, order_number, description) VALUES (91, 1, 'Type wonder mean doctor door central effect economy.');

INSERT INTO Step (recipe_id, order_number, description) VALUES (91, 2, 'Consumer education worry visit some.');

INSERT INTO Step (recipe_id, order_number, description) VALUES (91, 3, 'Pattern economic store.');

INSERT INTO Step (recipe_id, order_number, description) VALUES (91, 4, 'Several carry eat our base.');

INSERT INTO Step (recipe_id, order_number, description) VALUES (91, 5, 'Hair view crime impact front.');

INSERT INTO Step (recipe_id, order_number, description) VALUES (91, 6, 'Successful star they pull record simply real.');

INSERT INTO Step (recipe_id, order_number, description) VALUES (91, 7, 'Military community pull former anything order.');

INSERT INTO Step (recipe_id, order_number, description) VALUES (91, 8, 'Care budget action owner into everything.');

INSERT INTO Nutritional_Info (recipe_id, fat_per_portion, carbs_per_portion, protein_per_portion) VALUES (91, 136, 194, 240);

INSERT INTO Recipe_Meal_Type (recipe_id, meal_type_id) VALUES (91, 1);

INSERT INTO Recipe_Meal_Type (recipe_id, meal_type_id) VALUES (91, 6);

INSERT INTO Recipe_Label (recipe_id, label_id) VALUES (91, 3);

INSERT INTO Recipe_Label (recipe_id, label_id) VALUES (91, 6);

INSERT INTO Recipe_Equipment (recipe_id, equipment_id) VALUES (91, 8);

INSERT INTO Recipe_Equipment (recipe_id, equipment_id) VALUES (91, 22);

INSERT INTO Recipe_Equipment (recipe_id, equipment_id) VALUES (91, 11);

INSERT INTO Recipe_Equipment (recipe_id, equipment_id) VALUES (91, 25);

INSERT INTO Recipe_Equipment (recipe_id, equipment_id) VALUES (91, 24);

INSERT INTO Recipe_Equipment (recipe_id, equipment_id) VALUES (91, 6);

INSERT INTO Recipe_Equipment (recipe_id, equipment_id) VALUES (91, 19);

INSERT INTO Recipe_Ingredient (recipe_id, ingredient_id, portion) VALUES (91, 143, 5);

INSERT INTO Recipe_Ingredient (recipe_id, ingredient_id, portion) VALUES (91, 131, 6);

INSERT INTO Recipe_Ingredient (recipe_id, ingredient_id, portion) VALUES (91, 3, 1);

INSERT INTO Recipe_Ingredient (recipe_id, ingredient_id, portion) VALUES (91, 76, 1);

INSERT INTO Recipe_Ingredient (recipe_id, ingredient_id, portion) VALUES (91, 138, 6);

INSERT INTO Recipe_Ingredient (recipe_id, ingredient_id, portion) VALUES (91, 135, 6);

INSERT INTO Recipe_Ingredient (recipe_id, ingredient_id, portion) VALUES (91, 156, 6);

INSERT INTO Recipe_Ingredient (recipe_id, ingredient_id, portion) VALUES (91, 171, 3);

INSERT INTO Recipe_Ingredient (recipe_id, ingredient_id, portion) VALUES (91, 120, 8);

INSERT INTO Recipe_Ingredient (recipe_id, ingredient_id, portion) VALUES (91, 68, 7);

INSERT INTO Recipe_Thematic_Unit (recipe_id, thematic_unit_id) VALUES (91, 8);

INSERT INTO Recipe_Thematic_Unit (recipe_id, thematic_unit_id) VALUES (91, 12);

INSERT INTO Recipe_Thematic_Unit (recipe_id, thematic_unit_id) VALUES (91, 9);

INSERT INTO Recipe (recipe_type, name, national_cuisine_id, difficulty_level, description, tip1, tip2, tip3, cooking_time, prep_time, portions, basic_ingredient_id, image_id) VALUES ('pastry', 'Lemon Poppy Seed Scones', 19, 1, 'Strategy face decade audience eat defense face. Scientist lose nearly instead benefit.', 'better without sugar', 'you have to be careful not to let it get stack', 'better with butter instead of milk', 96, 34, 7, 153, 120);

INSERT INTO Step (recipe_id, order_number, description) VALUES (92, 1, 'Commercial section above traditional someone worry social first.');

INSERT INTO Step (recipe_id, order_number, description) VALUES (92, 2, 'Measure development share option federal.');

INSERT INTO Step (recipe_id, order_number, description) VALUES (92, 3, 'Instead doctor network similar close.');

INSERT INTO Step (recipe_id, order_number, description) VALUES (92, 4, 'Top close audience according visit forward two admit.');

INSERT INTO Nutritional_Info (recipe_id, fat_per_portion, carbs_per_portion, protein_per_portion) VALUES (92, 88, 163, 229);

INSERT INTO Recipe_Meal_Type (recipe_id, meal_type_id) VALUES (92, 4);

INSERT INTO Recipe_Meal_Type (recipe_id, meal_type_id) VALUES (92, 3);

INSERT INTO Recipe_Label (recipe_id, label_id) VALUES (92, 4);

INSERT INTO Recipe_Equipment (recipe_id, equipment_id) VALUES (92, 42);

INSERT INTO Recipe_Equipment (recipe_id, equipment_id) VALUES (92, 11);

INSERT INTO Recipe_Equipment (recipe_id, equipment_id) VALUES (92, 45);

INSERT INTO Recipe_Equipment (recipe_id, equipment_id) VALUES (92, 7);

INSERT INTO Recipe_Ingredient (recipe_id, ingredient_id, portion) VALUES (92, 52, 2);

INSERT INTO Recipe_Ingredient (recipe_id, ingredient_id, portion) VALUES (92, 4, 4);

INSERT INTO Recipe_Ingredient (recipe_id, ingredient_id, portion) VALUES (92, 28, 4);

INSERT INTO Recipe_Ingredient (recipe_id, ingredient_id, portion) VALUES (92, 91, 2);

INSERT INTO Recipe_Ingredient (recipe_id, ingredient_id, portion) VALUES (92, 12, 2);

INSERT INTO Recipe_Ingredient (recipe_id, ingredient_id, portion) VALUES (92, 142, 5);

INSERT INTO Recipe_Ingredient (recipe_id, ingredient_id, portion) VALUES (92, 177, 6);

INSERT INTO Recipe_Ingredient (recipe_id, ingredient_id, portion) VALUES (92, 119, 5);

INSERT INTO Recipe_Ingredient (recipe_id, ingredient_id, portion) VALUES (92, 168, 2);

INSERT INTO Recipe_Ingredient (recipe_id, ingredient_id, portion) VALUES (92, 6, 1);

INSERT INTO Recipe_Ingredient (recipe_id, ingredient_id, portion) VALUES (92, 79, 4);

INSERT INTO Recipe_Ingredient (recipe_id, ingredient_id, portion) VALUES (92, 153, 7);

INSERT INTO Recipe_Thematic_Unit (recipe_id, thematic_unit_id) VALUES (92, 8);

INSERT INTO Recipe_Thematic_Unit (recipe_id, thematic_unit_id) VALUES (92, 6);

INSERT INTO Recipe_Thematic_Unit (recipe_id, thematic_unit_id) VALUES (92, 5);

INSERT INTO Recipe (recipe_type, name, national_cuisine_id, difficulty_level, description, tip1, cooking_time, prep_time, portions, basic_ingredient_id, image_id) VALUES ('pastry', 'Balsamic Dijon Root Vegetables', 19, 1, 'Person quality mission. Particularly agent industry inside just. Voice impact power present example before. Might evening artist no society car people late.', 'better when fresh', 135, 7, 7, 72, 121);

INSERT INTO Step (recipe_id, order_number, description) VALUES (93, 1, 'Difference experience film audience area.');

INSERT INTO Step (recipe_id, order_number, description) VALUES (93, 2, 'Our indicate whole while check.');

INSERT INTO Step (recipe_id, order_number, description) VALUES (93, 3, 'Picture your world audience.');

INSERT INTO Step (recipe_id, order_number, description) VALUES (93, 4, 'When people hit guy parent.');

INSERT INTO Step (recipe_id, order_number, description) VALUES (93, 5, 'Act appear art strong.');

INSERT INTO Step (recipe_id, order_number, description) VALUES (93, 6, 'Argue grow society seek second land speak.');

INSERT INTO Step (recipe_id, order_number, description) VALUES (93, 7, 'Pressure hotel us join become seven chair.');

INSERT INTO Nutritional_Info (recipe_id, fat_per_portion, carbs_per_portion, protein_per_portion) VALUES (93, 121, 103, 186);

INSERT INTO Recipe_Meal_Type (recipe_id, meal_type_id) VALUES (93, 2);

INSERT INTO Recipe_Meal_Type (recipe_id, meal_type_id) VALUES (93, 1);

INSERT INTO Recipe_Label (recipe_id, label_id) VALUES (93, 10);

INSERT INTO Recipe_Label (recipe_id, label_id) VALUES (93, 1);

INSERT INTO Recipe_Label (recipe_id, label_id) VALUES (93, 7);

INSERT INTO Recipe_Label (recipe_id, label_id) VALUES (93, 4);

INSERT INTO Recipe_Equipment (recipe_id, equipment_id) VALUES (93, 9);

INSERT INTO Recipe_Equipment (recipe_id, equipment_id) VALUES (93, 25);

INSERT INTO Recipe_Equipment (recipe_id, equipment_id) VALUES (93, 43);

INSERT INTO Recipe_Equipment (recipe_id, equipment_id) VALUES (93, 31);

INSERT INTO Recipe_Equipment (recipe_id, equipment_id) VALUES (93, 6);

INSERT INTO Recipe_Ingredient (recipe_id, ingredient_id, portion) VALUES (93, 65, 2);

INSERT INTO Recipe_Ingredient (recipe_id, ingredient_id, portion) VALUES (93, 182, 1);

INSERT INTO Recipe_Ingredient (recipe_id, ingredient_id, portion) VALUES (93, 142, 7);

INSERT INTO Recipe_Ingredient (recipe_id, ingredient_id, portion) VALUES (93, 129, 5);

INSERT INTO Recipe_Ingredient (recipe_id, ingredient_id, portion) VALUES (93, 62, 8);

INSERT INTO Recipe_Ingredient (recipe_id, ingredient_id, portion) VALUES (93, 104, 3);

INSERT INTO Recipe_Ingredient (recipe_id, ingredient_id, portion) VALUES (93, 37, 3);

INSERT INTO Recipe_Ingredient (recipe_id, ingredient_id, portion) VALUES (93, 91, 4);

INSERT INTO Recipe_Ingredient (recipe_id, ingredient_id, portion) VALUES (93, 3, 5);

INSERT INTO Recipe_Ingredient (recipe_id, ingredient_id, portion) VALUES (93, 72, 4);

INSERT INTO Recipe_Thematic_Unit (recipe_id, thematic_unit_id) VALUES (93, 8);

INSERT INTO Recipe_Thematic_Unit (recipe_id, thematic_unit_id) VALUES (93, 9);

INSERT INTO Recipe_Thematic_Unit (recipe_id, thematic_unit_id) VALUES (93, 11);

INSERT INTO Recipe (recipe_type, name, national_cuisine_id, difficulty_level, description, tip1, cooking_time, prep_time, portions, basic_ingredient_id, image_id) VALUES ('pastry', 'Best Baked Chicken Legs', 19, 2, 'Say any family attack. Often goal later cover action any.', 'you need 2 people to make it', 146, 33, 8, 190, 122);

INSERT INTO Step (recipe_id, order_number, description) VALUES (94, 1, 'Entire measure note ball.');

INSERT INTO Step (recipe_id, order_number, description) VALUES (94, 2, 'Anyone response voice fact foot station girl.');

INSERT INTO Step (recipe_id, order_number, description) VALUES (94, 3, 'Live industry whose window operation.');

INSERT INTO Step (recipe_id, order_number, description) VALUES (94, 4, 'Number thought raise west cover finish impact against.');

INSERT INTO Step (recipe_id, order_number, description) VALUES (94, 5, 'Option people worker character accept form.');

INSERT INTO Step (recipe_id, order_number, description) VALUES (94, 6, 'Sign century health property.');

INSERT INTO Step (recipe_id, order_number, description) VALUES (94, 7, 'Let gas past soldier.');

INSERT INTO Nutritional_Info (recipe_id, fat_per_portion, carbs_per_portion, protein_per_portion) VALUES (94, 244, 134, 152);

INSERT INTO Recipe_Meal_Type (recipe_id, meal_type_id) VALUES (94, 6);

INSERT INTO Recipe_Meal_Type (recipe_id, meal_type_id) VALUES (94, 3);

INSERT INTO Recipe_Label (recipe_id, label_id) VALUES (94, 5);

INSERT INTO Recipe_Label (recipe_id, label_id) VALUES (94, 3);

INSERT INTO Recipe_Label (recipe_id, label_id) VALUES (94, 8);

INSERT INTO Recipe_Equipment (recipe_id, equipment_id) VALUES (94, 13);

INSERT INTO Recipe_Equipment (recipe_id, equipment_id) VALUES (94, 8);

INSERT INTO Recipe_Equipment (recipe_id, equipment_id) VALUES (94, 37);

INSERT INTO Recipe_Equipment (recipe_id, equipment_id) VALUES (94, 1);

INSERT INTO Recipe_Equipment (recipe_id, equipment_id) VALUES (94, 28);

INSERT INTO Recipe_Equipment (recipe_id, equipment_id) VALUES (94, 43);

INSERT INTO Recipe_Ingredient (recipe_id, ingredient_id, portion) VALUES (94, 1, 2);

INSERT INTO Recipe_Ingredient (recipe_id, ingredient_id, portion) VALUES (94, 69, 5);

INSERT INTO Recipe_Ingredient (recipe_id, ingredient_id, portion) VALUES (94, 108, 4);

INSERT INTO Recipe_Ingredient (recipe_id, ingredient_id, portion) VALUES (94, 36, 1);

INSERT INTO Recipe_Ingredient (recipe_id, ingredient_id, portion) VALUES (94, 180, 3);

INSERT INTO Recipe_Ingredient (recipe_id, ingredient_id, portion) VALUES (94, 150, 4);

INSERT INTO Recipe_Ingredient (recipe_id, ingredient_id, portion) VALUES (94, 82, 4);

INSERT INTO Recipe_Ingredient (recipe_id, ingredient_id, portion) VALUES (94, 182, 5);

INSERT INTO Recipe_Ingredient (recipe_id, ingredient_id, portion) VALUES (94, 192, 7);

INSERT INTO Recipe_Ingredient (recipe_id, ingredient_id, portion) VALUES (94, 90, 3);

INSERT INTO Recipe_Ingredient (recipe_id, ingredient_id, portion) VALUES (94, 79, 7);

INSERT INTO Recipe_Ingredient (recipe_id, ingredient_id, portion) VALUES (94, 111, 1);

INSERT INTO Recipe_Ingredient (recipe_id, ingredient_id, portion) VALUES (94, 190, 5);

INSERT INTO Recipe_Thematic_Unit (recipe_id, thematic_unit_id) VALUES (94, 6);

INSERT INTO Recipe_Thematic_Unit (recipe_id, thematic_unit_id) VALUES (94, 11);

INSERT INTO Recipe (recipe_type, name, national_cuisine_id, difficulty_level, description, tip1, tip2, tip3, cooking_time, prep_time, portions, basic_ingredient_id, image_id) VALUES ('pastry', 'Spanish Lentil Soup', 19, 1, 'Simple fall west people produce Mr far. Similar quickly style physical among method.', 'better with butter instead of milk', 'good with honey', 'better when fresh', 110, 23, 2, 198, 123);

INSERT INTO Step (recipe_id, order_number, description) VALUES (95, 1, 'Amount anything actually glass west.');

INSERT INTO Step (recipe_id, order_number, description) VALUES (95, 2, 'Up population skin.');

INSERT INTO Step (recipe_id, order_number, description) VALUES (95, 3, 'Glass stock option discussion growth me.');

INSERT INTO Step (recipe_id, order_number, description) VALUES (95, 4, 'Loss government always.');

INSERT INTO Nutritional_Info (recipe_id, fat_per_portion, carbs_per_portion, protein_per_portion) VALUES (95, 169, 187, 126);

INSERT INTO Recipe_Meal_Type (recipe_id, meal_type_id) VALUES (95, 2);

INSERT INTO Recipe_Meal_Type (recipe_id, meal_type_id) VALUES (95, 1);

INSERT INTO Recipe_Meal_Type (recipe_id, meal_type_id) VALUES (95, 6);

INSERT INTO Recipe_Label (recipe_id, label_id) VALUES (95, 1);

INSERT INTO Recipe_Label (recipe_id, label_id) VALUES (95, 9);

INSERT INTO Recipe_Label (recipe_id, label_id) VALUES (95, 10);

INSERT INTO Recipe_Equipment (recipe_id, equipment_id) VALUES (95, 48);

INSERT INTO Recipe_Equipment (recipe_id, equipment_id) VALUES (95, 24);

INSERT INTO Recipe_Ingredient (recipe_id, ingredient_id, portion) VALUES (95, 183, 3);

INSERT INTO Recipe_Ingredient (recipe_id, ingredient_id, portion) VALUES (95, 119, 7);

INSERT INTO Recipe_Ingredient (recipe_id, ingredient_id, portion) VALUES (95, 82, 3);

INSERT INTO Recipe_Ingredient (recipe_id, ingredient_id, portion) VALUES (95, 20, 1);

INSERT INTO Recipe_Ingredient (recipe_id, ingredient_id, portion) VALUES (95, 198, 5);

INSERT INTO Recipe_Thematic_Unit (recipe_id, thematic_unit_id) VALUES (95, 13);

INSERT INTO Recipe_Thematic_Unit (recipe_id, thematic_unit_id) VALUES (95, 4);

INSERT INTO Recipe_Thematic_Unit (recipe_id, thematic_unit_id) VALUES (95, 5);

INSERT INTO Recipe (recipe_type, name, national_cuisine_id, difficulty_level, description, tip1, tip2, tip3, cooking_time, prep_time, portions, basic_ingredient_id, image_id) VALUES ('cooking', 'Chocolate Chip Irish Soda Bread', 20, 4, 'Create now employee someone bad the fall. Person continue treatment win role west water accept. Politics sea power street likely consider.', 'you can store iy outside the fridge', 'better with butter instead of milk', 'better with feta cheese', 28, 11, 6, 126, 124);

INSERT INTO Step (recipe_id, order_number, description) VALUES (96, 1, 'Training oil while across end five quality.');

INSERT INTO Step (recipe_id, order_number, description) VALUES (96, 2, 'Nearly evidence toward cover.');

INSERT INTO Step (recipe_id, order_number, description) VALUES (96, 3, 'Forget serve between page car.');

INSERT INTO Nutritional_Info (recipe_id, fat_per_portion, carbs_per_portion, protein_per_portion) VALUES (96, 287, 188, 155);

INSERT INTO Recipe_Meal_Type (recipe_id, meal_type_id) VALUES (96, 5);

INSERT INTO Recipe_Label (recipe_id, label_id) VALUES (96, 3);

INSERT INTO Recipe_Label (recipe_id, label_id) VALUES (96, 8);

INSERT INTO Recipe_Equipment (recipe_id, equipment_id) VALUES (96, 45);

INSERT INTO Recipe_Equipment (recipe_id, equipment_id) VALUES (96, 18);

INSERT INTO Recipe_Equipment (recipe_id, equipment_id) VALUES (96, 48);

INSERT INTO Recipe_Equipment (recipe_id, equipment_id) VALUES (96, 30);

INSERT INTO Recipe_Equipment (recipe_id, equipment_id) VALUES (96, 46);

INSERT INTO Recipe_Ingredient (recipe_id, ingredient_id, portion) VALUES (96, 81, 6);

INSERT INTO Recipe_Ingredient (recipe_id, ingredient_id, portion) VALUES (96, 109, 3);

INSERT INTO Recipe_Ingredient (recipe_id, ingredient_id, portion) VALUES (96, 38, 3);

INSERT INTO Recipe_Ingredient (recipe_id, ingredient_id, portion) VALUES (96, 118, 3);

INSERT INTO Recipe_Ingredient (recipe_id, ingredient_id, portion) VALUES (96, 73, 7);

INSERT INTO Recipe_Ingredient (recipe_id, ingredient_id, portion) VALUES (96, 179, 6);

INSERT INTO Recipe_Ingredient (recipe_id, ingredient_id, portion) VALUES (96, 40, 2);

INSERT INTO Recipe_Ingredient (recipe_id, ingredient_id, portion) VALUES (96, 181, 2);

INSERT INTO Recipe_Ingredient (recipe_id, ingredient_id, portion) VALUES (96, 151, 8);

INSERT INTO Recipe_Ingredient (recipe_id, ingredient_id, portion) VALUES (96, 14, 6);

INSERT INTO Recipe_Ingredient (recipe_id, ingredient_id, portion) VALUES (96, 62, 4);

INSERT INTO Recipe_Ingredient (recipe_id, ingredient_id, portion) VALUES (96, 168, 4);

INSERT INTO Recipe_Ingredient (recipe_id, ingredient_id, portion) VALUES (96, 119, 2);

INSERT INTO Recipe_Ingredient (recipe_id, ingredient_id, portion) VALUES (96, 107, 1);

INSERT INTO Recipe_Ingredient (recipe_id, ingredient_id, portion) VALUES (96, 105, 6);

INSERT INTO Recipe_Ingredient (recipe_id, ingredient_id, portion) VALUES (96, 126, 8);

INSERT INTO Recipe_Thematic_Unit (recipe_id, thematic_unit_id) VALUES (96, 12);

INSERT INTO Recipe_Thematic_Unit (recipe_id, thematic_unit_id) VALUES (96, 14);

INSERT INTO Recipe (recipe_type, name, national_cuisine_id, difficulty_level, description, tip1, tip2, tip3, cooking_time, prep_time, portions, basic_ingredient_id, image_id) VALUES ('pastry', 'Malteese Gilatti', 20, 3, 'Area rather throw TV data. Summer vote us soldier daughter. Relate sort Democrat career.', 'you need a lot of time', 'better with feta cheese', 'better without sugar', 42, 10, 7, 118, 125);

INSERT INTO Step (recipe_id, order_number, description) VALUES (97, 1, 'Hospital son model.');

INSERT INTO Step (recipe_id, order_number, description) VALUES (97, 2, 'Economy many Democrat drop.');

INSERT INTO Step (recipe_id, order_number, description) VALUES (97, 3, 'Pm perform on record understand thought record.');

INSERT INTO Step (recipe_id, order_number, description) VALUES (97, 4, 'Really design face.');

INSERT INTO Step (recipe_id, order_number, description) VALUES (97, 5, 'Appear support reflect take believe far.');

INSERT INTO Step (recipe_id, order_number, description) VALUES (97, 6, 'Fine step husband clearly enjoy game language.');

INSERT INTO Step (recipe_id, order_number, description) VALUES (97, 7, 'Door though growth.');

INSERT INTO Step (recipe_id, order_number, description) VALUES (97, 8, 'Analysis husband voice write fear son.');

INSERT INTO Nutritional_Info (recipe_id, fat_per_portion, carbs_per_portion, protein_per_portion) VALUES (97, 164, 123, 86);

INSERT INTO Recipe_Meal_Type (recipe_id, meal_type_id) VALUES (97, 5);

INSERT INTO Recipe_Label (recipe_id, label_id) VALUES (97, 6);

INSERT INTO Recipe_Label (recipe_id, label_id) VALUES (97, 3);

INSERT INTO Recipe_Label (recipe_id, label_id) VALUES (97, 8);

INSERT INTO Recipe_Label (recipe_id, label_id) VALUES (97, 2);

INSERT INTO Recipe_Equipment (recipe_id, equipment_id) VALUES (97, 26);

INSERT INTO Recipe_Equipment (recipe_id, equipment_id) VALUES (97, 28);

INSERT INTO Recipe_Equipment (recipe_id, equipment_id) VALUES (97, 47);

INSERT INTO Recipe_Equipment (recipe_id, equipment_id) VALUES (97, 3);

INSERT INTO Recipe_Equipment (recipe_id, equipment_id) VALUES (97, 48);

INSERT INTO Recipe_Equipment (recipe_id, equipment_id) VALUES (97, 41);

INSERT INTO Recipe_Equipment (recipe_id, equipment_id) VALUES (97, 14);

INSERT INTO Recipe_Equipment (recipe_id, equipment_id) VALUES (97, 20);

INSERT INTO Recipe_Equipment (recipe_id, equipment_id) VALUES (97, 50);

INSERT INTO Recipe_Equipment (recipe_id, equipment_id) VALUES (97, 4);

INSERT INTO Recipe_Ingredient (recipe_id, ingredient_id, portion) VALUES (97, 132, 6);

INSERT INTO Recipe_Ingredient (recipe_id, ingredient_id, portion) VALUES (97, 159, 1);

INSERT INTO Recipe_Ingredient (recipe_id, ingredient_id, portion) VALUES (97, 151, 6);

INSERT INTO Recipe_Ingredient (recipe_id, ingredient_id, portion) VALUES (97, 23, 4);

INSERT INTO Recipe_Ingredient (recipe_id, ingredient_id, portion) VALUES (97, 198, 4);

INSERT INTO Recipe_Ingredient (recipe_id, ingredient_id, portion) VALUES (97, 152, 4);

INSERT INTO Recipe_Ingredient (recipe_id, ingredient_id, portion) VALUES (97, 17, 8);

INSERT INTO Recipe_Ingredient (recipe_id, ingredient_id, portion) VALUES (97, 53, 7);

INSERT INTO Recipe_Ingredient (recipe_id, ingredient_id, portion) VALUES (97, 95, 4);

INSERT INTO Recipe_Ingredient (recipe_id, ingredient_id, portion) VALUES (97, 43, 3);

INSERT INTO Recipe_Ingredient (recipe_id, ingredient_id, portion) VALUES (97, 157, 5);

INSERT INTO Recipe_Ingredient (recipe_id, ingredient_id, portion) VALUES (97, 138, 6);

INSERT INTO Recipe_Ingredient (recipe_id, ingredient_id, portion) VALUES (97, 89, 2);

INSERT INTO Recipe_Ingredient (recipe_id, ingredient_id, portion) VALUES (97, 51, 4);

INSERT INTO Recipe_Ingredient (recipe_id, ingredient_id, portion) VALUES (97, 194, 2);

INSERT INTO Recipe_Ingredient (recipe_id, ingredient_id, portion) VALUES (97, 118, 5);

INSERT INTO Recipe_Thematic_Unit (recipe_id, thematic_unit_id) VALUES (97, 14);

INSERT INTO Recipe_Thematic_Unit (recipe_id, thematic_unit_id) VALUES (97, 9);

INSERT INTO Recipe_Thematic_Unit (recipe_id, thematic_unit_id) VALUES (97, 7);

INSERT INTO Recipe (recipe_type, name, national_cuisine_id, difficulty_level, description, tip1, tip2, cooking_time, prep_time, portions, basic_ingredient_id, image_id) VALUES ('cooking', 'Buckwheat Carrot and Onion', 20, 2, 'Increase skin chair. For determine water show. Memory magazine site require appear determine bring. Final to sound fall financial yard.', 'you need salt', 'you have to be careful not to let it get stack', 141, 32, 1, 114, 126);

INSERT INTO Step (recipe_id, order_number, description) VALUES (98, 1, 'Fact interview view lot their walk then those.');

INSERT INTO Nutritional_Info (recipe_id, fat_per_portion, carbs_per_portion, protein_per_portion) VALUES (98, 252, 64, 108);

INSERT INTO Recipe_Meal_Type (recipe_id, meal_type_id) VALUES (98, 3);

INSERT INTO Recipe_Label (recipe_id, label_id) VALUES (98, 8);

INSERT INTO Recipe_Equipment (recipe_id, equipment_id) VALUES (98, 31);

INSERT INTO Recipe_Equipment (recipe_id, equipment_id) VALUES (98, 29);

INSERT INTO Recipe_Equipment (recipe_id, equipment_id) VALUES (98, 14);

INSERT INTO Recipe_Equipment (recipe_id, equipment_id) VALUES (98, 35);

INSERT INTO Recipe_Equipment (recipe_id, equipment_id) VALUES (98, 44);

INSERT INTO Recipe_Equipment (recipe_id, equipment_id) VALUES (98, 42);

INSERT INTO Recipe_Equipment (recipe_id, equipment_id) VALUES (98, 2);

INSERT INTO Recipe_Ingredient (recipe_id, ingredient_id, portion) VALUES (98, 47, 5);

INSERT INTO Recipe_Ingredient (recipe_id, ingredient_id, portion) VALUES (98, 22, 1);

INSERT INTO Recipe_Ingredient (recipe_id, ingredient_id, portion) VALUES (98, 143, 7);

INSERT INTO Recipe_Ingredient (recipe_id, ingredient_id, portion) VALUES (98, 32, 5);

INSERT INTO Recipe_Ingredient (recipe_id, ingredient_id, portion) VALUES (98, 29, 2);

INSERT INTO Recipe_Ingredient (recipe_id, ingredient_id, portion) VALUES (98, 175, 4);

INSERT INTO Recipe_Ingredient (recipe_id, ingredient_id, portion) VALUES (98, 52, 8);

INSERT INTO Recipe_Ingredient (recipe_id, ingredient_id, portion) VALUES (98, 31, 1);

INSERT INTO Recipe_Ingredient (recipe_id, ingredient_id, portion) VALUES (98, 85, 3);

INSERT INTO Recipe_Ingredient (recipe_id, ingredient_id, portion) VALUES (98, 114, 5);

INSERT INTO Recipe_Thematic_Unit (recipe_id, thematic_unit_id) VALUES (98, 8);

INSERT INTO Recipe_Thematic_Unit (recipe_id, thematic_unit_id) VALUES (98, 10);

INSERT INTO Recipe_Thematic_Unit (recipe_id, thematic_unit_id) VALUES (98, 14);

INSERT INTO Recipe (recipe_type, name, national_cuisine_id, difficulty_level, description, tip1, cooking_time, prep_time, portions, basic_ingredient_id, image_id) VALUES ('cooking', 'Sweet Potatoes with Yogurt and Chickpeas', 20, 4, 'Ability group speak upon. Company others reduce face score. Simple commercial as degree spend car.', 'better with slow cooking', 15, 4, 4, 87, 127);

INSERT INTO Step (recipe_id, order_number, description) VALUES (99, 1, 'Speech hit treatment officer.');

INSERT INTO Nutritional_Info (recipe_id, fat_per_portion, carbs_per_portion, protein_per_portion) VALUES (99, 297, 21, 178);

INSERT INTO Recipe_Meal_Type (recipe_id, meal_type_id) VALUES (99, 3);

INSERT INTO Recipe_Meal_Type (recipe_id, meal_type_id) VALUES (99, 1);

INSERT INTO Recipe_Meal_Type (recipe_id, meal_type_id) VALUES (99, 5);

INSERT INTO Recipe_Label (recipe_id, label_id) VALUES (99, 10);

INSERT INTO Recipe_Label (recipe_id, label_id) VALUES (99, 9);

INSERT INTO Recipe_Label (recipe_id, label_id) VALUES (99, 2);

INSERT INTO Recipe_Label (recipe_id, label_id) VALUES (99, 4);

INSERT INTO Recipe_Equipment (recipe_id, equipment_id) VALUES (99, 47);

INSERT INTO Recipe_Equipment (recipe_id, equipment_id) VALUES (99, 15);

INSERT INTO Recipe_Equipment (recipe_id, equipment_id) VALUES (99, 21);

INSERT INTO Recipe_Equipment (recipe_id, equipment_id) VALUES (99, 43);

INSERT INTO Recipe_Ingredient (recipe_id, ingredient_id, portion) VALUES (99, 121, 2);

INSERT INTO Recipe_Ingredient (recipe_id, ingredient_id, portion) VALUES (99, 9, 6);

INSERT INTO Recipe_Ingredient (recipe_id, ingredient_id, portion) VALUES (99, 148, 2);

INSERT INTO Recipe_Ingredient (recipe_id, ingredient_id, portion) VALUES (99, 184, 8);

INSERT INTO Recipe_Ingredient (recipe_id, ingredient_id, portion) VALUES (99, 51, 5);

INSERT INTO Recipe_Ingredient (recipe_id, ingredient_id, portion) VALUES (99, 72, 7);

INSERT INTO Recipe_Ingredient (recipe_id, ingredient_id, portion) VALUES (99, 140, 8);

INSERT INTO Recipe_Ingredient (recipe_id, ingredient_id, portion) VALUES (99, 189, 6);

INSERT INTO Recipe_Ingredient (recipe_id, ingredient_id, portion) VALUES (99, 113, 7);

INSERT INTO Recipe_Ingredient (recipe_id, ingredient_id, portion) VALUES (99, 104, 6);

INSERT INTO Recipe_Ingredient (recipe_id, ingredient_id, portion) VALUES (99, 141, 3);

INSERT INTO Recipe_Ingredient (recipe_id, ingredient_id, portion) VALUES (99, 124, 5);

INSERT INTO Recipe_Ingredient (recipe_id, ingredient_id, portion) VALUES (99, 130, 4);

INSERT INTO Recipe_Ingredient (recipe_id, ingredient_id, portion) VALUES (99, 52, 3);

INSERT INTO Recipe_Ingredient (recipe_id, ingredient_id, portion) VALUES (99, 153, 8);

INSERT INTO Recipe_Ingredient (recipe_id, ingredient_id, portion) VALUES (99, 137, 7);

INSERT INTO Recipe_Ingredient (recipe_id, ingredient_id, portion) VALUES (99, 87, 2);

INSERT INTO Recipe_Thematic_Unit (recipe_id, thematic_unit_id) VALUES (99, 14);

INSERT INTO Recipe_Thematic_Unit (recipe_id, thematic_unit_id) VALUES (99, 4);

INSERT INTO Recipe_Thematic_Unit (recipe_id, thematic_unit_id) VALUES (99, 7);

INSERT INTO Recipe (recipe_type, name, national_cuisine_id, difficulty_level, description, tip1, tip2, cooking_time, prep_time, portions, basic_ingredient_id, image_id) VALUES ('cooking', 'Spanish Chickpeas', 20, 2, 'System piece crime bank measure. List off behind lead better. Rich away room response.', 'better with butter instead of milk', 'better with a blender', 64, 29, 2, 197, 128);

INSERT INTO Step (recipe_id, order_number, description) VALUES (100, 1, 'No value find whom.');

INSERT INTO Step (recipe_id, order_number, description) VALUES (100, 2, 'Message guess degree power use.');

INSERT INTO Step (recipe_id, order_number, description) VALUES (100, 3, 'Clear vote score thought.');

INSERT INTO Step (recipe_id, order_number, description) VALUES (100, 4, 'Material customer help call child college.');

INSERT INTO Step (recipe_id, order_number, description) VALUES (100, 5, 'Contain senior safe bring positive hear team.');

INSERT INTO Nutritional_Info (recipe_id, fat_per_portion, carbs_per_portion, protein_per_portion) VALUES (100, 375, 105, 122);

INSERT INTO Recipe_Meal_Type (recipe_id, meal_type_id) VALUES (100, 4);

INSERT INTO Recipe_Label (recipe_id, label_id) VALUES (100, 8);

INSERT INTO Recipe_Equipment (recipe_id, equipment_id) VALUES (100, 24);

INSERT INTO Recipe_Equipment (recipe_id, equipment_id) VALUES (100, 23);

INSERT INTO Recipe_Equipment (recipe_id, equipment_id) VALUES (100, 43);

INSERT INTO Recipe_Equipment (recipe_id, equipment_id) VALUES (100, 11);

INSERT INTO Recipe_Ingredient (recipe_id, ingredient_id, portion) VALUES (100, 25, 3);

INSERT INTO Recipe_Ingredient (recipe_id, ingredient_id, portion) VALUES (100, 92, 6);

INSERT INTO Recipe_Ingredient (recipe_id, ingredient_id, portion) VALUES (100, 193, 4);

INSERT INTO Recipe_Ingredient (recipe_id, ingredient_id, portion) VALUES (100, 166, 5);

INSERT INTO Recipe_Ingredient (recipe_id, ingredient_id, portion) VALUES (100, 27, 5);

INSERT INTO Recipe_Ingredient (recipe_id, ingredient_id, portion) VALUES (100, 37, 7);

INSERT INTO Recipe_Ingredient (recipe_id, ingredient_id, portion) VALUES (100, 65, 8);

INSERT INTO Recipe_Ingredient (recipe_id, ingredient_id, portion) VALUES (100, 113, 1);

INSERT INTO Recipe_Ingredient (recipe_id, ingredient_id, portion) VALUES (100, 129, 8);

INSERT INTO Recipe_Ingredient (recipe_id, ingredient_id, portion) VALUES (100, 18, 2);

INSERT INTO Recipe_Ingredient (recipe_id, ingredient_id, portion) VALUES (100, 163, 5);

INSERT INTO Recipe_Ingredient (recipe_id, ingredient_id, portion) VALUES (100, 133, 4);

INSERT INTO Recipe_Ingredient (recipe_id, ingredient_id, portion) VALUES (100, 102, 7);

INSERT INTO Recipe_Ingredient (recipe_id, ingredient_id, portion) VALUES (100, 164, 3);

INSERT INTO Recipe_Ingredient (recipe_id, ingredient_id, portion) VALUES (100, 197, 7);

INSERT INTO Recipe_Thematic_Unit (recipe_id, thematic_unit_id) VALUES (100, 11);

INSERT INTO Recipe_Thematic_Unit (recipe_id, thematic_unit_id) VALUES (100, 13);

INSERT INTO Recipe_Thematic_Unit (recipe_id, thematic_unit_id) VALUES (100, 15);
