Χρησιμοποιείται 89% του αποθηκευτικού χώρου … Αν εξαντληθεί, δεν μπορείτε να δημιουργείτε, να επεξεργάζεστε και να ανεβάζετε αρχεία. Αποκτήστε 100 GB αποθηκευτικού χώρου με 1,99 € 0 € για 1 μήνα (εξατομικευμένη τιμή).
BEGIN;
INSERT INTO Cook (user_id, first_name, last_name, phone_number, date_of_birth, years_of_experience, chef_status, image_id) VALUES (1, 'Charles','Anderson', 6115593415, '1981-03-17', 13, 'chef', 329);

INSERT INTO Cook_National_Cuisine (cook_id, national_cuisine_id) VALUES (1, 11);

INSERT INTO Cook_National_Cuisine (cook_id, national_cuisine_id) VALUES (1, 10);

INSERT INTO Recipe_Cook (recipe_id, cook_id) VALUES (56, 1);

INSERT INTO Recipe_Cook (recipe_id, cook_id) VALUES (57, 1);

INSERT INTO Recipe_Cook (recipe_id, cook_id) VALUES (58, 1);

INSERT INTO Recipe_Cook (recipe_id, cook_id) VALUES (59, 1);

INSERT INTO Recipe_Cook (recipe_id, cook_id) VALUES (60, 1);

INSERT INTO Recipe_Cook (recipe_id, cook_id) VALUES (51, 1);

INSERT INTO Recipe_Cook (recipe_id, cook_id) VALUES (52, 1);

INSERT INTO Recipe_Cook (recipe_id, cook_id) VALUES (53, 1);

INSERT INTO Recipe_Cook (recipe_id, cook_id) VALUES (54, 1);

INSERT INTO Recipe_Cook (recipe_id, cook_id) VALUES (55, 1);

INSERT INTO Cook (user_id, first_name, last_name, phone_number, date_of_birth, years_of_experience, chef_status, image_id) VALUES (2, 'Brian','Anderson', 3889164194, '1975-09-05', 16, 'B', 330);

INSERT INTO Cook_National_Cuisine (cook_id, national_cuisine_id) VALUES (2, 17);

INSERT INTO Cook_National_Cuisine (cook_id, national_cuisine_id) VALUES (2, 1);

INSERT INTO Cook_National_Cuisine (cook_id, national_cuisine_id) VALUES (2, 9);

INSERT INTO Recipe_Cook (recipe_id, cook_id) VALUES (86, 2);

INSERT INTO Recipe_Cook (recipe_id, cook_id) VALUES (87, 2);

INSERT INTO Recipe_Cook (recipe_id, cook_id) VALUES (88, 2);

INSERT INTO Recipe_Cook (recipe_id, cook_id) VALUES (89, 2);

INSERT INTO Recipe_Cook (recipe_id, cook_id) VALUES (90, 2);

INSERT INTO Recipe_Cook (recipe_id, cook_id) VALUES (6, 2);

INSERT INTO Recipe_Cook (recipe_id, cook_id) VALUES (7, 2);

INSERT INTO Recipe_Cook (recipe_id, cook_id) VALUES (8, 2);

INSERT INTO Recipe_Cook (recipe_id, cook_id) VALUES (9, 2);

INSERT INTO Recipe_Cook (recipe_id, cook_id) VALUES (10, 2);

INSERT INTO Recipe_Cook (recipe_id, cook_id) VALUES (46, 2);

INSERT INTO Recipe_Cook (recipe_id, cook_id) VALUES (47, 2);

INSERT INTO Recipe_Cook (recipe_id, cook_id) VALUES (48, 2);

INSERT INTO Recipe_Cook (recipe_id, cook_id) VALUES (49, 2);

INSERT INTO Recipe_Cook (recipe_id, cook_id) VALUES (50, 2);

INSERT INTO Cook (user_id, first_name, last_name, phone_number, date_of_birth, years_of_experience, chef_status, image_id) VALUES (3, 'Dominique','Barron', 7127978237, '1998-12-04', 4, 'A', 331);

INSERT INTO Cook_National_Cuisine (cook_id, national_cuisine_id) VALUES (3, 14);

INSERT INTO Recipe_Cook (recipe_id, cook_id) VALUES (71, 3);

INSERT INTO Recipe_Cook (recipe_id, cook_id) VALUES (72, 3);

INSERT INTO Recipe_Cook (recipe_id, cook_id) VALUES (73, 3);

INSERT INTO Recipe_Cook (recipe_id, cook_id) VALUES (74, 3);

INSERT INTO Recipe_Cook (recipe_id, cook_id) VALUES (75, 3);

INSERT INTO Cook (user_id, first_name, last_name, phone_number, date_of_birth, years_of_experience, chef_status, image_id) VALUES (4, 'Levi','Garcia', 7918312860, '1996-07-05', 8, 'B', 332);

INSERT INTO Cook_National_Cuisine (cook_id, national_cuisine_id) VALUES (4, 17);

INSERT INTO Cook_National_Cuisine (cook_id, national_cuisine_id) VALUES (4, 3);

INSERT INTO Cook_National_Cuisine (cook_id, national_cuisine_id) VALUES (4, 8);

INSERT INTO Recipe_Cook (recipe_id, cook_id) VALUES (86, 4);

INSERT INTO Recipe_Cook (recipe_id, cook_id) VALUES (87, 4);

INSERT INTO Recipe_Cook (recipe_id, cook_id) VALUES (88, 4);

INSERT INTO Recipe_Cook (recipe_id, cook_id) VALUES (89, 4);

INSERT INTO Recipe_Cook (recipe_id, cook_id) VALUES (90, 4);

INSERT INTO Recipe_Cook (recipe_id, cook_id) VALUES (16, 4);

INSERT INTO Recipe_Cook (recipe_id, cook_id) VALUES (17, 4);

INSERT INTO Recipe_Cook (recipe_id, cook_id) VALUES (18, 4);

INSERT INTO Recipe_Cook (recipe_id, cook_id) VALUES (19, 4);

INSERT INTO Recipe_Cook (recipe_id, cook_id) VALUES (20, 4);

INSERT INTO Recipe_Cook (recipe_id, cook_id) VALUES (41, 4);

INSERT INTO Recipe_Cook (recipe_id, cook_id) VALUES (42, 4);

INSERT INTO Recipe_Cook (recipe_id, cook_id) VALUES (43, 4);

INSERT INTO Recipe_Cook (recipe_id, cook_id) VALUES (44, 4);

INSERT INTO Recipe_Cook (recipe_id, cook_id) VALUES (45, 4);

INSERT INTO Cook (user_id, first_name, last_name, phone_number, date_of_birth, years_of_experience, chef_status, image_id) VALUES (5, 'Courtney','Kelley', 3445305452, '1979-09-11', 20, 'B', 333);

INSERT INTO Cook_National_Cuisine (cook_id, national_cuisine_id) VALUES (5, 16);

INSERT INTO Cook_National_Cuisine (cook_id, national_cuisine_id) VALUES (5, 17);

INSERT INTO Recipe_Cook (recipe_id, cook_id) VALUES (81, 5);

INSERT INTO Recipe_Cook (recipe_id, cook_id) VALUES (82, 5);

INSERT INTO Recipe_Cook (recipe_id, cook_id) VALUES (83, 5);

INSERT INTO Recipe_Cook (recipe_id, cook_id) VALUES (84, 5);

INSERT INTO Recipe_Cook (recipe_id, cook_id) VALUES (85, 5);

INSERT INTO Recipe_Cook (recipe_id, cook_id) VALUES (86, 5);

INSERT INTO Recipe_Cook (recipe_id, cook_id) VALUES (87, 5);

INSERT INTO Recipe_Cook (recipe_id, cook_id) VALUES (88, 5);

INSERT INTO Recipe_Cook (recipe_id, cook_id) VALUES (89, 5);

INSERT INTO Recipe_Cook (recipe_id, cook_id) VALUES (90, 5);

INSERT INTO Cook (user_id, first_name, last_name, phone_number, date_of_birth, years_of_experience, chef_status, image_id) VALUES (6, 'Tracey','Ray', 9271044024, '1963-07-31', 23, 'C', 334);

INSERT INTO Cook_National_Cuisine (cook_id, national_cuisine_id) VALUES (6, 10);

INSERT INTO Cook_National_Cuisine (cook_id, national_cuisine_id) VALUES (6, 13);

INSERT INTO Recipe_Cook (recipe_id, cook_id) VALUES (51, 6);

INSERT INTO Recipe_Cook (recipe_id, cook_id) VALUES (52, 6);

INSERT INTO Recipe_Cook (recipe_id, cook_id) VALUES (53, 6);

INSERT INTO Recipe_Cook (recipe_id, cook_id) VALUES (54, 6);

INSERT INTO Recipe_Cook (recipe_id, cook_id) VALUES (55, 6);

INSERT INTO Recipe_Cook (recipe_id, cook_id) VALUES (66, 6);

INSERT INTO Recipe_Cook (recipe_id, cook_id) VALUES (67, 6);

INSERT INTO Recipe_Cook (recipe_id, cook_id) VALUES (68, 6);

INSERT INTO Recipe_Cook (recipe_id, cook_id) VALUES (69, 6);

INSERT INTO Recipe_Cook (recipe_id, cook_id) VALUES (70, 6);

INSERT INTO Cook (user_id, first_name, last_name, phone_number, date_of_birth, years_of_experience, chef_status, image_id) VALUES (7, 'Brittney','Rose', 5197742580, '1981-06-05', 9, 'sous chef', 335);

INSERT INTO Cook_National_Cuisine (cook_id, national_cuisine_id) VALUES (7, 13);

INSERT INTO Cook_National_Cuisine (cook_id, national_cuisine_id) VALUES (7, 8);

INSERT INTO Recipe_Cook (recipe_id, cook_id) VALUES (66, 7);

INSERT INTO Recipe_Cook (recipe_id, cook_id) VALUES (67, 7);

INSERT INTO Recipe_Cook (recipe_id, cook_id) VALUES (68, 7);

INSERT INTO Recipe_Cook (recipe_id, cook_id) VALUES (69, 7);

INSERT INTO Recipe_Cook (recipe_id, cook_id) VALUES (70, 7);

INSERT INTO Recipe_Cook (recipe_id, cook_id) VALUES (41, 7);

INSERT INTO Recipe_Cook (recipe_id, cook_id) VALUES (42, 7);

INSERT INTO Recipe_Cook (recipe_id, cook_id) VALUES (43, 7);

INSERT INTO Recipe_Cook (recipe_id, cook_id) VALUES (44, 7);

INSERT INTO Recipe_Cook (recipe_id, cook_id) VALUES (45, 7);

INSERT INTO Cook (user_id, first_name, last_name, phone_number, date_of_birth, years_of_experience, chef_status, image_id) VALUES (8, 'Cynthia','Gray', 4239710297, '1962-08-01', 20, 'chef', 336);

INSERT INTO Cook_National_Cuisine (cook_id, national_cuisine_id) VALUES (8, 14);

INSERT INTO Cook_National_Cuisine (cook_id, national_cuisine_id) VALUES (8, 7);

INSERT INTO Cook_National_Cuisine (cook_id, national_cuisine_id) VALUES (8, 8);

INSERT INTO Recipe_Cook (recipe_id, cook_id) VALUES (71, 8);

INSERT INTO Recipe_Cook (recipe_id, cook_id) VALUES (72, 8);

INSERT INTO Recipe_Cook (recipe_id, cook_id) VALUES (73, 8);

INSERT INTO Recipe_Cook (recipe_id, cook_id) VALUES (74, 8);

INSERT INTO Recipe_Cook (recipe_id, cook_id) VALUES (75, 8);

INSERT INTO Recipe_Cook (recipe_id, cook_id) VALUES (36, 8);

INSERT INTO Recipe_Cook (recipe_id, cook_id) VALUES (37, 8);

INSERT INTO Recipe_Cook (recipe_id, cook_id) VALUES (38, 8);

INSERT INTO Recipe_Cook (recipe_id, cook_id) VALUES (39, 8);

INSERT INTO Recipe_Cook (recipe_id, cook_id) VALUES (40, 8);

INSERT INTO Recipe_Cook (recipe_id, cook_id) VALUES (41, 8);

INSERT INTO Recipe_Cook (recipe_id, cook_id) VALUES (42, 8);

INSERT INTO Recipe_Cook (recipe_id, cook_id) VALUES (43, 8);

INSERT INTO Recipe_Cook (recipe_id, cook_id) VALUES (44, 8);

INSERT INTO Recipe_Cook (recipe_id, cook_id) VALUES (45, 8);

INSERT INTO Cook (user_id, first_name, last_name, phone_number, date_of_birth, years_of_experience, chef_status, image_id) VALUES (9, 'Courtney','Obrien', 1261779744, '1983-12-05', 10, 'chef', 337);

INSERT INTO Cook_National_Cuisine (cook_id, national_cuisine_id) VALUES (9, 4);

INSERT INTO Cook_National_Cuisine (cook_id, national_cuisine_id) VALUES (9, 18);

INSERT INTO Cook_National_Cuisine (cook_id, national_cuisine_id) VALUES (9, 10);

INSERT INTO Recipe_Cook (recipe_id, cook_id) VALUES (21, 9);

INSERT INTO Recipe_Cook (recipe_id, cook_id) VALUES (22, 9);

INSERT INTO Recipe_Cook (recipe_id, cook_id) VALUES (23, 9);

INSERT INTO Recipe_Cook (recipe_id, cook_id) VALUES (24, 9);

INSERT INTO Recipe_Cook (recipe_id, cook_id) VALUES (25, 9);

INSERT INTO Recipe_Cook (recipe_id, cook_id) VALUES (91, 9);

INSERT INTO Recipe_Cook (recipe_id, cook_id) VALUES (92, 9);

INSERT INTO Recipe_Cook (recipe_id, cook_id) VALUES (93, 9);

INSERT INTO Recipe_Cook (recipe_id, cook_id) VALUES (94, 9);

INSERT INTO Recipe_Cook (recipe_id, cook_id) VALUES (95, 9);

INSERT INTO Recipe_Cook (recipe_id, cook_id) VALUES (51, 9);

INSERT INTO Recipe_Cook (recipe_id, cook_id) VALUES (52, 9);

INSERT INTO Recipe_Cook (recipe_id, cook_id) VALUES (53, 9);

INSERT INTO Recipe_Cook (recipe_id, cook_id) VALUES (54, 9);

INSERT INTO Recipe_Cook (recipe_id, cook_id) VALUES (55, 9);

INSERT INTO Cook (user_id, first_name, last_name, phone_number, date_of_birth, years_of_experience, chef_status, image_id) VALUES (10, 'Brian','Hall', 2445635652, '1970-09-30', 3, 'chef', 338);

INSERT INTO Cook_National_Cuisine (cook_id, national_cuisine_id) VALUES (10, 3);

INSERT INTO Cook_National_Cuisine (cook_id, national_cuisine_id) VALUES (10, 15);

INSERT INTO Cook_National_Cuisine (cook_id, national_cuisine_id) VALUES (10, 16);

INSERT INTO Recipe_Cook (recipe_id, cook_id) VALUES (16, 10);

INSERT INTO Recipe_Cook (recipe_id, cook_id) VALUES (17, 10);

INSERT INTO Recipe_Cook (recipe_id, cook_id) VALUES (18, 10);

INSERT INTO Recipe_Cook (recipe_id, cook_id) VALUES (19, 10);

INSERT INTO Recipe_Cook (recipe_id, cook_id) VALUES (20, 10);

INSERT INTO Recipe_Cook (recipe_id, cook_id) VALUES (76, 10);

INSERT INTO Recipe_Cook (recipe_id, cook_id) VALUES (77, 10);

INSERT INTO Recipe_Cook (recipe_id, cook_id) VALUES (78, 10);

INSERT INTO Recipe_Cook (recipe_id, cook_id) VALUES (79, 10);

INSERT INTO Recipe_Cook (recipe_id, cook_id) VALUES (80, 10);

INSERT INTO Recipe_Cook (recipe_id, cook_id) VALUES (81, 10);

INSERT INTO Recipe_Cook (recipe_id, cook_id) VALUES (82, 10);

INSERT INTO Recipe_Cook (recipe_id, cook_id) VALUES (83, 10);

INSERT INTO Recipe_Cook (recipe_id, cook_id) VALUES (84, 10);

INSERT INTO Recipe_Cook (recipe_id, cook_id) VALUES (85, 10);

INSERT INTO Cook (user_id, first_name, last_name, phone_number, date_of_birth, years_of_experience, chef_status, image_id) VALUES (11, 'Kevin','Carter', 8669945830, '1971-04-01', 16, 'sous chef', 339);

INSERT INTO Cook_National_Cuisine (cook_id, national_cuisine_id) VALUES (11, 18);

INSERT INTO Recipe_Cook (recipe_id, cook_id) VALUES (91, 11);

INSERT INTO Recipe_Cook (recipe_id, cook_id) VALUES (92, 11);

INSERT INTO Recipe_Cook (recipe_id, cook_id) VALUES (93, 11);

INSERT INTO Recipe_Cook (recipe_id, cook_id) VALUES (94, 11);

INSERT INTO Recipe_Cook (recipe_id, cook_id) VALUES (95, 11);

INSERT INTO Cook (user_id, first_name, last_name, phone_number, date_of_birth, years_of_experience, chef_status, image_id) VALUES (12, 'Jeff','Williams', 8148623119, '1974-04-18', 22, 'chef', 340);

INSERT INTO Cook_National_Cuisine (cook_id, national_cuisine_id) VALUES (12, 10);

INSERT INTO Recipe_Cook (recipe_id, cook_id) VALUES (51, 12);

INSERT INTO Recipe_Cook (recipe_id, cook_id) VALUES (52, 12);

INSERT INTO Recipe_Cook (recipe_id, cook_id) VALUES (53, 12);

INSERT INTO Recipe_Cook (recipe_id, cook_id) VALUES (54, 12);

INSERT INTO Recipe_Cook (recipe_id, cook_id) VALUES (55, 12);

INSERT INTO Cook (user_id, first_name, last_name, phone_number, date_of_birth, years_of_experience, chef_status, image_id) VALUES (13, 'Stephanie','Brewer', 6459724820, '1985-06-26', 14, 'A', 341);

INSERT INTO Cook_National_Cuisine (cook_id, national_cuisine_id) VALUES (13, 17);

INSERT INTO Recipe_Cook (recipe_id, cook_id) VALUES (86, 13);

INSERT INTO Recipe_Cook (recipe_id, cook_id) VALUES (87, 13);

INSERT INTO Recipe_Cook (recipe_id, cook_id) VALUES (88, 13);

INSERT INTO Recipe_Cook (recipe_id, cook_id) VALUES (89, 13);

INSERT INTO Recipe_Cook (recipe_id, cook_id) VALUES (90, 13);

INSERT INTO Cook (user_id, first_name, last_name, phone_number, date_of_birth, years_of_experience, chef_status, image_id) VALUES (14, 'Johnny','Banks', 4414696097, '1980-12-31', 14, 'A', 342);

INSERT INTO Cook_National_Cuisine (cook_id, national_cuisine_id) VALUES (14, 2);

INSERT INTO Cook_National_Cuisine (cook_id, national_cuisine_id) VALUES (14, 17);

INSERT INTO Cook_National_Cuisine (cook_id, national_cuisine_id) VALUES (14, 16);

INSERT INTO Recipe_Cook (recipe_id, cook_id) VALUES (11, 14);

INSERT INTO Recipe_Cook (recipe_id, cook_id) VALUES (12, 14);

INSERT INTO Recipe_Cook (recipe_id, cook_id) VALUES (13, 14);

INSERT INTO Recipe_Cook (recipe_id, cook_id) VALUES (14, 14);

INSERT INTO Recipe_Cook (recipe_id, cook_id) VALUES (15, 14);

INSERT INTO Recipe_Cook (recipe_id, cook_id) VALUES (86, 14);

INSERT INTO Recipe_Cook (recipe_id, cook_id) VALUES (87, 14);

INSERT INTO Recipe_Cook (recipe_id, cook_id) VALUES (88, 14);

INSERT INTO Recipe_Cook (recipe_id, cook_id) VALUES (89, 14);

INSERT INTO Recipe_Cook (recipe_id, cook_id) VALUES (90, 14);

INSERT INTO Recipe_Cook (recipe_id, cook_id) VALUES (81, 14);

INSERT INTO Recipe_Cook (recipe_id, cook_id) VALUES (82, 14);

INSERT INTO Recipe_Cook (recipe_id, cook_id) VALUES (83, 14);

INSERT INTO Recipe_Cook (recipe_id, cook_id) VALUES (84, 14);

INSERT INTO Recipe_Cook (recipe_id, cook_id) VALUES (85, 14);

INSERT INTO Cook (user_id, first_name, last_name, phone_number, date_of_birth, years_of_experience, chef_status, image_id) VALUES (15, 'Michael','Lopez', 4045060627, '1971-09-13', 14, 'A', 343);

INSERT INTO Cook_National_Cuisine (cook_id, national_cuisine_id) VALUES (15, 9);

INSERT INTO Cook_National_Cuisine (cook_id, national_cuisine_id) VALUES (15, 7);

INSERT INTO Recipe_Cook (recipe_id, cook_id) VALUES (46, 15);

INSERT INTO Recipe_Cook (recipe_id, cook_id) VALUES (47, 15);

INSERT INTO Recipe_Cook (recipe_id, cook_id) VALUES (48, 15);

INSERT INTO Recipe_Cook (recipe_id, cook_id) VALUES (49, 15);

INSERT INTO Recipe_Cook (recipe_id, cook_id) VALUES (50, 15);

INSERT INTO Recipe_Cook (recipe_id, cook_id) VALUES (36, 15);

INSERT INTO Recipe_Cook (recipe_id, cook_id) VALUES (37, 15);

INSERT INTO Recipe_Cook (recipe_id, cook_id) VALUES (38, 15);

INSERT INTO Recipe_Cook (recipe_id, cook_id) VALUES (39, 15);

INSERT INTO Recipe_Cook (recipe_id, cook_id) VALUES (40, 15);

INSERT INTO Cook (user_id, first_name, last_name, phone_number, date_of_birth, years_of_experience, chef_status, image_id) VALUES (16, 'Joseph','Dudley', 3243408645, '1965-08-31', 27, 'sous chef', 344);

INSERT INTO Cook_National_Cuisine (cook_id, national_cuisine_id) VALUES (16, 18);

INSERT INTO Cook_National_Cuisine (cook_id, national_cuisine_id) VALUES (16, 2);

INSERT INTO Cook_National_Cuisine (cook_id, national_cuisine_id) VALUES (16, 3);

INSERT INTO Recipe_Cook (recipe_id, cook_id) VALUES (91, 16);

INSERT INTO Recipe_Cook (recipe_id, cook_id) VALUES (92, 16);

INSERT INTO Recipe_Cook (recipe_id, cook_id) VALUES (93, 16);

INSERT INTO Recipe_Cook (recipe_id, cook_id) VALUES (94, 16);

INSERT INTO Recipe_Cook (recipe_id, cook_id) VALUES (95, 16);

INSERT INTO Recipe_Cook (recipe_id, cook_id) VALUES (11, 16);

INSERT INTO Recipe_Cook (recipe_id, cook_id) VALUES (12, 16);

INSERT INTO Recipe_Cook (recipe_id, cook_id) VALUES (13, 16);

INSERT INTO Recipe_Cook (recipe_id, cook_id) VALUES (14, 16);

INSERT INTO Recipe_Cook (recipe_id, cook_id) VALUES (15, 16);

INSERT INTO Recipe_Cook (recipe_id, cook_id) VALUES (16, 16);

INSERT INTO Recipe_Cook (recipe_id, cook_id) VALUES (17, 16);

INSERT INTO Recipe_Cook (recipe_id, cook_id) VALUES (18, 16);

INSERT INTO Recipe_Cook (recipe_id, cook_id) VALUES (19, 16);

INSERT INTO Recipe_Cook (recipe_id, cook_id) VALUES (20, 16);

INSERT INTO Cook (user_id, first_name, last_name, phone_number, date_of_birth, years_of_experience, chef_status, image_id) VALUES (17, 'Christina','Hernandez', 1131338031, '1991-03-30', 3, 'C', 345);

INSERT INTO Cook_National_Cuisine (cook_id, national_cuisine_id) VALUES (17, 13);

INSERT INTO Cook_National_Cuisine (cook_id, national_cuisine_id) VALUES (17, 7);

INSERT INTO Recipe_Cook (recipe_id, cook_id) VALUES (66, 17);

INSERT INTO Recipe_Cook (recipe_id, cook_id) VALUES (67, 17);

INSERT INTO Recipe_Cook (recipe_id, cook_id) VALUES (68, 17);

INSERT INTO Recipe_Cook (recipe_id, cook_id) VALUES (69, 17);

INSERT INTO Recipe_Cook (recipe_id, cook_id) VALUES (70, 17);

INSERT INTO Recipe_Cook (recipe_id, cook_id) VALUES (36, 17);

INSERT INTO Recipe_Cook (recipe_id, cook_id) VALUES (37, 17);

INSERT INTO Recipe_Cook (recipe_id, cook_id) VALUES (38, 17);

INSERT INTO Recipe_Cook (recipe_id, cook_id) VALUES (39, 17);

INSERT INTO Recipe_Cook (recipe_id, cook_id) VALUES (40, 17);

INSERT INTO Cook (user_id, first_name, last_name, phone_number, date_of_birth, years_of_experience, chef_status, image_id) VALUES (18, 'Joel','James', 5464303845, '1964-11-14', 18, 'C', 346);

INSERT INTO Cook_National_Cuisine (cook_id, national_cuisine_id) VALUES (18, 11);

INSERT INTO Cook_National_Cuisine (cook_id, national_cuisine_id) VALUES (18, 3);

INSERT INTO Recipe_Cook (recipe_id, cook_id) VALUES (56, 18);

INSERT INTO Recipe_Cook (recipe_id, cook_id) VALUES (57, 18);

INSERT INTO Recipe_Cook (recipe_id, cook_id) VALUES (58, 18);

INSERT INTO Recipe_Cook (recipe_id, cook_id) VALUES (59, 18);

INSERT INTO Recipe_Cook (recipe_id, cook_id) VALUES (60, 18);

INSERT INTO Recipe_Cook (recipe_id, cook_id) VALUES (16, 18);

INSERT INTO Recipe_Cook (recipe_id, cook_id) VALUES (17, 18);

INSERT INTO Recipe_Cook (recipe_id, cook_id) VALUES (18, 18);

INSERT INTO Recipe_Cook (recipe_id, cook_id) VALUES (19, 18);

INSERT INTO Recipe_Cook (recipe_id, cook_id) VALUES (20, 18);

INSERT INTO Cook (user_id, first_name, last_name, phone_number, date_of_birth, years_of_experience, chef_status, image_id) VALUES (19, 'Nathan','Campbell', 2162982293, '1998-05-09', 6, 'B', 347);

INSERT INTO Cook_National_Cuisine (cook_id, national_cuisine_id) VALUES (19, 10);

INSERT INTO Recipe_Cook (recipe_id, cook_id) VALUES (51, 19);

INSERT INTO Recipe_Cook (recipe_id, cook_id) VALUES (52, 19);

INSERT INTO Recipe_Cook (recipe_id, cook_id) VALUES (53, 19);

INSERT INTO Recipe_Cook (recipe_id, cook_id) VALUES (54, 19);

INSERT INTO Recipe_Cook (recipe_id, cook_id) VALUES (55, 19);

INSERT INTO Cook (user_id, first_name, last_name, phone_number, date_of_birth, years_of_experience, chef_status, image_id) VALUES (20, 'Daniel','Boyd', 2288120615, '1999-11-15', 1, 'B', 348);

INSERT INTO Cook_National_Cuisine (cook_id, national_cuisine_id) VALUES (20, 8);

INSERT INTO Recipe_Cook (recipe_id, cook_id) VALUES (41, 20);

INSERT INTO Recipe_Cook (recipe_id, cook_id) VALUES (42, 20);

INSERT INTO Recipe_Cook (recipe_id, cook_id) VALUES (43, 20);

INSERT INTO Recipe_Cook (recipe_id, cook_id) VALUES (44, 20);

INSERT INTO Recipe_Cook (recipe_id, cook_id) VALUES (45, 20);

INSERT INTO Cook (user_id, first_name, last_name, phone_number, date_of_birth, years_of_experience, chef_status, image_id) VALUES (21, 'Taylor','Lewis', 9733964890, '1995-03-07', 11, 'chef', 349);

INSERT INTO Cook_National_Cuisine (cook_id, national_cuisine_id) VALUES (21, 8);

INSERT INTO Cook_National_Cuisine (cook_id, national_cuisine_id) VALUES (21, 1);

INSERT INTO Recipe_Cook (recipe_id, cook_id) VALUES (41, 21);

INSERT INTO Recipe_Cook (recipe_id, cook_id) VALUES (42, 21);

INSERT INTO Recipe_Cook (recipe_id, cook_id) VALUES (43, 21);

INSERT INTO Recipe_Cook (recipe_id, cook_id) VALUES (44, 21);

INSERT INTO Recipe_Cook (recipe_id, cook_id) VALUES (45, 21);

INSERT INTO Recipe_Cook (recipe_id, cook_id) VALUES (6, 21);

INSERT INTO Recipe_Cook (recipe_id, cook_id) VALUES (7, 21);

INSERT INTO Recipe_Cook (recipe_id, cook_id) VALUES (8, 21);

INSERT INTO Recipe_Cook (recipe_id, cook_id) VALUES (9, 21);

INSERT INTO Recipe_Cook (recipe_id, cook_id) VALUES (10, 21);

INSERT INTO Cook (user_id, first_name, last_name, phone_number, date_of_birth, years_of_experience, chef_status, image_id) VALUES (22, 'Laura','Gonzalez', 9410017574, '1978-02-09', 23, 'sous chef', 350);

INSERT INTO Cook_National_Cuisine (cook_id, national_cuisine_id) VALUES (22, 1);

INSERT INTO Recipe_Cook (recipe_id, cook_id) VALUES (6, 22);

INSERT INTO Recipe_Cook (recipe_id, cook_id) VALUES (7, 22);

INSERT INTO Recipe_Cook (recipe_id, cook_id) VALUES (8, 22);

INSERT INTO Recipe_Cook (recipe_id, cook_id) VALUES (9, 22);

INSERT INTO Recipe_Cook (recipe_id, cook_id) VALUES (10, 22);

INSERT INTO Cook (user_id, first_name, last_name, phone_number, date_of_birth, years_of_experience, chef_status, image_id) VALUES (23, 'Frank','Smith', 7814399703, '1990-06-17', 4, 'A', 351);

INSERT INTO Cook_National_Cuisine (cook_id, national_cuisine_id) VALUES (23, 14);

INSERT INTO Recipe_Cook (recipe_id, cook_id) VALUES (71, 23);

INSERT INTO Recipe_Cook (recipe_id, cook_id) VALUES (72, 23);

INSERT INTO Recipe_Cook (recipe_id, cook_id) VALUES (73, 23);

INSERT INTO Recipe_Cook (recipe_id, cook_id) VALUES (74, 23);

INSERT INTO Recipe_Cook (recipe_id, cook_id) VALUES (75, 23);

INSERT INTO Cook (user_id, first_name, last_name, phone_number, date_of_birth, years_of_experience, chef_status, image_id) VALUES (24, 'Emily','Lee', 7271974314, '1967-05-15', 5, 'chef', 352);

INSERT INTO Cook_National_Cuisine (cook_id, national_cuisine_id) VALUES (24, 18);

INSERT INTO Cook_National_Cuisine (cook_id, national_cuisine_id) VALUES (24, 16);

INSERT INTO Cook_National_Cuisine (cook_id, national_cuisine_id) VALUES (24, 1);

INSERT INTO Recipe_Cook (recipe_id, cook_id) VALUES (91, 24);

INSERT INTO Recipe_Cook (recipe_id, cook_id) VALUES (92, 24);

INSERT INTO Recipe_Cook (recipe_id, cook_id) VALUES (93, 24);

INSERT INTO Recipe_Cook (recipe_id, cook_id) VALUES (94, 24);

INSERT INTO Recipe_Cook (recipe_id, cook_id) VALUES (95, 24);

INSERT INTO Recipe_Cook (recipe_id, cook_id) VALUES (81, 24);

INSERT INTO Recipe_Cook (recipe_id, cook_id) VALUES (82, 24);

INSERT INTO Recipe_Cook (recipe_id, cook_id) VALUES (83, 24);

INSERT INTO Recipe_Cook (recipe_id, cook_id) VALUES (84, 24);

INSERT INTO Recipe_Cook (recipe_id, cook_id) VALUES (85, 24);

INSERT INTO Recipe_Cook (recipe_id, cook_id) VALUES (6, 24);

INSERT INTO Recipe_Cook (recipe_id, cook_id) VALUES (7, 24);

INSERT INTO Recipe_Cook (recipe_id, cook_id) VALUES (8, 24);

INSERT INTO Recipe_Cook (recipe_id, cook_id) VALUES (9, 24);

INSERT INTO Recipe_Cook (recipe_id, cook_id) VALUES (10, 24);

INSERT INTO Cook (user_id, first_name, last_name, phone_number, date_of_birth, years_of_experience, chef_status, image_id) VALUES (25, 'Tyler','Mccarty', 2465755306, '1965-05-24', 31, 'B', 353);

INSERT INTO Cook_National_Cuisine (cook_id, national_cuisine_id) VALUES (25, 4);

INSERT INTO Cook_National_Cuisine (cook_id, national_cuisine_id) VALUES (25, 11);

INSERT INTO Recipe_Cook (recipe_id, cook_id) VALUES (21, 25);

INSERT INTO Recipe_Cook (recipe_id, cook_id) VALUES (22, 25);

INSERT INTO Recipe_Cook (recipe_id, cook_id) VALUES (23, 25);

INSERT INTO Recipe_Cook (recipe_id, cook_id) VALUES (24, 25);

INSERT INTO Recipe_Cook (recipe_id, cook_id) VALUES (25, 25);

INSERT INTO Recipe_Cook (recipe_id, cook_id) VALUES (56, 25);

INSERT INTO Recipe_Cook (recipe_id, cook_id) VALUES (57, 25);

INSERT INTO Recipe_Cook (recipe_id, cook_id) VALUES (58, 25);

INSERT INTO Recipe_Cook (recipe_id, cook_id) VALUES (59, 25);

INSERT INTO Recipe_Cook (recipe_id, cook_id) VALUES (60, 25);

INSERT INTO Cook (user_id, first_name, last_name, phone_number, date_of_birth, years_of_experience, chef_status, image_id) VALUES (26, 'Christian','Perkins', 1992027777, '1976-09-21', 9, 'chef', 354);

INSERT INTO Cook_National_Cuisine (cook_id, national_cuisine_id) VALUES (26, 14);

INSERT INTO Cook_National_Cuisine (cook_id, national_cuisine_id) VALUES (26, 3);

INSERT INTO Recipe_Cook (recipe_id, cook_id) VALUES (71, 26);

INSERT INTO Recipe_Cook (recipe_id, cook_id) VALUES (72, 26);

INSERT INTO Recipe_Cook (recipe_id, cook_id) VALUES (73, 26);

INSERT INTO Recipe_Cook (recipe_id, cook_id) VALUES (74, 26);

INSERT INTO Recipe_Cook (recipe_id, cook_id) VALUES (75, 26);

INSERT INTO Recipe_Cook (recipe_id, cook_id) VALUES (16, 26);

INSERT INTO Recipe_Cook (recipe_id, cook_id) VALUES (17, 26);

INSERT INTO Recipe_Cook (recipe_id, cook_id) VALUES (18, 26);

INSERT INTO Recipe_Cook (recipe_id, cook_id) VALUES (19, 26);

INSERT INTO Recipe_Cook (recipe_id, cook_id) VALUES (20, 26);

INSERT INTO Cook (user_id, first_name, last_name, phone_number, date_of_birth, years_of_experience, chef_status, image_id) VALUES (27, 'Joseph','Jacobson', 2385158270, '1992-03-08', 1, 'chef', 355);

INSERT INTO Cook_National_Cuisine (cook_id, national_cuisine_id) VALUES (27, 15);

INSERT INTO Recipe_Cook (recipe_id, cook_id) VALUES (76, 27);

INSERT INTO Recipe_Cook (recipe_id, cook_id) VALUES (77, 27);

INSERT INTO Recipe_Cook (recipe_id, cook_id) VALUES (78, 27);

INSERT INTO Recipe_Cook (recipe_id, cook_id) VALUES (79, 27);

INSERT INTO Recipe_Cook (recipe_id, cook_id) VALUES (80, 27);

INSERT INTO Cook (user_id, first_name, last_name, phone_number, date_of_birth, years_of_experience, chef_status, image_id) VALUES (28, 'William','Johnson', 1929582517, '1963-01-05', 32, 'chef', 356);

INSERT INTO Cook_National_Cuisine (cook_id, national_cuisine_id) VALUES (28, 13);

INSERT INTO Cook_National_Cuisine (cook_id, national_cuisine_id) VALUES (28, 16);

INSERT INTO Cook_National_Cuisine (cook_id, national_cuisine_id) VALUES (28, 19);

INSERT INTO Recipe_Cook (recipe_id, cook_id) VALUES (66, 28);

INSERT INTO Recipe_Cook (recipe_id, cook_id) VALUES (67, 28);

INSERT INTO Recipe_Cook (recipe_id, cook_id) VALUES (68, 28);

INSERT INTO Recipe_Cook (recipe_id, cook_id) VALUES (69, 28);

INSERT INTO Recipe_Cook (recipe_id, cook_id) VALUES (70, 28);

INSERT INTO Recipe_Cook (recipe_id, cook_id) VALUES (81, 28);

INSERT INTO Recipe_Cook (recipe_id, cook_id) VALUES (82, 28);

INSERT INTO Recipe_Cook (recipe_id, cook_id) VALUES (83, 28);

INSERT INTO Recipe_Cook (recipe_id, cook_id) VALUES (84, 28);

INSERT INTO Recipe_Cook (recipe_id, cook_id) VALUES (85, 28);

INSERT INTO Recipe_Cook (recipe_id, cook_id) VALUES (96, 28);

INSERT INTO Recipe_Cook (recipe_id, cook_id) VALUES (97, 28);

INSERT INTO Recipe_Cook (recipe_id, cook_id) VALUES (98, 28);

INSERT INTO Recipe_Cook (recipe_id, cook_id) VALUES (99, 28);

INSERT INTO Recipe_Cook (recipe_id, cook_id) VALUES (100, 28);

INSERT INTO Cook (user_id, first_name, last_name, phone_number, date_of_birth, years_of_experience, chef_status, image_id) VALUES (29, 'Candace','Nelson', 4051573851, '1975-09-23', 8, 'C', 357);

INSERT INTO Cook_National_Cuisine (cook_id, national_cuisine_id) VALUES (29, 11);

INSERT INTO Cook_National_Cuisine (cook_id, national_cuisine_id) VALUES (29, 17);

INSERT INTO Recipe_Cook (recipe_id, cook_id) VALUES (56, 29);

INSERT INTO Recipe_Cook (recipe_id, cook_id) VALUES (57, 29);

INSERT INTO Recipe_Cook (recipe_id, cook_id) VALUES (58, 29);

INSERT INTO Recipe_Cook (recipe_id, cook_id) VALUES (59, 29);

INSERT INTO Recipe_Cook (recipe_id, cook_id) VALUES (60, 29);

INSERT INTO Recipe_Cook (recipe_id, cook_id) VALUES (86, 29);

INSERT INTO Recipe_Cook (recipe_id, cook_id) VALUES (87, 29);

INSERT INTO Recipe_Cook (recipe_id, cook_id) VALUES (88, 29);

INSERT INTO Recipe_Cook (recipe_id, cook_id) VALUES (89, 29);

INSERT INTO Recipe_Cook (recipe_id, cook_id) VALUES (90, 29);

INSERT INTO Cook (user_id, first_name, last_name, phone_number, date_of_birth, years_of_experience, chef_status, image_id) VALUES (30, 'Joanna','Martin', 3188616450, '1963-09-30', 6, 'chef', 358);

INSERT INTO Cook_National_Cuisine (cook_id, national_cuisine_id) VALUES (30, 5);

INSERT INTO Recipe_Cook (recipe_id, cook_id) VALUES (26, 30);

INSERT INTO Recipe_Cook (recipe_id, cook_id) VALUES (27, 30);

INSERT INTO Recipe_Cook (recipe_id, cook_id) VALUES (28, 30);

INSERT INTO Recipe_Cook (recipe_id, cook_id) VALUES (29, 30);

INSERT INTO Recipe_Cook (recipe_id, cook_id) VALUES (30, 30);

INSERT INTO Cook (user_id, first_name, last_name, phone_number, date_of_birth, years_of_experience, chef_status, image_id) VALUES (31, 'Sean','Brennan', 8430892868, '1970-09-24', 6, 'C', 359);

INSERT INTO Cook_National_Cuisine (cook_id, national_cuisine_id) VALUES (31, 7);

INSERT INTO Cook_National_Cuisine (cook_id, national_cuisine_id) VALUES (31, 11);

INSERT INTO Cook_National_Cuisine (cook_id, national_cuisine_id) VALUES (31, 12);

INSERT INTO Recipe_Cook (recipe_id, cook_id) VALUES (36, 31);

INSERT INTO Recipe_Cook (recipe_id, cook_id) VALUES (37, 31);

INSERT INTO Recipe_Cook (recipe_id, cook_id) VALUES (38, 31);

INSERT INTO Recipe_Cook (recipe_id, cook_id) VALUES (39, 31);

INSERT INTO Recipe_Cook (recipe_id, cook_id) VALUES (40, 31);

INSERT INTO Recipe_Cook (recipe_id, cook_id) VALUES (56, 31);

INSERT INTO Recipe_Cook (recipe_id, cook_id) VALUES (57, 31);

INSERT INTO Recipe_Cook (recipe_id, cook_id) VALUES (58, 31);

INSERT INTO Recipe_Cook (recipe_id, cook_id) VALUES (59, 31);

INSERT INTO Recipe_Cook (recipe_id, cook_id) VALUES (60, 31);

INSERT INTO Recipe_Cook (recipe_id, cook_id) VALUES (61, 31);

INSERT INTO Recipe_Cook (recipe_id, cook_id) VALUES (62, 31);

INSERT INTO Recipe_Cook (recipe_id, cook_id) VALUES (63, 31);

INSERT INTO Recipe_Cook (recipe_id, cook_id) VALUES (64, 31);

INSERT INTO Recipe_Cook (recipe_id, cook_id) VALUES (65, 31);

INSERT INTO Cook (user_id, first_name, last_name, phone_number, date_of_birth, years_of_experience, chef_status, image_id) VALUES (32, 'Victoria','Huber', 1750752335, '1989-09-28', 3, 'chef', 360);

INSERT INTO Cook_National_Cuisine (cook_id, national_cuisine_id) VALUES (32, 8);

INSERT INTO Recipe_Cook (recipe_id, cook_id) VALUES (41, 32);

INSERT INTO Recipe_Cook (recipe_id, cook_id) VALUES (42, 32);

INSERT INTO Recipe_Cook (recipe_id, cook_id) VALUES (43, 32);

INSERT INTO Recipe_Cook (recipe_id, cook_id) VALUES (44, 32);

INSERT INTO Recipe_Cook (recipe_id, cook_id) VALUES (45, 32);

INSERT INTO Cook (user_id, first_name, last_name, phone_number, date_of_birth, years_of_experience, chef_status, image_id) VALUES (33, 'Angel','Baker', 3970074891, '1973-10-02', 25, 'chef', 361);

INSERT INTO Cook_National_Cuisine (cook_id, national_cuisine_id) VALUES (33, 2);

INSERT INTO Cook_National_Cuisine (cook_id, national_cuisine_id) VALUES (33, 6);

INSERT INTO Cook_National_Cuisine (cook_id, national_cuisine_id) VALUES (33, 11);

INSERT INTO Recipe_Cook (recipe_id, cook_id) VALUES (11, 33);

INSERT INTO Recipe_Cook (recipe_id, cook_id) VALUES (12, 33);

INSERT INTO Recipe_Cook (recipe_id, cook_id) VALUES (13, 33);

INSERT INTO Recipe_Cook (recipe_id, cook_id) VALUES (14, 33);

INSERT INTO Recipe_Cook (recipe_id, cook_id) VALUES (15, 33);

INSERT INTO Recipe_Cook (recipe_id, cook_id) VALUES (31, 33);

INSERT INTO Recipe_Cook (recipe_id, cook_id) VALUES (32, 33);

INSERT INTO Recipe_Cook (recipe_id, cook_id) VALUES (33, 33);

INSERT INTO Recipe_Cook (recipe_id, cook_id) VALUES (34, 33);

INSERT INTO Recipe_Cook (recipe_id, cook_id) VALUES (35, 33);

INSERT INTO Recipe_Cook (recipe_id, cook_id) VALUES (56, 33);

INSERT INTO Recipe_Cook (recipe_id, cook_id) VALUES (57, 33);

INSERT INTO Recipe_Cook (recipe_id, cook_id) VALUES (58, 33);

INSERT INTO Recipe_Cook (recipe_id, cook_id) VALUES (59, 33);

INSERT INTO Recipe_Cook (recipe_id, cook_id) VALUES (60, 33);

INSERT INTO Cook (user_id, first_name, last_name, phone_number, date_of_birth, years_of_experience, chef_status, image_id) VALUES (34, 'John','Fisher', 5217501875, '1964-06-26', 28, 'B', 362);

INSERT INTO Cook_National_Cuisine (cook_id, national_cuisine_id) VALUES (34, 3);

INSERT INTO Recipe_Cook (recipe_id, cook_id) VALUES (16, 34);

INSERT INTO Recipe_Cook (recipe_id, cook_id) VALUES (17, 34);

INSERT INTO Recipe_Cook (recipe_id, cook_id) VALUES (18, 34);

INSERT INTO Recipe_Cook (recipe_id, cook_id) VALUES (19, 34);

INSERT INTO Recipe_Cook (recipe_id, cook_id) VALUES (20, 34);

INSERT INTO Cook (user_id, first_name, last_name, phone_number, date_of_birth, years_of_experience, chef_status, image_id) VALUES (35, 'Sarah','Nelson', 5696297315, '1975-06-16', 17, 'A', 363);

INSERT INTO Cook_National_Cuisine (cook_id, national_cuisine_id) VALUES (35, 15);

INSERT INTO Recipe_Cook (recipe_id, cook_id) VALUES (76, 35);

INSERT INTO Recipe_Cook (recipe_id, cook_id) VALUES (77, 35);

INSERT INTO Recipe_Cook (recipe_id, cook_id) VALUES (78, 35);

INSERT INTO Recipe_Cook (recipe_id, cook_id) VALUES (79, 35);

INSERT INTO Recipe_Cook (recipe_id, cook_id) VALUES (80, 35);

INSERT INTO Cook (user_id, first_name, last_name, phone_number, date_of_birth, years_of_experience, chef_status, image_id) VALUES (36, 'Brian','Carter', 9046570470, '1982-01-16', 19, 'sous chef', 364);

INSERT INTO Cook_National_Cuisine (cook_id, national_cuisine_id) VALUES (36, 8);

INSERT INTO Recipe_Cook (recipe_id, cook_id) VALUES (41, 36);

INSERT INTO Recipe_Cook (recipe_id, cook_id) VALUES (42, 36);

INSERT INTO Recipe_Cook (recipe_id, cook_id) VALUES (43, 36);

INSERT INTO Recipe_Cook (recipe_id, cook_id) VALUES (44, 36);

INSERT INTO Recipe_Cook (recipe_id, cook_id) VALUES (45, 36);

INSERT INTO Cook (user_id, first_name, last_name, phone_number, date_of_birth, years_of_experience, chef_status, image_id) VALUES (37, 'Emily','Chambers', 3080501677, '1962-12-16', 9, 'A', 365);

INSERT INTO Cook_National_Cuisine (cook_id, national_cuisine_id) VALUES (37, 16);

INSERT INTO Recipe_Cook (recipe_id, cook_id) VALUES (81, 37);

INSERT INTO Recipe_Cook (recipe_id, cook_id) VALUES (82, 37);

INSERT INTO Recipe_Cook (recipe_id, cook_id) VALUES (83, 37);

INSERT INTO Recipe_Cook (recipe_id, cook_id) VALUES (84, 37);

INSERT INTO Recipe_Cook (recipe_id, cook_id) VALUES (85, 37);

INSERT INTO Cook (user_id, first_name, last_name, phone_number, date_of_birth, years_of_experience, chef_status, image_id) VALUES (38, 'Maurice','Juarez', 5305950330, '1972-05-26', 31, 'B', 366);

INSERT INTO Cook_National_Cuisine (cook_id, national_cuisine_id) VALUES (38, 5);

INSERT INTO Cook_National_Cuisine (cook_id, national_cuisine_id) VALUES (38, 12);

INSERT INTO Recipe_Cook (recipe_id, cook_id) VALUES (26, 38);

INSERT INTO Recipe_Cook (recipe_id, cook_id) VALUES (27, 38);

INSERT INTO Recipe_Cook (recipe_id, cook_id) VALUES (28, 38);

INSERT INTO Recipe_Cook (recipe_id, cook_id) VALUES (29, 38);

INSERT INTO Recipe_Cook (recipe_id, cook_id) VALUES (30, 38);

INSERT INTO Recipe_Cook (recipe_id, cook_id) VALUES (61, 38);

INSERT INTO Recipe_Cook (recipe_id, cook_id) VALUES (62, 38);

INSERT INTO Recipe_Cook (recipe_id, cook_id) VALUES (63, 38);

INSERT INTO Recipe_Cook (recipe_id, cook_id) VALUES (64, 38);

INSERT INTO Recipe_Cook (recipe_id, cook_id) VALUES (65, 38);

INSERT INTO Cook (user_id, first_name, last_name, phone_number, date_of_birth, years_of_experience, chef_status, image_id) VALUES (39, 'Stephanie','Farmer', 3264941806, '1969-02-26', 14, 'C', 367);

INSERT INTO Cook_National_Cuisine (cook_id, national_cuisine_id) VALUES (39, 7);

INSERT INTO Recipe_Cook (recipe_id, cook_id) VALUES (36, 39);

INSERT INTO Recipe_Cook (recipe_id, cook_id) VALUES (37, 39);

INSERT INTO Recipe_Cook (recipe_id, cook_id) VALUES (38, 39);

INSERT INTO Recipe_Cook (recipe_id, cook_id) VALUES (39, 39);

INSERT INTO Recipe_Cook (recipe_id, cook_id) VALUES (40, 39);

INSERT INTO Cook (user_id, first_name, last_name, phone_number, date_of_birth, years_of_experience, chef_status, image_id) VALUES (40, 'Glen','Paul', 1645485305, '1974-10-29', 26, 'C', 368);

INSERT INTO Cook_National_Cuisine (cook_id, national_cuisine_id) VALUES (40, 16);

INSERT INTO Cook_National_Cuisine (cook_id, national_cuisine_id) VALUES (40, 15);

INSERT INTO Recipe_Cook (recipe_id, cook_id) VALUES (81, 40);

INSERT INTO Recipe_Cook (recipe_id, cook_id) VALUES (82, 40);

INSERT INTO Recipe_Cook (recipe_id, cook_id) VALUES (83, 40);

INSERT INTO Recipe_Cook (recipe_id, cook_id) VALUES (84, 40);

INSERT INTO Recipe_Cook (recipe_id, cook_id) VALUES (85, 40);

INSERT INTO Recipe_Cook (recipe_id, cook_id) VALUES (76, 40);

INSERT INTO Recipe_Cook (recipe_id, cook_id) VALUES (77, 40);

INSERT INTO Recipe_Cook (recipe_id, cook_id) VALUES (78, 40);

INSERT INTO Recipe_Cook (recipe_id, cook_id) VALUES (79, 40);

INSERT INTO Recipe_Cook (recipe_id, cook_id) VALUES (80, 40);

INSERT INTO Cook (user_id, first_name, last_name, phone_number, date_of_birth, years_of_experience, chef_status, image_id) VALUES (41, 'Patricia','Bell', 4819996979, '1971-08-19', 17, 'chef', 369);

INSERT INTO Cook_National_Cuisine (cook_id, national_cuisine_id) VALUES (41, 1);

INSERT INTO Cook_National_Cuisine (cook_id, national_cuisine_id) VALUES (41, 11);

INSERT INTO Recipe_Cook (recipe_id, cook_id) VALUES (6, 41);

INSERT INTO Recipe_Cook (recipe_id, cook_id) VALUES (7, 41);

INSERT INTO Recipe_Cook (recipe_id, cook_id) VALUES (8, 41);

INSERT INTO Recipe_Cook (recipe_id, cook_id) VALUES (9, 41);

INSERT INTO Recipe_Cook (recipe_id, cook_id) VALUES (10, 41);

INSERT INTO Recipe_Cook (recipe_id, cook_id) VALUES (56, 41);

INSERT INTO Recipe_Cook (recipe_id, cook_id) VALUES (57, 41);

INSERT INTO Recipe_Cook (recipe_id, cook_id) VALUES (58, 41);

INSERT INTO Recipe_Cook (recipe_id, cook_id) VALUES (59, 41);

INSERT INTO Recipe_Cook (recipe_id, cook_id) VALUES (60, 41);

INSERT INTO Cook (user_id, first_name, last_name, phone_number, date_of_birth, years_of_experience, chef_status, image_id) VALUES (42, 'Lindsay','Chambers', 3038296543, '1980-10-01', 25, 'B', 370);

INSERT INTO Cook_National_Cuisine (cook_id, national_cuisine_id) VALUES (42, 16);

INSERT INTO Cook_National_Cuisine (cook_id, national_cuisine_id) VALUES (42, 7);

INSERT INTO Cook_National_Cuisine (cook_id, national_cuisine_id) VALUES (42, 6);

INSERT INTO Recipe_Cook (recipe_id, cook_id) VALUES (81, 42);

INSERT INTO Recipe_Cook (recipe_id, cook_id) VALUES (82, 42);

INSERT INTO Recipe_Cook (recipe_id, cook_id) VALUES (83, 42);

INSERT INTO Recipe_Cook (recipe_id, cook_id) VALUES (84, 42);

INSERT INTO Recipe_Cook (recipe_id, cook_id) VALUES (85, 42);

INSERT INTO Recipe_Cook (recipe_id, cook_id) VALUES (36, 42);

INSERT INTO Recipe_Cook (recipe_id, cook_id) VALUES (37, 42);

INSERT INTO Recipe_Cook (recipe_id, cook_id) VALUES (38, 42);

INSERT INTO Recipe_Cook (recipe_id, cook_id) VALUES (39, 42);

INSERT INTO Recipe_Cook (recipe_id, cook_id) VALUES (40, 42);

INSERT INTO Recipe_Cook (recipe_id, cook_id) VALUES (31, 42);

INSERT INTO Recipe_Cook (recipe_id, cook_id) VALUES (32, 42);

INSERT INTO Recipe_Cook (recipe_id, cook_id) VALUES (33, 42);

INSERT INTO Recipe_Cook (recipe_id, cook_id) VALUES (34, 42);

INSERT INTO Recipe_Cook (recipe_id, cook_id) VALUES (35, 42);

INSERT INTO Cook (user_id, first_name, last_name, phone_number, date_of_birth, years_of_experience, chef_status, image_id) VALUES (43, 'Christopher','Padilla', 3181767787, '1997-03-20', 6, 'sous chef', 371);

INSERT INTO Cook_National_Cuisine (cook_id, national_cuisine_id) VALUES (43, 7);

INSERT INTO Cook_National_Cuisine (cook_id, national_cuisine_id) VALUES (43, 16);

INSERT INTO Recipe_Cook (recipe_id, cook_id) VALUES (36, 43);

INSERT INTO Recipe_Cook (recipe_id, cook_id) VALUES (37, 43);

INSERT INTO Recipe_Cook (recipe_id, cook_id) VALUES (38, 43);

INSERT INTO Recipe_Cook (recipe_id, cook_id) VALUES (39, 43);

INSERT INTO Recipe_Cook (recipe_id, cook_id) VALUES (40, 43);

INSERT INTO Recipe_Cook (recipe_id, cook_id) VALUES (81, 43);

INSERT INTO Recipe_Cook (recipe_id, cook_id) VALUES (82, 43);

INSERT INTO Recipe_Cook (recipe_id, cook_id) VALUES (83, 43);

INSERT INTO Recipe_Cook (recipe_id, cook_id) VALUES (84, 43);

INSERT INTO Recipe_Cook (recipe_id, cook_id) VALUES (85, 43);

INSERT INTO Cook (user_id, first_name, last_name, phone_number, date_of_birth, years_of_experience, chef_status, image_id) VALUES (44, 'Gary','Macdonald', 9763752210, '1971-06-26', 23, 'A', 372);

INSERT INTO Cook_National_Cuisine (cook_id, national_cuisine_id) VALUES (44, 1);

INSERT INTO Cook_National_Cuisine (cook_id, national_cuisine_id) VALUES (44, 19);

INSERT INTO Recipe_Cook (recipe_id, cook_id) VALUES (6, 44);

INSERT INTO Recipe_Cook (recipe_id, cook_id) VALUES (7, 44);

INSERT INTO Recipe_Cook (recipe_id, cook_id) VALUES (8, 44);

INSERT INTO Recipe_Cook (recipe_id, cook_id) VALUES (9, 44);

INSERT INTO Recipe_Cook (recipe_id, cook_id) VALUES (10, 44);

INSERT INTO Recipe_Cook (recipe_id, cook_id) VALUES (96, 44);

INSERT INTO Recipe_Cook (recipe_id, cook_id) VALUES (97, 44);

INSERT INTO Recipe_Cook (recipe_id, cook_id) VALUES (98, 44);

INSERT INTO Recipe_Cook (recipe_id, cook_id) VALUES (99, 44);

INSERT INTO Recipe_Cook (recipe_id, cook_id) VALUES (100, 44);

INSERT INTO Cook (user_id, first_name, last_name, phone_number, date_of_birth, years_of_experience, chef_status, image_id) VALUES (45, 'Kaitlin','Schmidt', 3343548327, '1980-12-20', 5, 'chef', 373);

INSERT INTO Cook_National_Cuisine (cook_id, national_cuisine_id) VALUES (45, 13);

INSERT INTO Recipe_Cook (recipe_id, cook_id) VALUES (66, 45);

INSERT INTO Recipe_Cook (recipe_id, cook_id) VALUES (67, 45);

INSERT INTO Recipe_Cook (recipe_id, cook_id) VALUES (68, 45);

INSERT INTO Recipe_Cook (recipe_id, cook_id) VALUES (69, 45);

INSERT INTO Recipe_Cook (recipe_id, cook_id) VALUES (70, 45);

INSERT INTO Cook (user_id, first_name, last_name, phone_number, date_of_birth, years_of_experience, chef_status, image_id) VALUES (46, 'John','Kim', 9132064995, '1962-09-17', 19, 'A', 374);

INSERT INTO Cook_National_Cuisine (cook_id, national_cuisine_id) VALUES (46, 17);

INSERT INTO Recipe_Cook (recipe_id, cook_id) VALUES (86, 46);

INSERT INTO Recipe_Cook (recipe_id, cook_id) VALUES (87, 46);

INSERT INTO Recipe_Cook (recipe_id, cook_id) VALUES (88, 46);

INSERT INTO Recipe_Cook (recipe_id, cook_id) VALUES (89, 46);

INSERT INTO Recipe_Cook (recipe_id, cook_id) VALUES (90, 46);

INSERT INTO Cook (user_id, first_name, last_name, phone_number, date_of_birth, years_of_experience, chef_status, image_id) VALUES (47, 'Justin','Thompson', 2785431540, '1996-05-10', 10, 'sous chef', 375);

INSERT INTO Cook_National_Cuisine (cook_id, national_cuisine_id) VALUES (47, 14);

INSERT INTO Cook_National_Cuisine (cook_id, national_cuisine_id) VALUES (47, 13);

INSERT INTO Recipe_Cook (recipe_id, cook_id) VALUES (71, 47);

INSERT INTO Recipe_Cook (recipe_id, cook_id) VALUES (72, 47);

INSERT INTO Recipe_Cook (recipe_id, cook_id) VALUES (73, 47);

INSERT INTO Recipe_Cook (recipe_id, cook_id) VALUES (74, 47);

INSERT INTO Recipe_Cook (recipe_id, cook_id) VALUES (75, 47);

INSERT INTO Recipe_Cook (recipe_id, cook_id) VALUES (66, 47);

INSERT INTO Recipe_Cook (recipe_id, cook_id) VALUES (67, 47);

INSERT INTO Recipe_Cook (recipe_id, cook_id) VALUES (68, 47);

INSERT INTO Recipe_Cook (recipe_id, cook_id) VALUES (69, 47);

INSERT INTO Recipe_Cook (recipe_id, cook_id) VALUES (70, 47);

INSERT INTO Cook (user_id, first_name, last_name, phone_number, date_of_birth, years_of_experience, chef_status, image_id) VALUES (48, 'Scott','Thomas', 2974022046, '1995-05-26', 4, 'chef', 376);

INSERT INTO Cook_National_Cuisine (cook_id, national_cuisine_id) VALUES (48, 5);

INSERT INTO Cook_National_Cuisine (cook_id, national_cuisine_id) VALUES (48, 3);

INSERT INTO Cook_National_Cuisine (cook_id, national_cuisine_id) VALUES (48, 19);

INSERT INTO Recipe_Cook (recipe_id, cook_id) VALUES (26, 48);

INSERT INTO Recipe_Cook (recipe_id, cook_id) VALUES (27, 48);

INSERT INTO Recipe_Cook (recipe_id, cook_id) VALUES (28, 48);

INSERT INTO Recipe_Cook (recipe_id, cook_id) VALUES (29, 48);

INSERT INTO Recipe_Cook (recipe_id, cook_id) VALUES (30, 48);

INSERT INTO Recipe_Cook (recipe_id, cook_id) VALUES (16, 48);

INSERT INTO Recipe_Cook (recipe_id, cook_id) VALUES (17, 48);

INSERT INTO Recipe_Cook (recipe_id, cook_id) VALUES (18, 48);

INSERT INTO Recipe_Cook (recipe_id, cook_id) VALUES (19, 48);

INSERT INTO Recipe_Cook (recipe_id, cook_id) VALUES (20, 48);

INSERT INTO Recipe_Cook (recipe_id, cook_id) VALUES (96, 48);

INSERT INTO Recipe_Cook (recipe_id, cook_id) VALUES (97, 48);

INSERT INTO Recipe_Cook (recipe_id, cook_id) VALUES (98, 48);

INSERT INTO Recipe_Cook (recipe_id, cook_id) VALUES (99, 48);

INSERT INTO Recipe_Cook (recipe_id, cook_id) VALUES (100, 48);

INSERT INTO Cook (user_id, first_name, last_name, phone_number, date_of_birth, years_of_experience, chef_status, image_id) VALUES (49, 'Brooke','Bradley', 1612961932, '1973-01-22', 2, 'sous chef', 377);

INSERT INTO Cook_National_Cuisine (cook_id, national_cuisine_id) VALUES (49, 16);

INSERT INTO Cook_National_Cuisine (cook_id, national_cuisine_id) VALUES (49, 17);

INSERT INTO Cook_National_Cuisine (cook_id, national_cuisine_id) VALUES (49, 9);

INSERT INTO Recipe_Cook (recipe_id, cook_id) VALUES (81, 49);

INSERT INTO Recipe_Cook (recipe_id, cook_id) VALUES (82, 49);

INSERT INTO Recipe_Cook (recipe_id, cook_id) VALUES (83, 49);

INSERT INTO Recipe_Cook (recipe_id, cook_id) VALUES (84, 49);

INSERT INTO Recipe_Cook (recipe_id, cook_id) VALUES (85, 49);

INSERT INTO Recipe_Cook (recipe_id, cook_id) VALUES (86, 49);

INSERT INTO Recipe_Cook (recipe_id, cook_id) VALUES (87, 49);

INSERT INTO Recipe_Cook (recipe_id, cook_id) VALUES (88, 49);

INSERT INTO Recipe_Cook (recipe_id, cook_id) VALUES (89, 49);

INSERT INTO Recipe_Cook (recipe_id, cook_id) VALUES (90, 49);

INSERT INTO Recipe_Cook (recipe_id, cook_id) VALUES (46, 49);

INSERT INTO Recipe_Cook (recipe_id, cook_id) VALUES (47, 49);

INSERT INTO Recipe_Cook (recipe_id, cook_id) VALUES (48, 49);

INSERT INTO Recipe_Cook (recipe_id, cook_id) VALUES (49, 49);

INSERT INTO Recipe_Cook (recipe_id, cook_id) VALUES (50, 49);

INSERT INTO Cook (user_id, first_name, last_name, phone_number, date_of_birth, years_of_experience, chef_status, image_id) VALUES (50, 'Michael','Blake', 1063747130, '1971-09-17', 20, 'chef', 378);

INSERT INTO Cook_National_Cuisine (cook_id, national_cuisine_id) VALUES (50, 19);

INSERT INTO Cook_National_Cuisine (cook_id, national_cuisine_id) VALUES (50, 3);

INSERT INTO Cook_National_Cuisine (cook_id, national_cuisine_id) VALUES (50, 10);

INSERT INTO Recipe_Cook (recipe_id, cook_id) VALUES (96, 50);

INSERT INTO Recipe_Cook (recipe_id, cook_id) VALUES (97, 50);

INSERT INTO Recipe_Cook (recipe_id, cook_id) VALUES (98, 50);

INSERT INTO Recipe_Cook (recipe_id, cook_id) VALUES (99, 50);

INSERT INTO Recipe_Cook (recipe_id, cook_id) VALUES (100, 50);

INSERT INTO Recipe_Cook (recipe_id, cook_id) VALUES (16, 50);

INSERT INTO Recipe_Cook (recipe_id, cook_id) VALUES (17, 50);

INSERT INTO Recipe_Cook (recipe_id, cook_id) VALUES (18, 50);

INSERT INTO Recipe_Cook (recipe_id, cook_id) VALUES (19, 50);

INSERT INTO Recipe_Cook (recipe_id, cook_id) VALUES (20, 50);

INSERT INTO Recipe_Cook (recipe_id, cook_id) VALUES (51, 50);

INSERT INTO Recipe_Cook (recipe_id, cook_id) VALUES (52, 50);

INSERT INTO Recipe_Cook (recipe_id, cook_id) VALUES (53, 50);

INSERT INTO Recipe_Cook (recipe_id, cook_id) VALUES (54, 50);

INSERT INTO Recipe_Cook (recipe_id, cook_id) VALUES (55, 50);

INSERT INTO Cook (user_id, first_name, last_name, phone_number, date_of_birth, years_of_experience, chef_status, image_id) VALUES (51, 'Dana','Garcia', 5796974060, '1961-02-01', 24, 'C', 379);

INSERT INTO Cook_National_Cuisine (cook_id, national_cuisine_id) VALUES (51, 18);

INSERT INTO Recipe_Cook (recipe_id, cook_id) VALUES (91, 51);

INSERT INTO Recipe_Cook (recipe_id, cook_id) VALUES (92, 51);

INSERT INTO Recipe_Cook (recipe_id, cook_id) VALUES (93, 51);

INSERT INTO Recipe_Cook (recipe_id, cook_id) VALUES (94, 51);

INSERT INTO Recipe_Cook (recipe_id, cook_id) VALUES (95, 51);

INSERT INTO Cook (user_id, first_name, last_name, phone_number, date_of_birth, years_of_experience, chef_status, image_id) VALUES (52, 'Julia','Stone', 2113114499, '1990-06-27', 10, 'chef', 380);

INSERT INTO Cook_National_Cuisine (cook_id, national_cuisine_id) VALUES (52, 4);

INSERT INTO Cook_National_Cuisine (cook_id, national_cuisine_id) VALUES (52, 8);

INSERT INTO Cook_National_Cuisine (cook_id, national_cuisine_id) VALUES (52, 16);

INSERT INTO Recipe_Cook (recipe_id, cook_id) VALUES (21, 52);

INSERT INTO Recipe_Cook (recipe_id, cook_id) VALUES (22, 52);

INSERT INTO Recipe_Cook (recipe_id, cook_id) VALUES (23, 52);

INSERT INTO Recipe_Cook (recipe_id, cook_id) VALUES (24, 52);

INSERT INTO Recipe_Cook (recipe_id, cook_id) VALUES (25, 52);

INSERT INTO Recipe_Cook (recipe_id, cook_id) VALUES (41, 52);

INSERT INTO Recipe_Cook (recipe_id, cook_id) VALUES (42, 52);

INSERT INTO Recipe_Cook (recipe_id, cook_id) VALUES (43, 52);

INSERT INTO Recipe_Cook (recipe_id, cook_id) VALUES (44, 52);

INSERT INTO Recipe_Cook (recipe_id, cook_id) VALUES (45, 52);

INSERT INTO Recipe_Cook (recipe_id, cook_id) VALUES (81, 52);

INSERT INTO Recipe_Cook (recipe_id, cook_id) VALUES (82, 52);

INSERT INTO Recipe_Cook (recipe_id, cook_id) VALUES (83, 52);

INSERT INTO Recipe_Cook (recipe_id, cook_id) VALUES (84, 52);

INSERT INTO Recipe_Cook (recipe_id, cook_id) VALUES (85, 52);

INSERT INTO Cook (user_id, first_name, last_name, phone_number, date_of_birth, years_of_experience, chef_status, image_id) VALUES (53, 'Jeffrey','Hogan', 5441011894, '1995-07-30', 4, 'chef', 381);

INSERT INTO Cook_National_Cuisine (cook_id, national_cuisine_id) VALUES (53, 11);

INSERT INTO Recipe_Cook (recipe_id, cook_id) VALUES (56, 53);

INSERT INTO Recipe_Cook (recipe_id, cook_id) VALUES (57, 53);

INSERT INTO Recipe_Cook (recipe_id, cook_id) VALUES (58, 53);

INSERT INTO Recipe_Cook (recipe_id, cook_id) VALUES (59, 53);

INSERT INTO Recipe_Cook (recipe_id, cook_id) VALUES (60, 53);

INSERT INTO Cook (user_id, first_name, last_name, phone_number, date_of_birth, years_of_experience, chef_status, image_id) VALUES (54, 'Paul','Stokes', 7048837884, '1983-03-12', 20, 'A', 382);

INSERT INTO Cook_National_Cuisine (cook_id, national_cuisine_id) VALUES (54, 3);

INSERT INTO Cook_National_Cuisine (cook_id, national_cuisine_id) VALUES (54, 16);

INSERT INTO Cook_National_Cuisine (cook_id, national_cuisine_id) VALUES (54, 8);

INSERT INTO Recipe_Cook (recipe_id, cook_id) VALUES (16, 54);

INSERT INTO Recipe_Cook (recipe_id, cook_id) VALUES (17, 54);

INSERT INTO Recipe_Cook (recipe_id, cook_id) VALUES (18, 54);

INSERT INTO Recipe_Cook (recipe_id, cook_id) VALUES (19, 54);

INSERT INTO Recipe_Cook (recipe_id, cook_id) VALUES (20, 54);

INSERT INTO Recipe_Cook (recipe_id, cook_id) VALUES (81, 54);

INSERT INTO Recipe_Cook (recipe_id, cook_id) VALUES (82, 54);

INSERT INTO Recipe_Cook (recipe_id, cook_id) VALUES (83, 54);

INSERT INTO Recipe_Cook (recipe_id, cook_id) VALUES (84, 54);

INSERT INTO Recipe_Cook (recipe_id, cook_id) VALUES (85, 54);

INSERT INTO Recipe_Cook (recipe_id, cook_id) VALUES (41, 54);

INSERT INTO Recipe_Cook (recipe_id, cook_id) VALUES (42, 54);

INSERT INTO Recipe_Cook (recipe_id, cook_id) VALUES (43, 54);

INSERT INTO Recipe_Cook (recipe_id, cook_id) VALUES (44, 54);

INSERT INTO Recipe_Cook (recipe_id, cook_id) VALUES (45, 54);

INSERT INTO Cook (user_id, first_name, last_name, phone_number, date_of_birth, years_of_experience, chef_status, image_id) VALUES (55, 'Christian','Richards', 6431131413, '1985-06-14', 17, 'B', 383);

INSERT INTO Cook_National_Cuisine (cook_id, national_cuisine_id) VALUES (55, 15);

INSERT INTO Recipe_Cook (recipe_id, cook_id) VALUES (76, 55);

INSERT INTO Recipe_Cook (recipe_id, cook_id) VALUES (77, 55);

INSERT INTO Recipe_Cook (recipe_id, cook_id) VALUES (78, 55);

INSERT INTO Recipe_Cook (recipe_id, cook_id) VALUES (79, 55);

INSERT INTO Recipe_Cook (recipe_id, cook_id) VALUES (80, 55);

INSERT INTO Cook (user_id, first_name, last_name, phone_number, date_of_birth, years_of_experience, chef_status, image_id) VALUES (56, 'Jeffrey','Palmer', 4681894271, '1970-12-06', 30, 'sous chef', 384);

INSERT INTO Cook_National_Cuisine (cook_id, national_cuisine_id) VALUES (56, 14);

INSERT INTO Cook_National_Cuisine (cook_id, national_cuisine_id) VALUES (56, 16);

INSERT INTO Cook_National_Cuisine (cook_id, national_cuisine_id) VALUES (56, 5);

INSERT INTO Recipe_Cook (recipe_id, cook_id) VALUES (71, 56);

INSERT INTO Recipe_Cook (recipe_id, cook_id) VALUES (72, 56);

INSERT INTO Recipe_Cook (recipe_id, cook_id) VALUES (73, 56);

INSERT INTO Recipe_Cook (recipe_id, cook_id) VALUES (74, 56);

INSERT INTO Recipe_Cook (recipe_id, cook_id) VALUES (75, 56);

INSERT INTO Recipe_Cook (recipe_id, cook_id) VALUES (81, 56);

INSERT INTO Recipe_Cook (recipe_id, cook_id) VALUES (82, 56);

INSERT INTO Recipe_Cook (recipe_id, cook_id) VALUES (83, 56);

INSERT INTO Recipe_Cook (recipe_id, cook_id) VALUES (84, 56);

INSERT INTO Recipe_Cook (recipe_id, cook_id) VALUES (85, 56);

INSERT INTO Recipe_Cook (recipe_id, cook_id) VALUES (26, 56);

INSERT INTO Recipe_Cook (recipe_id, cook_id) VALUES (27, 56);

INSERT INTO Recipe_Cook (recipe_id, cook_id) VALUES (28, 56);

INSERT INTO Recipe_Cook (recipe_id, cook_id) VALUES (29, 56);

INSERT INTO Recipe_Cook (recipe_id, cook_id) VALUES (30, 56);

INSERT INTO Cook (user_id, first_name, last_name, phone_number, date_of_birth, years_of_experience, chef_status, image_id) VALUES (57, 'James','Combs', 4106632744, '1970-07-25', 33, 'B', 385);

INSERT INTO Cook_National_Cuisine (cook_id, national_cuisine_id) VALUES (57, 5);

INSERT INTO Recipe_Cook (recipe_id, cook_id) VALUES (26, 57);

INSERT INTO Recipe_Cook (recipe_id, cook_id) VALUES (27, 57);

INSERT INTO Recipe_Cook (recipe_id, cook_id) VALUES (28, 57);

INSERT INTO Recipe_Cook (recipe_id, cook_id) VALUES (29, 57);

INSERT INTO Recipe_Cook (recipe_id, cook_id) VALUES (30, 57);

INSERT INTO Cook (user_id, first_name, last_name, phone_number, date_of_birth, years_of_experience, chef_status, image_id) VALUES (58, 'Charles','Williams', 5332067006, '1995-03-03', 9, 'sous chef', 386);

INSERT INTO Cook_National_Cuisine (cook_id, national_cuisine_id) VALUES (58, 4);

INSERT INTO Cook_National_Cuisine (cook_id, national_cuisine_id) VALUES (58, 6);

INSERT INTO Recipe_Cook (recipe_id, cook_id) VALUES (21, 58);

INSERT INTO Recipe_Cook (recipe_id, cook_id) VALUES (22, 58);

INSERT INTO Recipe_Cook (recipe_id, cook_id) VALUES (23, 58);

INSERT INTO Recipe_Cook (recipe_id, cook_id) VALUES (24, 58);

INSERT INTO Recipe_Cook (recipe_id, cook_id) VALUES (25, 58);

INSERT INTO Recipe_Cook (recipe_id, cook_id) VALUES (31, 58);

INSERT INTO Recipe_Cook (recipe_id, cook_id) VALUES (32, 58);

INSERT INTO Recipe_Cook (recipe_id, cook_id) VALUES (33, 58);

INSERT INTO Recipe_Cook (recipe_id, cook_id) VALUES (34, 58);

INSERT INTO Recipe_Cook (recipe_id, cook_id) VALUES (35, 58);

INSERT INTO Cook (user_id, first_name, last_name, phone_number, date_of_birth, years_of_experience, chef_status, image_id) VALUES (59, 'Stacy','Garcia', 1587054121, '1993-06-07', 12, 'chef', 387);

INSERT INTO Cook_National_Cuisine (cook_id, national_cuisine_id) VALUES (59, 9);

INSERT INTO Cook_National_Cuisine (cook_id, national_cuisine_id) VALUES (59, 13);

INSERT INTO Recipe_Cook (recipe_id, cook_id) VALUES (46, 59);

INSERT INTO Recipe_Cook (recipe_id, cook_id) VALUES (47, 59);

INSERT INTO Recipe_Cook (recipe_id, cook_id) VALUES (48, 59);

INSERT INTO Recipe_Cook (recipe_id, cook_id) VALUES (49, 59);

INSERT INTO Recipe_Cook (recipe_id, cook_id) VALUES (50, 59);

INSERT INTO Recipe_Cook (recipe_id, cook_id) VALUES (66, 59);

INSERT INTO Recipe_Cook (recipe_id, cook_id) VALUES (67, 59);

INSERT INTO Recipe_Cook (recipe_id, cook_id) VALUES (68, 59);

INSERT INTO Recipe_Cook (recipe_id, cook_id) VALUES (69, 59);

INSERT INTO Recipe_Cook (recipe_id, cook_id) VALUES (70, 59);

INSERT INTO Cook (user_id, first_name, last_name, phone_number, date_of_birth, years_of_experience, chef_status, image_id) VALUES (60, 'Nathan','Thomas', 8939245037, '1984-02-04', 3, 'A', 388);

INSERT INTO Cook_National_Cuisine (cook_id, national_cuisine_id) VALUES (60, 14);

INSERT INTO Recipe_Cook (recipe_id, cook_id) VALUES (71, 60);

INSERT INTO Recipe_Cook (recipe_id, cook_id) VALUES (72, 60);

INSERT INTO Recipe_Cook (recipe_id, cook_id) VALUES (73, 60);

INSERT INTO Recipe_Cook (recipe_id, cook_id) VALUES (74, 60);

INSERT INTO Recipe_Cook (recipe_id, cook_id) VALUES (75, 60);

INSERT INTO Cook (user_id, first_name, last_name, phone_number, date_of_birth, years_of_experience, chef_status, image_id) VALUES (61, 'Glenn','Ware', 3346280313, '1993-08-25', 11, 'A', 389);

INSERT INTO Cook_National_Cuisine (cook_id, national_cuisine_id) VALUES (61, 5);

INSERT INTO Cook_National_Cuisine (cook_id, national_cuisine_id) VALUES (61, 8);

INSERT INTO Recipe_Cook (recipe_id, cook_id) VALUES (26, 61);

INSERT INTO Recipe_Cook (recipe_id, cook_id) VALUES (27, 61);

INSERT INTO Recipe_Cook (recipe_id, cook_id) VALUES (28, 61);

INSERT INTO Recipe_Cook (recipe_id, cook_id) VALUES (29, 61);

INSERT INTO Recipe_Cook (recipe_id, cook_id) VALUES (30, 61);

INSERT INTO Recipe_Cook (recipe_id, cook_id) VALUES (41, 61);

INSERT INTO Recipe_Cook (recipe_id, cook_id) VALUES (42, 61);

INSERT INTO Recipe_Cook (recipe_id, cook_id) VALUES (43, 61);

INSERT INTO Recipe_Cook (recipe_id, cook_id) VALUES (44, 61);

INSERT INTO Recipe_Cook (recipe_id, cook_id) VALUES (45, 61);

INSERT INTO Cook (user_id, first_name, last_name, phone_number, date_of_birth, years_of_experience, chef_status, image_id) VALUES (62, 'Sandra','Brown', 1196823097, '1987-10-09', 5, 'sous chef', 390);

INSERT INTO Cook_National_Cuisine (cook_id, national_cuisine_id) VALUES (62, 19);

INSERT INTO Cook_National_Cuisine (cook_id, national_cuisine_id) VALUES (62, 17);

INSERT INTO Recipe_Cook (recipe_id, cook_id) VALUES (96, 62);

INSERT INTO Recipe_Cook (recipe_id, cook_id) VALUES (97, 62);

INSERT INTO Recipe_Cook (recipe_id, cook_id) VALUES (98, 62);

INSERT INTO Recipe_Cook (recipe_id, cook_id) VALUES (99, 62);

INSERT INTO Recipe_Cook (recipe_id, cook_id) VALUES (100, 62);

INSERT INTO Recipe_Cook (recipe_id, cook_id) VALUES (86, 62);

INSERT INTO Recipe_Cook (recipe_id, cook_id) VALUES (87, 62);

INSERT INTO Recipe_Cook (recipe_id, cook_id) VALUES (88, 62);

INSERT INTO Recipe_Cook (recipe_id, cook_id) VALUES (89, 62);

INSERT INTO Recipe_Cook (recipe_id, cook_id) VALUES (90, 62);

INSERT INTO Cook (user_id, first_name, last_name, phone_number, date_of_birth, years_of_experience, chef_status, image_id) VALUES (63, 'Cassidy','Glover', 5551428391, '1965-10-30', 31, 'chef', 391);

INSERT INTO Cook_National_Cuisine (cook_id, national_cuisine_id) VALUES (63, 14);

INSERT INTO Cook_National_Cuisine (cook_id, national_cuisine_id) VALUES (63, 11);

INSERT INTO Recipe_Cook (recipe_id, cook_id) VALUES (71, 63);

INSERT INTO Recipe_Cook (recipe_id, cook_id) VALUES (72, 63);

INSERT INTO Recipe_Cook (recipe_id, cook_id) VALUES (73, 63);

INSERT INTO Recipe_Cook (recipe_id, cook_id) VALUES (74, 63);

INSERT INTO Recipe_Cook (recipe_id, cook_id) VALUES (75, 63);

INSERT INTO Recipe_Cook (recipe_id, cook_id) VALUES (56, 63);

INSERT INTO Recipe_Cook (recipe_id, cook_id) VALUES (57, 63);

INSERT INTO Recipe_Cook (recipe_id, cook_id) VALUES (58, 63);

INSERT INTO Recipe_Cook (recipe_id, cook_id) VALUES (59, 63);

INSERT INTO Recipe_Cook (recipe_id, cook_id) VALUES (60, 63);

INSERT INTO Cook (user_id, first_name, last_name, phone_number, date_of_birth, years_of_experience, chef_status, image_id) VALUES (64, 'Lynn','Peters', 7042465401, '1991-07-02', 6, 'sous chef', 392);

INSERT INTO Cook_National_Cuisine (cook_id, national_cuisine_id) VALUES (64, 7);

INSERT INTO Cook_National_Cuisine (cook_id, national_cuisine_id) VALUES (64, 10);

INSERT INTO Cook_National_Cuisine (cook_id, national_cuisine_id) VALUES (64, 1);

INSERT INTO Recipe_Cook (recipe_id, cook_id) VALUES (36, 64);

INSERT INTO Recipe_Cook (recipe_id, cook_id) VALUES (37, 64);

INSERT INTO Recipe_Cook (recipe_id, cook_id) VALUES (38, 64);

INSERT INTO Recipe_Cook (recipe_id, cook_id) VALUES (39, 64);

INSERT INTO Recipe_Cook (recipe_id, cook_id) VALUES (40, 64);

INSERT INTO Recipe_Cook (recipe_id, cook_id) VALUES (51, 64);

INSERT INTO Recipe_Cook (recipe_id, cook_id) VALUES (52, 64);

INSERT INTO Recipe_Cook (recipe_id, cook_id) VALUES (53, 64);

INSERT INTO Recipe_Cook (recipe_id, cook_id) VALUES (54, 64);

INSERT INTO Recipe_Cook (recipe_id, cook_id) VALUES (55, 64);

INSERT INTO Recipe_Cook (recipe_id, cook_id) VALUES (6, 64);

INSERT INTO Recipe_Cook (recipe_id, cook_id) VALUES (7, 64);

INSERT INTO Recipe_Cook (recipe_id, cook_id) VALUES (8, 64);

INSERT INTO Recipe_Cook (recipe_id, cook_id) VALUES (9, 64);

INSERT INTO Recipe_Cook (recipe_id, cook_id) VALUES (10, 64);

INSERT INTO Cook (user_id, first_name, last_name, phone_number, date_of_birth, years_of_experience, chef_status, image_id) VALUES (65, 'John','Green', 6844714389, '1966-04-12', 22, 'sous chef', 393);

INSERT INTO Cook_National_Cuisine (cook_id, national_cuisine_id) VALUES (65, 17);

INSERT INTO Recipe_Cook (recipe_id, cook_id) VALUES (86, 65);

INSERT INTO Recipe_Cook (recipe_id, cook_id) VALUES (87, 65);

INSERT INTO Recipe_Cook (recipe_id, cook_id) VALUES (88, 65);

INSERT INTO Recipe_Cook (recipe_id, cook_id) VALUES (89, 65);

INSERT INTO Recipe_Cook (recipe_id, cook_id) VALUES (90, 65);

INSERT INTO Cook (user_id, first_name, last_name, phone_number, date_of_birth, years_of_experience, chef_status, image_id) VALUES (66, 'Lisa','Huffman', 1790726387, '1978-11-17', 12, 'B', 394);

INSERT INTO Cook_National_Cuisine (cook_id, national_cuisine_id) VALUES (66, 12);

INSERT INTO Recipe_Cook (recipe_id, cook_id) VALUES (61, 66);

INSERT INTO Recipe_Cook (recipe_id, cook_id) VALUES (62, 66);

INSERT INTO Recipe_Cook (recipe_id, cook_id) VALUES (63, 66);

INSERT INTO Recipe_Cook (recipe_id, cook_id) VALUES (64, 66);

INSERT INTO Recipe_Cook (recipe_id, cook_id) VALUES (65, 66);

INSERT INTO Cook (user_id, first_name, last_name, phone_number, date_of_birth, years_of_experience, chef_status, image_id) VALUES (67, 'Elizabeth','Pierce', 5402561440, '1996-11-19', 5, 'B', 395);

INSERT INTO Cook_National_Cuisine (cook_id, national_cuisine_id) VALUES (67, 10);

INSERT INTO Cook_National_Cuisine (cook_id, national_cuisine_id) VALUES (67, 8);

INSERT INTO Recipe_Cook (recipe_id, cook_id) VALUES (51, 67);

INSERT INTO Recipe_Cook (recipe_id, cook_id) VALUES (52, 67);

INSERT INTO Recipe_Cook (recipe_id, cook_id) VALUES (53, 67);

INSERT INTO Recipe_Cook (recipe_id, cook_id) VALUES (54, 67);

INSERT INTO Recipe_Cook (recipe_id, cook_id) VALUES (55, 67);

INSERT INTO Recipe_Cook (recipe_id, cook_id) VALUES (41, 67);

INSERT INTO Recipe_Cook (recipe_id, cook_id) VALUES (42, 67);

INSERT INTO Recipe_Cook (recipe_id, cook_id) VALUES (43, 67);

INSERT INTO Recipe_Cook (recipe_id, cook_id) VALUES (44, 67);

INSERT INTO Recipe_Cook (recipe_id, cook_id) VALUES (45, 67);

INSERT INTO Cook (user_id, first_name, last_name, phone_number, date_of_birth, years_of_experience, chef_status, image_id) VALUES (68, 'Catherine','Lewis', 6847776635, '1997-09-19', 9, 'chef', 396);

INSERT INTO Cook_National_Cuisine (cook_id, national_cuisine_id) VALUES (68, 8);

INSERT INTO Recipe_Cook (recipe_id, cook_id) VALUES (41, 68);

INSERT INTO Recipe_Cook (recipe_id, cook_id) VALUES (42, 68);

INSERT INTO Recipe_Cook (recipe_id, cook_id) VALUES (43, 68);

INSERT INTO Recipe_Cook (recipe_id, cook_id) VALUES (44, 68);

INSERT INTO Recipe_Cook (recipe_id, cook_id) VALUES (45, 68);

INSERT INTO Cook (user_id, first_name, last_name, phone_number, date_of_birth, years_of_experience, chef_status, image_id) VALUES (69, 'Shelby','Jones', 4597326705, '1991-10-27', 13, 'B', 397);

INSERT INTO Cook_National_Cuisine (cook_id, national_cuisine_id) VALUES (69, 17);

INSERT INTO Recipe_Cook (recipe_id, cook_id) VALUES (86, 69);

INSERT INTO Recipe_Cook (recipe_id, cook_id) VALUES (87, 69);

INSERT INTO Recipe_Cook (recipe_id, cook_id) VALUES (88, 69);

INSERT INTO Recipe_Cook (recipe_id, cook_id) VALUES (89, 69);

INSERT INTO Recipe_Cook (recipe_id, cook_id) VALUES (90, 69);

INSERT INTO Cook (user_id, first_name, last_name, phone_number, date_of_birth, years_of_experience, chef_status, image_id) VALUES (70, 'Dean','Hall', 5613401342, '1975-07-27', 21, 'C', 398);

INSERT INTO Cook_National_Cuisine (cook_id, national_cuisine_id) VALUES (70, 6);

INSERT INTO Cook_National_Cuisine (cook_id, national_cuisine_id) VALUES (70, 1);

INSERT INTO Cook_National_Cuisine (cook_id, national_cuisine_id) VALUES (70, 7);

INSERT INTO Recipe_Cook (recipe_id, cook_id) VALUES (31, 70);

INSERT INTO Recipe_Cook (recipe_id, cook_id) VALUES (32, 70);

INSERT INTO Recipe_Cook (recipe_id, cook_id) VALUES (33, 70);

INSERT INTO Recipe_Cook (recipe_id, cook_id) VALUES (34, 70);

INSERT INTO Recipe_Cook (recipe_id, cook_id) VALUES (35, 70);

INSERT INTO Recipe_Cook (recipe_id, cook_id) VALUES (6, 70);

INSERT INTO Recipe_Cook (recipe_id, cook_id) VALUES (7, 70);

INSERT INTO Recipe_Cook (recipe_id, cook_id) VALUES (8, 70);

INSERT INTO Recipe_Cook (recipe_id, cook_id) VALUES (9, 70);

INSERT INTO Recipe_Cook (recipe_id, cook_id) VALUES (10, 70);

INSERT INTO Recipe_Cook (recipe_id, cook_id) VALUES (36, 70);

INSERT INTO Recipe_Cook (recipe_id, cook_id) VALUES (37, 70);

INSERT INTO Recipe_Cook (recipe_id, cook_id) VALUES (38, 70);

INSERT INTO Recipe_Cook (recipe_id, cook_id) VALUES (39, 70);

INSERT INTO Recipe_Cook (recipe_id, cook_id) VALUES (40, 70);

INSERT INTO Cook (user_id, first_name, last_name, phone_number, date_of_birth, years_of_experience, chef_status, image_id) VALUES (71, 'Justin','Gonzalez', 9747179385, '1978-05-23', 11, 'sous chef', 399);

INSERT INTO Cook_National_Cuisine (cook_id, national_cuisine_id) VALUES (71, 19);

INSERT INTO Cook_National_Cuisine (cook_id, national_cuisine_id) VALUES (71, 14);

INSERT INTO Cook_National_Cuisine (cook_id, national_cuisine_id) VALUES (71, 16);

INSERT INTO Recipe_Cook (recipe_id, cook_id) VALUES (96, 71);

INSERT INTO Recipe_Cook (recipe_id, cook_id) VALUES (97, 71);

INSERT INTO Recipe_Cook (recipe_id, cook_id) VALUES (98, 71);

INSERT INTO Recipe_Cook (recipe_id, cook_id) VALUES (99, 71);

INSERT INTO Recipe_Cook (recipe_id, cook_id) VALUES (100, 71);

INSERT INTO Recipe_Cook (recipe_id, cook_id) VALUES (71, 71);

INSERT INTO Recipe_Cook (recipe_id, cook_id) VALUES (72, 71);

INSERT INTO Recipe_Cook (recipe_id, cook_id) VALUES (73, 71);

INSERT INTO Recipe_Cook (recipe_id, cook_id) VALUES (74, 71);

INSERT INTO Recipe_Cook (recipe_id, cook_id) VALUES (75, 71);

INSERT INTO Recipe_Cook (recipe_id, cook_id) VALUES (81, 71);

INSERT INTO Recipe_Cook (recipe_id, cook_id) VALUES (82, 71);

INSERT INTO Recipe_Cook (recipe_id, cook_id) VALUES (83, 71);

INSERT INTO Recipe_Cook (recipe_id, cook_id) VALUES (84, 71);

INSERT INTO Recipe_Cook (recipe_id, cook_id) VALUES (85, 71);

INSERT INTO Cook (user_id, first_name, last_name, phone_number, date_of_birth, years_of_experience, chef_status, image_id) VALUES (72, 'Dawn','Hoffman', 8798881886, '1974-04-25', 8, 'B', 400);

INSERT INTO Cook_National_Cuisine (cook_id, national_cuisine_id) VALUES (72, 16);

INSERT INTO Cook_National_Cuisine (cook_id, national_cuisine_id) VALUES (72, 14);

INSERT INTO Recipe_Cook (recipe_id, cook_id) VALUES (81, 72);

INSERT INTO Recipe_Cook (recipe_id, cook_id) VALUES (82, 72);

INSERT INTO Recipe_Cook (recipe_id, cook_id) VALUES (83, 72);

INSERT INTO Recipe_Cook (recipe_id, cook_id) VALUES (84, 72);

INSERT INTO Recipe_Cook (recipe_id, cook_id) VALUES (85, 72);

INSERT INTO Recipe_Cook (recipe_id, cook_id) VALUES (71, 72);

INSERT INTO Recipe_Cook (recipe_id, cook_id) VALUES (72, 72);

INSERT INTO Recipe_Cook (recipe_id, cook_id) VALUES (73, 72);

INSERT INTO Recipe_Cook (recipe_id, cook_id) VALUES (74, 72);

INSERT INTO Recipe_Cook (recipe_id, cook_id) VALUES (75, 72);

INSERT INTO Cook (user_id, first_name, last_name, phone_number, date_of_birth, years_of_experience, chef_status, image_id) VALUES (73, 'Andrea','Wall', 1330193041, '1983-05-02', 4, 'A', 401);

INSERT INTO Cook_National_Cuisine (cook_id, national_cuisine_id) VALUES (73, 16);

INSERT INTO Recipe_Cook (recipe_id, cook_id) VALUES (81, 73);

INSERT INTO Recipe_Cook (recipe_id, cook_id) VALUES (82, 73);

INSERT INTO Recipe_Cook (recipe_id, cook_id) VALUES (83, 73);

INSERT INTO Recipe_Cook (recipe_id, cook_id) VALUES (84, 73);

INSERT INTO Recipe_Cook (recipe_id, cook_id) VALUES (85, 73);

INSERT INTO Cook (user_id, first_name, last_name, phone_number, date_of_birth, years_of_experience, chef_status, image_id) VALUES (74, 'Troy','Butler', 1241788713, '1977-10-19', 12, 'B', 402);

INSERT INTO Cook_National_Cuisine (cook_id, national_cuisine_id) VALUES (74, 1);

INSERT INTO Recipe_Cook (recipe_id, cook_id) VALUES (6, 74);

INSERT INTO Recipe_Cook (recipe_id, cook_id) VALUES (7, 74);

INSERT INTO Recipe_Cook (recipe_id, cook_id) VALUES (8, 74);

INSERT INTO Recipe_Cook (recipe_id, cook_id) VALUES (9, 74);

INSERT INTO Recipe_Cook (recipe_id, cook_id) VALUES (10, 74);

INSERT INTO Cook (user_id, first_name, last_name, phone_number, date_of_birth, years_of_experience, chef_status, image_id) VALUES (75, 'David','Phelps', 2861415536, '1992-04-26', 4, 'sous chef', 403);

INSERT INTO Cook_National_Cuisine (cook_id, national_cuisine_id) VALUES (75, 16);

INSERT INTO Cook_National_Cuisine (cook_id, national_cuisine_id) VALUES (75, 4);

INSERT INTO Recipe_Cook (recipe_id, cook_id) VALUES (81, 75);

INSERT INTO Recipe_Cook (recipe_id, cook_id) VALUES (82, 75);

INSERT INTO Recipe_Cook (recipe_id, cook_id) VALUES (83, 75);

INSERT INTO Recipe_Cook (recipe_id, cook_id) VALUES (84, 75);

INSERT INTO Recipe_Cook (recipe_id, cook_id) VALUES (85, 75);

INSERT INTO Recipe_Cook (recipe_id, cook_id) VALUES (21, 75);

INSERT INTO Recipe_Cook (recipe_id, cook_id) VALUES (22, 75);

INSERT INTO Recipe_Cook (recipe_id, cook_id) VALUES (23, 75);

INSERT INTO Recipe_Cook (recipe_id, cook_id) VALUES (24, 75);

INSERT INTO Recipe_Cook (recipe_id, cook_id) VALUES (25, 75);

INSERT INTO Cook (user_id, first_name, last_name, phone_number, date_of_birth, years_of_experience, chef_status, image_id) VALUES (76, 'Debra','Mccormick', 8309079179, '2000-05-14', 4, 'B', 404);

INSERT INTO Cook_National_Cuisine (cook_id, national_cuisine_id) VALUES (76, 3);

INSERT INTO Cook_National_Cuisine (cook_id, national_cuisine_id) VALUES (76, 9);

INSERT INTO Recipe_Cook (recipe_id, cook_id) VALUES (16, 76);

INSERT INTO Recipe_Cook (recipe_id, cook_id) VALUES (17, 76);

INSERT INTO Recipe_Cook (recipe_id, cook_id) VALUES (18, 76);

INSERT INTO Recipe_Cook (recipe_id, cook_id) VALUES (19, 76);

INSERT INTO Recipe_Cook (recipe_id, cook_id) VALUES (20, 76);

INSERT INTO Recipe_Cook (recipe_id, cook_id) VALUES (46, 76);

INSERT INTO Recipe_Cook (recipe_id, cook_id) VALUES (47, 76);

INSERT INTO Recipe_Cook (recipe_id, cook_id) VALUES (48, 76);

INSERT INTO Recipe_Cook (recipe_id, cook_id) VALUES (49, 76);

INSERT INTO Recipe_Cook (recipe_id, cook_id) VALUES (50, 76);

INSERT INTO Cook (user_id, first_name, last_name, phone_number, date_of_birth, years_of_experience, chef_status, image_id) VALUES (77, 'Leah','Novak', 6568029689, '1980-06-29', 4, 'B', 405);

INSERT INTO Cook_National_Cuisine (cook_id, national_cuisine_id) VALUES (77, 4);

INSERT INTO Recipe_Cook (recipe_id, cook_id) VALUES (21, 77);

INSERT INTO Recipe_Cook (recipe_id, cook_id) VALUES (22, 77);

INSERT INTO Recipe_Cook (recipe_id, cook_id) VALUES (23, 77);

INSERT INTO Recipe_Cook (recipe_id, cook_id) VALUES (24, 77);

INSERT INTO Recipe_Cook (recipe_id, cook_id) VALUES (25, 77);

INSERT INTO Cook (user_id, first_name, last_name, phone_number, date_of_birth, years_of_experience, chef_status, image_id) VALUES (78, 'Brandy','Johnson', 6679561098, '1964-02-27', 26, 'C', 406);

INSERT INTO Cook_National_Cuisine (cook_id, national_cuisine_id) VALUES (78, 5);

INSERT INTO Cook_National_Cuisine (cook_id, national_cuisine_id) VALUES (78, 11);

INSERT INTO Cook_National_Cuisine (cook_id, national_cuisine_id) VALUES (78, 17);

INSERT INTO Recipe_Cook (recipe_id, cook_id) VALUES (26, 78);

INSERT INTO Recipe_Cook (recipe_id, cook_id) VALUES (27, 78);

INSERT INTO Recipe_Cook (recipe_id, cook_id) VALUES (28, 78);

INSERT INTO Recipe_Cook (recipe_id, cook_id) VALUES (29, 78);

INSERT INTO Recipe_Cook (recipe_id, cook_id) VALUES (30, 78);

INSERT INTO Recipe_Cook (recipe_id, cook_id) VALUES (56, 78);

INSERT INTO Recipe_Cook (recipe_id, cook_id) VALUES (57, 78);

INSERT INTO Recipe_Cook (recipe_id, cook_id) VALUES (58, 78);

INSERT INTO Recipe_Cook (recipe_id, cook_id) VALUES (59, 78);

INSERT INTO Recipe_Cook (recipe_id, cook_id) VALUES (60, 78);

INSERT INTO Recipe_Cook (recipe_id, cook_id) VALUES (86, 78);

INSERT INTO Recipe_Cook (recipe_id, cook_id) VALUES (87, 78);

INSERT INTO Recipe_Cook (recipe_id, cook_id) VALUES (88, 78);

INSERT INTO Recipe_Cook (recipe_id, cook_id) VALUES (89, 78);

INSERT INTO Recipe_Cook (recipe_id, cook_id) VALUES (90, 78);

INSERT INTO Cook (user_id, first_name, last_name, phone_number, date_of_birth, years_of_experience, chef_status, image_id) VALUES (79, 'Maria','Cross', 7802649217, '1998-05-08', 7, 'C', 407);

INSERT INTO Cook_National_Cuisine (cook_id, national_cuisine_id) VALUES (79, 17);

INSERT INTO Recipe_Cook (recipe_id, cook_id) VALUES (86, 79);

INSERT INTO Recipe_Cook (recipe_id, cook_id) VALUES (87, 79);

INSERT INTO Recipe_Cook (recipe_id, cook_id) VALUES (88, 79);

INSERT INTO Recipe_Cook (recipe_id, cook_id) VALUES (89, 79);

INSERT INTO Recipe_Cook (recipe_id, cook_id) VALUES (90, 79);

INSERT INTO Cook (user_id, first_name, last_name, phone_number, date_of_birth, years_of_experience, chef_status, image_id) VALUES (80, 'Kenneth','Brown', 4958776798, '1967-01-10', 22, 'sous chef', 408);

INSERT INTO Cook_National_Cuisine (cook_id, national_cuisine_id) VALUES (80, 11);

INSERT INTO Recipe_Cook (recipe_id, cook_id) VALUES (56, 80);

INSERT INTO Recipe_Cook (recipe_id, cook_id) VALUES (57, 80);

INSERT INTO Recipe_Cook (recipe_id, cook_id) VALUES (58, 80);

INSERT INTO Recipe_Cook (recipe_id, cook_id) VALUES (59, 80);

INSERT INTO Recipe_Cook (recipe_id, cook_id) VALUES (60, 80);

INSERT INTO Cook (user_id, first_name, last_name, phone_number, date_of_birth, years_of_experience, chef_status, image_id) VALUES (81, 'Nicholas','Gamble', 7712243791, '1997-05-28', 3, 'A', 409);

INSERT INTO Cook_National_Cuisine (cook_id, national_cuisine_id) VALUES (81, 18);

INSERT INTO Recipe_Cook (recipe_id, cook_id) VALUES (91, 81);

INSERT INTO Recipe_Cook (recipe_id, cook_id) VALUES (92, 81);

INSERT INTO Recipe_Cook (recipe_id, cook_id) VALUES (93, 81);

INSERT INTO Recipe_Cook (recipe_id, cook_id) VALUES (94, 81);

INSERT INTO Recipe_Cook (recipe_id, cook_id) VALUES (95, 81);

INSERT INTO Cook (user_id, first_name, last_name, phone_number, date_of_birth, years_of_experience, chef_status, image_id) VALUES (82, 'David','Randall', 1757223041, '1976-07-21', 18, 'B', 410);

INSERT INTO Cook_National_Cuisine (cook_id, national_cuisine_id) VALUES (82, 16);

INSERT INTO Cook_National_Cuisine (cook_id, national_cuisine_id) VALUES (82, 17);

INSERT INTO Cook_National_Cuisine (cook_id, national_cuisine_id) VALUES (82, 7);

INSERT INTO Recipe_Cook (recipe_id, cook_id) VALUES (81, 82);

INSERT INTO Recipe_Cook (recipe_id, cook_id) VALUES (82, 82);

INSERT INTO Recipe_Cook (recipe_id, cook_id) VALUES (83, 82);

INSERT INTO Recipe_Cook (recipe_id, cook_id) VALUES (84, 82);

INSERT INTO Recipe_Cook (recipe_id, cook_id) VALUES (85, 82);

INSERT INTO Recipe_Cook (recipe_id, cook_id) VALUES (86, 82);

INSERT INTO Recipe_Cook (recipe_id, cook_id) VALUES (87, 82);

INSERT INTO Recipe_Cook (recipe_id, cook_id) VALUES (88, 82);

INSERT INTO Recipe_Cook (recipe_id, cook_id) VALUES (89, 82);

INSERT INTO Recipe_Cook (recipe_id, cook_id) VALUES (90, 82);

INSERT INTO Recipe_Cook (recipe_id, cook_id) VALUES (36, 82);

INSERT INTO Recipe_Cook (recipe_id, cook_id) VALUES (37, 82);

INSERT INTO Recipe_Cook (recipe_id, cook_id) VALUES (38, 82);

INSERT INTO Recipe_Cook (recipe_id, cook_id) VALUES (39, 82);

INSERT INTO Recipe_Cook (recipe_id, cook_id) VALUES (40, 82);

INSERT INTO Cook (user_id, first_name, last_name, phone_number, date_of_birth, years_of_experience, chef_status, image_id) VALUES (83, 'Lisa','Blackwell', 6899541418, '1988-05-28', 1, 'B', 411);

INSERT INTO Cook_National_Cuisine (cook_id, national_cuisine_id) VALUES (83, 13);

INSERT INTO Recipe_Cook (recipe_id, cook_id) VALUES (66, 83);

INSERT INTO Recipe_Cook (recipe_id, cook_id) VALUES (67, 83);

INSERT INTO Recipe_Cook (recipe_id, cook_id) VALUES (68, 83);

INSERT INTO Recipe_Cook (recipe_id, cook_id) VALUES (69, 83);

INSERT INTO Recipe_Cook (recipe_id, cook_id) VALUES (70, 83);

INSERT INTO Cook (user_id, first_name, last_name, phone_number, date_of_birth, years_of_experience, chef_status, image_id) VALUES (84, 'James','Waller', 1185826580, '1982-12-02', 2, 'B', 412);

INSERT INTO Cook_National_Cuisine (cook_id, national_cuisine_id) VALUES (84, 6);

INSERT INTO Cook_National_Cuisine (cook_id, national_cuisine_id) VALUES (84, 4);

INSERT INTO Cook_National_Cuisine (cook_id, national_cuisine_id) VALUES (84, 8);

INSERT INTO Recipe_Cook (recipe_id, cook_id) VALUES (31, 84);

INSERT INTO Recipe_Cook (recipe_id, cook_id) VALUES (32, 84);

INSERT INTO Recipe_Cook (recipe_id, cook_id) VALUES (33, 84);

INSERT INTO Recipe_Cook (recipe_id, cook_id) VALUES (34, 84);

INSERT INTO Recipe_Cook (recipe_id, cook_id) VALUES (35, 84);

INSERT INTO Recipe_Cook (recipe_id, cook_id) VALUES (21, 84);

INSERT INTO Recipe_Cook (recipe_id, cook_id) VALUES (22, 84);

INSERT INTO Recipe_Cook (recipe_id, cook_id) VALUES (23, 84);

INSERT INTO Recipe_Cook (recipe_id, cook_id) VALUES (24, 84);

INSERT INTO Recipe_Cook (recipe_id, cook_id) VALUES (25, 84);

INSERT INTO Recipe_Cook (recipe_id, cook_id) VALUES (41, 84);

INSERT INTO Recipe_Cook (recipe_id, cook_id) VALUES (42, 84);

INSERT INTO Recipe_Cook (recipe_id, cook_id) VALUES (43, 84);

INSERT INTO Recipe_Cook (recipe_id, cook_id) VALUES (44, 84);

INSERT INTO Recipe_Cook (recipe_id, cook_id) VALUES (45, 84);

INSERT INTO Cook (user_id, first_name, last_name, phone_number, date_of_birth, years_of_experience, chef_status, image_id) VALUES (85, 'Luis','Hill', 7402706639, '1990-03-15', 14, 'B', 413);

INSERT INTO Cook_National_Cuisine (cook_id, national_cuisine_id) VALUES (85, 13);

INSERT INTO Recipe_Cook (recipe_id, cook_id) VALUES (66, 85);

INSERT INTO Recipe_Cook (recipe_id, cook_id) VALUES (67, 85);

INSERT INTO Recipe_Cook (recipe_id, cook_id) VALUES (68, 85);

INSERT INTO Recipe_Cook (recipe_id, cook_id) VALUES (69, 85);

INSERT INTO Recipe_Cook (recipe_id, cook_id) VALUES (70, 85);

INSERT INTO Cook (user_id, first_name, last_name, phone_number, date_of_birth, years_of_experience, chef_status, image_id) VALUES (86, 'Larry','Sellers', 9199309729, '1995-10-29', 5, 'sous chef', 414);

INSERT INTO Cook_National_Cuisine (cook_id, national_cuisine_id) VALUES (86, 11);

INSERT INTO Recipe_Cook (recipe_id, cook_id) VALUES (56, 86);

INSERT INTO Recipe_Cook (recipe_id, cook_id) VALUES (57, 86);

INSERT INTO Recipe_Cook (recipe_id, cook_id) VALUES (58, 86);

INSERT INTO Recipe_Cook (recipe_id, cook_id) VALUES (59, 86);

INSERT INTO Recipe_Cook (recipe_id, cook_id) VALUES (60, 86);

INSERT INTO Cook (user_id, first_name, last_name, phone_number, date_of_birth, years_of_experience, chef_status, image_id) VALUES (87, 'Kyle','Garcia', 7226192838, '1985-10-24', 20, 'sous chef', 415);

INSERT INTO Cook_National_Cuisine (cook_id, national_cuisine_id) VALUES (87, 19);

INSERT INTO Recipe_Cook (recipe_id, cook_id) VALUES (96, 87);

INSERT INTO Recipe_Cook (recipe_id, cook_id) VALUES (97, 87);

INSERT INTO Recipe_Cook (recipe_id, cook_id) VALUES (98, 87);

INSERT INTO Recipe_Cook (recipe_id, cook_id) VALUES (99, 87);

INSERT INTO Recipe_Cook (recipe_id, cook_id) VALUES (100, 87);

INSERT INTO Cook (user_id, first_name, last_name, phone_number, date_of_birth, years_of_experience, chef_status, image_id) VALUES (88, 'Paul','Potts', 9196194958, '1996-05-04', 5, 'A', 416);

INSERT INTO Cook_National_Cuisine (cook_id, national_cuisine_id) VALUES (88, 16);

INSERT INTO Cook_National_Cuisine (cook_id, national_cuisine_id) VALUES (88, 9);

INSERT INTO Recipe_Cook (recipe_id, cook_id) VALUES (81, 88);

INSERT INTO Recipe_Cook (recipe_id, cook_id) VALUES (82, 88);

INSERT INTO Recipe_Cook (recipe_id, cook_id) VALUES (83, 88);

INSERT INTO Recipe_Cook (recipe_id, cook_id) VALUES (84, 88);

INSERT INTO Recipe_Cook (recipe_id, cook_id) VALUES (85, 88);

INSERT INTO Recipe_Cook (recipe_id, cook_id) VALUES (46, 88);

INSERT INTO Recipe_Cook (recipe_id, cook_id) VALUES (47, 88);

INSERT INTO Recipe_Cook (recipe_id, cook_id) VALUES (48, 88);

INSERT INTO Recipe_Cook (recipe_id, cook_id) VALUES (49, 88);

INSERT INTO Recipe_Cook (recipe_id, cook_id) VALUES (50, 88);

INSERT INTO Cook (user_id, first_name, last_name, phone_number, date_of_birth, years_of_experience, chef_status, image_id) VALUES (89, 'Andrea','Green', 5860159102, '1981-06-08', 11, 'B', 417);

INSERT INTO Cook_National_Cuisine (cook_id, national_cuisine_id) VALUES (89, 11);

INSERT INTO Cook_National_Cuisine (cook_id, national_cuisine_id) VALUES (89, 12);

INSERT INTO Cook_National_Cuisine (cook_id, national_cuisine_id) VALUES (89, 19);

INSERT INTO Recipe_Cook (recipe_id, cook_id) VALUES (56, 89);

INSERT INTO Recipe_Cook (recipe_id, cook_id) VALUES (57, 89);

INSERT INTO Recipe_Cook (recipe_id, cook_id) VALUES (58, 89);

INSERT INTO Recipe_Cook (recipe_id, cook_id) VALUES (59, 89);

INSERT INTO Recipe_Cook (recipe_id, cook_id) VALUES (60, 89);

INSERT INTO Recipe_Cook (recipe_id, cook_id) VALUES (61, 89);

INSERT INTO Recipe_Cook (recipe_id, cook_id) VALUES (62, 89);

INSERT INTO Recipe_Cook (recipe_id, cook_id) VALUES (63, 89);

INSERT INTO Recipe_Cook (recipe_id, cook_id) VALUES (64, 89);

INSERT INTO Recipe_Cook (recipe_id, cook_id) VALUES (65, 89);

INSERT INTO Recipe_Cook (recipe_id, cook_id) VALUES (96, 89);

INSERT INTO Recipe_Cook (recipe_id, cook_id) VALUES (97, 89);

INSERT INTO Recipe_Cook (recipe_id, cook_id) VALUES (98, 89);

INSERT INTO Recipe_Cook (recipe_id, cook_id) VALUES (99, 89);

INSERT INTO Recipe_Cook (recipe_id, cook_id) VALUES (100, 89);

INSERT INTO Cook (user_id, first_name, last_name, phone_number, date_of_birth, years_of_experience, chef_status, image_id) VALUES (90, 'John','Farmer', 4854001770, '1993-04-11', 12, 'C', 418);

INSERT INTO Cook_National_Cuisine (cook_id, national_cuisine_id) VALUES (90, 15);

INSERT INTO Recipe_Cook (recipe_id, cook_id) VALUES (76, 90);

INSERT INTO Recipe_Cook (recipe_id, cook_id) VALUES (77, 90);

INSERT INTO Recipe_Cook (recipe_id, cook_id) VALUES (78, 90);

INSERT INTO Recipe_Cook (recipe_id, cook_id) VALUES (79, 90);

INSERT INTO Recipe_Cook (recipe_id, cook_id) VALUES (80, 90);

INSERT INTO Cook (user_id, first_name, last_name, phone_number, date_of_birth, years_of_experience, chef_status, image_id) VALUES (91, 'Ashley','Davis', 5990452292, '1988-10-07', 2, 'A', 419);

INSERT INTO Cook_National_Cuisine (cook_id, national_cuisine_id) VALUES (91, 7);

INSERT INTO Cook_National_Cuisine (cook_id, national_cuisine_id) VALUES (91, 8);

INSERT INTO Cook_National_Cuisine (cook_id, national_cuisine_id) VALUES (91, 12);

INSERT INTO Recipe_Cook (recipe_id, cook_id) VALUES (36, 91);

INSERT INTO Recipe_Cook (recipe_id, cook_id) VALUES (37, 91);

INSERT INTO Recipe_Cook (recipe_id, cook_id) VALUES (38, 91);

INSERT INTO Recipe_Cook (recipe_id, cook_id) VALUES (39, 91);

INSERT INTO Recipe_Cook (recipe_id, cook_id) VALUES (40, 91);

INSERT INTO Recipe_Cook (recipe_id, cook_id) VALUES (41, 91);

INSERT INTO Recipe_Cook (recipe_id, cook_id) VALUES (42, 91);

INSERT INTO Recipe_Cook (recipe_id, cook_id) VALUES (43, 91);

INSERT INTO Recipe_Cook (recipe_id, cook_id) VALUES (44, 91);

INSERT INTO Recipe_Cook (recipe_id, cook_id) VALUES (45, 91);

INSERT INTO Recipe_Cook (recipe_id, cook_id) VALUES (61, 91);

INSERT INTO Recipe_Cook (recipe_id, cook_id) VALUES (62, 91);

INSERT INTO Recipe_Cook (recipe_id, cook_id) VALUES (63, 91);

INSERT INTO Recipe_Cook (recipe_id, cook_id) VALUES (64, 91);

INSERT INTO Recipe_Cook (recipe_id, cook_id) VALUES (65, 91);

INSERT INTO Cook (user_id, first_name, last_name, phone_number, date_of_birth, years_of_experience, chef_status, image_id) VALUES (92, 'Michael','Clark', 2599915839, '1988-05-20', 13, 'sous chef', 420);

INSERT INTO Cook_National_Cuisine (cook_id, national_cuisine_id) VALUES (92, 12);

INSERT INTO Cook_National_Cuisine (cook_id, national_cuisine_id) VALUES (92, 19);

INSERT INTO Cook_National_Cuisine (cook_id, national_cuisine_id) VALUES (92, 1);

INSERT INTO Recipe_Cook (recipe_id, cook_id) VALUES (61, 92);

INSERT INTO Recipe_Cook (recipe_id, cook_id) VALUES (62, 92);

INSERT INTO Recipe_Cook (recipe_id, cook_id) VALUES (63, 92);

INSERT INTO Recipe_Cook (recipe_id, cook_id) VALUES (64, 92);

INSERT INTO Recipe_Cook (recipe_id, cook_id) VALUES (65, 92);

INSERT INTO Recipe_Cook (recipe_id, cook_id) VALUES (96, 92);

INSERT INTO Recipe_Cook (recipe_id, cook_id) VALUES (97, 92);

INSERT INTO Recipe_Cook (recipe_id, cook_id) VALUES (98, 92);

INSERT INTO Recipe_Cook (recipe_id, cook_id) VALUES (99, 92);

INSERT INTO Recipe_Cook (recipe_id, cook_id) VALUES (100, 92);

INSERT INTO Recipe_Cook (recipe_id, cook_id) VALUES (6, 92);

INSERT INTO Recipe_Cook (recipe_id, cook_id) VALUES (7, 92);

INSERT INTO Recipe_Cook (recipe_id, cook_id) VALUES (8, 92);

INSERT INTO Recipe_Cook (recipe_id, cook_id) VALUES (9, 92);

INSERT INTO Recipe_Cook (recipe_id, cook_id) VALUES (10, 92);

INSERT INTO Cook (user_id, first_name, last_name, phone_number, date_of_birth, years_of_experience, chef_status, image_id) VALUES (93, 'Michael','Mcintosh', 8935494983, '1986-09-17', 5, 'B', 421);

INSERT INTO Cook_National_Cuisine (cook_id, national_cuisine_id) VALUES (93, 8);

INSERT INTO Cook_National_Cuisine (cook_id, national_cuisine_id) VALUES (93, 19);

INSERT INTO Cook_National_Cuisine (cook_id, national_cuisine_id) VALUES (93, 4);

INSERT INTO Recipe_Cook (recipe_id, cook_id) VALUES (41, 93);

INSERT INTO Recipe_Cook (recipe_id, cook_id) VALUES (42, 93);

INSERT INTO Recipe_Cook (recipe_id, cook_id) VALUES (43, 93);

INSERT INTO Recipe_Cook (recipe_id, cook_id) VALUES (44, 93);

INSERT INTO Recipe_Cook (recipe_id, cook_id) VALUES (45, 93);

INSERT INTO Recipe_Cook (recipe_id, cook_id) VALUES (96, 93);

INSERT INTO Recipe_Cook (recipe_id, cook_id) VALUES (97, 93);

INSERT INTO Recipe_Cook (recipe_id, cook_id) VALUES (98, 93);

INSERT INTO Recipe_Cook (recipe_id, cook_id) VALUES (99, 93);

INSERT INTO Recipe_Cook (recipe_id, cook_id) VALUES (100, 93);

INSERT INTO Recipe_Cook (recipe_id, cook_id) VALUES (21, 93);

INSERT INTO Recipe_Cook (recipe_id, cook_id) VALUES (22, 93);

INSERT INTO Recipe_Cook (recipe_id, cook_id) VALUES (23, 93);

INSERT INTO Recipe_Cook (recipe_id, cook_id) VALUES (24, 93);

INSERT INTO Recipe_Cook (recipe_id, cook_id) VALUES (25, 93);

INSERT INTO Cook (user_id, first_name, last_name, phone_number, date_of_birth, years_of_experience, chef_status, image_id) VALUES (94, 'Luis','Davis', 6236717613, '1969-11-27', 7, 'A', 422);

INSERT INTO Cook_National_Cuisine (cook_id, national_cuisine_id) VALUES (94, 5);

INSERT INTO Cook_National_Cuisine (cook_id, national_cuisine_id) VALUES (94, 16);

INSERT INTO Cook_National_Cuisine (cook_id, national_cuisine_id) VALUES (94, 4);

INSERT INTO Recipe_Cook (recipe_id, cook_id) VALUES (26, 94);

INSERT INTO Recipe_Cook (recipe_id, cook_id) VALUES (27, 94);

INSERT INTO Recipe_Cook (recipe_id, cook_id) VALUES (28, 94);

INSERT INTO Recipe_Cook (recipe_id, cook_id) VALUES (29, 94);

INSERT INTO Recipe_Cook (recipe_id, cook_id) VALUES (30, 94);

INSERT INTO Recipe_Cook (recipe_id, cook_id) VALUES (81, 94);

INSERT INTO Recipe_Cook (recipe_id, cook_id) VALUES (82, 94);

INSERT INTO Recipe_Cook (recipe_id, cook_id) VALUES (83, 94);

INSERT INTO Recipe_Cook (recipe_id, cook_id) VALUES (84, 94);

INSERT INTO Recipe_Cook (recipe_id, cook_id) VALUES (85, 94);

INSERT INTO Recipe_Cook (recipe_id, cook_id) VALUES (21, 94);

INSERT INTO Recipe_Cook (recipe_id, cook_id) VALUES (22, 94);

INSERT INTO Recipe_Cook (recipe_id, cook_id) VALUES (23, 94);

INSERT INTO Recipe_Cook (recipe_id, cook_id) VALUES (24, 94);

INSERT INTO Recipe_Cook (recipe_id, cook_id) VALUES (25, 94);

INSERT INTO Cook (user_id, first_name, last_name, phone_number, date_of_birth, years_of_experience, chef_status, image_id) VALUES (95, 'Jennifer','Bush', 6258798875, '1989-05-01', 12, 'sous chef', 423);

INSERT INTO Cook_National_Cuisine (cook_id, national_cuisine_id) VALUES (95, 5);

INSERT INTO Recipe_Cook (recipe_id, cook_id) VALUES (26, 95);

INSERT INTO Recipe_Cook (recipe_id, cook_id) VALUES (27, 95);

INSERT INTO Recipe_Cook (recipe_id, cook_id) VALUES (28, 95);

INSERT INTO Recipe_Cook (recipe_id, cook_id) VALUES (29, 95);

INSERT INTO Recipe_Cook (recipe_id, cook_id) VALUES (30, 95);

INSERT INTO Cook (user_id, first_name, last_name, phone_number, date_of_birth, years_of_experience, chef_status, image_id) VALUES (96, 'Taylor','Savage', 6003918538, '1984-01-06', 13, 'C', 424);

INSERT INTO Cook_National_Cuisine (cook_id, national_cuisine_id) VALUES (96, 13);

INSERT INTO Cook_National_Cuisine (cook_id, national_cuisine_id) VALUES (96, 19);

INSERT INTO Recipe_Cook (recipe_id, cook_id) VALUES (66, 96);

INSERT INTO Recipe_Cook (recipe_id, cook_id) VALUES (67, 96);

INSERT INTO Recipe_Cook (recipe_id, cook_id) VALUES (68, 96);

INSERT INTO Recipe_Cook (recipe_id, cook_id) VALUES (69, 96);

INSERT INTO Recipe_Cook (recipe_id, cook_id) VALUES (70, 96);

INSERT INTO Recipe_Cook (recipe_id, cook_id) VALUES (96, 96);

INSERT INTO Recipe_Cook (recipe_id, cook_id) VALUES (97, 96);

INSERT INTO Recipe_Cook (recipe_id, cook_id) VALUES (98, 96);

INSERT INTO Recipe_Cook (recipe_id, cook_id) VALUES (99, 96);

INSERT INTO Recipe_Cook (recipe_id, cook_id) VALUES (100, 96);

INSERT INTO Cook (user_id, first_name, last_name, phone_number, date_of_birth, years_of_experience, chef_status, image_id) VALUES (97, 'William','Smith', 4549943136, '2000-01-13', 6, 'A', 425);

INSERT INTO Cook_National_Cuisine (cook_id, national_cuisine_id) VALUES (97, 12);

INSERT INTO Cook_National_Cuisine (cook_id, national_cuisine_id) VALUES (97, 8);

INSERT INTO Recipe_Cook (recipe_id, cook_id) VALUES (61, 97);

INSERT INTO Recipe_Cook (recipe_id, cook_id) VALUES (62, 97);

INSERT INTO Recipe_Cook (recipe_id, cook_id) VALUES (63, 97);

INSERT INTO Recipe_Cook (recipe_id, cook_id) VALUES (64, 97);

INSERT INTO Recipe_Cook (recipe_id, cook_id) VALUES (65, 97);

INSERT INTO Recipe_Cook (recipe_id, cook_id) VALUES (41, 97);

INSERT INTO Recipe_Cook (recipe_id, cook_id) VALUES (42, 97);

INSERT INTO Recipe_Cook (recipe_id, cook_id) VALUES (43, 97);

INSERT INTO Recipe_Cook (recipe_id, cook_id) VALUES (44, 97);

INSERT INTO Recipe_Cook (recipe_id, cook_id) VALUES (45, 97);

INSERT INTO Cook (user_id, first_name, last_name, phone_number, date_of_birth, years_of_experience, chef_status, image_id) VALUES (98, 'Rebecca','Esparza', 3555901925, '1983-01-24', 2, 'B', 426);

INSERT INTO Cook_National_Cuisine (cook_id, national_cuisine_id) VALUES (98, 13);

INSERT INTO Cook_National_Cuisine (cook_id, national_cuisine_id) VALUES (98, 19);

INSERT INTO Recipe_Cook (recipe_id, cook_id) VALUES (66, 98);

INSERT INTO Recipe_Cook (recipe_id, cook_id) VALUES (67, 98);

INSERT INTO Recipe_Cook (recipe_id, cook_id) VALUES (68, 98);

INSERT INTO Recipe_Cook (recipe_id, cook_id) VALUES (69, 98);

INSERT INTO Recipe_Cook (recipe_id, cook_id) VALUES (70, 98);

INSERT INTO Recipe_Cook (recipe_id, cook_id) VALUES (96, 98);

INSERT INTO Recipe_Cook (recipe_id, cook_id) VALUES (97, 98);

INSERT INTO Recipe_Cook (recipe_id, cook_id) VALUES (98, 98);

INSERT INTO Recipe_Cook (recipe_id, cook_id) VALUES (99, 98);

INSERT INTO Recipe_Cook (recipe_id, cook_id) VALUES (100, 98);

INSERT INTO Cook (user_id, first_name, last_name, phone_number, date_of_birth, years_of_experience, chef_status, image_id) VALUES (99, 'Anthony','Lopez', 2087846168, '1965-02-22', 15, 'B', 427);

INSERT INTO Cook_National_Cuisine (cook_id, national_cuisine_id) VALUES (99, 2);

INSERT INTO Recipe_Cook (recipe_id, cook_id) VALUES (11, 99);

INSERT INTO Recipe_Cook (recipe_id, cook_id) VALUES (12, 99);

INSERT INTO Recipe_Cook (recipe_id, cook_id) VALUES (13, 99);

INSERT INTO Recipe_Cook (recipe_id, cook_id) VALUES (14, 99);

INSERT INTO Recipe_Cook (recipe_id, cook_id) VALUES (15, 99);

INSERT INTO Cook (user_id, first_name, last_name, phone_number, date_of_birth, years_of_experience, chef_status, image_id) VALUES (100, 'Robert','Padilla', 5685420642, '1980-01-10', 7, 'chef', 428);

INSERT INTO Cook_National_Cuisine (cook_id, national_cuisine_id) VALUES (100, 16);

INSERT INTO Cook_National_Cuisine (cook_id, national_cuisine_id) VALUES (100, 5);

INSERT INTO Recipe_Cook (recipe_id, cook_id) VALUES (81, 100);

INSERT INTO Recipe_Cook (recipe_id, cook_id) VALUES (82, 100);

INSERT INTO Recipe_Cook (recipe_id, cook_id) VALUES (83, 100);

INSERT INTO Recipe_Cook (recipe_id, cook_id) VALUES (84, 100);

INSERT INTO Recipe_Cook (recipe_id, cook_id) VALUES (85, 100);

INSERT INTO Recipe_Cook (recipe_id, cook_id) VALUES (26, 100);

INSERT INTO Recipe_Cook (recipe_id, cook_id) VALUES (27, 100);

INSERT INTO Recipe_Cook (recipe_id, cook_id) VALUES (28, 100);

INSERT INTO Recipe_Cook (recipe_id, cook_id) VALUES (29, 100);

INSERT INTO Recipe_Cook (recipe_id, cook_id) VALUES (30, 100);
