#insert 50 equipment
INSERT INTO Equipment (name, description, image_id) VALUES ('apron', 'Structure return focus team. Hundred environmental admit build address third sound.', 478);
INSERT INTO Equipment (name, description, image_id) VALUES ('blender', 'Already born thing image. Language production back get others we bad point.', 479);
INSERT INTO Equipment (name, description, image_id) VALUES ('bottle', 'Foreign series however staff.', 480);
INSERT INTO Equipment (name, description, image_id) VALUES ('bottle opener', 'Fire activity difficult health to others.', 481);
INSERT INTO Equipment (name, description, image_id) VALUES ('bowl', 'Toward audience exist something pull but population oil.', 482);
INSERT INTO Equipment (name, description, image_id) VALUES ('butter knife', 'Character skin bit wife husband green pay apply.', 483);
INSERT INTO Equipment (name, description, image_id) VALUES ('cake slicer', 'Student knowledge stand human travel figure fall.', 484);
INSERT INTO Equipment (name, description, image_id) VALUES ('chopsticks', 'Seek street charge our. Themselves artist company opportunity act source.', 485);
INSERT INTO Equipment (name, description, image_id) VALUES ('colander', 'Note may type although.', 486);
INSERT INTO Equipment (name, description, image_id) VALUES ('cleaver', 'Us hour hot late different beyond.', 487);
INSERT INTO Equipment (name, description, image_id) VALUES ('microwave', 'Structure have truth instead sure.', 488);
INSERT INTO Equipment (name, description, image_id) VALUES ('corkscrew', 'Industry same already exactly together. Region often throughout author.', 489);
INSERT INTO Equipment (name, description, image_id) VALUES ('cup', 'Of recently because although. Local beyond bit well case role.', 490);
INSERT INTO Equipment (name, description, image_id) VALUES ('cultery', 'Her suffer picture method concern begin.', 491);
INSERT INTO Equipment (name, description, image_id) VALUES ('cutting board', 'No recognize cup their fire. Reach we effect around technology during between.', 492);
INSERT INTO Equipment (name, description, image_id) VALUES ('funnel', 'Ask arm establish suddenly choice. Bed according off around discussion.', 493);
INSERT INTO Equipment (name, description, image_id) VALUES ('dish rack', 'Bit major discover as action painting.', 494);
INSERT INTO Equipment (name, description, image_id) VALUES ('egg slicer', 'Minute according drive hour letter. Money north law trial.', 495);
INSERT INTO Equipment (name, description, image_id) VALUES ('deep fryer', 'Participant sign enough north. Break nearly establish full discussion.', 496);
INSERT INTO Equipment (name, description, image_id) VALUES ('garlic crusher', 'Add happy drive later reach order.', 497);
INSERT INTO Equipment (name, description, image_id) VALUES ('kitchen paper', 'Look again air left personal million city now.', 498);
INSERT INTO Equipment (name, description, image_id) VALUES ('gas stove', 'Interesting win floor six shoulder fight me usually.', 499);
INSERT INTO Equipment (name, description, image_id) VALUES ('grater', 'Where next blood able buy peace us.', 500);
INSERT INTO Equipment (name, description, image_id) VALUES ('hot pot', 'House agree reality arrive building involve wind. Deal should rate.', 501);
INSERT INTO Equipment (name, description, image_id) VALUES ('jar', 'Already direction interest wish. Technology dog son base just.', 502);
INSERT INTO Equipment (name, description, image_id) VALUES ('fork', 'West conference back always hard.', 503);
INSERT INTO Equipment (name, description, image_id) VALUES ('knife', 'Nice small reveal charge bank training machine. Still property beat result dark simply far.', 504);
INSERT INTO Equipment (name, description, image_id) VALUES ('juicer', 'At religious lay go mouth. Break soon behind boy.', 505);
INSERT INTO Equipment (name, description, image_id) VALUES ('kitchen towel', 'Hospital second fast medical view citizen economic whole. Pattern law painting car those agency tree.', 506);
INSERT INTO Equipment (name, description, image_id) VALUES ('kitchen scissors', 'List better TV analysis significant. She agency box sport mouth.', 507);
INSERT INTO Equipment (name, description, image_id) VALUES ('jug', 'Recent prove affect.', 508);
INSERT INTO Equipment (name, description, image_id) VALUES ('kettle', 'Risk skill interesting break group authority exactly. Hand from hospital how.', 509);
INSERT INTO Equipment (name, description, image_id) VALUES ('oven gloves', 'Technology specific itself.', 510);
INSERT INTO Equipment (name, description, image_id) VALUES ('knife set', 'Team myself either as seek.', 511);
INSERT INTO Equipment (name, description, image_id) VALUES ('ladle', 'Someone again from education brother. Class little level behavior young foreign.', 512);
INSERT INTO Equipment (name, description, image_id) VALUES ('lemon squeezer', 'Again between shake peace talk.', 513);
INSERT INTO Equipment (name, description, image_id) VALUES ('matchbox', 'Very leg economy prevent usually book friend. Risk art painting moment.', 514);
INSERT INTO Equipment (name, description, image_id) VALUES ('measuring cup', 'Husband fight everyone once simply mean.', 515);
INSERT INTO Equipment (name, description, image_id) VALUES ('mixer', 'End none various effort worry treat. Bar trip eye friend woman.', 516);
INSERT INTO Equipment (name, description, image_id) VALUES ('sieve', 'Shake do they seem store authority year.', 517);
INSERT INTO Equipment (name, description, image_id) VALUES ('spatula', 'Question among marriage property argue light adult.', 518);
INSERT INTO Equipment (name, description, image_id) VALUES ('napkin', 'Choice leave service gun. Teach term magazine war.', 519);
INSERT INTO Equipment (name, description, image_id) VALUES ('wok', 'Approach artist for upon sure actually thank.', 520);
INSERT INTO Equipment (name, description, image_id) VALUES ('whisk', 'Nice their program support none hope.', 521);
INSERT INTO Equipment (name, description, image_id) VALUES ('perforated spoon', 'Create fact size painting president now.', 522);
INSERT INTO Equipment (name, description, image_id) VALUES ('peeler', 'Foot fund you theory seat control weight our. Gun budget really security.', 523);
INSERT INTO Equipment (name, description, image_id) VALUES ('peppermill', 'Record air decision paper travel to. Person free compare various father right.', 524);
INSERT INTO Equipment (name, description, image_id) VALUES ('rolling pin', 'Spend course ball table.', 525);
INSERT INTO Equipment (name, description, image_id) VALUES ('pizza cutter', 'Possible however some everybody tonight live choose begin. Teach break maybe.', 526);
INSERT INTO Equipment (name, description, image_id) VALUES ('potato masher', 'Together girl not street vote.', 527);

#insert 15 thematic units
INSERT INTO Thematic_Unit (name, description, image_id) VALUES ('Comfort Classics', 'Includes recipes for beloved comfort foods like macaroni and cheese, meatloaf, and chicken pot pie.', 13);
INSERT INTO Thematic_Unit (name, description, image_id) VALUES ('Global Cuisine', 'Features recipes from around the world, such as Italian pasta dishes, Mexican tacos, Indian curries, and Japanese sushi.', 14);
INSERT INTO Thematic_Unit (name, description, image_id) VALUES ('Healthy Eats', 'Focuses on nutritious recipes with fresh ingredients, including salads, smoothies, grain bowls, and lean protein options.', 15);
INSERT INTO Thematic_Unit (name, description, image_id) VALUES ('Vegetarian Delights', 'Offers flavorful vegetarian recipes like stuffed peppers, vegetable stir-fries, lentil soups, and tofu dishes.', 16);
INSERT INTO Thematic_Unit (name, description, image_id) VALUES ('Plant-Based Power', 'Highlights recipes that are entirely plant-based, including vegan burgers, buddha bowls, grain salads, and dairy-free desserts.', 17);
INSERT INTO Thematic_Unit (name, description, image_id) VALUES ('Weeknight Wonders', 'Provides quick and easy recipes suitable for busy weeknights, such as one-pot meals, sheet pan dinners, and 30-minute recipes.', 18);
INSERT INTO Thematic_Unit (name, description, image_id) VALUES ('Brunch Bonanza', 'Features recipes perfect for brunch gatherings, such as quiches, frittatas, pancakes, and brunch cocktails.', 19);
INSERT INTO Thematic_Unit (name, description, image_id) VALUES ('Sweet Treats', 'Showcases indulgent dessert recipes like cakes, cookies, pies, ice creams, and decadent chocolate creations.', 20);
INSERT INTO Thematic_Unit (name, description, image_id) VALUES ('Family Favorites', 'Includes recipes that are kid-friendly and loved by the whole family, such as spaghetti and meatballs, pizza, tacos, and homemade burgers.', 21);
INSERT INTO Thematic_Unit (name, description, image_id) VALUES ('Party Pleasers', 'Offers recipes suitable for entertaining, including appetizers, finger foods, cocktails, and elegant desserts.', 22);
INSERT INTO Thematic_Unit (name, description, image_id) VALUES ('Slow Cooker Creations', 'Features recipes designed for slow cookers and crockpots, such as hearty stews, soups, and tender meat dishes.', 23);
INSERT INTO Thematic_Unit (name, description, image_id) VALUES ('Grilling Greats', 'Showcases recipes for outdoor grilling, including barbecue ribs, grilled vegetables, seafood skewers, and marinades.', 24);
INSERT INTO Thematic_Unit (name, description, image_id) VALUES ('Soup and Stew Spectacular', 'Focuses on comforting soups, stews, and chilis, including classics like chicken noodle soup, beef stew, and vegetarian chili.', 25);
INSERT INTO Thematic_Unit (name, description, image_id) VALUES ('Holiday Feasts', 'Provides recipes suitable for festive occasions and holiday gatherings, including Thanksgiving turkey, Christmas ham, and Easter brunch ideas.', 26);
INSERT INTO Thematic_Unit (name, description, image_id) VALUES ('DIY Basics', 'Offers recipes and techniques for homemade pantry staples like bread, pasta, sauces, stocks, and condiments.', 27);

#insert 100 cooks + 1,2,3 Cook_National_cuisines for each cook
INSERT INTO Cook (user_id, first_name, last_name, phone_number, date_of_birth, years_of_experience, chef_status, image_id) VALUES (0, 'Tiffany','Vargas', 4177102232107, 1975-06-06, 3, 'C', 328);

INSERT INTO Cook_National_Cuisine (cook_id, national_cuisine_id) VALUES (0, 3);

INSERT INTO Cook_National_Cuisine (cook_id, national_cuisine_id) VALUES (0, 9);

INSERT INTO Cook (user_id, first_name, last_name, phone_number, date_of_birth, years_of_experience, chef_status, image_id) VALUES (1, 'Billy','Fox', 4915693663108, 1979-07-22, 11, 'C', 329);

INSERT INTO Cook_National_Cuisine (cook_id, national_cuisine_id) VALUES (1, 8);

INSERT INTO Cook_National_Cuisine (cook_id, national_cuisine_id) VALUES (1, 18);

INSERT INTO Cook (user_id, first_name, last_name, phone_number, date_of_birth, years_of_experience, chef_status, image_id) VALUES (2, 'Mark','Holt', 0801028938087, 1971-03-04, 8, 'A', 330);

INSERT INTO Cook_National_Cuisine (cook_id, national_cuisine_id) VALUES (2, 3);

INSERT INTO Cook_National_Cuisine (cook_id, national_cuisine_id) VALUES (2, 14);

INSERT INTO Cook_National_Cuisine (cook_id, national_cuisine_id) VALUES (2, 8);

INSERT INTO Cook (user_id, first_name, last_name, phone_number, date_of_birth, years_of_experience, chef_status, image_id) VALUES (3, 'Caitlin','Velazquez', 8249561659779, 1987-07-24, 11, 'A', 331);

INSERT INTO Cook_National_Cuisine (cook_id, national_cuisine_id) VALUES (3, 18);

INSERT INTO Cook_National_Cuisine (cook_id, national_cuisine_id) VALUES (3, 14);

INSERT INTO Cook (user_id, first_name, last_name, phone_number, date_of_birth, years_of_experience, chef_status, image_id) VALUES (4, 'Laura','Perez', 5658402687405, 1977-05-18, 29, 'B', 332);

INSERT INTO Cook_National_Cuisine (cook_id, national_cuisine_id) VALUES (4, 3);

INSERT INTO Cook_National_Cuisine (cook_id, national_cuisine_id) VALUES (4, 17);

INSERT INTO Cook (user_id, first_name, last_name, phone_number, date_of_birth, years_of_experience, chef_status, image_id) VALUES (5, 'Ricardo','Taylor', 8899352857917, 1984-08-16, 21, 'sous chef', 333);

INSERT INTO Cook_National_Cuisine (cook_id, national_cuisine_id) VALUES (5, 12);

INSERT INTO Cook_National_Cuisine (cook_id, national_cuisine_id) VALUES (5, 1);

INSERT INTO Cook (user_id, first_name, last_name, phone_number, date_of_birth, years_of_experience, chef_status, image_id) VALUES (6, 'Lisa','Walker', 7113091450769, 1968-10-08, 5, 'A', 334);

INSERT INTO Cook_National_Cuisine (cook_id, national_cuisine_id) VALUES (6, 10);

INSERT INTO Cook_National_Cuisine (cook_id, national_cuisine_id) VALUES (6, 5);

INSERT INTO Cook (user_id, first_name, last_name, phone_number, date_of_birth, years_of_experience, chef_status, image_id) VALUES (7, 'Jessica','Smith', 2076893744701, 1987-01-28, 19, 'chef', 335);

INSERT INTO Cook_National_Cuisine (cook_id, national_cuisine_id) VALUES (7, 15);

INSERT INTO Cook_National_Cuisine (cook_id, national_cuisine_id) VALUES (7, 3);

INSERT INTO Cook (user_id, first_name, last_name, phone_number, date_of_birth, years_of_experience, chef_status, image_id) VALUES (8, 'Anna','Vazquez', 2577554253517, 1992-08-27, 13, 'A', 336);

INSERT INTO Cook_National_Cuisine (cook_id, national_cuisine_id) VALUES (8, 12);

INSERT INTO Cook_National_Cuisine (cook_id, national_cuisine_id) VALUES (8, 5);

INSERT INTO Cook_National_Cuisine (cook_id, national_cuisine_id) VALUES (8, 3);

INSERT INTO Cook (user_id, first_name, last_name, phone_number, date_of_birth, years_of_experience, chef_status, image_id) VALUES (9, 'David','Barker', 5238418004031, 1967-01-11, 30, 'B', 337);

INSERT INTO Cook_National_Cuisine (cook_id, national_cuisine_id) VALUES (9, 11);

INSERT INTO Cook (user_id, first_name, last_name, phone_number, date_of_birth, years_of_experience, chef_status, image_id) VALUES (10, 'David','Benson', 9773227081289, 1979-03-17, 19, 'C', 338);

INSERT INTO Cook_National_Cuisine (cook_id, national_cuisine_id) VALUES (10, 17);

INSERT INTO Cook_National_Cuisine (cook_id, national_cuisine_id) VALUES (10, 6);

INSERT INTO Cook (user_id, first_name, last_name, phone_number, date_of_birth, years_of_experience, chef_status, image_id) VALUES (11, 'Brandon','Webb', 6526612542916, 1971-09-18, 12, 'C', 339);

INSERT INTO Cook_National_Cuisine (cook_id, national_cuisine_id) VALUES (11, 1);

INSERT INTO Cook_National_Cuisine (cook_id, national_cuisine_id) VALUES (11, 6);

INSERT INTO Cook (user_id, first_name, last_name, phone_number, date_of_birth, years_of_experience, chef_status, image_id) VALUES (12, 'Aaron','Bell', 7707113468145, 1978-06-17, 8, 'C', 340);

INSERT INTO Cook_National_Cuisine (cook_id, national_cuisine_id) VALUES (12, 15);

INSERT INTO Cook_National_Cuisine (cook_id, national_cuisine_id) VALUES (12, 11);

INSERT INTO Cook (user_id, first_name, last_name, phone_number, date_of_birth, years_of_experience, chef_status, image_id) VALUES (13, 'Steven','Ward', 0786401646253, 1988-08-26, 15, 'B', 341);

INSERT INTO Cook_National_Cuisine (cook_id, national_cuisine_id) VALUES (13, 6);

INSERT INTO Cook (user_id, first_name, last_name, phone_number, date_of_birth, years_of_experience, chef_status, image_id) VALUES (14, 'Charles','Lester', 1331342735699, 1964-04-20, 34, 'C', 342);

INSERT INTO Cook_National_Cuisine (cook_id, national_cuisine_id) VALUES (14, 8);

INSERT INTO Cook (user_id, first_name, last_name, phone_number, date_of_birth, years_of_experience, chef_status, image_id) VALUES (15, 'Danielle','Garner', 4830357173628, 1990-10-02, 15, 'B', 343);

INSERT INTO Cook_National_Cuisine (cook_id, national_cuisine_id) VALUES (15, 19);

INSERT INTO Cook_National_Cuisine (cook_id, national_cuisine_id) VALUES (15, 1);

INSERT INTO Cook (user_id, first_name, last_name, phone_number, date_of_birth, years_of_experience, chef_status, image_id) VALUES (16, 'Kathy','Hurst', 1055536012389, 1990-06-09, 7, 'sous chef', 344);

INSERT INTO Cook_National_Cuisine (cook_id, national_cuisine_id) VALUES (16, 19);

INSERT INTO Cook_National_Cuisine (cook_id, national_cuisine_id) VALUES (16, 12);

INSERT INTO Cook (user_id, first_name, last_name, phone_number, date_of_birth, years_of_experience, chef_status, image_id) VALUES (17, 'Thomas','Phillips', 8014330313800, 1970-12-16, 32, 'sous chef', 345);

INSERT INTO Cook_National_Cuisine (cook_id, national_cuisine_id) VALUES (17, 1);

INSERT INTO Cook_National_Cuisine (cook_id, national_cuisine_id) VALUES (17, 14);

INSERT INTO Cook_National_Cuisine (cook_id, national_cuisine_id) VALUES (17, 17);

INSERT INTO Cook (user_id, first_name, last_name, phone_number, date_of_birth, years_of_experience, chef_status, image_id) VALUES (18, 'David','Olson', 4265212016847, 1975-03-09, 23, 'C', 346);

INSERT INTO Cook_National_Cuisine (cook_id, national_cuisine_id) VALUES (18, 6);

INSERT INTO Cook_National_Cuisine (cook_id, national_cuisine_id) VALUES (18, 1);

INSERT INTO Cook (user_id, first_name, last_name, phone_number, date_of_birth, years_of_experience, chef_status, image_id) VALUES (19, 'Kristin','Lewis', 2506435343308, 1968-06-04, 27, 'C', 347);

INSERT INTO Cook_National_Cuisine (cook_id, national_cuisine_id) VALUES (19, 14);

INSERT INTO Cook_National_Cuisine (cook_id, national_cuisine_id) VALUES (19, 17);

INSERT INTO Cook_National_Cuisine (cook_id, national_cuisine_id) VALUES (19, 1);

INSERT INTO Cook (user_id, first_name, last_name, phone_number, date_of_birth, years_of_experience, chef_status, image_id) VALUES (20, 'Brian','Price', 2925883413676, 1966-03-02, 2, 'B', 348);

INSERT INTO Cook_National_Cuisine (cook_id, national_cuisine_id) VALUES (20, 5);

INSERT INTO Cook (user_id, first_name, last_name, phone_number, date_of_birth, years_of_experience, chef_status, image_id) VALUES (21, 'Pamela','Guerrero', 4461391708175, 1973-02-06, 3, 'A', 349);

INSERT INTO Cook_National_Cuisine (cook_id, national_cuisine_id) VALUES (21, 17);

INSERT INTO Cook (user_id, first_name, last_name, phone_number, date_of_birth, years_of_experience, chef_status, image_id) VALUES (22, 'Jessica','Hall', 5159095931688, 1978-01-08, 23, 'A', 350);

INSERT INTO Cook_National_Cuisine (cook_id, national_cuisine_id) VALUES (22, 6);

INSERT INTO Cook_National_Cuisine (cook_id, national_cuisine_id) VALUES (22, 1);

INSERT INTO Cook (user_id, first_name, last_name, phone_number, date_of_birth, years_of_experience, chef_status, image_id) VALUES (23, 'Alan','Petty', 8585017859218, 1968-12-20, 23, 'B', 351);

INSERT INTO Cook_National_Cuisine (cook_id, national_cuisine_id) VALUES (23, 7);

INSERT INTO Cook_National_Cuisine (cook_id, national_cuisine_id) VALUES (23, 6);

INSERT INTO Cook_National_Cuisine (cook_id, national_cuisine_id) VALUES (23, 8);

INSERT INTO Cook (user_id, first_name, last_name, phone_number, date_of_birth, years_of_experience, chef_status, image_id) VALUES (24, 'Lauren','Alvarez', 1390048140269, 2000-06-05, 3, 'sous chef', 352);

INSERT INTO Cook_National_Cuisine (cook_id, national_cuisine_id) VALUES (24, 9);

INSERT INTO Cook (user_id, first_name, last_name, phone_number, date_of_birth, years_of_experience, chef_status, image_id) VALUES (25, 'Dennis','Franklin', 8654532752284, 1981-04-02, 11, 'A', 353);

INSERT INTO Cook_National_Cuisine (cook_id, national_cuisine_id) VALUES (25, 12);

INSERT INTO Cook_National_Cuisine (cook_id, national_cuisine_id) VALUES (25, 13);

INSERT INTO Cook_National_Cuisine (cook_id, national_cuisine_id) VALUES (25, 9);

INSERT INTO Cook (user_id, first_name, last_name, phone_number, date_of_birth, years_of_experience, chef_status, image_id) VALUES (26, 'Heather','Smith', 8687370633690, 1966-03-23, 25, 'B', 354);

INSERT INTO Cook_National_Cuisine (cook_id, national_cuisine_id) VALUES (26, 19);

INSERT INTO Cook (user_id, first_name, last_name, phone_number, date_of_birth, years_of_experience, chef_status, image_id) VALUES (27, 'Jeffrey','Bell', 4950369462865, 1966-09-28, 25, 'B', 355);

INSERT INTO Cook_National_Cuisine (cook_id, national_cuisine_id) VALUES (27, 14);

INSERT INTO Cook (user_id, first_name, last_name, phone_number, date_of_birth, years_of_experience, chef_status, image_id) VALUES (28, 'Steven','Chapman', 7613704660674, 1990-11-14, 7, 'C', 356);

INSERT INTO Cook_National_Cuisine (cook_id, national_cuisine_id) VALUES (28, 5);

INSERT INTO Cook (user_id, first_name, last_name, phone_number, date_of_birth, years_of_experience, chef_status, image_id) VALUES (29, 'Victoria','Stewart', 7070560024792, 1976-03-09, 14, 'A', 357);

INSERT INTO Cook_National_Cuisine (cook_id, national_cuisine_id) VALUES (29, 9);

INSERT INTO Cook_National_Cuisine (cook_id, national_cuisine_id) VALUES (29, 14);

INSERT INTO Cook_National_Cuisine (cook_id, national_cuisine_id) VALUES (29, 11);

INSERT INTO Cook (user_id, first_name, last_name, phone_number, date_of_birth, years_of_experience, chef_status, image_id) VALUES (30, 'Jennifer','Mcmahon', 3158286091315, 1979-08-03, 25, 'C', 358);

INSERT INTO Cook_National_Cuisine (cook_id, national_cuisine_id) VALUES (30, 15);

INSERT INTO Cook_National_Cuisine (cook_id, national_cuisine_id) VALUES (30, 14);

INSERT INTO Cook (user_id, first_name, last_name, phone_number, date_of_birth, years_of_experience, chef_status, image_id) VALUES (31, 'Chad','Fisher', 0507047984075, 1996-08-24, 4, 'C', 359);

INSERT INTO Cook_National_Cuisine (cook_id, national_cuisine_id) VALUES (31, 9);

INSERT INTO Cook_National_Cuisine (cook_id, national_cuisine_id) VALUES (31, 3);

INSERT INTO Cook_National_Cuisine (cook_id, national_cuisine_id) VALUES (31, 6);

INSERT INTO Cook (user_id, first_name, last_name, phone_number, date_of_birth, years_of_experience, chef_status, image_id) VALUES (32, 'Rebecca','Williams', 2241717669104, 1992-02-29, 1, 'C', 360);

INSERT INTO Cook_National_Cuisine (cook_id, national_cuisine_id) VALUES (32, 12);

INSERT INTO Cook (user_id, first_name, last_name, phone_number, date_of_birth, years_of_experience, chef_status, image_id) VALUES (33, 'Lisa','Walters', 9378967871332, 1965-11-28, 39, 'A', 361);

INSERT INTO Cook_National_Cuisine (cook_id, national_cuisine_id) VALUES (33, 11);

INSERT INTO Cook_National_Cuisine (cook_id, national_cuisine_id) VALUES (33, 15);

INSERT INTO Cook (user_id, first_name, last_name, phone_number, date_of_birth, years_of_experience, chef_status, image_id) VALUES (34, 'Katherine','Brennan', 6941905499708, 1979-04-10, 15, 'B', 362);

INSERT INTO Cook_National_Cuisine (cook_id, national_cuisine_id) VALUES (34, 17);

INSERT INTO Cook_National_Cuisine (cook_id, national_cuisine_id) VALUES (34, 2);

INSERT INTO Cook (user_id, first_name, last_name, phone_number, date_of_birth, years_of_experience, chef_status, image_id) VALUES (35, 'Jamie','Campbell', 2966249042989, 1970-08-01, 11, 'B', 363);

INSERT INTO Cook_National_Cuisine (cook_id, national_cuisine_id) VALUES (35, 17);

INSERT INTO Cook (user_id, first_name, last_name, phone_number, date_of_birth, years_of_experience, chef_status, image_id) VALUES (36, 'Nicholas','Martinez', 7169569566682, 1965-05-08, 23, 'sous chef', 364);

INSERT INTO Cook_National_Cuisine (cook_id, national_cuisine_id) VALUES (36, 4);

INSERT INTO Cook (user_id, first_name, last_name, phone_number, date_of_birth, years_of_experience, chef_status, image_id) VALUES (37, 'Amy','Johnson', 4609741893819, 1989-12-11, 13, 'A', 365);

INSERT INTO Cook_National_Cuisine (cook_id, national_cuisine_id) VALUES (37, 16);

INSERT INTO Cook (user_id, first_name, last_name, phone_number, date_of_birth, years_of_experience, chef_status, image_id) VALUES (38, 'Vanessa','Conley', 1152296001749, 1985-07-29, 16, 'A', 366);

INSERT INTO Cook_National_Cuisine (cook_id, national_cuisine_id) VALUES (38, 15);

INSERT INTO Cook (user_id, first_name, last_name, phone_number, date_of_birth, years_of_experience, chef_status, image_id) VALUES (39, 'David','Morgan', 3932172241846, 1964-09-23, 29, 'chef', 367);

INSERT INTO Cook_National_Cuisine (cook_id, national_cuisine_id) VALUES (39, 10);

INSERT INTO Cook_National_Cuisine (cook_id, national_cuisine_id) VALUES (39, 11);

INSERT INTO Cook_National_Cuisine (cook_id, national_cuisine_id) VALUES (39, 17);

INSERT INTO Cook (user_id, first_name, last_name, phone_number, date_of_birth, years_of_experience, chef_status, image_id) VALUES (40, 'Dana','Anderson', 4935639974565, 2000-11-01, 2, 'B', 368);

INSERT INTO Cook_National_Cuisine (cook_id, national_cuisine_id) VALUES (40, 5);

INSERT INTO Cook_National_Cuisine (cook_id, national_cuisine_id) VALUES (40, 3);

INSERT INTO Cook_National_Cuisine (cook_id, national_cuisine_id) VALUES (40, 15);

INSERT INTO Cook (user_id, first_name, last_name, phone_number, date_of_birth, years_of_experience, chef_status, image_id) VALUES (41, 'Corey','Holmes', 8154748336271, 1973-09-18, 17, 'B', 369);

INSERT INTO Cook_National_Cuisine (cook_id, national_cuisine_id) VALUES (41, 10);

INSERT INTO Cook (user_id, first_name, last_name, phone_number, date_of_birth, years_of_experience, chef_status, image_id) VALUES (42, 'Jacob','Crawford', 5309797549122, 1998-12-06, 1, 'sous chef', 370);

INSERT INTO Cook_National_Cuisine (cook_id, national_cuisine_id) VALUES (42, 17);

INSERT INTO Cook_National_Cuisine (cook_id, national_cuisine_id) VALUES (42, 14);

INSERT INTO Cook (user_id, first_name, last_name, phone_number, date_of_birth, years_of_experience, chef_status, image_id) VALUES (43, 'Eric','Hernandez', 3145920200277, 1968-08-03, 18, 'chef', 371);

INSERT INTO Cook_National_Cuisine (cook_id, national_cuisine_id) VALUES (43, 9);

INSERT INTO Cook (user_id, first_name, last_name, phone_number, date_of_birth, years_of_experience, chef_status, image_id) VALUES (44, 'Craig','Benjamin', 3818471822943, 1960-06-12, 39, 'A', 372);

INSERT INTO Cook_National_Cuisine (cook_id, national_cuisine_id) VALUES (44, 13);

INSERT INTO Cook_National_Cuisine (cook_id, national_cuisine_id) VALUES (44, 18);

INSERT INTO Cook (user_id, first_name, last_name, phone_number, date_of_birth, years_of_experience, chef_status, image_id) VALUES (45, 'Kevin','Smith', 8035401595977, 1989-08-22, 4, 'chef', 373);

INSERT INTO Cook_National_Cuisine (cook_id, national_cuisine_id) VALUES (45, 17);

INSERT INTO Cook_National_Cuisine (cook_id, national_cuisine_id) VALUES (45, 5);

INSERT INTO Cook (user_id, first_name, last_name, phone_number, date_of_birth, years_of_experience, chef_status, image_id) VALUES (46, 'Jeffrey','Lewis', 2780992297212, 1996-03-10, 6, 'C', 374);

INSERT INTO Cook_National_Cuisine (cook_id, national_cuisine_id) VALUES (46, 17);

INSERT INTO Cook_National_Cuisine (cook_id, national_cuisine_id) VALUES (46, 1);

INSERT INTO Cook (user_id, first_name, last_name, phone_number, date_of_birth, years_of_experience, chef_status, image_id) VALUES (47, 'Jason','Barajas', 2635622066404, 1990-09-11, 8, 'A', 375);

INSERT INTO Cook_National_Cuisine (cook_id, national_cuisine_id) VALUES (47, 7);

INSERT INTO Cook (user_id, first_name, last_name, phone_number, date_of_birth, years_of_experience, chef_status, image_id) VALUES (48, 'Maria','Short', 1096553932814, 1996-08-27, 1, 'sous chef', 376);

INSERT INTO Cook_National_Cuisine (cook_id, national_cuisine_id) VALUES (48, 6);

INSERT INTO Cook_National_Cuisine (cook_id, national_cuisine_id) VALUES (48, 10);

INSERT INTO Cook (user_id, first_name, last_name, phone_number, date_of_birth, years_of_experience, chef_status, image_id) VALUES (49, 'Sharon','Evans', 9605965527365, 1986-09-12, 18, 'A', 377);

INSERT INTO Cook_National_Cuisine (cook_id, national_cuisine_id) VALUES (49, 4);

INSERT INTO Cook (user_id, first_name, last_name, phone_number, date_of_birth, years_of_experience, chef_status, image_id) VALUES (50, 'Jacob','Johnson', 5083032343596, 1988-08-22, 3, 'sous chef', 378);

INSERT INTO Cook_National_Cuisine (cook_id, national_cuisine_id) VALUES (50, 12);

INSERT INTO Cook (user_id, first_name, last_name, phone_number, date_of_birth, years_of_experience, chef_status, image_id) VALUES (51, 'Sandra','Mitchell', 6227398691185, 1994-12-18, 5, 'B', 379);

INSERT INTO Cook_National_Cuisine (cook_id, national_cuisine_id) VALUES (51, 18);

INSERT INTO Cook (user_id, first_name, last_name, phone_number, date_of_birth, years_of_experience, chef_status, image_id) VALUES (52, 'Michael','Burton', 7186785080601, 1969-08-22, 16, 'B', 380);

INSERT INTO Cook_National_Cuisine (cook_id, national_cuisine_id) VALUES (52, 18);

INSERT INTO Cook_National_Cuisine (cook_id, national_cuisine_id) VALUES (52, 12);

INSERT INTO Cook_National_Cuisine (cook_id, national_cuisine_id) VALUES (52, 11);

INSERT INTO Cook (user_id, first_name, last_name, phone_number, date_of_birth, years_of_experience, chef_status, image_id) VALUES (53, 'Tamara','Pineda', 7058692632380, 1979-01-14, 14, 'chef', 381);

INSERT INTO Cook_National_Cuisine (cook_id, national_cuisine_id) VALUES (53, 18);

INSERT INTO Cook_National_Cuisine (cook_id, national_cuisine_id) VALUES (53, 6);

INSERT INTO Cook_National_Cuisine (cook_id, national_cuisine_id) VALUES (53, 15);

INSERT INTO Cook (user_id, first_name, last_name, phone_number, date_of_birth, years_of_experience, chef_status, image_id) VALUES (54, 'Christopher','Doyle', 2343110841347, 1982-08-20, 15, 'C', 382);

INSERT INTO Cook_National_Cuisine (cook_id, national_cuisine_id) VALUES (54, 9);

INSERT INTO Cook_National_Cuisine (cook_id, national_cuisine_id) VALUES (54, 13);

INSERT INTO Cook (user_id, first_name, last_name, phone_number, date_of_birth, years_of_experience, chef_status, image_id) VALUES (55, 'Christopher','Everett', 2340477953379, 1980-03-21, 4, 'A', 383);

INSERT INTO Cook_National_Cuisine (cook_id, national_cuisine_id) VALUES (55, 13);

INSERT INTO Cook (user_id, first_name, last_name, phone_number, date_of_birth, years_of_experience, chef_status, image_id) VALUES (56, 'Mitchell','Mathews', 4407578060884, 1968-03-24, 22, 'C', 384);

INSERT INTO Cook_National_Cuisine (cook_id, national_cuisine_id) VALUES (56, 4);

INSERT INTO Cook_National_Cuisine (cook_id, national_cuisine_id) VALUES (56, 2);

INSERT INTO Cook (user_id, first_name, last_name, phone_number, date_of_birth, years_of_experience, chef_status, image_id) VALUES (57, 'Matthew','Clark', 5271039893236, 1999-10-02, 3, 'sous chef', 385);

INSERT INTO Cook_National_Cuisine (cook_id, national_cuisine_id) VALUES (57, 12);

INSERT INTO Cook (user_id, first_name, last_name, phone_number, date_of_birth, years_of_experience, chef_status, image_id) VALUES (58, 'Erika','Sanders', 0826058626456, 1962-02-01, 33, 'chef', 386);

INSERT INTO Cook_National_Cuisine (cook_id, national_cuisine_id) VALUES (58, 4);

INSERT INTO Cook_National_Cuisine (cook_id, national_cuisine_id) VALUES (58, 2);

INSERT INTO Cook_National_Cuisine (cook_id, national_cuisine_id) VALUES (58, 13);

INSERT INTO Cook (user_id, first_name, last_name, phone_number, date_of_birth, years_of_experience, chef_status, image_id) VALUES (59, 'Michael','Martin', 9438686603859, 1964-02-19, 21, 'C', 387);

INSERT INTO Cook_National_Cuisine (cook_id, national_cuisine_id) VALUES (59, 7);

INSERT INTO Cook_National_Cuisine (cook_id, national_cuisine_id) VALUES (59, 19);

INSERT INTO Cook (user_id, first_name, last_name, phone_number, date_of_birth, years_of_experience, chef_status, image_id) VALUES (60, 'Theodore','Rodriguez', 1978302122255, 1992-05-24, 9, 'C', 388);

INSERT INTO Cook_National_Cuisine (cook_id, national_cuisine_id) VALUES (60, 18);

INSERT INTO Cook_National_Cuisine (cook_id, national_cuisine_id) VALUES (60, 9);

INSERT INTO Cook (user_id, first_name, last_name, phone_number, date_of_birth, years_of_experience, chef_status, image_id) VALUES (61, 'Joshua','Jones', 9254894087452, 1962-12-17, 21, 'A', 389);

INSERT INTO Cook_National_Cuisine (cook_id, national_cuisine_id) VALUES (61, 12);

INSERT INTO Cook_National_Cuisine (cook_id, national_cuisine_id) VALUES (61, 18);

INSERT INTO Cook_National_Cuisine (cook_id, national_cuisine_id) VALUES (61, 4);

INSERT INTO Cook (user_id, first_name, last_name, phone_number, date_of_birth, years_of_experience, chef_status, image_id) VALUES (62, 'Mark','Rodriguez', 7724444234537, 1987-05-16, 17, 'A', 390);

INSERT INTO Cook_National_Cuisine (cook_id, national_cuisine_id) VALUES (62, 7);

INSERT INTO Cook_National_Cuisine (cook_id, national_cuisine_id) VALUES (62, 19);

INSERT INTO Cook (user_id, first_name, last_name, phone_number, date_of_birth, years_of_experience, chef_status, image_id) VALUES (63, 'Richard','Smith', 2918310769286, 1983-01-13, 14, 'sous chef', 391);

INSERT INTO Cook_National_Cuisine (cook_id, national_cuisine_id) VALUES (63, 19);

INSERT INTO Cook_National_Cuisine (cook_id, national_cuisine_id) VALUES (63, 7);

INSERT INTO Cook (user_id, first_name, last_name, phone_number, date_of_birth, years_of_experience, chef_status, image_id) VALUES (64, 'Shannon','Stanley', 6906857648772, 1975-05-13, 24, 'B', 392);

INSERT INTO Cook_National_Cuisine (cook_id, national_cuisine_id) VALUES (64, 15);

INSERT INTO Cook_National_Cuisine (cook_id, national_cuisine_id) VALUES (64, 16);

INSERT INTO Cook_National_Cuisine (cook_id, national_cuisine_id) VALUES (64, 10);

INSERT INTO Cook (user_id, first_name, last_name, phone_number, date_of_birth, years_of_experience, chef_status, image_id) VALUES (65, 'Stephanie','Miller', 1118000083872, 1988-06-15, 17, 'chef', 393);

INSERT INTO Cook_National_Cuisine (cook_id, national_cuisine_id) VALUES (65, 11);

INSERT INTO Cook (user_id, first_name, last_name, phone_number, date_of_birth, years_of_experience, chef_status, image_id) VALUES (66, 'Annette','Cunningham', 3684659097865, 1985-07-01, 6, 'C', 394);

INSERT INTO Cook_National_Cuisine (cook_id, national_cuisine_id) VALUES (66, 4);

INSERT INTO Cook (user_id, first_name, last_name, phone_number, date_of_birth, years_of_experience, chef_status, image_id) VALUES (67, 'Andrea','Richardson', 6242982696857, 1968-03-07, 27, 'chef', 395);

INSERT INTO Cook_National_Cuisine (cook_id, national_cuisine_id) VALUES (67, 15);

INSERT INTO Cook_National_Cuisine (cook_id, national_cuisine_id) VALUES (67, 9);

INSERT INTO Cook_National_Cuisine (cook_id, national_cuisine_id) VALUES (67, 12);

INSERT INTO Cook (user_id, first_name, last_name, phone_number, date_of_birth, years_of_experience, chef_status, image_id) VALUES (68, 'Mary','Vazquez', 7142141823213, 1985-08-18, 17, 'A', 396);

INSERT INTO Cook_National_Cuisine (cook_id, national_cuisine_id) VALUES (68, 18);

INSERT INTO Cook_National_Cuisine (cook_id, national_cuisine_id) VALUES (68, 4);

INSERT INTO Cook (user_id, first_name, last_name, phone_number, date_of_birth, years_of_experience, chef_status, image_id) VALUES (69, 'Jonathon','Moore', 2880811360630, 1996-09-02, 8, 'B', 397);

INSERT INTO Cook_National_Cuisine (cook_id, national_cuisine_id) VALUES (69, 18);

INSERT INTO Cook (user_id, first_name, last_name, phone_number, date_of_birth, years_of_experience, chef_status, image_id) VALUES (70, 'Barbara','Spencer', 4307886730408, 1980-03-14, 4, 'B', 398);

INSERT INTO Cook_National_Cuisine (cook_id, national_cuisine_id) VALUES (70, 13);

INSERT INTO Cook_National_Cuisine (cook_id, national_cuisine_id) VALUES (70, 17);

INSERT INTO Cook_National_Cuisine (cook_id, national_cuisine_id) VALUES (70, 7);

INSERT INTO Cook (user_id, first_name, last_name, phone_number, date_of_birth, years_of_experience, chef_status, image_id) VALUES (71, 'Rachel','Matthews', 1919930712149, 1967-04-23, 6, 'sous chef', 399);

INSERT INTO Cook_National_Cuisine (cook_id, national_cuisine_id) VALUES (71, 13);

INSERT INTO Cook_National_Cuisine (cook_id, national_cuisine_id) VALUES (71, 17);

INSERT INTO Cook (user_id, first_name, last_name, phone_number, date_of_birth, years_of_experience, chef_status, image_id) VALUES (72, 'Julian','Shaw', 5014773609488, 1993-04-29, 3, 'B', 400);

INSERT INTO Cook_National_Cuisine (cook_id, national_cuisine_id) VALUES (72, 14);

INSERT INTO Cook_National_Cuisine (cook_id, national_cuisine_id) VALUES (72, 8);

INSERT INTO Cook (user_id, first_name, last_name, phone_number, date_of_birth, years_of_experience, chef_status, image_id) VALUES (73, 'Monique','Horn', 0631064026287, 1990-11-05, 2, 'chef', 401);

INSERT INTO Cook_National_Cuisine (cook_id, national_cuisine_id) VALUES (73, 5);

INSERT INTO Cook_National_Cuisine (cook_id, national_cuisine_id) VALUES (73, 13);

INSERT INTO Cook (user_id, first_name, last_name, phone_number, date_of_birth, years_of_experience, chef_status, image_id) VALUES (74, 'Michael','Shaw', 3616788234880, 1971-08-27, 10, 'B', 402);

INSERT INTO Cook_National_Cuisine (cook_id, national_cuisine_id) VALUES (74, 5);

INSERT INTO Cook (user_id, first_name, last_name, phone_number, date_of_birth, years_of_experience, chef_status, image_id) VALUES (75, 'Kenneth','Tapia', 4043251329145, 1988-08-08, 7, 'sous chef', 403);

INSERT INTO Cook_National_Cuisine (cook_id, national_cuisine_id) VALUES (75, 1);

INSERT INTO Cook_National_Cuisine (cook_id, national_cuisine_id) VALUES (75, 3);

INSERT INTO Cook_National_Cuisine (cook_id, national_cuisine_id) VALUES (75, 2);

INSERT INTO Cook (user_id, first_name, last_name, phone_number, date_of_birth, years_of_experience, chef_status, image_id) VALUES (76, 'Mark','Blair', 9483903063674, 1983-11-15, 22, 'A', 404);

INSERT INTO Cook_National_Cuisine (cook_id, national_cuisine_id) VALUES (76, 19);

INSERT INTO Cook_National_Cuisine (cook_id, national_cuisine_id) VALUES (76, 9);

INSERT INTO Cook_National_Cuisine (cook_id, national_cuisine_id) VALUES (76, 17);

INSERT INTO Cook (user_id, first_name, last_name, phone_number, date_of_birth, years_of_experience, chef_status, image_id) VALUES (77, 'Claudia','Martin', 3612492762204, 1986-09-01, 19, 'chef', 405);

INSERT INTO Cook_National_Cuisine (cook_id, national_cuisine_id) VALUES (77, 8);

INSERT INTO Cook_National_Cuisine (cook_id, national_cuisine_id) VALUES (77, 11);

INSERT INTO Cook (user_id, first_name, last_name, phone_number, date_of_birth, years_of_experience, chef_status, image_id) VALUES (78, 'Justin','Anderson', 2133872757335, 1987-07-06, 6, 'sous chef', 406);

INSERT INTO Cook_National_Cuisine (cook_id, national_cuisine_id) VALUES (78, 2);

INSERT INTO Cook (user_id, first_name, last_name, phone_number, date_of_birth, years_of_experience, chef_status, image_id) VALUES (79, 'Karen','Rice', 6929874372228, 1975-04-13, 12, 'sous chef', 407);

INSERT INTO Cook_National_Cuisine (cook_id, national_cuisine_id) VALUES (79, 5);

INSERT INTO Cook (user_id, first_name, last_name, phone_number, date_of_birth, years_of_experience, chef_status, image_id) VALUES (80, 'Veronica','Carter', 7193550815543, 1994-04-21, 8, 'B', 408);

INSERT INTO Cook_National_Cuisine (cook_id, national_cuisine_id) VALUES (80, 1);

INSERT INTO Cook_National_Cuisine (cook_id, national_cuisine_id) VALUES (80, 13);

INSERT INTO Cook (user_id, first_name, last_name, phone_number, date_of_birth, years_of_experience, chef_status, image_id) VALUES (81, 'Michael','Neal', 2894727234006, 1966-07-07, 39, 'B', 409);

INSERT INTO Cook_National_Cuisine (cook_id, national_cuisine_id) VALUES (81, 13);

INSERT INTO Cook (user_id, first_name, last_name, phone_number, date_of_birth, years_of_experience, chef_status, image_id) VALUES (82, 'Robert','Johnson', 5514936889434, 1989-11-04, 16, 'chef', 410);

INSERT INTO Cook_National_Cuisine (cook_id, national_cuisine_id) VALUES (82, 2);

INSERT INTO Cook_National_Cuisine (cook_id, national_cuisine_id) VALUES (82, 11);

INSERT INTO Cook_National_Cuisine (cook_id, national_cuisine_id) VALUES (82, 4);

INSERT INTO Cook (user_id, first_name, last_name, phone_number, date_of_birth, years_of_experience, chef_status, image_id) VALUES (83, 'Jennifer','Butler', 2132108034301, 1963-06-05, 16, 'B', 411);

INSERT INTO Cook_National_Cuisine (cook_id, national_cuisine_id) VALUES (83, 14);

INSERT INTO Cook (user_id, first_name, last_name, phone_number, date_of_birth, years_of_experience, chef_status, image_id) VALUES (84, 'Alan','Gardner', 8792346680483, 1993-10-02, 5, 'A', 412);

INSERT INTO Cook_National_Cuisine (cook_id, national_cuisine_id) VALUES (84, 3);

INSERT INTO Cook_National_Cuisine (cook_id, national_cuisine_id) VALUES (84, 19);

INSERT INTO Cook_National_Cuisine (cook_id, national_cuisine_id) VALUES (84, 2);

INSERT INTO Cook (user_id, first_name, last_name, phone_number, date_of_birth, years_of_experience, chef_status, image_id) VALUES (85, 'Suzanne','Young', 9992914396350, 1982-10-02, 7, 'sous chef', 413);

INSERT INTO Cook_National_Cuisine (cook_id, national_cuisine_id) VALUES (85, 15);

INSERT INTO Cook_National_Cuisine (cook_id, national_cuisine_id) VALUES (85, 6);

INSERT INTO Cook (user_id, first_name, last_name, phone_number, date_of_birth, years_of_experience, chef_status, image_id) VALUES (86, 'Kristy','Pearson', 5681183956998, 1976-09-27, 12, 'sous chef', 414);

INSERT INTO Cook_National_Cuisine (cook_id, national_cuisine_id) VALUES (86, 10);

INSERT INTO Cook_National_Cuisine (cook_id, national_cuisine_id) VALUES (86, 6);

INSERT INTO Cook (user_id, first_name, last_name, phone_number, date_of_birth, years_of_experience, chef_status, image_id) VALUES (87, 'Emily','Tran', 2726264384495, 1966-06-07, 11, 'A', 415);

INSERT INTO Cook_National_Cuisine (cook_id, national_cuisine_id) VALUES (87, 6);

INSERT INTO Cook (user_id, first_name, last_name, phone_number, date_of_birth, years_of_experience, chef_status, image_id) VALUES (88, 'Maria','Davis', 3718132483285, 1966-10-14, 32, 'B', 416);

INSERT INTO Cook_National_Cuisine (cook_id, national_cuisine_id) VALUES (88, 18);

INSERT INTO Cook_National_Cuisine (cook_id, national_cuisine_id) VALUES (88, 4);

INSERT INTO Cook_National_Cuisine (cook_id, national_cuisine_id) VALUES (88, 9);

INSERT INTO Cook (user_id, first_name, last_name, phone_number, date_of_birth, years_of_experience, chef_status, image_id) VALUES (89, 'Barry','Hodge', 2156638883267, 1994-04-14, 6, 'chef', 417);

INSERT INTO Cook_National_Cuisine (cook_id, national_cuisine_id) VALUES (89, 16);

INSERT INTO Cook_National_Cuisine (cook_id, national_cuisine_id) VALUES (89, 9);

INSERT INTO Cook_National_Cuisine (cook_id, national_cuisine_id) VALUES (89, 1);

INSERT INTO Cook (user_id, first_name, last_name, phone_number, date_of_birth, years_of_experience, chef_status, image_id) VALUES (90, 'Virginia','Davis', 9947419314901, 1990-04-27, 1, 'A', 418);

INSERT INTO Cook_National_Cuisine (cook_id, national_cuisine_id) VALUES (90, 14);

INSERT INTO Cook (user_id, first_name, last_name, phone_number, date_of_birth, years_of_experience, chef_status, image_id) VALUES (91, 'Shannon','Glenn', 5563717313100, 1988-08-01, 16, 'A', 419);

INSERT INTO Cook_National_Cuisine (cook_id, national_cuisine_id) VALUES (91, 8);

INSERT INTO Cook_National_Cuisine (cook_id, national_cuisine_id) VALUES (91, 19);

INSERT INTO Cook_National_Cuisine (cook_id, national_cuisine_id) VALUES (91, 18);

INSERT INTO Cook (user_id, first_name, last_name, phone_number, date_of_birth, years_of_experience, chef_status, image_id) VALUES (92, 'Joy','Fletcher', 2681942046955, 1983-05-20, 5, 'A', 420);

INSERT INTO Cook_National_Cuisine (cook_id, national_cuisine_id) VALUES (92, 16);

INSERT INTO Cook_National_Cuisine (cook_id, national_cuisine_id) VALUES (92, 11);

INSERT INTO Cook (user_id, first_name, last_name, phone_number, date_of_birth, years_of_experience, chef_status, image_id) VALUES (93, 'Timothy','Jones', 0144218994789, 1989-10-14, 14, 'C', 421);

INSERT INTO Cook_National_Cuisine (cook_id, national_cuisine_id) VALUES (93, 1);

INSERT INTO Cook (user_id, first_name, last_name, phone_number, date_of_birth, years_of_experience, chef_status, image_id) VALUES (94, 'Barry','Turner', 2357458172294, 1988-02-19, 6, 'sous chef', 422);

INSERT INTO Cook_National_Cuisine (cook_id, national_cuisine_id) VALUES (94, 17);

INSERT INTO Cook_National_Cuisine (cook_id, national_cuisine_id) VALUES (94, 4);

INSERT INTO Cook (user_id, first_name, last_name, phone_number, date_of_birth, years_of_experience, chef_status, image_id) VALUES (95, 'Garrett','Pugh', 7631145758889, 1992-01-31, 4, 'A', 423);

INSERT INTO Cook_National_Cuisine (cook_id, national_cuisine_id) VALUES (95, 14);

INSERT INTO Cook_National_Cuisine (cook_id, national_cuisine_id) VALUES (95, 9);

INSERT INTO Cook_National_Cuisine (cook_id, national_cuisine_id) VALUES (95, 18);

INSERT INTO Cook (user_id, first_name, last_name, phone_number, date_of_birth, years_of_experience, chef_status, image_id) VALUES (96, 'Rachel','Collins', 3377795958115, 1961-09-19, 10, 'B', 424);

INSERT INTO Cook_National_Cuisine (cook_id, national_cuisine_id) VALUES (96, 5);

INSERT INTO Cook_National_Cuisine (cook_id, national_cuisine_id) VALUES (96, 6);

INSERT INTO Cook_National_Cuisine (cook_id, national_cuisine_id) VALUES (96, 17);

INSERT INTO Cook (user_id, first_name, last_name, phone_number, date_of_birth, years_of_experience, chef_status, image_id) VALUES (97, 'James','Stone', 5327555500535, 1990-08-01, 12, 'sous chef', 425);

INSERT INTO Cook_National_Cuisine (cook_id, national_cuisine_id) VALUES (97, 13);

INSERT INTO Cook_National_Cuisine (cook_id, national_cuisine_id) VALUES (97, 4);

INSERT INTO Cook (user_id, first_name, last_name, phone_number, date_of_birth, years_of_experience, chef_status, image_id) VALUES (98, 'Vanessa','Jones', 1897265372074, 1967-04-24, 21, 'B', 426);

INSERT INTO Cook_National_Cuisine (cook_id, national_cuisine_id) VALUES (98, 15);

INSERT INTO Cook_National_Cuisine (cook_id, national_cuisine_id) VALUES (98, 11);

INSERT INTO Cook_National_Cuisine (cook_id, national_cuisine_id) VALUES (98, 12);

INSERT INTO Cook (user_id, first_name, last_name, phone_number, date_of_birth, years_of_experience, chef_status, image_id) VALUES (99, 'Jeremy','Jones', 4602811563276, 1966-07-03, 10, 'C', 427);

INSERT INTO Cook_National_Cuisine (cook_id, national_cuisine_id) VALUES (99, 10);

INSERT INTO Cook_National_Cuisine (cook_id, national_cuisine_id) VALUES (99, 12);
